Month,relief efforts,disaster,emergency situation,complex humanitarian emergency situation,Email,polio,cholera,operation,operation(2),Email_file1,operation_file2,nutrition,malnourishment,malnutrition,Email_file2,reconstruction,supplies,medical,grant,Email_file3,workshop,rationing,PDS,PDS(2),Email_file4,charity,charity(2),organisation,shelter,Email_file5,refuge,refuge(2),temporary,temporary(2),Email_file6,death,immunisation,protection,faeces,Email_file7,cash assistance,medicine,medicine(2),medicine(3),Email_file8,suffering,pregnant,basket,container,Email_file9,container_file10,container(2),carton,clothes,Email_file10,humanitarian organisations,humanitarian organisations(2),humanitarian organisations(3),humanitarian agencies,Email_file11,emergency,food parcels,money,voucher,Email_file12,voucher_file13,dehydration,undernutrition,cash grant,Email_file13,cash grant_file14,cash grant(2),army,Email_file14,humanitarian agencies_file15,humanitarian agencies(2),refugee camp,tent,Email_file15,host community,refugee camps,tents,host communities,Email_file16,coping strategies,coping strategies(2),aid,aid(2),Email_file17,aid_file18,relief,outbreak,outbreak(2),Email_file18,infectious diseases,epidemic,disease,contagious,Email_file19,donor,donor(2),donor(3),vaccination,Email_file20,vaccination_file21,campaign,campaign(2),campaign(3),Email_file21
2004-01,0,0.0,0,0,0,0.0,0.0,0.0,0.0,0.0,0.0,0.0,0.0,0.0,0,0.0,0.0,0,0.0,0,0.0,0,0.0,0.0,0,0.0,0.0,0.0,0.0,0,0.0,0.0,0,0.0,0,0,0,0,0.0,0,0,0,0,0,0,0.0,0,0.0,0.0,0,0.0,0.0,0,0,0,0,0.0,0,0.0,0,0,0,0,0.0,0,0.0,0.0,0.0,0,0,0,0,0,0,0.0,0.0,0,0.0,0,0,0,0,0,0,0,0,0,0,0,0,0.0,0,0,0,0,0.0,0,0.0,0,0.0,0.0,0.0,0.0,0,0.0,0.0,0.0,0.0,0
2004-02,0,0.0,0,0,0,0.0,0.0,0.0,0.0,0.0,0.0,0.0,0.0,0.0,0,0.0,0.0,0,0.0,0,0.0,0,0.0,0.0,0,0.0,0.0,0.0,0.0,0,0.0,0.0,0,0.0,0,0,0,0,0.0,0,0,0,0,0,0,0.0,0,0.0,0.0,0,0.0,0.0,0,0,0,0,0.0,0,0.0,0,0,0,0,0.0,0,0.0,0.0,0.0,0,0,0,0,0,0,0.0,0.0,0,0.0,0,0,0,0,0,0,0,0,0,0,0,0,0.0,0,0,0,0,0.0,0,0.0,0,0.0,0.0,0.0,0.0,0,0.0,0.0,0.0,0.0,0
2004-03,0,0.0,0,0,0,0.0,0.0,0.0,0.0,0.0,0.0,0.0,0.0,0.0,0,0.0,0.0,0,0.0,0,0.0,0,0.0,0.0,0,0.0,0.0,0.0,0.0,0,0.0,0.0,0,0.0,0,0,0,0,0.0,0,0,0,0,0,0,0.0,0,0.0,0.0,0,0.0,0.0,0,0,0,0,0.0,0,0.0,0,0,0,0,0.0,0,0.0,0.0,0.0,0,0,0,0,0,0,0.0,0.0,0,0.0,0,0,0,0,0,0,0,0,0,0,0,0,0.0,0,0,0,0,0.0,0,0.0,0,0.0,0.0,0.0,0.0,0,0.0,0.0,0.0,0.0,0
2004-04,0,0.0,0,0,0,0.0,0.0,0.0,0.0,0.0,0.0,0.0,0.0,0.0,0,0.0,0.0,0,0.0,0,0.0,0,0.0,0.0,0,0.0,0.0,0.0,0.0,0,0.0,0.0,0,0.0,0,0,0,0,0.0,0,0,0,0,0,0,0.0,0,0.0,0.0,0,0.0,0.0,0,0,0,0,0.0,0,0.0,0,0,0,0,0.0,0,0.0,0.0,0.0,0,0,0,0,0,0,0.0,0.0,0,0.0,0,0,0,0,0,0,0,0,0,0,0,0,0.0,0,0,0,0,0.0,0,0.0,0,0.0,0.0,0.0,0.0,0,0.0,0.0,0.0,0.0,0
2004-05,0,0.0,0,0,0,0.0,0.0,0.0,0.0,0.0,0.0,0.0,0.0,0.0,0,0.0,0.0,0,0.0,0,0.0,0,0.0,0.0,0,0.0,0.0,0.0,0.0,0,0.0,0.0,0,0.0,0,0,0,0,0.0,0,0,0,0,0,0,0.0,0,0.0,0.0,0,0.0,0.0,0,0,0,0,0.0,0,0.0,0,0,0,0,0.0,0,0.0,0.0,0.0,0,0,0,0,0,0,0.0,0.0,0,0.0,0,0,0,0,0,0,0,0,0,0,0,0,0.0,0,0,0,0,0.0,0,0.0,0,0.0,0.0,0.0,0.0,0,0.0,0.0,0.0,0.0,0
2004-06,0,0.0,0,0,0,0.0,0.0,0.0,0.0,0.0,0.0,0.0,0.0,0.0,0,0.0,0.0,0,0.0,0,0.0,0,0.0,0.0,0,0.0,0.0,0.0,0.0,0,0.0,0.0,0,0.0,0,0,0,0,0.0,0,0,0,0,0,0,0.0,0,0.0,0.0,0,0.0,0.0,0,0,0,0,0.0,0,0.0,0,0,0,0,0.0,0,0.0,0.0,0.0,0,0,0,0,0,0,0.0,0.0,0,0.0,0,0,0,0,0,0,0,0,0,0,0,0,0.0,0,0,0,0,0.0,0,0.0,0,0.0,0.0,0.0,0.0,0,0.0,0.0,0.0,0.0,0
2004-07,0,0.0,0,0,0,0.0,0.0,0.0,0.0,0.0,0.0,0.0,0.0,0.0,0,0.0,0.0,0,0.0,0,0.0,0,0.0,0.0,0,0.0,0.0,0.0,0.0,0,0.0,0.0,0,0.0,0,0,0,0,0.0,0,0,0,0,0,0,0.0,0,0.0,0.0,0,0.0,0.0,0,0,0,0,0.0,0,0.0,0,0,0,0,0.0,0,0.0,0.0,0.0,0,0,0,0,0,0,0.0,0.0,0,0.0,0,0,0,0,0,0,0,0,0,0,0,0,0.0,0,0,0,0,0.0,0,0.0,0,0.0,0.0,0.0,0.0,0,0.0,0.0,0.0,0.0,0
2004-08,0,0.0,0,0,0,0.0,0.0,0.0,0.0,0.0,0.0,0.0,0.0,0.0,0,0.0,0.0,0,0.0,0,0.0,0,0.0,0.0,0,0.0,0.0,0.0,0.0,0,0.0,0.0,0,0.0,0,0,0,0,0.0,0,0,0,0,0,0,0.0,0,0.0,0.0,0,0.0,0.0,0,0,0,0,0.0,0,0.0,0,0,0,0,0.0,0,0.0,0.0,0.0,0,0,0,0,0,0,0.0,0.0,0,0.0,0,0,0,0,0,0,0,0,0,0,0,0,0.0,0,0,0,0,0.0,0,0.0,0,0.0,0.0,0.0,0.0,0,0.0,0.0,0.0,0.0,0
2004-09,0,0.0,0,0,0,0.0,0.0,0.0,0.0,0.0,0.0,0.0,0.0,0.0,0,0.0,0.0,0,0.0,0,0.0,0,0.0,0.0,0,0.0,0.0,0.0,0.0,0,0.0,0.0,0,0.0,0,0,0,0,0.0,0,0,0,0,0,0,0.0,0,0.0,0.0,0,0.0,0.0,0,0,0,0,0.0,0,0.0,0,0,0,0,0.0,0,0.0,0.0,0.0,0,0,0,0,0,0,0.0,0.0,0,0.0,0,0,0,0,0,0,0,0,0,0,0,0,0.0,0,0,0,0,0.0,0,0.0,0,0.0,0.0,0.0,0.0,0,0.0,0.0,0.0,0.0,0
2004-10,0,0.0,0,0,0,0.0,0.0,0.0,0.0,0.0,0.0,0.0,0.0,0.0,0,0.0,0.0,0,0.0,0,0.0,0,0.0,0.0,0,0.0,0.0,0.0,0.0,0,0.0,0.0,0,0.0,0,0,0,0,0.0,0,0,0,0,0,0,0.0,0,0.0,0.0,0,0.0,0.0,0,0,0,0,0.0,0,0.0,0,0,0,0,0.0,0,0.0,0.0,0.0,0,0,0,0,0,0,0.0,0.0,0,0.0,0,0,0,0,0,0,0,0,0,0,0,0,0.0,0,0,0,0,0.0,0,0.0,0,0.0,0.0,0.0,0.0,0,0.0,0.0,0.0,0.0,0
2004-11,0,0.0,0,0,0,0.0,0.0,0.0,0.0,0.0,0.0,0.0,0.0,0.0,0,0.0,0.0,0,0.0,0,0.0,0,0.0,0.0,0,0.0,0.0,0.0,0.0,0,0.0,0.0,0,0.0,0,0,0,0,0.0,0,0,0,0,0,0,0.0,0,0.0,0.0,0,0.0,0.0,0,0,0,0,0.0,0,0.0,0,0,0,0,0.0,0,0.0,0.0,0.0,0,0,0,0,0,0,0.0,0.0,0,0.0,0,0,0,0,0,0,0,0,0,0,0,0,0.0,0,0,0,0,0.0,0,0.0,0,0.0,0.0,0.0,0.0,0,0.0,0.0,0.0,0.0,0
2004-12,0,0.0,0,0,0,0.0,0.0,0.0,0.0,0.0,0.0,0.0,0.0,0.0,0,0.0,0.0,0,0.0,0,0.0,0,0.0,0.0,0,0.0,0.0,0.0,0.0,0,0.0,0.0,0,0.0,0,0,0,0,0.0,0,0,0,0,0,0,0.0,0,0.0,0.0,0,0.0,0.0,0,0,0,0,0.0,0,0.0,0,0,0,0,0.0,0,0.0,0.0,0.0,0,0,0,0,0,0,0.0,0.0,0,0.0,0,0,0,0,0,0,0,0,0,0,0,0,0.0,0,0,0,0,0.0,0,0.0,0,0.0,0.0,0.0,0.0,0,0.0,0.0,0.0,0.0,0
2005-01,0,0.0,0,0,0,0.0,0.0,0.0,0.0,0.0,0.0,0.0,0.0,0.0,0,0.0,0.0,0,0.0,0,0.0,0,0.0,0.0,0,0.0,0.0,0.0,0.0,0,0.0,0.0,0,0.0,0,0,0,0,0.0,0,0,0,0,0,0,0.0,0,0.0,0.0,0,0.0,0.0,0,0,0,0,0.0,0,0.0,0,0,0,0,0.0,0,0.0,0.0,0.0,0,0,0,0,0,0,0.0,0.0,0,0.0,0,0,0,0,0,0,0,0,0,0,0,0,0.0,0,0,0,0,0.0,0,0.0,0,0.0,0.0,0.0,0.0,0,0.0,0.0,0.0,0.0,0
2005-02,0,0.0,0,0,0,0.0,0.0,0.0,0.0,0.0,0.0,0.0,0.0,0.0,0,0.0,0.0,0,0.0,0,0.0,0,0.0,0.0,0,0.0,0.0,0.0,0.0,0,0.0,0.0,0,0.0,0,0,0,0,0.0,0,0,0,0,0,0,0.0,0,0.0,0.0,0,0.0,0.0,0,0,0,0,0.0,0,0.0,0,0,0,0,0.0,0,0.0,0.0,0.0,0,0,0,0,0,0,0.0,0.0,0,0.0,0,0,0,0,0,0,0,0,0,0,0,0,0.0,0,0,0,0,0.0,0,0.0,0,0.0,0.0,0.0,0.0,0,0.0,0.0,0.0,0.0,0
2005-03,0,0.0,0,0,0,0.0,0.0,0.0,0.0,0.0,0.0,0.0,0.0,0.0,0,0.0,0.0,0,0.0,0,0.0,0,0.0,0.0,0,0.0,0.0,0.0,0.0,0,0.0,0.0,0,0.0,0,0,0,0,0.0,0,0,0,0,0,0,0.0,0,0.0,0.0,0,0.0,0.0,0,0,0,0,0.0,0,0.0,0,0,0,0,0.0,0,0.0,0.0,0.0,0,0,0,0,0,0,0.0,0.0,0,0.0,0,0,0,0,0,0,0,0,0,0,0,0,0.0,0,0,0,0,0.0,0,0.0,0,0.0,0.0,0.0,0.0,0,0.0,0.0,0.0,0.0,0
2005-04,0,0.0,0,0,0,0.0,0.0,0.0,0.0,0.0,0.0,0.0,0.0,0.0,0,0.0,0.0,0,0.0,0,0.0,0,0.0,0.0,0,0.0,0.0,0.0,0.0,0,0.0,0.0,0,0.0,0,0,0,0,0.0,0,0,0,0,0,0,0.0,0,0.0,0.0,0,0.0,0.0,0,0,0,0,0.0,0,0.0,0,0,0,0,0.0,0,0.0,0.0,0.0,0,0,0,0,0,0,0.0,0.0,0,0.0,0,0,0,0,0,0,0,0,0,0,0,0,0.0,0,0,0,0,0.0,0,0.0,0,0.0,0.0,0.0,0.0,0,0.0,0.0,0.0,0.0,0
2005-05,0,0.0,0,0,0,0.0,0.0,0.0,0.0,0.0,0.0,0.0,0.0,0.0,0,0.0,0.0,0,0.0,0,0.0,0,0.0,0.0,0,0.0,0.0,0.0,0.0,0,0.0,0.0,0,0.0,0,0,0,0,0.0,0,0,0,0,0,0,0.0,0,0.0,0.0,0,0.0,0.0,0,0,0,0,0.0,0,0.0,0,0,0,0,0.0,0,0.0,0.0,0.0,0,0,0,0,0,0,0.0,0.0,0,0.0,0,0,0,0,0,0,0,0,0,0,0,0,0.0,0,0,0,0,0.0,0,0.0,0,0.0,0.0,0.0,0.0,0,0.0,0.0,0.0,0.0,0
2005-06,0,0.0,0,0,0,0.0,0.0,0.0,0.0,0.0,0.0,0.0,0.0,0.0,0,0.0,0.0,0,0.0,0,0.0,0,0.0,0.0,0,0.0,0.0,0.0,0.0,0,0.0,0.0,0,0.0,0,0,0,0,0.0,0,0,0,0,0,0,0.0,0,0.0,0.0,0,0.0,0.0,0,0,0,0,0.0,0,0.0,0,0,0,0,0.0,0,0.0,0.0,0.0,0,0,0,0,0,0,0.0,0.0,0,0.0,0,0,0,0,0,0,0,0,0,0,0,0,0.0,0,0,0,0,0.0,0,0.0,0,0.0,0.0,0.0,0.0,0,0.0,0.0,0.0,0.0,0
2005-07,0,0.0,0,0,0,0.0,0.0,0.0,0.0,0.0,0.0,0.0,0.0,0.0,0,0.0,0.0,0,0.0,0,0.0,0,0.0,0.0,0,0.0,0.0,0.0,0.0,0,0.0,0.0,0,0.0,0,0,0,0,0.0,0,0,0,0,0,0,0.0,0,0.0,0.0,0,0.0,0.0,0,0,0,0,0.0,0,0.0,0,0,0,0,0.0,0,0.0,0.0,0.0,0,0,0,0,0,0,0.0,0.0,0,0.0,0,0,0,0,0,0,0,0,0,0,0,0,0.0,0,0,0,0,0.0,0,0.0,0,0.0,0.0,0.0,0.0,0,0.0,0.0,0.0,0.0,0
2005-08,0,0.0,0,0,0,0.0,0.0,0.0,0.0,0.0,0.0,0.0,0.0,0.0,0,0.0,0.0,0,0.0,0,0.0,0,0.0,0.0,0,0.0,0.0,0.0,0.0,0,0.0,0.0,0,0.0,0,0,0,0,0.0,0,0,0,0,0,0,0.0,0,0.0,0.0,0,0.0,0.0,0,0,0,0,0.0,0,0.0,0,0,0,0,0.0,0,0.0,0.0,0.0,0,0,0,0,0,0,0.0,0.0,0,0.0,0,0,0,0,0,0,0,0,0,0,0,0,0.0,0,0,0,0,0.0,0,0.0,0,0.0,0.0,0.0,0.0,0,0.0,0.0,0.0,0.0,0
2005-09,0,0.0,0,0,0,0.0,0.0,0.0,0.0,0.0,0.0,0.0,0.0,0.0,0,0.0,0.0,0,0.0,0,0.0,0,0.0,0.0,0,0.0,0.0,0.0,0.0,0,0.0,0.0,0,0.0,0,0,0,0,0.0,0,0,0,0,0,0,0.0,0,0.0,0.0,0,0.0,0.0,0,0,0,0,0.0,0,0.0,0,0,0,0,0.0,0,0.0,0.0,0.0,0,0,0,0,0,0,0.0,0.0,0,0.0,0,0,0,0,0,0,0,0,0,0,0,0,0.0,0,0,0,0,0.0,0,0.0,0,0.0,0.0,0.0,0.0,0,0.0,0.0,0.0,0.0,0
2005-10,0,0.0,0,0,0,0.0,0.0,0.0,0.0,0.0,0.0,0.0,0.0,0.0,0,0.0,0.0,0,0.0,0,0.0,0,0.0,0.0,0,0.0,0.0,0.0,0.0,0,0.0,0.0,0,0.0,0,0,0,0,0.0,0,0,0,0,0,0,0.0,0,0.0,0.0,0,0.0,0.0,0,0,0,0,0.0,0,0.0,0,0,0,0,0.0,0,0.0,0.0,0.0,0,0,0,0,0,0,0.0,0.0,0,0.0,0,0,0,0,0,0,0,0,0,0,0,0,0.0,0,0,0,0,0.0,0,0.0,0,0.0,0.0,0.0,0.0,0,0.0,0.0,0.0,0.0,0
2005-11,0,0.0,0,0,0,0.0,0.0,0.0,0.0,0.0,0.0,0.0,0.0,0.0,0,0.0,0.0,0,0.0,0,0.0,0,0.0,0.0,0,0.0,0.0,0.0,0.0,0,0.0,0.0,0,0.0,0,0,0,0,0.0,0,0,0,0,0,0,0.0,0,0.0,0.0,0,0.0,0.0,0,0,0,0,0.0,0,0.0,0,0,0,0,0.0,0,0.0,0.0,0.0,0,0,0,0,0,0,0.0,0.0,0,0.0,0,0,0,0,0,0,0,0,0,0,0,0,0.0,0,0,0,0,0.0,0,0.0,0,0.0,0.0,0.0,0.0,0,0.0,0.0,0.0,0.0,0
2005-12,0,0.0,0,0,0,0.0,0.0,0.0,0.0,0.0,0.0,0.0,0.0,0.0,0,0.0,0.0,0,0.0,0,0.0,0,0.0,0.0,0,0.0,0.0,0.0,0.0,0,0.0,0.0,0,0.0,0,0,0,0,0.0,0,0,0,0,0,0,0.0,0,0.0,0.0,0,0.0,0.0,0,0,0,0,0.0,0,0.0,0,0,0,0,0.0,0,0.0,0.0,0.0,0,0,0,0,0,0,0.0,0.0,0,0.0,0,0,0,0,0,0,0,0,0,0,0,0,0.0,0,0,0,0,0.0,0,0.0,0,0.0,0.0,0.0,0.0,0,0.0,0.0,0.0,0.0,0
2006-01,0,0.0,0,0,0,0.0,0.0,0.0,0.0,0.0,0.0,0.0,0.0,0.0,0,0.0,0.0,0,0.0,0,0.0,0,0.0,0.0,0,0.0,0.0,0.0,0.0,0,0.0,0.0,0,0.0,0,0,0,0,0.0,0,0,0,0,0,0,0.0,0,0.0,0.0,0,0.0,0.0,0,0,0,0,0.0,0,0.0,0,0,0,0,0.0,0,0.0,0.0,0.0,0,0,0,0,0,0,0.0,0.0,0,0.0,0,0,0,0,0,0,0,0,0,0,0,0,0.0,0,0,0,0,0.0,0,0.0,0,0.0,0.0,0.0,0.0,0,0.0,0.0,0.0,0.0,0
2006-02,0,0.0,0,0,0,0.0,0.0,0.0,0.0,0.0,0.0,0.0,0.0,0.0,0,0.0,0.0,0,0.0,0,0.0,0,0.0,0.0,0,0.0,0.0,0.0,0.0,0,0.0,0.0,0,0.0,0,0,0,0,0.0,0,0,0,0,0,0,0.0,0,0.0,0.0,0,0.0,0.0,0,0,0,0,0.0,0,0.0,0,0,0,0,0.0,0,0.0,0.0,0.0,0,0,0,0,0,0,0.0,0.0,0,0.0,0,0,0,0,0,0,0,0,0,0,0,0,0.0,0,0,0,0,0.0,0,0.0,0,0.0,0.0,0.0,0.0,0,0.0,0.0,0.0,0.0,0
2006-03,0,0.0,0,0,0,0.0,0.0,0.0,0.0,0.0,0.0,0.0,0.0,0.0,0,0.0,0.0,0,0.0,0,0.0,0,0.0,0.0,0,0.0,0.0,0.0,0.0,0,0.0,0.0,0,0.0,0,0,0,0,0.0,0,0,0,0,0,0,0.0,0,0.0,0.0,0,0.0,0.0,0,0,0,0,0.0,0,0.0,0,0,0,0,0.0,0,0.0,0.0,0.0,0,0,0,0,0,0,0.0,0.0,0,0.0,0,0,0,0,0,0,0,0,0,0,0,0,0.0,0,0,0,0,0.0,0,0.0,0,0.0,0.0,0.0,0.0,0,0.0,0.0,0.0,0.0,0
2006-04,0,0.0,0,0,0,0.0,0.0,0.0,0.0,0.0,0.0,0.0,0.0,0.0,0,0.0,0.0,0,0.0,0,0.0,0,0.0,0.0,0,0.0,0.0,0.0,0.0,0,0.0,0.0,0,0.0,0,0,0,0,0.0,0,0,0,0,0,0,0.0,0,0.0,0.0,0,0.0,0.0,0,0,0,0,0.0,0,0.0,0,0,0,0,0.0,0,0.0,0.0,0.0,0,0,0,0,0,0,0.0,0.0,0,0.0,0,0,0,0,0,0,0,0,0,0,0,0,0.0,0,0,0,0,0.0,0,0.0,0,0.0,0.0,0.0,0.0,0,0.0,0.0,0.0,0.0,0
2006-05,0,0.0,0,0,0,0.0,0.0,0.0,0.0,0.0,0.0,0.0,0.0,0.0,0,0.0,0.0,0,0.0,0,0.0,0,0.0,0.0,0,0.0,0.0,0.0,0.0,0,0.0,0.0,0,0.0,0,0,0,0,0.0,0,0,0,0,0,0,0.0,0,0.0,0.0,0,0.0,0.0,0,0,0,0,0.0,0,0.0,0,0,0,0,0.0,0,0.0,0.0,0.0,0,0,0,0,0,0,0.0,0.0,0,0.0,0,0,0,0,0,0,0,0,0,0,0,0,0.0,0,0,0,0,0.0,0,0.0,0,0.0,0.0,0.0,0.0,0,0.0,0.0,0.0,0.0,0
2006-06,0,0.0,0,0,0,0.0,0.0,0.0,0.0,0.0,0.0,0.0,0.0,0.0,0,0.0,0.0,0,0.0,0,0.0,0,0.0,0.0,0,0.0,0.0,0.0,0.0,0,0.0,0.0,0,0.0,0,0,0,0,0.0,0,0,0,0,0,0,0.0,0,0.0,0.0,0,0.0,0.0,0,0,0,0,0.0,0,0.0,0,0,0,0,0.0,0,0.0,0.0,0.0,0,0,0,0,0,0,0.0,0.0,0,0.0,0,0,0,0,0,0,0,0,0,0,0,0,0.0,0,0,0,0,0.0,0,0.0,0,0.0,0.0,0.0,0.0,0,0.0,0.0,0.0,0.0,0
2006-07,0,0.0,0,0,0,0.0,0.0,0.0,0.0,0.0,0.0,0.0,0.0,0.0,0,0.0,0.0,0,0.0,0,0.0,0,0.0,0.0,0,0.0,0.0,0.0,0.0,0,0.0,0.0,0,0.0,0,0,0,0,0.0,0,0,0,0,0,0,0.0,0,0.0,0.0,0,0.0,0.0,0,0,0,0,0.0,0,0.0,0,0,0,0,0.0,0,0.0,0.0,0.0,0,0,0,0,0,0,0.0,0.0,0,0.0,0,0,0,0,0,0,0,0,0,0,0,0,0.0,0,0,0,0,0.0,0,0.0,0,0.0,0.0,0.0,0.0,0,0.0,0.0,0.0,0.0,0
2006-08,0,0.0,0,0,0,0.0,0.0,0.0,0.0,0.0,0.0,0.0,0.0,0.0,0,0.0,0.0,0,0.0,0,0.0,0,0.0,0.0,0,0.0,0.0,0.0,0.0,0,0.0,0.0,0,0.0,0,0,0,0,0.0,0,0,0,0,0,0,0.0,0,0.0,0.0,0,0.0,0.0,0,0,0,0,0.0,0,0.0,0,0,0,0,0.0,0,0.0,0.0,0.0,0,0,0,0,0,0,0.0,0.0,0,0.0,0,0,0,0,0,0,0,0,0,0,0,0,0.0,0,0,0,0,0.0,0,0.0,0,0.0,0.0,0.0,0.0,0,0.0,0.0,0.0,0.0,0
2006-09,0,0.0,0,0,0,0.0,0.0,0.0,0.0,0.0,0.0,0.0,0.0,0.0,0,0.0,0.0,0,0.0,0,0.0,0,0.0,0.0,0,0.0,0.0,0.0,0.0,0,0.0,0.0,0,0.0,0,0,0,0,0.0,0,0,0,0,0,0,0.0,0,0.0,0.0,0,0.0,0.0,0,0,0,0,0.0,0,0.0,0,0,0,0,0.0,0,0.0,0.0,0.0,0,0,0,0,0,0,0.0,0.0,0,0.0,0,0,0,0,0,0,0,0,0,0,0,0,0.0,0,0,0,0,0.0,0,0.0,0,0.0,0.0,0.0,0.0,0,0.0,0.0,0.0,0.0,0
2006-10,0,0.0,0,0,0,0.0,0.0,0.0,0.0,0.0,0.0,0.0,0.0,0.0,0,0.0,0.0,0,0.0,0,0.0,0,0.0,0.0,0,0.0,0.0,0.0,0.0,0,0.0,0.0,0,0.0,0,0,0,0,0.0,0,0,0,0,0,0,0.0,0,0.0,0.0,0,0.0,0.0,0,0,0,0,0.0,0,0.0,0,0,0,0,0.0,0,0.0,0.0,0.0,0,0,0,0,0,0,0.0,0.0,0,0.0,0,0,0,0,0,0,0,0,0,0,0,0,0.0,0,0,0,0,0.0,0,0.0,0,0.0,0.0,0.0,0.0,0,0.0,0.0,0.0,0.0,0
2006-11,0,0.0,0,0,0,0.0,0.0,0.0,0.0,0.0,0.0,0.0,0.0,0.0,0,0.0,0.0,0,0.0,0,0.0,0,0.0,0.0,0,0.0,0.0,0.0,0.0,0,0.0,0.0,0,0.0,0,0,0,0,0.0,0,0,0,0,0,0,0.0,0,0.0,0.0,0,0.0,0.0,0,0,0,0,0.0,0,0.0,0,0,0,0,0.0,0,0.0,0.0,0.0,0,0,0,0,0,0,0.0,0.0,0,0.0,0,0,0,0,0,0,0,0,0,0,0,0,0.0,0,0,0,0,0.0,0,0.0,0,0.0,0.0,0.0,0.0,0,0.0,0.0,0.0,0.0,0
2006-12,0,0.0,0,0,0,0.0,0.0,0.0,0.0,0.0,0.0,0.0,0.0,0.0,0,0.0,0.0,0,0.0,0,0.0,0,0.0,0.0,0,0.0,0.0,0.0,0.0,0,0.0,0.0,0,0.0,0,0,0,0,0.0,0,0,0,0,0,0,0.0,0,0.0,0.0,0,0.0,0.0,0,0,0,0,0.0,0,0.0,0,0,0,0,0.0,0,0.0,0.0,0.0,0,0,0,0,0,0,0.0,0.0,0,0.0,0,0,0,0,0,0,0,0,0,0,0,0,0.0,0,0,0,0,0.0,0,0.0,0,0.0,0.0,0.0,0.0,0,0.0,0.0,0.0,0.0,0
2007-01,0,0.0,0,0,0,0.0,0.0,0.0,0.0,0.0,0.0,0.0,0.0,0.0,0,0.0,0.0,0,0.0,0,0.0,0,0.0,0.0,0,0.0,0.0,0.0,0.0,0,0.0,0.0,0,0.0,0,0,0,0,0.0,0,0,0,0,0,0,0.0,0,0.0,0.0,0,0.0,0.0,0,0,0,0,0.0,0,0.0,0,0,0,0,0.0,0,0.0,0.0,0.0,0,0,0,0,0,0,0.0,0.0,0,0.0,0,0,0,0,0,0,0,0,0,0,0,0,0.0,0,0,0,0,0.0,0,0.0,0,0.0,0.0,0.0,0.0,0,0.0,0.0,0.0,0.0,0
2007-02,0,0.0,0,0,0,0.0,0.0,0.0,0.0,0.0,0.0,0.0,0.0,0.0,0,0.0,0.0,0,0.0,0,0.0,0,0.0,0.0,0,0.0,0.0,0.0,0.0,0,0.0,0.0,0,0.0,0,0,0,0,0.0,0,0,0,0,0,0,0.0,0,0.0,0.0,0,0.0,0.0,0,0,0,0,0.0,0,0.0,0,0,0,0,0.0,0,0.0,0.0,0.0,0,0,0,0,0,0,0.0,0.0,0,0.0,0,0,0,0,0,0,0,0,0,0,0,0,0.0,0,0,0,0,0.0,0,0.0,0,0.0,0.0,0.0,0.0,0,0.0,0.0,0.0,0.0,0
2007-03,0,0.0,0,0,0,0.0,0.0,0.0,0.0,0.0,0.0,0.0,0.0,0.0,0,0.0,0.0,0,0.0,0,0.0,0,0.0,0.0,0,0.0,0.0,0.0,0.0,0,0.0,0.0,0,0.0,0,0,0,0,0.0,0,0,0,0,0,0,0.0,0,0.0,0.0,0,0.0,0.0,0,0,0,0,0.0,0,0.0,0,0,0,0,0.0,0,0.0,0.0,0.0,0,0,0,0,0,0,0.0,0.0,0,0.0,0,0,0,0,0,0,0,0,0,0,0,0,0.0,0,0,0,0,0.0,0,0.0,0,0.0,0.0,0.0,0.0,0,0.0,0.0,0.0,0.0,0
2007-04,0,0.0,0,0,0,0.0,0.0,0.0,0.0,0.0,0.0,0.0,0.0,0.0,0,0.0,0.0,0,0.0,0,0.0,0,0.0,0.0,0,0.0,0.0,0.0,0.0,0,0.0,0.0,0,0.0,0,0,0,0,0.0,0,0,0,0,0,0,0.0,0,0.0,0.0,0,0.0,0.0,0,0,0,0,0.0,0,0.0,0,0,0,0,0.0,0,0.0,0.0,0.0,0,0,0,0,0,0,0.0,0.0,0,0.0,0,0,0,0,0,0,0,0,0,0,0,0,0.0,0,0,0,0,0.0,0,0.0,0,0.0,0.0,0.0,0.0,0,0.0,0.0,0.0,0.0,0
2007-05,0,0.0,0,0,0,0.0,0.0,0.0,0.0,0.0,0.0,0.0,0.0,0.0,0,0.0,0.0,0,0.0,0,0.0,0,0.0,0.0,0,0.0,0.0,0.0,0.0,0,0.0,0.0,0,0.0,0,0,0,0,0.0,0,0,0,0,0,0,0.0,0,0.0,0.0,0,0.0,0.0,0,0,0,0,0.0,0,0.0,0,0,0,0,0.0,0,0.0,0.0,0.0,0,0,0,0,0,0,0.0,0.0,0,0.0,0,0,0,0,0,0,0,0,0,0,0,0,0.0,0,0,0,0,0.0,0,0.0,0,0.0,0.0,0.0,0.0,0,0.0,0.0,0.0,0.0,0
2007-06,0,0.0,0,0,0,0.0,0.0,0.0,0.0,0.0,0.0,0.0,0.0,0.0,0,0.0,0.0,0,0.0,0,0.0,0,0.0,0.0,0,0.0,0.0,0.0,0.0,0,0.0,0.0,0,0.0,0,0,0,0,0.0,0,0,0,0,0,0,0.0,0,0.0,0.0,0,0.0,0.0,0,0,0,0,0.0,0,0.0,0,0,0,0,0.0,0,0.0,0.0,0.0,0,0,0,0,0,0,0.0,0.0,0,0.0,0,0,0,0,0,0,0,0,0,0,0,0,0.0,0,0,0,0,0.0,0,0.0,0,0.0,0.0,0.0,0.0,0,0.0,0.0,0.0,0.0,0
2007-07,0,0.0,0,0,0,0.0,0.0,0.0,0.0,0.0,0.0,0.0,0.0,0.0,0,0.0,0.0,0,0.0,0,0.0,0,0.0,0.0,0,0.0,0.0,0.0,0.0,0,0.0,0.0,0,0.0,0,0,0,0,0.0,0,0,0,0,0,0,0.0,0,0.0,0.0,0,0.0,0.0,0,0,0,0,0.0,0,0.0,0,0,0,0,0.0,0,0.0,0.0,0.0,0,0,0,0,0,0,0.0,0.0,0,0.0,0,0,0,0,0,0,0,0,0,0,0,0,0.0,0,0,0,0,0.0,0,0.0,0,0.0,0.0,0.0,0.0,0,0.0,0.0,0.0,0.0,0
2007-08,0,0.0,0,0,0,0.0,0.0,0.0,0.0,0.0,0.0,0.0,0.0,0.0,0,0.0,0.0,0,0.0,0,0.0,0,0.0,0.0,0,0.0,0.0,0.0,0.0,0,0.0,0.0,0,0.0,0,0,0,0,0.0,0,0,0,0,0,0,0.0,0,0.0,0.0,0,0.0,0.0,0,0,0,0,0.0,0,0.0,0,0,0,0,0.0,0,0.0,0.0,0.0,0,0,0,0,0,0,0.0,0.0,0,0.0,0,0,0,0,0,0,0,0,0,0,0,0,0.0,0,0,0,0,0.0,0,0.0,0,0.0,0.0,0.0,0.0,0,0.0,0.0,0.0,0.0,0
2007-09,0,0.0,0,0,0,0.0,0.0,0.0,0.0,0.0,0.0,0.0,0.0,0.0,0,0.0,0.0,0,0.0,0,0.0,0,0.0,0.0,0,0.0,0.0,0.0,0.0,0,0.0,0.0,0,0.0,0,0,0,0,0.0,0,0,0,0,0,0,0.0,0,0.0,0.0,0,0.0,0.0,0,0,0,0,0.0,0,0.0,0,0,0,0,0.0,0,0.0,0.0,0.0,0,0,0,0,0,0,0.0,0.0,0,0.0,0,0,0,0,0,0,0,0,0,0,0,0,0.0,0,0,0,0,0.0,0,0.0,0,0.0,0.0,0.0,0.0,0,0.0,0.0,0.0,0.0,0
2007-10,0,0.0,0,0,0,0.0,0.0,0.0,0.0,0.0,0.0,0.0,0.0,0.0,0,0.0,0.0,0,0.0,0,0.0,0,0.0,0.0,0,0.0,0.0,0.0,0.0,0,0.0,0.0,0,0.0,0,0,0,0,0.0,0,0,0,0,0,0,0.0,0,0.0,0.0,0,0.0,0.0,0,0,0,0,0.0,0,0.0,0,0,0,0,0.0,0,0.0,0.0,0.0,0,0,0,0,0,0,0.0,0.0,0,0.0,0,0,0,0,0,0,0,0,0,0,0,0,0.0,0,0,0,0,0.0,0,0.0,0,0.0,0.0,0.0,0.0,0,0.0,0.0,0.0,0.0,0
2007-11,0,0.0,0,0,0,0.0,0.0,0.0,0.0,0.0,0.0,0.0,0.0,0.0,0,0.0,0.0,0,0.0,0,0.0,0,0.0,0.0,0,0.0,0.0,0.0,0.0,0,0.0,0.0,0,0.0,0,0,0,0,0.0,0,0,0,0,0,0,0.0,0,0.0,0.0,0,0.0,0.0,0,0,0,0,0.0,0,0.0,0,0,0,0,0.0,0,0.0,0.0,0.0,0,0,0,0,0,0,0.0,0.0,0,0.0,0,0,0,0,0,0,0,0,0,0,0,0,0.0,0,0,0,0,0.0,0,0.0,0,0.0,0.0,0.0,0.0,0,0.0,0.0,0.0,0.0,0
2007-12,0,0.0,0,0,0,0.0,0.0,0.0,0.0,0.0,0.0,0.0,0.0,0.0,0,0.0,0.0,0,0.0,0,0.0,0,0.0,0.0,0,0.0,0.0,0.0,0.0,0,0.0,0.0,0,0.0,0,0,0,0,0.0,0,0,0,0,0,0,0.0,0,0.0,0.0,0,0.0,0.0,0,0,0,0,0.0,0,0.0,0,0,0,0,0.0,0,0.0,0.0,0.0,0,0,0,0,0,0,0.0,0.0,0,0.0,0,0,0,0,0,0,0,0,0,0,0,0,0.0,0,0,0,0,0.0,0,0.0,0,0.0,0.0,0.0,0.0,0,0.0,0.0,0.0,0.0,0
2008-01,0,0.0,0,0,0,0.0,0.0,0.0,0.0,0.0,0.0,0.0,0.0,0.0,0,0.0,0.0,0,0.0,0,0.0,0,0.0,0.0,0,0.0,0.0,0.0,0.0,0,0.0,0.0,0,0.0,0,0,0,0,0.0,0,0,0,0,0,0,0.0,0,0.0,0.0,0,0.0,0.0,0,0,0,0,0.0,0,0.0,0,0,0,0,0.0,0,0.0,0.0,0.0,0,0,0,0,0,0,0.0,0.0,0,0.0,0,0,0,0,0,0,0,0,0,0,0,0,0.0,0,0,0,0,0.0,0,0.0,0,0.0,0.0,0.0,0.0,0,0.0,0.0,0.0,0.0,0
2008-02,0,0.0,0,0,0,0.0,0.0,0.0,0.0,0.0,0.0,0.0,0.0,0.0,0,0.0,0.0,0,0.0,0,0.0,0,0.0,0.0,0,0.0,0.0,0.0,0.0,0,0.0,0.0,0,0.0,0,0,0,0,0.0,0,0,0,0,0,0,0.0,0,0.0,0.0,0,0.0,0.0,0,0,0,0,0.0,0,0.0,0,0,0,0,0.0,0,0.0,0.0,0.0,0,0,0,0,0,0,0.0,0.0,0,0.0,0,0,0,0,0,0,0,0,0,0,0,0,0.0,0,0,0,0,0.0,0,0.0,0,0.0,0.0,0.0,0.0,0,0.0,0.0,0.0,0.0,0
2008-03,0,0.0,0,0,0,0.0,0.0,0.0,0.0,0.0,0.0,0.0,0.0,0.0,0,0.0,0.0,0,0.0,0,0.0,0,0.0,0.0,0,0.0,0.0,0.0,0.0,0,0.0,0.0,0,0.0,0,0,0,0,0.0,0,0,0,0,0,0,0.0,0,0.0,0.0,0,0.0,0.0,0,0,0,0,0.0,0,0.0,0,0,0,0,0.0,0,0.0,0.0,0.0,0,0,0,0,0,0,0.0,0.0,0,0.0,0,0,0,0,0,0,0,0,0,0,0,0,0.0,0,0,0,0,0.0,0,0.0,0,0.0,0.0,0.0,0.0,0,0.0,0.0,0.0,0.0,0
2008-04,0,0.0,0,0,0,0.0,0.0,0.0,0.0,0.0,0.0,0.0,0.0,0.0,0,0.0,0.0,0,0.0,0,0.0,0,0.0,0.0,0,0.0,0.0,0.0,0.0,0,0.0,0.0,0,0.0,0,0,0,0,0.0,0,0,0,0,0,0,0.0,0,0.0,0.0,0,0.0,0.0,0,0,0,0,0.0,0,0.0,0,0,0,0,0.0,0,0.0,0.0,0.0,0,0,0,0,0,0,0.0,0.0,0,0.0,0,0,0,0,0,0,0,0,0,0,0,0,0.0,0,0,0,0,0.0,0,0.0,0,0.0,0.0,0.0,0.0,0,0.0,0.0,0.0,0.0,0
2008-05,0,0.0,0,0,0,0.0,0.0,0.0,0.0,0.0,0.0,0.0,0.0,0.0,0,0.0,0.0,0,0.0,0,0.0,0,0.0,0.0,0,0.0,0.0,0.0,0.0,0,0.0,0.0,0,0.0,0,0,0,0,0.0,0,0,0,0,0,0,0.0,0,0.0,0.0,0,0.0,0.0,0,0,0,0,0.0,0,0.0,0,0,0,0,0.0,0,0.0,0.0,0.0,0,0,0,0,0,0,0.0,0.0,0,0.0,0,0,0,0,0,0,0,0,0,0,0,0,0.0,0,0,0,0,0.0,0,0.0,0,0.0,0.0,0.0,0.0,0,0.0,0.0,0.0,0.0,0
2008-06,0,0.0,0,0,0,0.0,0.0,0.0,0.0,0.0,0.0,0.0,0.0,0.0,0,0.0,0.0,0,0.0,0,0.0,0,0.0,0.0,0,0.0,0.0,0.0,0.0,0,0.0,0.0,0,0.0,0,0,0,0,0.0,0,0,0,0,0,0,0.0,0,0.0,0.0,0,0.0,0.0,0,0,0,0,0.0,0,0.0,0,0,0,0,0.0,0,0.0,0.0,0.0,0,0,0,0,0,0,0.0,0.0,0,0.0,0,0,0,0,0,0,0,0,0,0,0,0,0.0,0,0,0,0,0.0,0,0.0,0,0.0,0.0,0.0,0.0,0,0.0,0.0,0.0,0.0,0
2008-07,0,0.0,0,0,0,0.0,0.0,0.0,0.0,0.0,0.0,0.0,0.0,0.0,0,0.0,0.0,0,0.0,0,0.0,0,0.0,0.0,0,0.0,0.0,0.0,0.0,0,0.0,0.0,0,0.0,0,0,0,0,0.0,0,0,0,0,0,0,0.0,0,0.0,0.0,0,0.0,0.0,0,0,0,0,0.0,0,0.0,0,0,0,0,0.0,0,0.0,0.0,0.0,0,0,0,0,0,0,0.0,0.0,0,0.0,0,0,0,0,0,0,0,0,0,0,0,0,0.0,0,0,0,0,0.0,0,0.0,0,0.0,0.0,0.0,0.0,0,0.0,0.0,0.0,0.0,0
2008-08,0,0.0,0,0,0,0.0,0.0,0.0,0.0,0.0,0.0,0.0,0.0,0.0,0,0.0,0.0,0,0.0,0,0.0,0,0.0,0.0,0,0.0,0.0,0.0,0.0,0,0.0,0.0,0,0.0,0,0,0,0,0.0,0,0,0,0,0,0,0.0,0,0.0,0.0,0,0.0,0.0,0,0,0,0,0.0,0,0.0,0,0,0,0,0.0,0,0.0,0.0,0.0,0,0,0,0,0,0,0.0,0.0,0,0.0,0,0,0,0,0,0,0,0,0,0,0,0,0.0,0,0,0,0,0.0,0,0.0,0,0.0,0.0,0.0,0.0,0,0.0,0.0,0.0,0.0,0
2008-09,0,0.0,0,0,0,0.0,0.0,0.0,0.0,0.0,0.0,0.0,0.0,0.0,0,0.0,0.0,0,0.0,0,0.0,0,0.0,0.0,0,0.0,0.0,0.0,0.0,0,0.0,0.0,0,0.0,0,0,0,0,0.0,0,0,0,0,0,0,0.0,0,0.0,0.0,0,0.0,0.0,0,0,0,0,0.0,0,0.0,0,0,0,0,0.0,0,0.0,0.0,0.0,0,0,0,0,0,0,0.0,0.0,0,0.0,0,0,0,0,0,0,0,0,0,0,0,0,0.0,0,0,0,0,0.0,0,0.0,0,0.0,0.0,0.0,0.0,0,0.0,0.0,0.0,0.0,0
2008-10,0,0.0,0,0,0,0.0,0.0,0.0,0.0,0.0,0.0,0.0,0.0,0.0,0,0.0,0.0,0,0.0,0,0.0,0,0.0,0.0,0,0.0,0.0,0.0,0.0,0,0.0,0.0,0,0.0,0,0,0,0,0.0,0,0,0,0,0,0,0.0,0,0.0,0.0,0,0.0,0.0,0,0,0,0,0.0,0,0.0,0,0,0,0,0.0,0,0.0,0.0,0.0,0,0,0,0,0,0,0.0,0.0,0,0.0,0,0,0,0,0,0,0,0,0,0,0,0,0.0,0,0,0,0,0.0,0,0.0,0,0.0,0.0,0.0,0.0,0,0.0,0.0,0.0,0.0,0
2008-11,0,0.0,0,0,0,0.0,0.0,0.0,0.0,0.0,0.0,0.0,0.0,0.0,0,0.0,0.0,0,0.0,0,0.0,0,0.0,0.0,0,0.0,0.0,0.0,0.0,0,0.0,0.0,0,0.0,0,0,0,0,0.0,0,0,0,0,0,0,0.0,0,0.0,0.0,0,0.0,0.0,0,0,0,0,0.0,0,0.0,0,0,0,0,0.0,0,0.0,0.0,0.0,0,0,0,0,0,0,0.0,0.0,0,0.0,0,0,0,0,0,0,0,0,0,0,0,0,0.0,0,0,0,0,0.0,0,0.0,0,0.0,0.0,0.0,0.0,0,0.0,0.0,0.0,0.0,0
2008-12,0,0.0,0,0,0,0.0,0.0,0.0,100.0,0.0,0.0,0.0,0.0,0.0,0,0.0,0.0,0,0.0,0,0.0,0,0.0,0.0,0,0.0,0.0,0.0,0.0,0,0.0,0.0,0,0.0,0,0,0,0,0.0,0,0,0,0,0,0,0.0,0,0.0,0.0,0,0.0,0.0,0,0,0,0,0.0,0,0.0,0,0,0,0,0.0,0,0.0,0.0,0.0,0,0,0,0,0,0,0.0,0.0,0,0.0,0,0,0,0,0,0,0,0,0,0,0,0,0.0,0,0,0,0,0.0,0,0.0,0,0.0,0.0,0.0,0.0,0,0.0,0.0,0.0,0.0,0
2009-01,0,0.0,0,0,0,0.0,0.0,0.0,0.0,0.0,0.0,0.0,0.0,0.0,0,0.0,0.0,0,0.0,0,0.0,0,0.0,0.0,0,0.0,0.0,0.0,0.0,0,0.0,0.0,0,0.0,0,0,0,0,0.0,0,0,0,0,0,0,0.0,0,0.0,0.0,0,0.0,0.0,0,0,0,0,0.0,0,0.0,0,0,0,0,0.0,0,0.0,0.0,0.0,0,0,0,0,0,0,0.0,0.0,0,0.0,0,0,0,0,0,0,0,0,0,0,0,0,0.0,0,0,0,0,0.0,0,0.0,0,0.0,0.0,0.0,0.0,0,0.0,0.0,0.0,0.0,0
2009-02,0,0.0,0,0,0,0.0,0.0,0.0,0.0,0.0,0.0,0.0,0.0,0.0,0,0.0,0.0,0,0.0,0,0.0,0,0.0,0.0,0,0.0,0.0,0.0,0.0,0,0.0,0.0,0,0.0,0,0,0,0,0.0,0,0,0,0,0,0,0.0,0,0.0,0.0,0,0.0,0.0,0,0,0,0,0.0,0,0.0,0,0,0,0,0.0,0,0.0,0.0,0.0,0,0,0,0,0,0,0.0,0.0,0,0.0,0,0,0,0,0,0,0,0,0,0,0,0,0.0,0,0,0,0,0.0,0,0.0,0,0.0,0.0,0.0,0.0,0,0.0,0.0,0.0,0.0,0
2009-03,0,0.0,0,0,0,0.0,0.0,0.0,0.0,0.0,0.0,0.0,0.0,0.0,0,0.0,0.0,0,0.0,0,0.0,0,0.0,0.0,0,0.0,0.0,0.0,0.0,0,0.0,0.0,0,0.0,0,0,0,0,0.0,0,0,0,0,0,0,0.0,0,0.0,0.0,0,0.0,0.0,0,0,0,0,0.0,0,0.0,0,0,0,0,0.0,0,0.0,0.0,0.0,0,0,0,0,0,0,0.0,0.0,0,0.0,0,0,0,0,0,0,0,0,0,0,0,0,0.0,0,0,0,0,0.0,0,0.0,0,0.0,0.0,0.0,0.0,0,0.0,0.0,0.0,0.0,0
2009-04,0,0.0,0,0,0,0.0,0.0,0.0,0.0,0.0,0.0,0.0,0.0,0.0,0,0.0,0.0,0,0.0,0,0.0,0,0.0,0.0,0,0.0,0.0,0.0,0.0,0,0.0,0.0,0,0.0,0,0,0,0,0.0,0,0,0,0,0,0,0.0,0,0.0,0.0,0,0.0,0.0,0,0,0,0,0.0,0,0.0,0,0,0,0,0.0,0,0.0,0.0,0.0,0,0,0,0,0,0,0.0,0.0,0,0.0,0,0,0,0,0,0,0,0,0,0,0,0,0.0,0,0,0,0,0.0,0,0.0,0,0.0,0.0,0.0,0.0,0,0.0,0.0,0.0,0.0,0
2009-05,0,0.0,0,0,0,0.0,0.0,0.0,0.0,0.0,0.0,0.0,0.0,0.0,0,0.0,0.0,0,0.0,0,0.0,0,0.0,0.0,0,0.0,0.0,0.0,0.0,0,0.0,0.0,0,0.0,0,0,0,0,0.0,0,0,0,0,0,0,0.0,0,0.0,0.0,0,0.0,0.0,0,0,0,0,0.0,0,0.0,0,0,0,0,0.0,0,0.0,0.0,0.0,0,0,0,0,0,0,0.0,0.0,0,0.0,0,0,0,0,0,0,0,0,0,0,0,0,0.0,0,0,0,0,0.0,0,0.0,0,0.0,0.0,0.0,0.0,0,0.0,0.0,0.0,0.0,0
2009-06,0,0.0,0,0,0,0.0,0.0,0.0,0.0,0.0,0.0,0.0,0.0,0.0,0,0.0,0.0,0,0.0,0,0.0,0,0.0,0.0,0,0.0,0.0,0.0,0.0,0,0.0,0.0,0,0.0,0,0,0,0,0.0,0,0,0,0,0,0,0.0,0,0.0,0.0,0,0.0,0.0,0,0,0,0,0.0,0,0.0,0,0,0,0,0.0,0,0.0,0.0,0.0,0,0,0,0,0,0,0.0,0.0,0,0.0,0,0,0,0,0,0,0,0,0,0,0,0,0.0,0,0,0,0,0.0,0,0.0,0,0.0,0.0,0.0,0.0,0,0.0,0.0,0.0,0.0,0
2009-07,0,0.0,0,0,0,0.0,0.0,0.0,0.0,0.0,0.0,0.0,0.0,0.0,0,0.0,0.0,0,0.0,0,0.0,0,0.0,0.0,0,0.0,0.0,0.0,0.0,0,0.0,0.0,0,0.0,0,0,0,0,0.0,0,0,0,0,0,0,0.0,0,0.0,0.0,0,0.0,0.0,0,0,0,0,0.0,0,0.0,0,0,0,0,0.0,0,0.0,0.0,0.0,0,0,0,0,0,0,0.0,0.0,0,0.0,0,0,0,0,0,0,0,0,0,0,0,0,0.0,0,0,0,0,0.0,0,0.0,0,0.0,0.0,0.0,0.0,0,0.0,0.0,0.0,0.0,0
2009-08,0,0.0,0,0,0,0.0,0.0,0.0,0.0,0.0,0.0,0.0,0.0,0.0,0,0.0,0.0,0,0.0,0,0.0,0,0.0,0.0,0,0.0,0.0,0.0,0.0,0,0.0,0.0,0,0.0,0,0,0,0,0.0,0,0,0,0,0,0,0.0,0,0.0,0.0,0,0.0,0.0,0,0,0,0,0.0,0,0.0,0,0,0,0,0.0,0,0.0,0.0,0.0,0,0,0,0,0,0,0.0,0.0,0,0.0,0,0,0,0,0,0,0,0,0,0,0,0,0.0,0,0,0,0,0.0,0,0.0,0,0.0,0.0,0.0,0.0,0,0.0,0.0,0.0,0.0,0
2009-09,0,0.0,0,0,0,0.0,0.0,0.0,0.0,0.0,0.0,0.0,0.0,0.0,0,0.0,0.0,0,0.0,0,0.0,0,0.0,0.0,0,0.0,0.0,0.0,0.0,0,0.0,0.0,0,0.0,0,0,0,0,0.0,0,0,0,0,0,0,0.0,0,0.0,0.0,0,0.0,0.0,0,0,0,0,0.0,0,0.0,0,0,0,0,0.0,0,0.0,0.0,0.0,0,0,0,0,0,0,0.0,0.0,0,0.0,0,0,0,0,0,0,0,0,0,0,0,0,0.0,0,0,0,0,0.0,0,0.0,0,0.0,0.0,0.0,0.0,0,0.0,0.0,0.0,0.0,0
2009-10,0,0.0,0,0,0,0.0,0.0,0.0,0.0,0.0,0.0,0.0,0.0,0.0,0,0.0,0.0,0,0.0,0,0.0,0,0.0,0.0,0,0.0,0.0,0.0,0.0,0,0.0,0.0,0,0.0,0,0,0,0,0.0,0,0,0,0,0,0,0.0,0,0.0,0.0,0,0.0,0.0,0,0,0,0,0.0,0,0.0,0,0,0,0,0.0,0,0.0,0.0,0.0,0,0,0,0,0,0,0.0,0.0,0,0.0,0,0,0,0,0,0,0,0,0,0,0,0,0.0,0,0,0,0,0.0,0,0.0,0,0.0,0.0,0.0,0.0,0,0.0,0.0,0.0,0.0,0
2009-11,0,0.0,0,0,0,0.0,0.0,0.0,0.0,0.0,0.0,0.0,0.0,0.0,0,0.0,0.0,0,0.0,0,0.0,0,0.0,0.0,0,0.0,0.0,0.0,0.0,0,0.0,0.0,0,0.0,0,0,0,0,0.0,0,0,0,0,0,0,0.0,0,0.0,0.0,0,0.0,0.0,0,0,0,0,0.0,0,0.0,0,0,0,0,0.0,0,0.0,0.0,0.0,0,0,0,0,0,0,0.0,0.0,0,0.0,0,0,0,0,0,0,0,0,0,0,0,0,0.0,0,0,0,0,0.0,0,0.0,0,0.0,0.0,0.0,0.0,0,0.0,0.0,0.0,0.0,0
2009-12,0,0.0,0,0,0,0.0,0.0,0.0,0.0,0.0,0.0,0.0,0.0,0.0,0,0.0,0.0,0,0.0,0,0.0,0,0.0,0.0,0,0.0,0.0,0.0,0.0,0,0.0,0.0,0,0.0,0,0,0,0,0.0,0,0,0,0,0,0,0.0,0,0.0,0.0,0,0.0,0.0,0,0,0,0,0.0,0,0.0,0,0,0,0,0.0,0,0.0,0.0,0.0,0,0,0,0,0,0,0.0,0.0,0,0.0,0,0,0,0,0,0,0,0,0,0,0,0,0.0,0,0,0,0,0.0,0,0.0,0,0.0,0.0,0.0,0.0,0,0.0,0.0,0.0,0.0,0
2010-01,0,0.0,0,0,0,0.0,0.0,0.0,0.0,0.0,0.0,0.0,0.0,0.0,0,0.0,0.0,0,0.0,0,0.0,0,0.0,0.0,0,0.0,0.0,0.0,0.0,0,0.0,0.0,0,0.0,0,0,0,0,0.0,0,0,0,0,0,0,0.0,0,0.0,0.0,0,0.0,0.0,0,0,0,0,0.0,0,0.0,0,0,0,0,0.0,0,0.0,0.0,0.0,0,0,0,0,0,0,0.0,0.0,0,0.0,0,0,0,0,0,0,0,0,0,0,0,0,0.0,0,0,0,0,0.0,0,0.0,0,0.0,0.0,0.0,0.0,0,0.0,0.0,0.0,0.0,0
2010-02,0,0.0,0,0,0,0.0,0.0,0.0,0.0,0.0,0.0,0.0,0.0,0.0,0,0.0,0.0,0,0.0,0,0.0,0,0.0,0.0,0,0.0,0.0,0.0,0.0,0,0.0,0.0,0,0.0,0,0,0,0,0.0,0,0,0,0,0,0,0.0,0,0.0,0.0,0,0.0,0.0,0,0,0,0,0.0,0,0.0,0,0,0,0,0.0,0,0.0,0.0,0.0,0,0,0,0,0,0,0.0,0.0,0,0.0,0,0,0,0,0,0,0,0,0,0,0,0,0.0,0,0,0,0,0.0,0,0.0,0,0.0,0.0,0.0,0.0,0,0.0,0.0,0.0,0.0,0
2010-03,0,0.0,0,0,0,0.0,0.0,0.0,0.0,0.0,0.0,0.0,0.0,0.0,0,0.0,0.0,0,0.0,0,0.0,0,0.0,0.0,0,0.0,0.0,0.0,0.0,0,0.0,0.0,0,0.0,0,0,0,0,0.0,0,0,0,0,0,0,0.0,0,0.0,0.0,0,0.0,0.0,0,0,0,0,0.0,0,0.0,0,0,0,0,0.0,0,0.0,0.0,0.0,0,0,0,0,0,0,0.0,0.0,0,0.0,0,0,0,0,0,0,0,0,0,0,0,0,0.0,0,0,0,0,0.0,0,0.0,0,0.0,0.0,0.0,0.0,0,0.0,0.0,0.0,0.0,0
2010-04,0,0.0,0,0,0,0.0,0.0,0.0,0.0,0.0,0.0,0.0,0.0,0.0,0,0.0,0.0,0,0.0,0,0.0,0,0.0,0.0,0,0.0,0.0,0.0,0.0,0,0.0,0.0,0,0.0,0,0,0,0,0.0,0,0,0,0,0,0,0.0,0,0.0,0.0,0,0.0,0.0,0,0,0,0,0.0,0,0.0,0,0,0,0,0.0,0,0.0,0.0,0.0,0,0,0,0,0,0,0.0,0.0,0,0.0,0,0,0,0,0,0,0,0,0,0,0,0,0.0,0,0,0,0,0.0,0,0.0,0,0.0,0.0,0.0,0.0,0,0.0,0.0,0.0,0.0,0
2010-05,0,0.0,0,0,0,0.0,0.0,0.0,0.0,0.0,0.0,0.0,0.0,0.0,0,0.0,0.0,0,0.0,0,0.0,0,0.0,0.0,0,0.0,0.0,0.0,0.0,0,0.0,0.0,0,0.0,0,0,0,0,0.0,0,0,0,0,0,0,0.0,0,0.0,0.0,0,0.0,0.0,0,0,0,0,0.0,0,0.0,0,0,0,0,0.0,0,0.0,0.0,0.0,0,0,0,0,0,0,0.0,0.0,0,0.0,0,0,0,0,0,0,0,0,0,0,0,0,0.0,0,0,0,0,0.0,0,0.0,0,0.0,0.0,0.0,0.0,0,0.0,0.0,0.0,0.0,0
2010-06,0,0.0,0,0,0,0.0,0.0,0.0,0.0,0.0,0.0,0.0,0.0,0.0,0,0.0,0.0,0,0.0,0,0.0,0,0.0,0.0,0,0.0,0.0,0.0,0.0,0,0.0,0.0,0,0.0,0,0,0,0,0.0,0,0,0,0,0,0,0.0,0,0.0,0.0,0,0.0,0.0,0,0,0,0,0.0,0,0.0,0,0,0,0,0.0,0,0.0,0.0,0.0,0,0,0,0,0,0,0.0,0.0,0,0.0,0,0,0,0,0,0,0,0,0,0,0,0,0.0,0,0,0,0,0.0,0,0.0,0,0.0,0.0,0.0,0.0,0,0.0,0.0,0.0,0.0,0
2010-07,0,0.0,0,0,0,0.0,0.0,0.0,0.0,0.0,0.0,0.0,0.0,0.0,0,0.0,0.0,0,0.0,0,0.0,0,0.0,0.0,0,0.0,0.0,0.0,0.0,0,0.0,0.0,0,0.0,0,0,0,0,0.0,0,0,0,0,0,0,0.0,0,0.0,0.0,0,0.0,0.0,0,0,0,0,0.0,0,0.0,0,0,0,0,0.0,0,0.0,0.0,0.0,0,0,0,0,0,0,0.0,0.0,0,0.0,0,0,0,0,0,0,0,0,0,0,0,0,0.0,0,0,0,0,0.0,0,0.0,0,0.0,0.0,0.0,0.0,0,0.0,0.0,0.0,0.0,0
2010-08,0,0.0,0,0,0,0.0,0.0,0.0,0.0,0.0,0.0,0.0,0.0,0.0,0,0.0,0.0,0,0.0,0,0.0,0,0.0,0.0,0,0.0,0.0,0.0,0.0,0,0.0,0.0,0,0.0,0,0,0,0,0.0,0,0,0,0,0,0,0.0,0,0.0,0.0,0,0.0,0.0,0,0,0,0,0.0,0,0.0,0,0,0,0,0.0,0,0.0,0.0,0.0,0,0,0,0,0,0,0.0,0.0,0,0.0,0,0,0,0,0,0,0,0,0,0,0,0,0.0,0,0,0,0,0.0,0,0.0,0,0.0,0.0,0.0,0.0,0,0.0,0.0,0.0,0.0,0
2010-09,0,0.0,0,0,0,0.0,0.0,0.0,0.0,0.0,0.0,0.0,0.0,0.0,0,0.0,0.0,0,0.0,0,0.0,0,0.0,0.0,0,0.0,0.0,0.0,0.0,0,0.0,0.0,0,0.0,0,0,0,0,0.0,0,0,0,0,0,0,0.0,0,0.0,0.0,0,0.0,0.0,0,0,0,0,0.0,0,0.0,0,0,0,0,0.0,0,0.0,0.0,0.0,0,0,0,0,0,0,0.0,0.0,0,0.0,0,0,0,0,0,0,0,0,0,0,0,0,0.0,0,0,0,0,0.0,0,0.0,0,0.0,0.0,0.0,0.0,0,0.0,0.0,0.0,0.0,0
2010-10,0,0.0,0,0,0,0.0,0.0,0.0,0.0,0.0,0.0,0.0,0.0,0.0,0,0.0,0.0,0,0.0,0,0.0,0,0.0,0.0,0,0.0,0.0,0.0,0.0,0,0.0,0.0,0,0.0,0,0,0,0,0.0,0,0,0,0,0,0,0.0,0,0.0,0.0,0,0.0,0.0,0,0,0,0,0.0,0,0.0,0,0,0,0,0.0,0,0.0,0.0,0.0,0,0,0,0,0,0,0.0,0.0,0,0.0,0,0,0,0,0,0,0,0,0,0,0,0,0.0,0,0,0,0,0.0,0,0.0,0,0.0,0.0,0.0,0.0,0,0.0,0.0,0.0,0.0,0
2010-11,0,0.0,0,0,0,0.0,0.0,0.0,0.0,0.0,0.0,0.0,0.0,0.0,0,0.0,0.0,0,0.0,0,0.0,0,0.0,0.0,0,0.0,0.0,0.0,0.0,0,0.0,0.0,0,0.0,0,0,0,0,0.0,0,0,0,0,0,0,0.0,0,0.0,0.0,0,0.0,0.0,0,0,0,0,0.0,0,0.0,0,0,0,0,0.0,0,0.0,0.0,0.0,0,0,0,0,0,0,0.0,0.0,0,0.0,0,0,0,0,0,0,0,0,0,0,0,0,0.0,0,0,0,0,0.0,0,0.0,0,0.0,0.0,0.0,0.0,0,0.0,0.0,0.0,0.0,0
2010-12,0,0.0,0,0,0,0.0,0.0,0.0,0.0,0.0,0.0,0.0,0.0,0.0,0,0.0,0.0,0,0.0,0,0.0,0,0.0,0.0,0,0.0,0.0,0.0,0.0,0,0.0,0.0,0,0.0,0,0,0,0,0.0,0,0,0,0,0,0,0.0,0,0.0,0.0,0,0.0,0.0,0,0,0,0,0.0,0,0.0,0,0,0,0,0.0,0,0.0,0.0,0.0,0,0,0,0,0,0,0.0,0.0,0,0.0,0,0,0,0,0,0,0,0,0,0,0,0,0.0,0,0,0,0,0.0,0,0.0,0,0.0,0.0,0.0,0.0,0,0.0,0.0,0.0,0.0,0
2011-01,0,0.0,0,0,0,0.0,0.0,0.0,0.0,0.0,0.0,0.0,0.0,0.0,0,0.0,0.0,0,0.0,0,0.0,0,0.0,0.0,0,0.0,0.0,0.0,0.0,0,0.0,0.0,0,0.0,0,0,0,0,0.0,0,0,0,0,0,0,0.0,0,0.0,0.0,0,0.0,0.0,0,0,0,0,0.0,0,0.0,0,0,0,0,0.0,0,0.0,0.0,0.0,0,0,0,0,0,0,0.0,0.0,0,0.0,0,0,0,0,0,0,0,0,0,0,0,0,0.0,0,0,0,0,0.0,0,0.0,0,0.0,0.0,0.0,0.0,0,0.0,0.0,0.0,0.0,0
2011-02,0,0.0,0,0,0,0.0,0.0,0.0,0.0,0.0,0.0,0.0,0.0,0.0,0,0.0,0.0,0,0.0,0,0.0,0,0.0,0.0,0,0.0,0.0,0.0,0.0,0,0.0,0.0,0,0.0,0,0,0,0,0.0,0,0,0,0,0,0,0.0,0,0.0,0.0,0,0.0,0.0,0,0,0,0,0.0,0,0.0,0,0,0,0,0.0,0,0.0,0.0,0.0,0,0,0,0,0,0,0.0,0.0,0,0.0,0,0,0,0,100,0,0,0,0,0,0,0,0.0,0,0,0,0,0.0,0,0.0,0,0.0,0.0,0.0,0.0,0,0.0,0.0,0.0,0.0,0
2011-03,0,0.0,0,0,0,0.0,0.0,0.0,0.0,0.0,0.0,0.0,0.0,0.0,0,0.0,0.0,0,0.0,0,0.0,0,0.0,0.0,0,0.0,0.0,0.0,0.0,0,0.0,0.0,0,0.0,0,0,0,0,0.0,0,0,0,0,0,0,0.0,0,0.0,0.0,0,0.0,0.0,0,0,0,0,0.0,0,0.0,0,0,0,0,0.0,0,0.0,0.0,0.0,0,0,0,0,0,0,0.0,0.0,0,0.0,0,0,0,0,0,0,0,0,0,0,0,0,0.0,0,0,0,0,0.0,0,0.0,0,0.0,0.0,0.0,0.0,0,0.0,0.0,0.0,0.0,0
2011-04,0,0.0,0,0,0,0.0,0.0,0.0,0.0,0.0,0.0,0.0,0.0,0.0,0,0.0,0.0,0,0.0,0,0.0,0,0.0,0.0,0,0.0,0.0,0.0,0.0,0,0.0,0.0,0,0.0,0,0,0,0,0.0,0,0,0,0,0,0,0.0,0,0.0,0.0,0,0.0,0.0,0,0,0,0,0.0,0,0.0,0,0,0,0,0.0,0,0.0,0.0,0.0,0,0,0,0,0,0,0.0,0.0,0,100.0,0,0,0,0,0,0,0,0,0,0,0,0,0.0,0,0,0,0,0.0,0,0.0,0,0.0,0.0,0.0,0.0,0,0.0,0.0,0.0,0.0,0
2011-05,0,0.0,0,0,0,0.0,0.0,0.0,0.0,0.0,0.0,0.0,0.0,0.0,0,0.0,0.0,0,0.0,0,0.0,0,0.0,0.0,0,0.0,0.0,0.0,0.0,0,0.0,0.0,0,0.0,0,0,0,0,0.0,0,0,0,0,0,0,0.0,0,0.0,0.0,0,0.0,0.0,0,0,0,0,0.0,0,0.0,0,0,0,0,0.0,0,0.0,0.0,0.0,0,0,0,0,0,0,0.0,0.0,0,0.0,0,0,0,0,0,0,0,0,0,0,0,0,0.0,0,0,0,0,0.0,0,0.0,0,0.0,0.0,0.0,0.0,0,0.0,0.0,0.0,0.0,0
2011-06,0,0.0,0,0,0,0.0,0.0,0.0,0.0,0.0,0.0,0.0,0.0,0.0,0,0.0,0.0,0,0.0,0,0.0,0,0.0,0.0,0,0.0,0.0,0.0,0.0,0,0.0,0.0,0,0.0,0,0,0,0,0.0,0,0,0,0,0,0,0.0,0,0.0,0.0,0,0.0,0.0,0,0,0,0,0.0,0,0.0,0,0,0,0,0.0,0,0.0,0.0,0.0,0,0,0,0,0,0,0.0,0.0,0,0.0,0,0,0,0,0,0,0,0,0,0,0,0,0.0,0,0,0,0,0.0,0,0.0,0,0.0,0.0,0.0,0.0,0,0.0,0.0,0.0,0.0,0
2011-07,0,0.0,0,0,0,0.0,0.0,0.0,0.0,0.0,0.0,0.0,0.0,0.0,0,0.0,0.0,0,0.0,0,0.0,0,0.0,0.0,0,0.0,0.0,0.0,0.0,0,0.0,0.0,0,0.0,0,0,0,0,0.0,0,0,0,0,0,0,0.0,0,0.0,0.0,0,0.0,0.0,0,0,0,0,0.0,0,0.0,0,0,0,0,0.0,0,0.0,0.0,0.0,0,0,0,0,0,0,0.0,0.0,0,0.0,0,0,0,0,0,0,0,0,0,0,0,0,0.0,0,0,0,0,0.0,0,0.0,0,0.0,0.0,0.0,0.0,0,0.0,0.0,0.0,0.0,0
2011-08,0,0.0,0,0,0,0.0,0.0,0.0,0.0,0.0,0.0,0.0,0.0,0.0,0,0.0,0.0,0,0.0,0,0.0,0,0.0,0.0,0,0.0,0.0,0.0,0.0,0,0.0,0.0,0,0.0,0,0,0,0,0.0,0,0,0,0,0,0,0.0,0,0.0,0.0,0,0.0,0.0,0,0,0,0,0.0,0,0.0,0,0,0,0,0.0,0,0.0,0.0,0.0,0,0,0,0,0,0,0.0,0.0,0,0.0,0,0,0,0,0,0,0,0,0,0,0,0,0.0,0,0,0,0,0.0,0,0.0,0,0.0,0.0,0.0,0.0,0,0.0,0.0,0.0,0.0,0
2011-09,0,0.0,0,0,0,0.0,0.0,0.0,0.0,0.0,0.0,0.0,0.0,0.0,0,0.0,0.0,0,0.0,0,0.0,0,0.0,0.0,0,0.0,0.0,0.0,0.0,0,0.0,0.0,0,0.0,0,0,0,0,0.0,0,0,0,0,0,0,0.0,0,0.0,0.0,0,0.0,0.0,0,0,0,0,0.0,0,0.0,0,0,0,0,0.0,0,0.0,0.0,0.0,0,0,0,0,0,0,0.0,0.0,0,0.0,0,0,0,0,0,0,0,0,0,0,0,0,0.0,0,0,0,0,0.0,0,0.0,0,0.0,0.0,0.0,0.0,0,0.0,0.0,0.0,0.0,0
2011-10,0,0.0,0,0,0,0.0,0.0,6.0,0.0,0.0,100.0,0.0,0.0,0.0,0,0.0,0.0,0,0.0,0,0.0,0,0.0,0.0,0,0.0,0.0,0.0,0.0,0,0.0,0.0,0,0.0,0,0,0,0,0.0,0,0,0,0,0,0,0.0,0,0.0,0.0,0,0.0,0.0,0,0,0,0,0.0,0,0.0,0,0,0,0,0.0,0,0.0,0.0,0.0,0,0,0,0,0,0,0.0,0.0,0,0.0,0,0,0,0,0,0,0,0,0,0,0,0,0.0,0,0,0,0,0.0,0,0.0,0,0.0,0.0,0.0,0.0,0,0.0,0.0,0.0,0.0,0
2011-11,0,0.0,0,0,0,0.0,0.0,0.0,0.0,0.0,0.0,0.0,0.0,0.0,0,0.0,0.0,0,0.0,0,0.0,0,0.0,0.0,0,0.0,0.0,0.0,0.0,0,0.0,0.0,0,0.0,0,0,0,0,0.0,0,0,0,0,0,0,0.0,0,0.0,0.0,0,0.0,0.0,0,0,0,0,0.0,0,0.0,0,0,0,0,0.0,0,0.0,0.0,0.0,0,0,0,0,0,0,0.0,0.0,0,0.0,0,0,0,0,0,0,0,0,0,0,0,0,0.0,0,0,0,0,0.0,0,0.0,0,0.0,0.0,0.0,0.0,0,0.0,0.0,0.0,0.0,0
2011-12,0,0.0,0,0,0,0.0,0.0,0.0,0.0,0.0,0.0,0.0,0.0,0.0,0,0.0,0.0,0,0.0,0,0.0,0,0.0,0.0,0,0.0,0.0,0.0,0.0,0,0.0,0.0,0,0.0,0,0,0,0,0.0,0,0,0,0,0,0,0.0,0,0.0,0.0,0,0.0,0.0,0,0,0,0,0.0,0,0.0,0,0,0,0,0.0,0,0.0,0.0,0.0,0,0,0,0,0,0,0.0,0.0,0,0.0,0,0,0,0,0,0,0,0,0,0,0,0,0.0,0,0,0,0,0.0,0,0.0,0,0.0,0.0,0.0,0.0,0,0.0,0.0,0.0,0.0,0
2012-01,0,0.0,0,0,0,0.0,0.0,0.0,0.0,0.0,0.0,0.0,0.0,0.0,0,0.0,0.0,0,0.0,0,0.0,0,0.0,0.0,0,0.0,0.0,0.0,0.0,0,0.0,0.0,0,0.0,0,0,0,0,0.0,0,0,0,0,100,0,0.0,0,0.0,0.0,0,0.0,0.0,0,0,0,0,0.0,0,0.0,0,0,100,0,0.0,0,0.0,0.0,0.0,0,0,0,0,0,0,0.0,0.0,0,0.0,0,0,0,0,0,0,0,0,0,0,0,0,0.0,0,0,0,0,0.0,0,0.0,0,0.0,0.0,0.0,0.0,0,0.0,0.0,0.0,0.0,0
2012-02,0,0.0,0,0,0,0.0,0.0,0.0,0.0,0.0,0.0,0.0,0.0,0.0,0,0.0,0.0,0,0.0,0,0.0,0,0.0,0.0,0,0.0,0.0,0.0,0.0,0,0.0,0.0,0,0.0,0,0,0,0,0.0,0,0,0,0,0,0,0.0,0,0.0,0.0,0,0.0,0.0,0,0,0,0,0.0,0,0.0,0,0,0,0,0.0,0,0.0,0.0,0.0,0,0,0,0,0,0,0.0,0.0,0,0.0,0,0,0,0,0,0,0,0,0,0,0,0,0.0,0,0,0,0,0.0,0,0.0,0,0.0,0.0,0.0,0.0,0,0.0,0.0,0.0,0.0,0
2012-03,0,0.0,0,0,0,0.0,0.0,0.0,0.0,0.0,0.0,0.0,0.0,0.0,0,0.0,0.0,0,0.0,0,0.0,0,0.0,0.0,0,0.0,0.0,0.0,0.0,0,0.0,0.0,0,0.0,0,0,0,0,0.0,0,0,0,0,0,0,0.0,0,0.0,0.0,0,0.0,0.0,0,0,0,0,0.0,0,0.0,0,0,0,0,0.0,0,0.0,0.0,0.0,0,0,0,0,0,0,0.0,0.0,0,0.0,0,0,0,0,0,0,0,0,0,0,0,0,0.0,0,0,0,0,0.0,0,0.0,0,0.0,0.0,0.0,0.0,0,0.0,0.0,0.0,0.0,0
2012-04,0,0.0,0,0,0,0.0,0.0,0.0,0.0,0.0,0.0,0.0,0.0,0.0,0,0.0,0.0,0,0.0,0,0.0,0,0.0,0.0,0,0.0,0.0,0.0,0.0,0,0.0,0.0,0,0.0,0,0,0,0,0.0,0,0,0,0,0,0,0.0,0,0.0,0.0,0,0.0,0.0,0,0,0,0,0.0,0,0.0,0,0,0,0,0.0,0,0.0,0.0,0.0,0,0,0,0,0,0,0.0,0.0,0,0.0,0,0,0,0,0,0,0,0,0,0,0,0,0.0,0,0,0,0,0.0,0,0.0,0,0.0,0.0,0.0,0.0,0,0.0,0.0,0.0,0.0,0
2012-05,0,0.0,0,0,0,0.0,0.0,0.0,0.0,0.0,0.0,0.0,0.0,0.0,0,0.0,0.0,0,0.0,0,0.0,0,0.0,0.0,0,0.0,0.0,0.0,0.0,0,0.0,0.0,0,0.0,0,0,0,0,0.0,0,0,0,0,0,0,0.0,0,0.0,0.0,0,0.0,0.0,0,0,0,0,0.0,0,0.0,0,0,0,0,0.0,0,0.0,0.0,0.0,0,0,0,0,0,0,0.0,0.0,0,0.0,0,0,0,0,0,0,0,0,0,0,0,0,0.0,0,0,0,0,0.0,0,0.0,0,0.0,0.0,0.0,0.0,0,0.0,0.0,0.0,0.0,0
2012-06,0,0.0,0,0,0,0.0,0.0,0.0,0.0,0.0,0.0,0.0,0.0,0.0,0,0.0,0.0,0,0.0,0,0.0,0,0.0,0.0,0,0.0,0.0,0.0,0.0,0,0.0,0.0,0,0.0,0,0,0,0,0.0,0,0,0,0,0,0,0.0,0,0.0,0.0,0,0.0,0.0,0,0,0,0,0.0,0,0.0,0,0,0,0,0.0,0,0.0,0.0,0.0,0,0,0,0,0,0,0.0,0.0,0,0.0,0,0,0,0,0,0,0,0,0,0,0,0,0.0,0,0,0,0,0.0,0,0.0,0,0.0,0.0,0.0,0.0,0,0.0,0.0,0.0,0.0,0
2012-07,0,0.0,0,0,0,0.0,0.0,0.0,0.0,0.0,0.0,0.0,0.0,0.0,0,0.0,0.0,0,0.0,0,0.0,0,0.0,0.0,0,0.0,0.0,0.0,0.0,0,0.0,0.0,0,0.0,0,0,0,0,0.0,0,0,0,0,0,0,0.0,0,0.0,0.0,0,0.0,0.0,0,0,0,0,0.0,0,0.0,0,0,0,0,0.0,0,0.0,0.0,0.0,0,0,0,0,0,0,0.0,0.0,0,0.0,0,0,0,0,0,0,0,0,0,0,0,0,0.0,0,0,0,0,0.0,0,0.0,0,0.0,0.0,0.0,0.0,0,0.0,0.0,0.0,0.0,0
2012-08,0,0.0,0,0,0,0.0,0.0,0.0,0.0,0.0,0.0,0.0,0.0,0.0,0,0.0,0.0,0,0.0,0,0.0,0,0.0,0.0,0,0.0,0.0,0.0,0.0,0,0.0,0.0,0,0.0,0,0,0,0,0.0,0,0,0,0,0,0,0.0,0,0.0,0.0,0,0.0,0.0,0,0,0,0,0.0,0,0.0,0,0,0,0,0.0,0,0.0,0.0,0.0,0,0,0,0,0,0,0.0,0.0,0,0.0,0,0,0,0,0,0,0,0,0,0,0,0,0.0,0,0,0,0,0.0,0,0.0,0,0.0,0.0,0.0,0.0,0,0.0,0.0,0.0,0.0,0
2012-09,0,0.0,0,0,0,0.0,0.0,0.0,0.0,0.0,0.0,0.0,0.0,0.0,0,0.0,0.0,0,0.0,0,0.0,0,0.0,0.0,0,0.0,0.0,0.0,0.0,0,0.0,0.0,0,0.0,0,0,0,0,0.0,0,0,0,0,0,0,0.0,0,0.0,0.0,0,0.0,0.0,0,0,0,0,0.0,0,0.0,0,0,0,0,0.0,0,0.0,0.0,0.0,0,0,0,0,0,0,0.0,0.0,0,0.0,0,0,0,0,0,0,0,0,0,0,0,0,0.0,0,0,0,0,0.0,0,0.0,0,0.0,0.0,0.0,0.0,0,0.0,0.0,0.0,0.0,0
2012-10,0,0.0,0,0,0,0.0,0.0,0.0,0.0,0.0,0.0,0.0,0.0,0.0,0,0.0,0.0,0,0.0,0,0.0,0,0.0,0.0,0,0.0,0.0,0.0,0.0,0,0.0,0.0,0,0.0,0,0,0,0,0.0,0,0,0,0,0,0,0.0,0,0.0,0.0,0,0.0,0.0,0,0,0,0,0.0,0,0.0,0,0,0,0,0.0,0,0.0,0.0,0.0,0,0,0,0,0,0,0.0,0.0,0,0.0,0,0,0,0,0,0,0,0,0,0,0,0,0.0,0,0,0,0,0.0,0,0.0,0,0.0,0.0,0.0,0.0,0,0.0,0.0,0.0,0.0,0
2012-11,0,0.0,0,0,0,0.0,0.0,0.0,0.0,0.0,0.0,0.0,0.0,0.0,0,0.0,0.0,0,0.0,0,0.0,0,0.0,0.0,0,0.0,0.0,0.0,0.0,0,0.0,0.0,0,0.0,0,0,0,0,0.0,0,0,0,0,0,0,0.0,0,0.0,0.0,0,0.0,0.0,0,0,0,0,0.0,0,0.0,0,0,0,0,0.0,0,0.0,0.0,0.0,0,0,0,0,0,0,0.0,0.0,0,0.0,0,0,0,0,0,0,0,0,0,0,0,0,0.0,0,0,0,0,0.0,0,0.0,0,0.0,0.0,0.0,0.0,0,0.0,0.0,0.0,0.0,0
2012-12,0,0.0,0,0,0,0.0,0.0,0.0,0.0,0.0,0.0,0.0,0.0,0.0,0,0.0,0.0,0,0.0,0,0.0,0,0.0,0.0,0,0.0,0.0,0.0,0.0,0,0.0,0.0,0,0.0,0,0,0,0,0.0,0,0,0,0,0,0,0.0,0,0.0,0.0,0,0.0,0.0,0,0,0,0,0.0,0,0.0,0,0,0,0,0.0,0,0.0,0.0,0.0,0,0,0,0,0,0,0.0,0.0,0,0.0,0,0,0,0,0,0,0,0,0,0,0,0,0.0,0,0,0,0,0.0,0,0.0,0,0.0,0.0,0.0,0.0,0,0.0,0.0,0.0,0.0,0
2013-01,0,0.0,0,0,0,0.0,0.0,0.0,0.0,0.0,0.0,0.0,0.0,0.0,0,0.0,0.0,0,0.0,0,0.0,0,0.0,0.0,0,0.0,0.0,0.0,0.0,0,0.0,0.0,0,0.0,0,0,0,0,0.0,0,0,0,0,0,0,0.0,0,0.0,0.0,0,0.0,0.0,0,0,0,0,0.0,0,0.0,0,0,0,0,0.0,0,0.0,0.0,0.0,0,0,0,0,0,0,0.0,0.0,0,0.0,0,0,0,0,0,0,0,0,0,0,0,0,0.0,0,0,0,0,0.0,0,0.0,0,0.0,0.0,0.0,0.0,0,0.0,0.0,0.0,0.0,0
2013-02,0,0.0,0,0,0,0.0,0.0,0.0,0.0,0.0,0.0,0.0,0.0,0.0,0,0.0,0.0,0,0.0,0,0.0,0,0.0,0.0,0,0.0,0.0,0.0,0.0,0,0.0,0.0,0,0.0,0,0,0,0,0.0,0,0,0,0,0,0,0.0,0,0.0,0.0,0,0.0,0.0,0,0,0,0,0.0,0,0.0,0,0,0,0,0.0,0,0.0,0.0,0.0,0,0,0,0,0,0,0.0,0.0,0,0.0,0,0,0,0,0,0,0,0,0,0,0,0,0.0,0,0,0,0,0.0,0,0.0,0,0.0,0.0,0.0,0.0,0,0.0,0.0,0.0,0.0,0
2013-03,0,0.0,0,0,0,0.0,0.0,0.0,0.0,0.0,0.0,0.0,0.0,0.0,0,0.0,0.0,0,0.0,0,0.0,88,0.0,0.0,0,0.0,0.0,0.0,0.0,0,0.0,0.0,0,0.0,0,0,0,0,0.0,0,0,0,0,0,0,0.0,0,0.0,0.0,0,0.0,0.0,0,0,0,0,0.0,0,0.0,0,0,0,0,0.0,0,0.0,0.0,0.0,0,0,0,0,94,0,0.0,0.0,0,0.0,0,0,0,0,0,0,0,0,0,0,0,0,0.0,0,0,0,0,0.0,0,0.0,0,0.0,0.0,0.0,0.0,0,0.0,0.0,0.0,0.0,0
2013-04,0,0.0,0,0,0,0.0,0.0,0.0,0.0,0.0,0.0,0.0,0.0,0.0,0,0.0,0.0,0,0.0,0,0.0,0,0.0,0.0,0,0.0,0.0,0.0,0.0,0,0.0,0.0,0,0.0,0,0,0,0,0.0,0,0,0,0,0,0,0.0,0,0.0,0.0,0,0.0,0.0,0,0,0,0,0.0,0,0.0,0,0,0,0,0.0,0,0.0,0.0,0.0,0,0,0,0,0,0,0.0,0.0,0,0.0,0,0,0,0,0,0,0,0,0,0,0,0,0.0,0,0,0,0,0.0,0,0.0,0,0.0,0.0,0.0,0.0,0,0.0,0.0,0.0,100.0,0
2013-05,0,0.0,0,0,0,0.0,0.0,0.0,0.0,0.0,0.0,0.0,0.0,0.0,0,0.0,0.0,0,0.0,0,0.0,0,0.0,0.0,0,0.0,0.0,0.0,0.0,0,0.0,0.0,0,0.0,0,0,0,0,0.0,0,0,0,0,0,0,0.0,0,0.0,0.0,0,0.0,0.0,0,0,0,0,0.0,0,0.0,0,0,0,0,0.0,0,0.0,0.0,0.0,0,0,0,0,0,0,0.0,0.0,0,0.0,0,0,0,0,0,0,0,0,0,0,0,0,0.0,0,0,0,0,0.0,0,0.0,0,0.0,0.0,0.0,0.0,0,0.0,0.0,0.0,0.0,0
2013-06,0,0.0,0,0,0,0.0,0.0,0.0,0.0,0.0,0.0,0.0,0.0,0.0,0,0.0,0.0,0,0.0,0,0.0,0,0.0,0.0,0,0.0,0.0,0.0,0.0,0,0.0,0.0,0,0.0,0,0,0,0,0.0,0,0,0,0,0,0,0.0,0,0.0,0.0,0,0.0,0.0,0,0,0,0,0.0,0,0.0,0,0,0,51,0.0,0,0.0,0.0,0.0,0,0,0,0,0,0,0.0,0.0,0,0.0,0,0,0,0,0,0,0,0,0,0,0,0,0.0,0,0,0,0,0.0,0,0.0,0,0.0,0.0,0.0,0.0,0,0.0,0.0,0.0,0.0,0
2013-07,0,0.0,0,0,0,0.0,0.0,0.0,0.0,0.0,0.0,0.0,0.0,0.0,0,0.0,0.0,0,0.0,0,0.0,0,0.0,0.0,0,0.0,0.0,0.0,0.0,0,0.0,0.0,0,0.0,0,0,0,0,0.0,0,0,0,0,0,0,0.0,0,0.0,0.0,0,0.0,0.0,0,0,0,0,0.0,0,0.0,0,0,0,0,0.0,0,0.0,0.0,0.0,0,0,0,0,0,0,0.0,0.0,0,0.0,0,0,0,0,0,0,0,0,0,0,0,0,0.0,0,0,0,0,0.0,0,0.0,0,0.0,0.0,0.0,0.0,0,0.0,0.0,0.0,0.0,0
2013-08,0,0.0,0,0,100,0.0,0.0,0.0,0.0,1.0,0.0,0.0,0.0,0.0,12,0.0,0.0,0,0.0,100,0.0,0,0.0,0.0,100,0.0,0.0,0.0,0.0,100,0.0,0.0,0,0.0,100,0,0,0,0.0,100,0,0,0,0,43,0.0,0,0.0,0.0,100,0.0,0.0,0,0,100,0,0.0,0,0.0,100,0,0,0,0.0,54,0.0,0.0,0.0,0,100,0,0,0,100,0.0,0.0,0,0.0,13,0,0,0,0,11,0,0,0,0,100,0,0.0,0,0,100,0,0.0,0,0.0,100,0.0,0.0,0.0,0.0,100,0.0,0.0,0.0,0.0,90
2013-09,0,0.0,0,0,0,0.0,0.0,0.0,0.0,0.0,0.0,0.0,0.0,0.0,0,0.0,0.0,0,0.0,0,0.0,0,0.0,0.0,0,0.0,0.0,0.0,0.0,0,0.0,0.0,0,0.0,0,0,0,0,0.0,0,0,0,0,0,0,0.0,0,0.0,0.0,0,0.0,0.0,0,0,0,0,0.0,0,0.0,0,0,0,0,0.0,0,0.0,0.0,0.0,0,0,0,0,54,0,0.0,0.0,0,0.0,0,0,0,0,0,0,0,0,0,0,0,0,0.0,0,0,0,0,0.0,0,0.0,0,0.0,0.0,0.0,0.0,0,0.0,0.0,0.0,0.0,0
2013-10,0,0.0,0,0,0,0.0,0.0,0.0,0.0,0.0,0.0,0.0,0.0,0.0,0,0.0,0.0,0,0.0,0,0.0,0,0.0,0.0,0,0.0,0.0,0.0,0.0,0,0.0,0.0,0,0.0,0,0,0,0,0.0,0,0,0,0,0,0,0.0,0,0.0,0.0,0,0.0,0.0,0,0,0,0,0.0,0,0.0,0,0,0,0,0.0,0,0.0,0.0,0.0,0,0,0,0,0,0,0.0,0.0,0,0.0,0,0,0,0,0,0,0,0,0,0,0,0,0.0,0,0,0,0,0.0,0,0.0,0,0.0,0.0,0.0,0.0,0,0.0,0.0,0.0,0.0,0
2013-11,0,0.0,0,0,0,0.0,0.0,0.0,0.0,0.0,0.0,0.0,0.0,0.0,0,0.0,0.0,0,0.0,0,85.0,0,0.0,0.0,0,0.0,0.0,0.0,0.0,0,0.0,0.0,0,0.0,0,0,0,0,0.0,0,0,0,0,0,0,0.0,0,0.0,0.0,0,0.0,0.0,0,0,0,0,0.0,0,0.0,0,0,0,0,0.0,0,0.0,0.0,0.0,0,0,0,0,0,0,0.0,0.0,0,0.0,0,0,0,0,0,0,0,0,0,0,0,0,0.0,0,0,0,0,0.0,0,0.0,0,0.0,0.0,0.0,0.0,0,0.0,0.0,0.0,0.0,0
2013-12,0,0.0,0,0,0,0.0,0.0,0.0,0.0,0.0,0.0,0.0,0.0,0.0,0,0.0,0.0,0,0.0,0,0.0,0,0.0,0.0,0,0.0,0.0,0.0,0.0,0,0.0,0.0,0,0.0,0,0,0,0,0.0,0,0,0,0,0,0,0.0,0,0.0,0.0,0,0.0,0.0,0,0,0,0,0.0,0,0.0,0,0,0,0,0.0,0,0.0,0.0,0.0,0,0,0,0,0,0,0.0,0.0,0,0.0,0,0,0,0,0,0,0,0,0,0,0,0,0.0,0,0,0,0,0.0,0,0.0,0,0.0,0.0,0.0,0.0,0,0.0,0.0,0.0,0.0,0
2014-01,0,0.0,0,0,0,0.0,0.0,0.0,0.0,0.0,0.0,0.0,0.0,0.0,0,0.0,0.0,0,0.0,0,0.0,0,0.0,0.0,0,0.0,0.0,0.0,0.0,0,0.0,0.0,0,0.0,0,0,0,0,0.0,0,0,0,0,0,0,0.0,0,0.0,0.0,0,0.0,0.0,0,0,0,0,0.0,0,0.0,0,0,0,0,0.0,0,0.0,0.0,0.0,0,0,0,0,55,0,0.0,0.0,0,0.0,0,0,0,0,0,0,0,0,0,0,0,0,0.0,0,0,0,0,0.0,0,0.0,0,0.0,0.0,0.0,0.0,0,0.0,0.0,0.0,0.0,0
2014-02,0,0.0,0,0,0,0.0,0.0,0.0,0.0,0.0,0.0,0.0,0.0,0.0,0,0.0,0.0,0,0.0,0,0.0,0,0.0,0.0,0,0.0,0.0,0.0,0.0,0,0.0,0.0,0,0.0,0,0,0,0,0.0,0,0,0,0,0,0,0.0,0,0.0,0.0,0,0.0,0.0,0,0,0,0,0.0,0,0.0,0,0,0,0,0.0,0,0.0,0.0,0.0,0,0,0,0,0,0,0.0,0.0,0,0.0,0,0,0,0,0,0,0,0,0,0,0,0,0.0,0,0,0,0,0.0,0,0.0,0,0.0,0.0,0.0,0.0,0,0.0,0.0,0.0,0.0,0
2014-03,0,0.0,0,0,0,0.0,0.0,0.0,0.0,0.0,0.0,0.0,0.0,0.0,0,0.0,0.0,0,0.0,0,0.0,0,0.0,0.0,0,0.0,0.0,0.0,0.0,0,0.0,0.0,0,0.0,0,0,0,0,0.0,0,0,0,0,0,0,0.0,0,0.0,0.0,0,0.0,0.0,0,0,0,0,0.0,0,0.0,0,0,0,0,0.0,0,0.0,0.0,0.0,0,0,0,0,0,0,0.0,0.0,0,0.0,0,0,0,0,0,0,0,0,0,0,0,0,0.0,0,0,0,0,0.0,0,0.0,0,0.0,0.0,0.0,0.0,0,0.0,0.0,0.0,0.0,0
2014-04,0,0.0,0,0,0,0.0,0.0,0.0,0.0,0.0,0.0,0.0,0.0,0.0,0,0.0,0.0,0,0.0,0,0.0,0,0.0,0.0,0,0.0,0.0,0.0,0.0,0,0.0,0.0,0,0.0,0,0,0,0,0.0,0,0,0,0,0,0,0.0,0,0.0,0.0,0,0.0,0.0,0,0,0,0,0.0,0,0.0,0,0,0,0,0.0,0,0.0,0.0,0.0,0,0,0,0,0,0,0.0,0.0,0,0.0,0,0,0,0,0,0,0,0,0,0,0,0,0.0,0,0,0,0,0.0,0,0.0,0,0.0,0.0,0.0,0.0,0,0.0,0.0,0.0,0.0,0
2014-05,0,0.0,0,0,0,0.0,0.0,0.0,0.0,0.0,0.0,0.0,0.0,0.0,0,0.0,0.0,43,0.0,0,0.0,0,0.0,0.0,0,0.0,0.0,0.0,0.0,0,0.0,0.0,0,0.0,0,0,0,0,0.0,0,0,0,0,0,0,0.0,0,0.0,0.0,0,0.0,0.0,0,0,0,0,0.0,0,0.0,0,0,0,0,0.0,0,0.0,0.0,0.0,0,0,0,0,0,0,0.0,0.0,0,0.0,0,0,0,0,0,0,0,0,0,0,0,0,0.0,0,0,0,0,0.0,0,0.0,0,0.0,0.0,0.0,0.0,0,0.0,0.0,0.0,0.0,0
2014-06,0,0.0,0,0,38,0.0,0.0,0.0,0.0,0.5,0.0,0.0,0.0,0.0,5,0.0,0.0,0,0.0,38,0.0,0,0.0,0.0,38,0.0,0.0,0.0,0.0,38,0.0,0.0,0,0.0,38,0,0,0,0.0,38,0,0,0,0,16,0.0,0,0.0,0.0,38,0.0,0.0,0,0,38,0,0.0,0,0.0,38,0,0,0,0.0,20,0.0,0.0,0.0,0,38,0,0,0,38,0.0,0.0,0,0.0,5,0,0,0,0,4,0,0,0,0,38,0,0.0,0,0,38,0,0.0,0,0.0,38,0.0,0.0,0.0,0.0,38,0.0,0.0,0.0,0.0,34
2014-07,0,0.0,0,0,0,0.0,0.0,0.0,0.0,0.0,0.0,0.0,0.0,6.0,0,0.0,0.0,0,0.0,0,0.0,0,0.0,0.0,0,0.0,0.0,0.0,0.0,0,0.0,0.0,0,0.0,0,0,0,0,0.0,0,0,0,0,0,0,0.0,0,0.0,0.0,0,0.0,0.0,0,0,0,0,0.0,0,0.0,0,0,0,0,0.0,0,0.0,0.0,0.0,0,0,0,0,0,0,0.0,0.0,0,0.0,0,0,0,0,0,0,0,0,0,0,0,0,0.0,0,0,0,0,0.0,0,0.0,0,0.0,0.0,0.0,0.0,0,0.0,0.0,0.0,0.0,0
2014-08,0,0.0,0,0,25,0.0,0.0,0.0,0.0,0.5,0.0,0.0,0.0,0.0,3,0.0,0.0,50,0.0,25,0.0,0,0.0,0.0,25,0.0,0.0,0.0,0.0,25,0.0,0.0,0,0.0,25,30,0,0,0.0,25,0,0,0,0,10,0.0,0,0.0,0.0,25,0.0,0.0,0,0,25,0,0.0,0,0.0,25,0,0,0,0.0,13,0.0,0.0,0.0,0,25,0,0,0,25,0.0,0.0,0,0.0,3,0,0,0,0,3,0,0,0,0,25,0,0.0,0,0,25,0,0.0,0,0.0,25,0.0,0.0,0.0,0.0,25,0.0,0.0,0.0,0.0,22
2014-09,0,0.0,0,0,25,0.0,0.0,0.0,0.0,0.5,0.0,0.0,0.0,0.0,3,0.0,0.0,26,0.0,25,0.0,0,0.0,0.0,25,0.0,0.0,0.0,0.0,25,0.0,0.0,0,0.0,25,0,0,0,0.0,25,0,0,0,0,10,0.0,0,0.0,0.0,25,0.0,0.0,0,0,25,0,0.0,0,0.0,25,0,0,0,0.0,13,0.0,0.0,0.0,0,25,0,0,0,25,0.0,0.0,0,0.0,3,0,0,0,0,3,0,0,0,0,25,0,0.0,0,0,25,0,0.0,0,0.0,25,0.0,0.0,0.0,0.0,25,0.0,0.0,0.0,0.0,22
2014-10,0,0.0,0,0,9,0.0,0.0,0.0,0.0,0.5,0.0,0.0,0.0,0.0,1,0.0,0.0,28,0.0,9,0.0,0,0.0,0.0,9,0.0,0.0,0.0,0.0,9,0.0,0.0,0,0.0,9,0,0,0,0.0,9,0,1,1,1,4,0.0,0,0.0,0.0,9,0.0,0.0,0,0,9,0,0.0,0,0.0,9,2,0,5,0.0,5,0.0,0.0,0.0,0,9,0,0,6,9,0.0,0.0,0,0.0,1,0,0,0,0,1,0,0,0,0,9,0,0.0,0,0,9,0,0.0,3,0.0,9,0.0,0.0,0.0,0.0,9,0.0,0.0,0.0,0.0,8
2014-11,0,0.0,0,0,13,0.0,0.0,0.5,0.0,0.5,0.5,0.0,0.0,0.0,2,0.0,0.0,20,0.0,13,0.0,0,0.0,0.0,13,0.0,0.0,0.0,0.0,13,0.0,0.0,0,0.0,13,5,0,0,0.0,13,0,2,2,2,5,0.0,4,0.0,0.0,13,0.0,0.0,0,3,13,0,0.0,0,0.0,13,2,0,4,0.0,7,0.0,0.0,0.0,0,13,0,0,13,13,0.0,0.0,0,0.0,2,0,0,0,0,1,0,0,0,0,13,0,0.0,0,0,13,0,0.0,0,0.0,13,0.0,0.0,0.0,0.0,13,0.0,0.0,0.0,0.0,12
2014-12,0,0.0,0,0,13,0.0,0.0,0.0,0.0,0.5,0.0,0.0,0.0,0.0,2,0.0,0.0,7,0.0,13,0.0,0,0.0,0.0,13,0.0,0.0,0.0,0.0,13,0.0,0.0,0,0.0,13,5,0,0,0.0,13,0,2,2,2,6,0.0,3,0.0,0.0,13,0.0,0.0,0,0,13,0,0.0,0,0.0,13,3,0,5,0.0,7,0.0,0.0,0.0,0,13,0,0,10,13,0.0,0.0,0,0.0,2,0,0,0,0,2,0,0,0,0,13,0,0.0,0,0,13,0,0.0,4,0.0,13,0.0,0.0,0.0,0.0,13,0.0,0.0,0.0,0.0,12
2015-01,0,0.0,0,0,12,0.0,0.0,0.0,0.0,0.5,0.0,0.0,0.0,0.0,1,0.0,0.0,11,0.0,12,0.0,0,0.0,0.0,12,0.0,0.0,0.0,0.0,12,0.0,0.0,0,0.0,12,5,0,0,0.0,12,0,2,2,0,5,0.0,0,0.0,0.0,12,0.0,0.0,0,0,12,0,0.0,0,0.0,12,0,0,6,0.0,7,0.0,0.0,0.0,0,12,0,0,12,12,0.0,0.0,0,0.0,2,0,0,0,0,1,0,0,0,0,12,0,0.0,0,0,12,0,0.0,0,0.0,12,0.0,0.0,0.0,0.0,12,0.0,0.0,0.0,0.0,11
2015-02,0,0.0,0,0,15,0.0,0.0,0.5,0.0,0.5,1.0,0.0,0.0,0.0,2,0.0,0.0,11,0.0,15,0.0,0,0.0,0.0,15,0.0,0.0,0.0,0.0,15,0.0,0.0,0,0.0,15,7,0,0,0.0,15,0,0,2,0,6,0.0,0,0.0,0.0,15,0.0,0.0,0,0,15,0,0.0,0,0.0,15,0,0,7,0.0,8,0.0,0.0,0.0,0,15,0,0,8,15,0.0,0.0,0,0.0,2,0,0,0,0,2,0,0,0,0,15,0,0.0,0,0,15,0,0.0,0,0.0,15,0.0,0.0,0.0,0.0,15,0.0,0.0,0.0,0.0,14
2015-03,0,0.0,0,0,11,0.0,0.0,0.0,0.0,0.5,0.0,0.0,0.0,0.0,1,0.0,0.0,9,0.0,11,0.0,0,0.0,0.0,11,0.0,0.0,0.0,0.0,11,0.0,0.0,0,0.0,11,0,0,0,0.0,11,0,3,3,3,5,0.0,5,0.0,0.0,11,0.0,0.0,0,0,11,0,0.0,0,0.0,11,0,0,3,0.0,6,0.0,0.0,0.0,0,11,0,0,9,11,0.0,0.0,0,0.0,1,0,0,0,0,1,0,0,0,0,11,0,0.0,0,0,11,0,0.0,4,0.0,11,0.0,0.0,0.0,0.0,11,0.0,0.0,0.0,0.0,10
2015-04,0,0.0,0,0,11,0.0,0.0,0.0,0.0,0.5,0.0,0.0,0.0,0.0,1,0.0,0.0,8,0.0,11,0.0,0,0.0,0.0,11,0.0,0.0,0.0,0.0,11,0.0,0.0,0,0.0,11,0,0,0,0.0,11,0,3,2,2,5,0.0,0,0.0,0.0,11,0.0,0.0,0,0,11,0,0.0,0,0.0,11,0,0,5,0.0,6,0.0,0.0,0.0,0,11,0,0,11,11,0.0,0.0,0,0.0,1,0,0,0,0,1,0,0,0,0,11,0,0.0,0,0,11,0,0.0,0,0.0,11,0.0,0.0,0.0,0.0,11,0.0,0.0,0.0,0.0,10
2015-05,0,0.0,0,0,10,0.0,0.0,0.5,0.0,0.5,0.5,0.0,0.0,0.0,1,0.0,0.0,10,0.0,10,0.0,0,0.0,0.0,10,0.0,0.0,0.0,0.0,10,0.0,0.0,0,0.0,10,5,0,0,0.0,10,0,2,3,2,4,0.0,0,0.0,0.0,10,0.0,0.0,4,0,10,0,0.0,0,0.0,10,0,0,6,0.0,6,0.0,0.0,0.0,0,10,0,0,7,10,0.0,0.0,0,0.0,1,0,0,0,0,1,0,0,0,0,10,0,0.0,3,0,10,0,0.0,0,0.0,10,0.0,0.0,0.0,0.0,10,0.0,0.0,0.0,0.0,9
2015-06,0,0.0,0,0,16,0.0,0.0,0.0,0.0,0.5,0.0,0.0,0.0,0.0,2,0.0,0.0,8,0.0,16,0.0,0,0.0,0.0,16,0.0,0.0,0.0,0.0,16,0.0,0.0,0,0.0,16,5,0,0,0.0,16,0,3,3,3,7,0.0,6,0.0,0.0,16,0.0,0.0,0,0,16,0,0.0,0,0.0,16,0,0,6,0.0,9,0.0,0.0,0.0,0,16,0,0,11,16,0.0,0.0,0,0.0,2,0,0,0,0,2,0,0,0,0,16,0,0.0,0,0,16,0,0.0,0,0.0,16,0.0,0.0,0.0,0.0,16,0.0,0.0,0.0,0.0,15
2015-07,0,0.0,0,0,0,0.0,0.0,0.0,0.0,0.0,0.0,0.0,0.0,0.0,0,0.0,0.0,0,0.0,0,0.0,0,0.0,44.0,0,0.0,0.0,0.0,0.0,0,0.0,0.0,0,0.0,0,0,0,0,0.0,0,0,0,0,0,0,0.0,0,0.0,0.0,0,0.0,0.0,0,0,0,0,0.0,0,0.0,0,0,0,0,0.0,0,0.0,0.0,0.0,0,0,0,0,0,0,0.0,0.0,0,0.0,0,0,0,0,0,0,0,0,0,0,0,0,0.0,0,0,0,0,0.0,0,0.0,0,0.0,0.0,0.0,0.0,0,0.0,0.0,0.0,0.0,0
2015-08,0,0.0,0,0,19,0.0,0.0,0.0,0.0,0.5,0.0,0.0,0.0,0.0,2,0.0,0.0,35,0.0,19,0.0,0,0.0,0.0,19,0.0,0.0,0.0,0.0,19,0.0,0.0,0,0.0,19,0,0,0,0.0,19,0,0,0,0,8,0.0,0,0.0,0.0,19,0.0,0.0,0,0,19,0,0.0,0,0.0,19,0,0,13,0.0,10,0.0,0.0,0.0,0,19,0,0,25,19,0.0,0.0,0,0.0,2,0,0,0,0,2,0,0,0,0,19,0,0.0,0,0,19,0,0.0,0,0.0,19,0.0,0.0,0.0,0.0,19,0.0,0.0,0.0,0.0,17
2015-09,0,0.0,0,0,17,0.0,0.0,0.0,0.0,0.5,0.0,0.0,0.0,0.0,2,0.0,0.0,46,0.0,17,0.0,0,0.0,0.0,17,0.0,0.0,0.0,0.0,17,0.0,0.0,0,0.0,17,0,0,0,0.0,17,0,0,7,0,7,0.0,0,0.0,0.0,17,0.0,0.0,0,0,17,0,0.0,0,0.0,17,0,0,11,0.0,9,0.0,0.0,0.0,0,17,0,0,13,17,0.0,0.0,0,0.0,2,0,0,0,0,2,0,0,0,0,17,0,0.0,0,0,17,0,0.0,0,0.0,17,0.0,0.0,0.0,0.0,17,0.0,0.0,0.0,0.0,16
2015-10,0,23.0,0,0,28,0.0,0.0,0.0,0.0,0.5,0.0,0.0,0.0,0.0,3,0.0,0.0,28,0.0,28,0.0,0,0.0,0.0,28,0.0,0.0,0.0,0.0,28,0.0,0.0,0,0.0,28,0,0,0,0.0,28,0,0,0,0,12,0.0,0,0.0,0.0,28,0.0,0.0,0,0,28,0,0.0,0,0.0,28,0,0,0,0.0,15,0.0,0.0,0.0,0,28,0,0,33,28,0.0,0.0,0,0.0,4,0,0,0,0,3,0,0,0,0,28,0,0.0,0,0,28,0,0.0,0,0.0,28,0.0,0.0,0.0,0.0,28,0.0,0.0,0.0,0.0,25
2015-11,0,0.0,0,0,27,0.0,0.0,0.0,0.0,0.5,0.0,0.0,0.0,0.0,3,0.0,0.0,39,0.0,27,0.0,0,0.0,0.0,27,0.0,0.0,0.0,0.0,27,0.0,0.0,0,0.0,27,0,0,0,0.0,27,0,0,0,0,11,0.0,0,0.0,0.0,27,0.0,0.0,0,0,27,0,0.0,0,0.0,27,0,0,0,0.0,14,0.0,0.0,0.0,0,27,0,0,27,27,0.0,0.0,0,0.0,3,0,0,0,0,3,0,0,0,0,27,0,0.0,0,0,27,0,0.0,0,0.0,27,0.0,0.0,0.0,0.0,27,0.0,0.0,24.0,0.0,24
2015-12,0,0.0,0,0,39,0.0,0.0,0.0,0.0,0.5,0.0,0.0,0.0,0.0,5,0.0,0.0,23,0.0,39,0.0,0,0.0,0.0,39,0.0,0.0,0.0,0.0,39,0.0,0.0,0,0.0,39,0,0,0,0.0,39,0,0,0,0,17,0.0,0,0.0,0.0,39,0.0,0.0,0,0,39,0,0.0,0,0.0,39,0,0,13,0.0,21,0.0,0.0,0.0,0,39,0,0,0,39,0.0,0.0,0,0.0,5,0,0,0,0,4,0,0,0,0,39,0,0.0,0,0,39,0,0.0,0,0.0,39,0.0,0.0,0.0,0.0,39,0.0,0.0,0.0,0.0,35
2016-01,0,0.0,0,0,25,0.0,0.0,0.0,0.0,0.5,0.0,0.0,0.0,0.0,3,0.0,0.0,18,0.0,25,0.0,0,0.0,0.0,25,0.0,0.0,0.0,0.0,25,0.0,0.0,0,0.0,25,9,0,0,0.0,25,0,4,0,0,11,0.0,0,0.0,0.0,25,0.0,0.0,0,0,25,0,0.0,0,0.0,25,0,0,12,0.0,14,0.0,0.0,0.0,0,25,0,0,8,25,0.0,0.0,0,0.0,3,0,0,0,0,3,0,0,0,0,25,0,0.0,0,0,25,0,0.0,0,0.0,25,0.0,0.0,0.0,0.0,25,0.0,0.0,0.0,0.0,23
2016-02,0,0.0,0,0,17,0.0,0.0,0.0,0.0,0.5,0.0,0.0,0.0,0.0,2,0.0,0.0,24,0.0,17,0.0,0,0.0,0.0,17,0.0,0.0,0.0,0.0,17,0.0,0.0,0,0.0,17,15,0,0,0.0,17,0,0,5,4,7,0.0,0,0.0,0.0,17,0.0,0.0,0,0,17,0,0.0,0,0.0,17,0,0,10,0.0,9,0.0,0.0,0.0,0,17,0,0,16,17,0.0,0.0,0,0.0,2,0,0,0,0,2,0,0,0,0,17,0,0.0,0,0,17,0,0.0,0,0.0,17,0.0,0.0,0.0,0.0,17,0.0,0.0,0.0,0.0,15
2016-03,0,0.0,0,0,20,0.0,0.0,0.0,0.5,0.5,0.0,0.0,0.0,0.0,2,0.0,0.0,19,0.0,20,0.0,0,0.0,0.0,20,0.0,0.0,0.0,0.0,20,0.0,0.0,0,0.0,20,9,0,0,0.0,20,0,4,3,3,9,0.0,0,0.0,0.0,20,0.0,0.0,0,0,20,0,0.0,0,0.0,20,0,0,14,0.0,11,0.0,0.0,0.0,0,20,0,0,0,20,0.0,0.0,0,0.0,3,0,0,0,0,2,0,0,0,0,20,0,0.0,0,0,20,0,0.0,0,0.0,20,0.0,0.0,0.0,0.0,20,0.0,0.0,0.0,0.0,18
2016-04,0,0.0,0,0,16,0.0,0.0,0.0,0.0,0.5,0.0,0.0,0.0,0.0,2,0.0,0.0,12,0.0,16,0.0,0,0.0,0.0,16,0.0,0.0,0.0,0.0,16,0.0,0.0,0,0.0,16,8,0,0,0.0,16,0,3,3,4,7,0.0,0,0.0,0.0,16,0.0,0.0,0,0,16,0,0.0,0,0.0,16,0,0,7,0.0,8,0.0,0.0,0.0,0,16,0,0,10,16,0.0,0.0,0,0.0,2,0,0,0,0,2,0,0,0,0,16,0,0.0,0,0,16,0,0.0,6,0.0,16,0.0,0.0,0.0,0.0,16,0.0,0.0,0.0,0.0,14
2016-05,0,0.0,0,0,24,0.0,0.0,0.0,0.5,0.5,0.0,0.0,0.0,0.0,3,0.0,0.0,16,0.0,24,0.0,0,0.0,0.0,24,0.0,0.0,8.0,0.0,24,0.0,0.0,0,0.0,24,7,0,0,0.0,24,0,3,4,4,10,0.0,0,0.0,0.0,24,0.0,0.0,0,9,24,0,0.0,0,0.0,24,0,0,6,0.0,13,0.0,0.0,0.0,0,24,0,0,10,24,0.0,0.0,0,0.0,3,0,0,0,0,3,0,0,0,0,24,0,0.0,0,0,24,0,0.0,9,0.0,24,0.0,0.0,0.0,0.0,24,0.0,0.0,0.0,7.0,21
2016-06,0,0.0,0,0,17,0.0,0.0,0.0,0.0,0.5,0.0,0.0,0.0,0.0,2,0.0,0.0,24,0.0,17,0.0,0,0.0,0.0,17,0.0,0.0,0.0,0.0,17,0.0,0.0,0,0.0,17,11,0,0,0.0,17,0,4,4,0,7,0.0,0,0.0,0.0,17,0.0,0.0,0,0,17,0,0.0,0,0.0,17,0,0,9,0.0,9,0.0,0.0,0.0,0,17,0,0,15,17,0.0,0.0,0,0.0,2,0,0,0,0,2,0,0,0,0,17,0,0.0,0,0,17,0,0.0,0,0.0,17,0.0,0.0,0.0,0.0,17,0.0,0.0,0.0,0.0,16
2016-07,0,0.0,0,0,20,0.0,0.0,0.0,0.0,0.5,0.0,0.0,0.0,0.0,2,0.0,0.0,18,0.0,20,0.0,0,0.0,0.0,20,0.0,0.0,0.0,0.0,20,0.0,0.0,0,0.0,20,7,0,0,0.0,20,0,0,4,0,8,0.0,0,0.0,0.0,20,0.0,0.0,0,0,20,0,0.0,0,0.0,20,0,0,11,0.0,11,0.0,0.0,0.0,0,20,0,0,12,20,0.0,0.0,0,0.0,3,0,0,0,0,2,0,0,0,0,20,0,0.0,0,0,20,0,0.0,0,0.0,20,0.0,0.0,0.0,0.0,20,0.0,0.0,0.0,0.0,18
2016-08,0,0.0,0,0,19,0.0,0.0,0.5,0.0,0.5,1.0,0.0,0.0,0.0,2,0.0,0.0,32,0.0,19,0.0,0,0.0,0.0,19,0.0,0.0,0.0,0.0,19,0.0,0.0,0,0.0,19,0,0,0,0.0,19,0,3,4,2,8,0.0,0,0.0,0.0,19,0.0,0.0,6,0,19,0,0.0,0,0.0,19,0,0,9,0.0,11,0.0,0.0,0.0,0,19,0,0,0,19,0.0,0.0,0,0.0,3,0,0,0,0,2,0,0,0,0,19,0,0.0,0,0,19,0,0.0,6,0.0,19,0.0,0.0,0.0,0.0,19,0.0,0.0,0.0,0.0,18
2016-09,0,0.0,0,0,11,0.0,0.0,0.5,0.0,0.5,1.0,0.0,0.0,0.0,1,0.0,0.0,41,0.0,11,0.0,0,0.0,0.0,11,0.0,0.0,0.0,0.0,11,0.0,0.0,0,0.0,11,0,0,0,0.0,11,0,0,3,4,5,0.0,0,0.0,0.0,11,0.0,0.0,0,0,11,0,0.0,0,0.0,11,0,0,10,0.0,6,0.0,0.0,0.0,0,11,0,0,15,11,0.0,0.0,0,0.0,1,0,0,0,0,1,0,0,0,0,11,0,0.0,0,0,11,0,0.0,0,0.0,11,0.0,0.0,0.0,0.0,11,0.0,0.0,0.0,0.0,10
2016-10,0,0.0,0,0,23,0.0,0.0,0.5,0.0,0.5,1.0,0.0,0.0,0.0,3,0.0,0.0,54,0.0,23,0.0,0,0.0,0.0,23,0.0,0.0,0.0,0.0,23,0.0,0.0,7,0.0,23,6,0,0,0.0,23,0,6,5,5,10,0.0,0,0.0,0.0,23,0.0,0.0,0,0,23,0,0.0,0,0.0,23,0,0,9,0.0,12,0.0,0.0,0.0,0,23,0,0,13,23,0.0,0.0,0,0.0,3,0,0,0,0,3,0,0,0,0,23,0,0.0,0,0,23,0,0.0,7,0.0,23,0.0,0.0,0.0,0.0,23,0.0,0.0,0.0,0.0,21
2016-11,0,0.0,0,0,23,0.0,0.0,0.0,0.0,0.5,0.0,0.0,0.0,0.0,3,0.0,0.0,29,0.0,23,0.0,0,0.0,0.0,23,0.0,0.0,0.0,0.0,23,0.0,0.0,0,0.0,23,8,0,0,0.0,23,0,5,3,4,10,0.0,6,0.0,0.0,23,0.0,0.0,0,0,23,0,0.0,0,0.0,23,0,0,7,0.0,12,0.0,0.0,0.0,0,23,0,0,14,23,0.0,0.0,0,0.0,3,0,0,0,0,3,0,0,0,0,23,0,0.0,0,0,23,0,0.0,8,0.0,23,0.0,0.0,0.0,0.0,23,0.0,0.0,0.0,0.0,21
2016-12,0,0.0,0,0,18,0.0,0.0,0.5,0.5,0.5,1.0,0.0,0.0,0.0,2,0.0,0.0,18,0.0,18,0.0,0,0.0,0.0,18,5.0,5.0,0.0,0.0,18,0.0,0.0,0,0.0,18,9,0,0,0.0,18,0,3,3,3,7,0.0,6,0.0,0.0,18,0.0,0.0,0,0,18,0,0.0,0,0.0,18,0,0,11,0.0,9,0.0,0.0,0.0,0,18,0,0,9,18,0.0,0.0,0,0.0,2,0,0,0,0,2,0,0,0,0,18,0,0.0,0,0,18,0,0.0,7,0.0,18,0.0,0.0,0.0,0.0,18,0.0,0.0,0.0,0.0,16
2017-01,0,0.0,0,0,19,0.0,0.0,0.5,0.0,0.5,1.0,0.0,0.0,0.0,2,0.0,0.0,23,0.0,19,0.0,0,0.0,0.0,19,0.0,0.0,0.0,0.0,19,0.0,0.0,0,0.0,19,9,0,0,0.0,19,0,3,4,4,8,0.0,0,0.0,0.0,19,0.0,0.0,0,5,19,0,0.0,0,0.0,19,0,0,8,0.0,10,0.0,0.0,0.0,0,19,0,0,8,19,0.0,0.0,0,0.0,2,0,0,0,0,2,0,0,0,0,19,0,0.0,0,0,19,0,0.0,5,0.0,19,0.0,0.0,0.0,0.0,19,0.0,0.0,0.0,0.0,17
2017-02,0,0.0,0,0,20,0.0,0.0,0.0,0.0,0.5,0.0,0.0,0.0,0.0,2,0.0,0.0,17,0.0,20,0.0,0,0.0,0.0,20,0.0,0.0,0.0,0.0,20,0.0,0.0,0,0.0,20,7,0,0,0.0,20,0,5,4,4,9,0.0,0,0.0,0.0,20,0.0,0.0,0,0,20,0,0.0,0,0.0,20,0,0,10,0.0,11,0.0,0.0,0.0,0,20,0,0,10,20,0.0,0.0,0,0.0,3,0,0,0,0,2,0,0,0,0,20,0,0.0,5,0,20,0,0.0,8,0.0,20,0.0,0.0,0.0,0.0,20,0.0,0.0,0.0,0.0,18
2017-03,0,0.0,0,0,15,0.0,0.0,0.5,0.5,0.5,1.0,0.0,0.0,0.0,2,0.0,0.0,15,0.0,15,0.0,0,0.0,0.0,15,0.0,0.0,0.0,0.0,15,0.0,0.0,0,0.0,15,7,0,0,0.0,15,0,4,4,4,7,0.0,5,0.0,0.0,15,0.0,0.0,0,6,15,0,0.0,0,0.0,15,0,0,11,0.0,8,0.0,0.0,0.0,0,15,0,0,11,15,0.0,0.0,0,0.0,2,0,0,0,0,2,0,0,0,0,15,0,0.0,0,0,15,0,0.0,5,0.0,15,0.0,0.0,0.0,0.0,15,0.0,0.0,0.0,0.0,14
2017-04,0,0.0,0,0,17,0.0,0.0,0.0,0.5,0.5,0.0,0.0,0.0,0.0,2,0.0,0.0,14,0.0,17,0.0,0,0.0,0.0,17,0.0,0.0,0.0,0.0,17,0.0,0.0,0,0.0,17,7,0,0,0.0,17,0,3,3,3,7,0.0,0,0.0,0.0,17,0.0,0.0,0,0,17,0,0.0,0,0.0,17,3,0,10,0.0,9,0.0,0.0,0.0,0,17,0,0,11,17,0.0,0.0,0,0.0,2,0,0,0,0,2,0,0,0,0,17,0,0.0,0,0,17,0,0.0,8,0.0,17,0.0,0.0,0.0,0.0,17,0.0,0.0,0.0,0.0,16
2017-05,0,0.0,0,0,19,0.0,0.0,0.0,0.0,0.5,0.0,0.0,0.0,0.0,2,0.0,0.0,23,0.0,19,0.0,0,0.0,0.0,19,0.0,0.0,0.0,0.0,19,0.0,0.0,0,0.0,19,7,0,0,0.0,19,0,4,4,3,8,0.0,0,0.0,0.0,19,0.0,0.0,0,0,19,0,0.0,0,0.0,19,2,0,10,0.0,10,0.0,0.0,0.0,0,19,0,0,8,19,0.0,0.0,0,0.0,2,0,0,0,0,2,0,0,0,0,19,0,0.0,0,0,19,0,0.0,7,0.0,19,0.0,0.0,0.0,0.0,19,0.0,0.0,0.0,0.0,17
2017-06,0,0.0,0,0,12,0.0,0.0,0.0,0.0,0.5,0.0,0.0,0.0,0.0,1,0.0,0.0,21,0.0,12,0.0,0,0.0,0.0,12,0.0,0.0,0.0,0.0,12,0.0,0.0,0,0.0,12,6,0,0,0.0,12,0,3,3,3,5,0.0,0,0.0,0.0,12,0.0,0.0,0,5,12,0,0.0,0,0.0,12,0,0,10,0.0,6,0.0,0.0,0.0,0,12,0,0,11,12,0.0,0.0,0,0.0,2,0,0,0,0,1,0,0,0,0,12,0,0.0,0,0,12,0,0.0,4,0.0,12,0.0,0.0,0.0,0.0,12,0.0,0.0,0.0,0.0,11
2017-07,0,0.0,0,0,18,0.0,0.0,0.0,0.0,0.5,0.0,0.5,0.0,0.0,2,0.0,0.0,23,0.0,18,0.0,0,0.0,0.0,18,0.0,0.0,0.0,0.0,18,0.0,0.0,0,0.0,18,11,0,0,0.0,18,0,5,6,5,8,0.0,6,0.0,0.0,18,0.0,0.0,3,0,18,0,0.0,0,0.0,18,2,0,8,0.0,10,0.0,0.0,0.0,0,18,0,0,6,18,0.0,0.0,0,0.0,2,0,0,0,0,2,0,0,0,0,18,0,0.0,0,0,18,0,0.0,6,0.0,18,0.0,0.0,0.0,0.0,18,0.0,0.0,0.0,0.0,16
2017-08,0,0.0,0,0,19,0.0,0.0,0.5,0.0,0.5,1.0,0.0,0.0,0.0,2,0.0,0.0,22,0.0,19,0.0,0,0.0,0.0,19,0.0,0.0,0.0,0.0,19,0.0,0.0,0,0.0,19,10,0,0,0.0,19,0,4,4,5,8,0.0,4,0.0,0.0,19,0.0,0.0,0,4,19,0,0.0,0,0.0,19,3,0,11,0.0,10,0.0,0.0,0.0,0,19,0,0,9,19,0.0,0.0,0,0.0,2,0,0,0,0,2,0,0,0,0,19,0,0.0,0,0,19,0,0.0,6,0.0,19,0.0,0.0,0.0,0.0,19,0.0,0.0,0.0,0.0,17
2017-09,0,6.0,0,0,13,0.0,0.0,0.0,0.0,0.5,0.0,0.0,0.0,0.0,2,0.0,0.0,26,0.0,13,0.0,0,0.0,0.0,13,0.0,0.0,0.0,0.0,13,0.0,0.0,0,0.0,13,9,0,0,0.0,13,0,4,5,4,6,0.0,0,0.0,0.0,13,0.0,0.0,0,0,13,0,0.0,0,0.0,13,3,0,12,0.0,7,0.0,0.0,0.0,0,13,0,0,11,13,0.0,0.0,0,0.0,2,0,0,0,0,2,0,0,0,5,13,0,0.0,0,0,13,0,0.0,6,0.0,13,0.0,0.0,0.0,0.0,13,0.0,0.0,0.0,0.0,12
2017-10,0,0.0,0,0,15,0.0,0.0,0.0,0.5,0.5,0.0,0.0,0.0,0.0,2,0.0,0.0,48,0.0,15,0.0,0,0.0,0.0,15,0.0,0.0,0.0,0.0,15,0.0,0.0,0,0.0,15,8,0,3,0.0,15,0,6,7,6,6,0.0,4,0.0,0.0,15,0.0,0.0,0,0,15,0,0.0,0,0.0,15,0,0,10,0.0,8,0.0,0.0,0.0,0,15,0,0,10,15,0.0,0.0,0,0.0,2,0,0,0,0,2,0,0,0,0,15,0,0.0,0,0,15,0,0.0,7,0.0,15,0.0,0.0,0.0,0.0,15,0.0,0.0,0.0,0.0,13
2017-11,0,0.0,0,0,18,0.0,0.0,0.0,0.5,0.5,0.0,0.0,0.0,0.0,2,0.0,0.0,27,0.0,18,0.0,0,0.0,0.0,18,0.0,0.0,0.0,0.0,18,0.0,0.0,0,0.0,18,8,0,0,0.0,18,0,6,6,6,8,0.0,3,0.0,0.0,18,0.0,0.0,0,0,18,0,0.0,0,0.0,18,2,0,9,0.0,10,0.0,0.0,0.0,0,18,0,0,12,18,0.0,0.0,0,0.0,2,0,0,0,0,2,0,0,4,3,18,4,0.0,0,0,18,0,0.0,6,0.0,18,0.0,0.0,0.0,0.0,18,0.0,0.0,0.0,0.0,17
2017-12,0,0.0,0,0,17,0.0,0.0,0.5,0.5,0.5,0.5,0.0,0.0,0.0,2,0.0,0.0,18,0.0,17,0.0,0,0.0,0.0,17,0.0,0.0,0.0,0.0,17,0.0,0.0,0,0.0,17,10,0,0,0.0,17,0,6,5,6,7,0.0,4,0.0,0.0,17,0.0,0.0,0,3,17,0,0.0,0,0.0,17,2,0,9,0.0,9,0.0,0.0,0.0,0,17,0,0,12,17,0.0,0.0,0,0.0,2,0,0,0,0,2,0,0,2,3,17,2,0.0,0,0,17,0,0.0,5,0.0,17,0.0,0.0,0.0,0.0,17,0.0,0.0,0.0,0.0,15
2018-01,0,0.0,0,0,14,0.0,0.0,0.5,0.5,0.5,0.5,0.0,0.0,0.0,2,0.0,0.0,17,0.0,14,0.0,0,0.0,0.0,14,0.0,0.0,0.0,0.0,14,0.0,0.0,0,0.0,14,6,0,0,0.0,14,0,5,5,5,6,0.0,5,0.0,0.0,14,0.0,0.0,2,0,14,0,0.0,0,0.0,14,2,0,10,0.0,7,0.0,0.0,0.0,0,14,0,0,8,14,0.0,0.0,0,0.0,2,0,0,0,0,2,0,0,3,2,14,3,0.0,0,0,14,0,0.0,3,0.0,14,0.0,0.0,0.0,0.0,14,0.0,0.0,0.0,0.0,12
2018-02,0,0.0,0,0,13,0.0,0.0,0.5,0.5,0.5,0.5,0.0,0.0,0.0,2,0.0,0.0,15,0.0,13,0.0,0,0.0,0.0,13,0.0,0.0,0.0,0.0,13,0.0,0.0,0,0.0,13,7,0,0,0.0,13,0,4,4,4,6,0.0,4,0.0,0.0,13,0.0,0.0,2,0,13,0,0.0,0,0.0,13,4,0,8,0.0,7,0.0,0.0,0.0,0,13,0,0,11,13,0.0,0.0,0,0.0,2,0,0,0,0,2,0,0,2,2,13,2,0.0,0,0,13,0,0.0,5,0.0,13,0.0,0.0,0.0,0.0,13,0.0,0.0,0.0,0.0,12
2018-03,0,0.0,0,0,20,0.0,0.0,0.5,0.5,0.5,0.5,1.0,0.0,0.0,2,0.0,0.0,21,0.0,20,3.0,0,0.0,0.0,20,0.0,0.0,0.0,0.0,20,0.0,0.0,0,0.0,20,11,0,0,0.0,20,0,6,5,5,9,0.0,5,0.0,0.0,20,0.0,0.0,0,4,20,0,0.0,0,0.0,20,3,0,10,0.0,11,0.0,0.0,0.0,0,20,0,0,10,20,0.0,0.0,0,0.0,3,0,0,0,0,2,0,0,0,0,20,0,0.0,0,0,20,0,0.0,7,0.0,20,0.0,0.0,0.0,0.0,20,0.0,0.0,0.0,0.0,18
2018-04,0,0.0,0,0,18,0.0,0.0,0.5,0.0,0.5,0.5,0.0,0.0,0.0,2,0.0,0.0,22,0.0,18,0.0,0,0.0,0.0,18,0.0,0.0,0.0,0.0,18,0.0,0.0,0,0.0,18,10,0,0,0.0,18,0,4,5,4,8,0.0,4,0.0,0.0,18,0.0,0.0,0,3,18,0,0.0,0,0.0,18,3,0,10,0.0,10,0.0,0.0,0.0,0,18,0,0,10,18,0.0,0.0,0,0.0,2,0,0,0,0,2,0,0,3,3,18,3,0.0,0,0,18,0,0.0,5,0.0,18,0.0,0.0,0.0,0.0,18,0.0,0.0,0.0,0.0,16
2018-05,0,0.0,0,0,15,0.0,0.0,0.5,0.5,0.5,0.5,0.0,0.0,0.0,2,0.0,0.0,23,0.0,15,0.0,0,0.0,0.0,15,0.0,0.0,0.0,0.0,15,0.0,0.0,3,0.0,15,8,0,0,0.0,15,0,5,6,6,6,0.0,4,0.0,0.0,15,0.0,0.0,0,3,15,0,0.0,0,0.0,15,3,0,10,0.0,8,0.0,0.0,0.0,0,15,0,0,9,15,0.0,0.0,0,0.0,2,0,0,0,0,2,0,0,0,0,15,0,0.0,0,0,15,0,0.0,5,0.0,15,0.0,0.0,0.0,0.0,15,0.0,0.0,0.0,0.0,13
2018-06,0,0.0,0,0,15,0.0,0.0,0.5,0.5,0.5,1.0,0.0,0.0,0.0,2,0.0,0.0,17,0.0,15,0.0,0,0.0,0.0,15,0.0,0.0,0.0,0.0,15,0.0,0.0,0,0.0,15,9,0,0,0.0,15,0,7,6,6,6,0.0,5,0.0,0.0,15,0.0,0.0,0,3,15,0,0.0,0,0.0,15,3,0,13,0.0,8,0.0,0.0,0.0,0,15,0,0,12,15,0.0,0.0,0,0.0,2,0,0,0,0,2,0,0,0,0,15,0,0.0,0,0,15,0,0.0,5,0.0,15,0.0,0.0,0.0,0.0,15,0.0,0.0,0.0,0.0,13
2018-07,0,0.0,0,0,18,0.0,0.0,0.5,0.5,0.5,0.5,0.0,0.0,0.0,2,0.0,0.0,22,0.0,18,0.0,0,0.0,0.0,18,0.0,0.0,0.0,0.0,18,0.0,0.0,0,0.0,18,10,0,0,0.0,18,0,6,5,6,8,0.0,6,0.0,0.0,18,0.0,0.0,0,0,18,0,0.0,0,0.0,18,3,0,12,0.0,10,0.0,0.0,0.0,0,18,0,0,9,18,0.0,0.0,0,0.0,2,0,0,0,0,2,0,0,4,3,18,4,0.0,0,0,18,0,0.0,6,0.0,18,0.0,0.0,0.0,0.0,18,0.0,0.0,0.0,0.0,17
2018-08,0,0.0,0,0,19,0.0,0.0,0.5,0.5,0.5,0.5,0.0,0.0,0.0,2,0.0,0.0,26,0.0,19,0.0,0,0.0,0.0,19,0.0,0.0,0.0,0.0,19,0.0,0.0,0,0.0,19,10,0,0,0.0,19,0,6,6,5,8,0.0,5,0.0,0.0,19,0.0,0.0,0,2,19,0,0.0,0,0.0,19,4,0,12,0.0,10,0.0,0.0,0.0,0,19,0,0,8,19,0.0,0.0,0,0.0,2,0,0,0,0,2,0,0,4,0,19,4,0.0,0,0,19,0,0.0,7,0.0,19,0.0,0.0,0.0,0.0,19,0.0,0.0,0.0,0.0,17
2018-09,0,0.0,0,0,16,0.0,0.0,0.0,0.5,0.5,0.0,0.5,0.0,0.0,2,0.0,0.0,25,0.0,16,0.0,0,0.0,0.0,16,0.0,0.0,0.0,0.0,16,0.0,0.0,2,0.0,16,7,0,2,0.0,16,0,7,6,6,7,0.0,3,0.0,2.0,16,2.0,2.0,3,3,16,0,0.0,0,0.0,16,3,0,10,0.0,9,0.0,0.0,0.0,0,16,0,0,9,16,0.0,0.0,0,0.0,2,0,0,0,0,2,0,0,3,3,16,3,0.0,0,0,16,0,0.0,8,0.0,16,0.0,0.0,0.0,0.0,16,0.0,0.0,0.0,0.0,15
2018-10,0,0.0,0,0,16,0.0,0.0,0.5,0.5,0.5,1.0,0.5,0.0,0.0,2,0.0,0.0,40,0.0,16,0.0,0,0.0,0.0,16,0.0,0.0,0.0,0.0,16,0.0,0.0,2,2.0,16,8,0,0,0.0,16,0,5,6,6,7,0.0,5,0.0,0.0,16,0.0,0.0,0,0,16,0,0.0,0,0.0,16,3,0,10,0.0,8,0.0,0.0,0.0,0,16,0,0,9,16,0.0,0.0,0,0.0,2,0,0,0,0,2,0,0,4,4,16,4,0.0,0,0,16,0,0.0,8,0.0,16,0.0,0.0,0.0,0.0,16,0.0,0.0,0.0,0.0,14
2018-11,0,0.0,0,0,17,0.0,0.0,0.5,0.5,0.5,0.5,0.0,0.0,0.0,2,0.0,0.0,27,0.0,17,0.0,0,0.0,0.0,17,0.0,0.0,0.0,0.0,17,0.0,0.0,0,0.0,17,7,0,2,0.0,17,0,5,5,5,7,0.0,4,0.0,0.0,17,0.0,0.0,0,3,17,0,0.0,0,0.0,17,2,0,12,0.0,9,0.0,0.0,0.0,0,17,0,0,12,17,0.0,0.0,0,0.0,2,0,0,0,0,2,0,0,3,4,17,3,0.0,0,0,17,0,0.0,9,0.0,17,0.0,0.0,0.0,0.0,17,0.0,0.0,0.0,0.0,15
2018-12,0,0.0,0,0,13,0.0,0.0,0.5,0.5,0.5,0.5,0.0,0.0,0.0,2,0.0,0.0,22,0.0,13,0.0,0,0.0,0.0,13,0.0,0.0,0.0,0.0,13,0.0,0.0,0,0.0,13,9,0,0,0.0,13,0,5,4,5,6,0.0,4,0.0,0.0,13,0.0,0.0,0,3,13,0,0.0,0,0.0,13,2,0,10,0.0,7,0.0,0.0,0.0,0,13,0,0,11,13,0.0,0.0,0,0.0,2,0,0,0,0,1,0,0,3,0,13,3,0.0,0,0,13,0,0.0,6,0.0,13,0.0,0.0,0.0,0.0,13,0.0,0.0,0.0,0.0,12
2019-01,0,0.0,0,0,14,0.0,0.0,0.0,0.0,0.5,0.0,0.0,0.0,0.0,2,0.0,0.0,25,0.0,14,0.0,0,0.0,0.0,14,0.0,0.0,0.0,0.0,14,0.0,0.0,0,0.0,14,7,0,0,0.0,14,0,5,5,5,6,0.0,7,0.0,0.0,14,0.0,0.0,0,4,14,0,0.0,0,0.0,14,3,0,11,0.0,7,0.0,0.0,0.0,0,14,0,0,12,14,0.0,0.0,0,0.0,2,0,0,0,0,2,0,0,0,2,14,0,0.0,0,0,14,0,0.0,8,0.0,14,0.0,0.0,0.0,0.0,14,0.0,0.0,0.0,0.0,12
2019-02,0,3.0,0,0,20,0.0,0.0,0.5,0.5,0.5,0.5,0.5,0.0,0.0,2,0.0,0.0,19,0.0,20,0.0,0,0.0,0.0,20,0.0,0.0,0.0,0.0,20,0.0,0.0,0,0.0,20,8,0,0,0.0,20,0,6,6,6,8,0.0,5,0.0,0.0,20,0.0,0.0,0,0,20,0,0.0,0,0.0,20,4,0,11,1.0,11,2.0,0.0,0.0,0,20,0,0,11,20,0.0,0.0,0,0.0,3,0,0,0,0,2,0,0,0,3,20,0,0.0,0,0,20,0,0.0,8,0.0,20,0.0,0.0,0.0,0.0,20,0.0,0.0,0.0,0.0,18
2019-03,0,0.0,0,0,19,0.0,0.0,0.5,0.5,0.5,0.5,0.5,0.0,0.0,2,0.0,0.0,23,0.0,19,0.0,0,0.0,0.0,19,0.0,0.0,0.0,0.0,19,0.0,0.0,0,0.0,19,6,0,0,0.0,19,0,5,6,5,8,0.0,4,0.0,0.0,19,0.0,0.0,0,0,19,0,0.0,0,0.0,19,3,0,10,0.0,10,0.0,0.0,0.0,0,19,0,0,10,19,0.0,0.0,0,0.0,3,0,0,0,0,2,0,0,0,0,19,0,0.0,0,0,19,0,0.0,7,0.0,19,0.0,0.0,0.0,0.0,19,0.0,0.0,0.0,0.0,17
2019-04,0,0.0,0,0,21,0.0,0.0,0.5,0.5,0.5,0.5,0.0,0.0,0.0,3,0.0,0.0,24,0.0,21,0.0,0,0.0,0.0,21,0.0,0.0,0.0,0.0,21,0.0,0.0,0,0.0,21,10,0,2,0.0,21,0,6,6,6,9,0.0,5,0.0,0.0,21,0.0,0.0,0,2,21,0,0.0,0,0.0,21,3,0,11,0.0,12,0.0,0.0,0.0,0,21,0,0,9,21,0.0,0.0,0,0.0,3,0,0,0,0,2,0,0,3,3,21,3,0.0,0,0,21,0,0.0,8,0.0,21,0.0,0.0,0.0,0.0,21,0.0,0.0,0.0,0.0,19
2019-05,0,0.0,0,0,26,0.0,0.0,0.0,0.0,0.5,0.0,0.0,0.0,0.0,3,0.0,0.0,18,0.0,26,0.0,0,0.0,0.0,26,0.0,0.0,0.0,0.0,26,0.0,0.0,0,0.0,26,7,0,0,0.0,26,0,6,6,6,11,0.0,0,0.0,0.0,26,0.0,0.0,0,2,26,0,0.0,0,0.0,26,3,0,11,0.0,14,0.0,0.0,0.0,0,26,0,0,9,26,0.0,0.0,0,0.0,3,0,0,0,0,3,0,0,0,0,26,0,0.0,0,0,26,0,0.0,7,0.0,26,0.0,0.0,0.0,0.0,26,0.0,0.0,0.0,0.0,23
2019-06,0,0.0,0,0,20,0.0,0.0,0.5,0.5,0.5,0.5,0.5,0.5,0.0,2,0.0,0.0,20,0.0,20,0.0,0,0.0,0.0,20,0.0,0.0,0.0,0.0,20,0.0,0.0,0,0.0,20,6,0,2,0.0,20,0,7,7,7,8,0.0,3,0.0,0.0,20,0.0,0.0,0,3,20,0,0.0,0,0.0,20,2,0,10,1.0,11,2.0,0.0,0.0,0,20,0,0,11,20,0.0,0.0,0,0.0,3,0,0,0,0,2,0,0,2,2,20,2,0.0,0,0,20,0,0.0,5,0.0,20,0.0,0.0,0.0,0.0,20,0.0,0.0,0.0,0.0,18
2019-07,0,0.0,0,0,21,0.0,0.0,0.5,0.5,0.5,0.5,0.5,0.0,0.0,2,0.0,0.0,29,0.0,21,0.0,0,0.0,0.0,21,0.0,0.0,0.0,0.0,21,0.0,0.0,0,0.0,21,8,0,0,0.0,21,0,6,6,6,9,0.0,3,0.0,0.0,21,0.0,0.0,0,0,21,0,0.0,0,0.0,21,3,0,11,2.0,11,3.0,0.0,0.0,0,21,0,0,7,21,0.0,0.0,0,0.0,3,0,0,0,0,2,0,0,3,3,21,3,2.0,0,0,21,0,0.0,8,0.0,21,0.0,0.0,0.0,0.0,21,0.0,0.0,0.0,0.0,19
2019-08,0,0.0,0,0,19,0.0,0.0,0.5,0.5,0.5,0.5,0.0,0.0,0.0,2,0.0,0.0,35,0.0,19,0.0,0,0.0,0.0,19,0.0,0.0,0.0,0.0,19,0.0,0.0,0,0.0,19,11,0,0,0.0,19,0,7,7,7,8,0.0,3,0.0,0.0,19,0.0,0.0,0,3,19,0,0.0,0,0.0,19,4,0,12,1.0,10,2.0,0.0,0.0,0,19,0,0,8,19,0.0,0.0,0,0.0,2,0,0,0,0,2,0,0,3,2,19,3,0.0,0,0,19,0,0.0,7,0.0,19,0.0,0.0,0.0,0.0,19,0.0,0.0,0.0,0.0,17
2019-09,0,0.0,0,0,18,0.0,0.0,0.5,0.5,0.5,1.0,0.5,0.0,0.0,2,0.0,0.0,33,0.0,18,0.0,0,0.0,0.0,18,0.0,0.0,0.0,0.0,18,0.0,0.0,0,2.0,18,7,0,0,0.0,18,0,8,7,8,8,0.0,4,0.0,0.0,18,0.0,0.0,0,3,18,0,0.0,0,0.0,18,4,0,12,2.0,10,4.0,0.0,0.0,0,18,0,0,8,18,0.0,0.0,0,0.0,2,0,0,0,0,2,0,0,3,3,18,3,2.0,0,0,18,0,0.0,8,0.0,18,0.0,0.0,0.0,0.0,18,0.0,0.0,0.0,0.0,16
2019-10,0,0.0,0,0,19,0.0,0.0,0.5,0.5,0.5,1.0,0.5,0.0,0.0,2,0.0,0.0,52,0.0,19,0.0,0,0.0,0.0,19,0.0,0.0,0.0,0.0,19,0.0,0.0,0,0.0,19,9,0,2,0.0,19,0,7,6,7,8,0.0,4,0.0,0.0,19,0.0,0.0,0,2,19,0,0.0,0,0.0,19,3,0,12,2.0,10,4.0,0.0,0.0,0,19,0,0,11,19,0.0,0.0,0,0.0,2,0,0,0,0,2,0,0,4,4,19,4,0.0,0,0,19,0,0.0,9,0.0,19,0.0,0.0,0.0,0.0,19,0.0,0.0,0.0,0.0,17
2019-11,0,0.0,0,0,19,0.0,0.0,0.5,0.5,0.5,0.5,0.5,0.0,0.0,2,0.0,0.0,30,0.0,19,0.0,0,0.0,0.0,19,0.0,0.0,0.0,0.0,19,0.0,0.0,0,0.0,19,9,0,3,0.0,19,0,5,6,6,8,0.0,5,0.0,0.0,19,0.0,0.0,2,3,19,0,0.0,0,0.0,19,4,0,12,2.0,10,3.0,0.0,0.0,0,19,0,0,10,19,0.0,0.0,0,0.0,2,0,0,0,0,2,0,0,4,4,19,4,0.0,0,0,19,0,0.0,11,0.0,19,0.0,0.0,0.0,0.0,19,0.0,0.0,0.0,0.0,17
2019-12,0,0.0,0,0,15,0.0,0.0,0.5,0.5,0.5,0.5,0.5,0.0,0.0,2,0.0,0.0,29,0.0,15,0.0,0,0.0,0.0,15,0.0,0.0,0.0,0.0,15,0.0,0.0,0,0.0,15,8,0,0,0.0,15,0,6,6,5,7,0.0,4,0.0,0.0,15,0.0,0.0,2,3,15,0,0.0,0,0.0,15,2,0,11,1.0,8,2.0,0.0,0.0,0,15,0,0,10,15,0.0,0.0,0,0.0,2,0,0,0,0,2,0,0,2,2,15,2,2.0,0,0,15,0,0.0,7,0.0,15,0.0,0.0,0.0,0.0,15,0.0,0.0,1.0,0.0,14
2020-01,0,0.0,0,0,17,0.5,0.0,0.5,0.5,0.5,0.5,0.5,0.0,0.0,2,0.0,0.0,25,0.0,17,0.0,0,0.0,0.0,17,0.0,0.0,0.0,0.0,17,0.0,0.0,0,0.0,17,8,0,0,0.0,17,0,7,7,7,7,0.0,4,0.0,0.0,17,0.0,0.0,0,4,17,0,0.0,0,0.0,17,3,0,12,1.0,9,2.0,0.0,0.0,0,17,2,0,10,17,0.0,0.0,0,0.0,2,0,0,0,0,2,0,0,0,2,17,0,0.0,0,0,17,0,0.0,9,0.0,17,0.0,0.0,0.0,0.0,17,0.0,2.0,2.0,2.0,15
2020-02,0,0.0,0,0,19,0.0,0.0,0.5,0.5,0.5,0.5,0.5,0.0,0.0,2,0.0,0.0,26,1.0,19,0.0,0,0.0,0.0,19,0.0,0.0,0.0,0.0,19,0.0,0.0,0,0.0,19,11,0,2,0.0,19,0,6,6,6,8,0.0,5,0.0,0.0,19,0.0,0.0,0,3,19,0,0.0,0,0.0,19,2,0,13,2.0,10,3.0,0.0,0.0,0,19,0,0,9,19,0.0,0.0,0,0.0,2,0,0,0,0,2,0,0,2,2,19,2,2.0,0,0,19,0,0.0,7,0.0,19,0.0,0.0,0.0,0.0,19,0.0,0.0,0.0,0.0,17
2020-03,0,0.0,0,0,20,0.0,0.0,0.5,0.5,0.5,0.5,0.5,0.0,0.0,2,0.0,0.0,22,1.0,20,0.0,0,0.0,0.0,20,0.0,0.0,0.0,0.0,20,0.0,0.0,0,0.0,20,35,0,2,0.0,20,0,7,8,7,9,1.0,3,0.0,0.0,20,0.0,0.0,0,3,20,0,0.0,0,0.0,20,3,0,12,2.0,11,4.0,0.0,0.0,0,20,0,0,10,20,0.0,0.0,0,0.5,3,0,0,0,0,2,0,0,2,2,20,2,0.0,3,2,20,0,2.0,8,2.0,20,2.0,0.0,0.0,0.0,20,0.0,1.0,0.0,0.0,18
2020-04,0,0.0,0,0,18,0.0,0.0,0.5,0.5,0.5,0.5,0.5,0.0,0.0,2,0.0,0.0,16,0.0,18,0.0,0,0.0,0.0,18,0.0,0.0,0.0,0.0,18,0.0,0.0,2,0.0,18,60,0,2,0.0,18,0,8,8,8,8,0.0,5,0.0,0.0,18,0.0,0.0,0,2,18,0,0.0,0,0.0,18,3,0,24,1.0,10,2.0,0.0,0.0,0,18,0,0,8,18,0.0,0.0,0,0.0,2,0,0,0,0,2,0,0,3,2,18,3,2.0,2,0,18,0,0.0,8,0.0,18,0.0,0.0,0.0,0.0,18,0.0,0.0,0.0,0.0,17
2020-05,0,0.0,0,0,18,0.0,0.0,0.5,0.5,0.5,0.5,0.5,0.0,0.0,2,0.0,0.0,19,0.0,18,0.0,0,0.0,0.0,18,0.0,0.0,0.0,0.0,18,0.0,0.0,0,1.0,18,32,0,2,0.0,18,0,9,9,9,8,0.0,5,0.0,0.0,18,0.0,0.0,2,3,18,0,0.0,0,0.0,18,2,0,18,1.0,10,2.0,0.0,0.0,0,18,0,0,9,18,0.0,0.0,0,0.5,2,0,0,0,0,2,0,0,2,1,18,2,2.0,0,0,18,0,2.0,8,0.0,18,0.0,0.0,0.0,0.0,18,0.0,0.0,0.0,0.0,17
2020-06,0,0.0,0,0,22,0.0,0.0,0.5,0.5,0.5,0.5,0.5,0.0,0.0,3,0.0,0.0,20,2.0,22,0.0,0,0.0,0.0,22,0.0,0.0,0.0,0.0,22,0.0,0.0,1,1.0,22,27,0,2,0.0,22,0,8,8,8,10,0.0,4,0.0,0.0,22,0.0,0.0,1,3,22,0,0.0,0,0.0,22,3,0,13,1.0,12,2.0,0.0,0.0,0,22,0,0,10,22,0.0,0.0,0,0.0,3,0,0,0,0,3,0,0,3,3,22,3,2.0,0,0,22,0,0.0,6,0.0,22,0.0,0.0,0.0,0.0,22,0.0,1.0,0.0,0.0,20
2020-07,0,0.0,0,0,23,0.0,0.0,0.5,0.5,0.5,0.5,0.5,0.0,0.0,3,0.0,0.0,21,2.0,23,0.0,0,0.0,0.0,23,0.0,0.0,0.0,0.0,23,0.0,0.0,0,2.0,23,19,0,2,0.0,23,0,7,7,7,10,0.0,4,1.0,0.0,23,0.0,0.0,2,3,23,0,0.0,0,0.0,23,2,0,15,1.0,13,3.0,0.0,0.0,0,23,0,0,9,23,0.0,0.0,0,0.0,3,0,0,0,0,3,0,0,3,3,23,3,1.0,0,0,23,0,0.0,5,0.0,23,0.0,0.0,0.0,0.0,23,0.0,0.0,0.0,0.0,21
2020-08,0,0.0,0,0,20,0.0,0.0,0.5,0.5,0.5,0.5,0.5,0.0,0.0,2,0.0,0.0,18,0.0,20,0.0,0,0.0,0.0,20,0.0,0.0,0.0,0.0,20,0.0,0.0,0,0.0,20,16,0,2,0.0,20,0,7,7,7,9,0.0,4,0.0,0.0,20,0.0,0.0,2,3,20,0,0.0,0,0.0,20,2,0,13,1.0,11,2.0,0.0,0.0,0,20,0,0,11,20,0.0,0.0,0,0.0,3,0,0,0,0,2,0,0,3,3,20,3,0.0,0,0,20,0,0.0,6,0.0,20,0.0,0.0,0.0,0.0,20,0.0,0.0,0.0,1.0,18
2020-09,0,0.0,0,0,20,0.0,0.0,0.5,0.5,0.5,0.5,0.5,0.0,0.0,2,0.0,0.0,20,0.0,20,0.0,0,0.0,0.0,20,0.0,0.0,0.0,0.0,20,0.0,0.0,1,1.0,20,15,0,2,0.0,20,0,7,7,7,9,0.0,5,0.0,0.0,20,0.0,0.0,1,2,20,0,0.0,0,0.0,20,2,0,14,1.0,11,2.0,0.0,0.0,0,20,0,0,9,20,0.0,0.0,0,0.0,3,0,0,0,0,2,0,0,3,3,20,3,0.0,0,0,20,0,0.0,5,0.0,20,0.0,1.0,0.0,0.0,20,0.0,0.0,1.0,0.0,18
2020-10,0,0.0,0,0,21,0.0,0.0,0.5,0.5,0.5,0.5,0.5,0.0,0.0,2,0.0,0.0,23,0.0,21,0.0,0,0.0,0.0,21,0.0,0.0,0.0,0.0,21,0.0,0.0,1,1.0,21,10,0,3,0.0,21,0,6,5,6,9,0.0,3,1.0,0.0,21,0.0,0.0,1,3,21,0,0.0,0,0.0,21,2,0,12,1.0,11,1.0,0.0,0.0,0,21,0,0,9,21,0.0,0.0,0,0.5,3,0,0,0,0,2,0,0,2,3,21,2,0.0,0,0,21,0,0.0,5,0.0,21,0.0,0.0,0.0,0.0,21,0.0,0.0,0.0,0.0,19
2020-11,0,0.0,0,0,17,0.0,0.0,0.5,0.5,0.5,0.5,0.5,0.0,0.0,2,0.0,0.0,24,0.0,17,0.0,0,0.0,0.0,17,0.0,0.0,1.0,0.0,17,0.0,0.0,0,0.0,17,10,0,1,0.0,17,0,5,5,5,7,0.0,4,0.0,0.0,17,0.0,0.0,1,3,17,0,0.0,0,0.0,17,2,0,11,0.0,9,0.0,0.0,0.0,0,17,0,0,11,17,0.0,0.0,0,0.0,2,0,0,0,0,2,0,0,2,3,17,2,1.0,0,0,17,0,0.0,5,0.0,17,0.0,0.0,0.0,0.0,17,0.0,1.0,1.0,0.0,16
2020-12,0,1.0,0,0,18,0.0,0.0,0.5,0.5,0.5,0.5,0.5,0.0,0.0,2,0.0,0.0,22,1.0,18,0.0,0,0.0,0.0,18,0.0,0.0,1.0,0.0,18,0.0,0.0,1,1.0,18,11,0,1,0.0,18,0,6,6,6,8,0.0,3,0.0,0.0,18,0.0,0.0,1,3,18,0,0.0,0,0.0,18,2,0,11,1.0,10,2.0,0.0,0.0,0,18,0,0,11,18,0.0,0.0,0,0.0,2,0,0,0,0,2,0,0,3,3,18,3,1.0,0,0,18,0,0.0,5,0.0,18,0.0,0.0,0.0,0.0,18,0.0,0.0,0.0,0.0,17
2021-01,0,1.0,0,0,16,0.0,0.0,0.5,0.5,0.5,0.5,0.5,0.0,0.0,2,0.0,0.0,26,1.0,16,0.0,0,0.0,0.0,16,0.0,0.0,0.0,0.0,16,0.0,0.0,0,0.0,16,10,0,2,0.0,16,0,5,5,5,7,0.0,4,1.0,1.0,16,1.0,1.0,1,4,16,0,0.0,0,0.0,16,2,0,12,1.0,9,2.0,0.0,0.0,0,16,0,0,11,16,0.0,0.0,0,0.0,2,0,0,0,0,2,0,0,2,1,16,2,1.0,0,0,16,0,0.0,6,0.0,16,0.0,0.0,0.0,0.0,16,0.0,0.0,0.0,0.0,14
2021-02,0,0.0,0,0,16,0.0,0.0,0.5,0.5,0.5,0.5,0.5,0.0,0.0,2,0.0,0.0,28,1.0,16,0.0,0,0.0,0.0,16,0.0,0.0,1.0,0.0,16,0.0,0.0,0,1.0,16,9,0,1,0.0,16,0,5,5,5,7,0.0,3,1.0,0.0,16,0.0,0.0,0,3,16,0,0.0,0,0.0,16,2,0,11,1.0,9,2.0,0.0,0.0,0,16,0,0,8,16,0.0,0.0,0,0.0,2,0,0,0,0,2,0,0,3,3,16,3,1.0,0,0,16,0,0.0,5,0.0,16,0.0,0.0,0.0,0.0,16,0.0,0.0,0.0,0.0,15
2021-03,0,0.0,0,0,16,0.0,0.0,0.5,0.5,0.5,0.5,0.5,0.0,0.0,2,0.0,0.0,27,0.0,16,0.0,0,0.0,0.0,16,0.0,0.0,1.0,0.0,16,0.0,0.0,1,1.0,16,10,0,2,0.0,16,0,6,5,6,7,0.0,4,1.0,0.0,16,0.0,0.0,1,4,16,0,0.0,0,0.0,16,2,0,12,1.0,9,1.0,0.0,0.0,0,16,0,0,9,16,0.0,0.0,0,0.0,2,0,0,0,0,2,0,0,2,3,16,2,2.0,0,0,16,0,0.0,6,0.0,16,0.0,0.0,0.0,2.0,16,2.0,1.0,1.0,1.0,14
2021-04,0,1.0,0,0,14,0.0,0.0,0.5,0.5,0.5,0.5,0.5,0.0,0.0,2,0.0,0.0,31,1.0,14,1.0,0,0.0,0.0,14,1.0,1.0,1.0,0.0,14,0.0,0.0,1,0.0,14,13,0,3,0.0,14,0,6,6,6,6,0.0,3,1.0,0.0,14,0.0,0.0,1,3,14,0,0.0,0,0.0,14,2,0,12,0.0,7,0.0,0.0,0.0,0,14,0,0,8,14,0.0,0.0,0,0.0,2,0,0,0,0,2,0,0,3,2,14,3,0.0,0,0,14,0,0.0,6,0.0,14,0.0,1.0,1.0,2.0,14,1.0,1.0,1.0,0.0,12
2021-05,0,0.0,0,0,14,0.0,0.0,0.5,0.5,0.5,0.5,0.5,0.0,0.0,2,0.0,0.0,23,0.0,14,0.0,0,0.0,0.0,14,0.0,0.0,0.0,0.0,14,0.0,0.0,0,1.0,14,11,0,1,0.0,14,0,6,6,6,6,0.0,4,0.0,0.0,14,0.0,0.0,1,3,14,0,0.0,0,0.0,14,2,0,13,1.0,8,1.0,0.0,0.0,0,14,0,0,11,14,0.0,0.0,0,0.0,2,0,0,0,0,2,0,0,2,2,14,2,0.0,0,0,14,0,0.0,6,0.0,14,0.0,0.0,0.0,2.0,14,2.0,0.0,1.0,1.0,13
2021-06,0,1.0,0,0,16,0.0,0.0,0.5,0.5,0.5,0.5,0.5,0.0,0.0,2,0.0,0.0,24,1.0,16,0.0,0,0.0,0.0,16,0.0,0.0,1.0,0.0,16,0.0,0.0,0,0.0,16,8,0,2,0.0,16,0,6,6,6,7,0.0,4,1.0,0.0,16,0.0,0.0,2,2,16,0,0.0,0,0.0,16,2,0,11,1.0,9,1.0,0.0,0.0,0,16,0,0,7,16,0.0,0.0,0,0.0,2,0,0,0,0,2,0,0,2,2,16,2,1.0,0,0,16,0,0.0,5,0.0,16,0.0,0.0,0.0,2.0,16,2.0,1.0,1.0,0.0,15
2021-07,0,0.0,0,0,13,0.0,0.0,0.5,0.5,0.5,0.5,0.5,0.0,0.0,2,0.0,0.0,22,0.0,13,0.0,0,0.0,0.0,13,0.0,0.0,1.0,0.0,13,0.0,0.0,1,1.0,13,10,0,2,0.0,13,0,5,5,5,6,0.0,4,1.0,0.0,13,0.0,0.0,1,3,13,0,0.0,0,0.0,13,2,0,13,1.0,7,2.0,0.0,0.0,0,13,0,0,10,13,0.0,0.0,0,0.5,2,0,0,0,0,1,0,0,2,1,13,2,1.0,0,0,13,0,0.0,6,0.0,13,0.0,0.0,1.0,2.0,13,2.0,1.0,1.0,1.0,12
2021-08,0,1.0,0,0,15,0.0,0.0,0.5,0.5,0.5,0.5,0.5,0.0,0.0,2,0.0,0.0,25,1.0,15,0.0,0,0.0,1.0,15,0.0,0.0,1.0,0.0,15,0.0,0.0,1,1.0,15,9,0,2,0.0,15,0,5,6,6,6,0.0,4,1.0,0.0,15,0.0,0.0,1,3,15,0,0.0,0,0.0,15,2,0,14,1.0,8,1.0,0.0,0.0,0,15,0,0,11,15,0.0,0.0,0,0.0,2,0,0,0,0,2,0,0,2,2,15,2,1.0,0,0,15,0,0.0,6,0.0,15,0.0,0.0,0.0,3.0,15,2.0,1.0,1.0,0.0,13
2021-09,0,2.0,0,0,14,0.0,0.0,0.5,0.5,0.5,0.5,0.5,0.0,0.0,2,0.0,0.0,29,0.0,14,0.0,0,0.0,0.0,14,0.0,0.0,1.0,0.0,14,0.0,0.0,1,1.0,14,10,0,2,0.0,14,0,5,5,5,6,0.0,3,0.0,0.0,14,0.0,0.0,1,2,14,0,0.0,0,0.0,14,2,0,14,0.0,8,0.0,0.0,0.0,0,14,0,0,8,14,0.0,0.0,0,0.5,2,0,0,0,0,2,0,0,3,2,14,3,1.0,0,0,14,0,0.0,6,0.0,14,0.0,0.0,0.0,2.0,14,2.0,1.0,1.0,1.0,13
2021-10,0,0.0,0,0,13,0.0,0.0,0.5,0.5,0.5,0.5,0.5,0.0,0.0,2,0.0,0.0,26,0.0,13,0.0,0,0.0,0.0,13,0.0,0.0,0.0,0.0,13,0.0,0.0,0,1.0,13,7,0,1,0.0,13,0,5,5,5,5,0.0,3,0.0,1.0,13,1.0,1.0,1,3,13,0,0.0,0,0.0,13,2,0,9,0.0,7,0.0,0.0,0.0,0,13,0,0,8,13,0.0,0.0,0,0.0,2,0,0,0,0,1,0,0,2,2,13,2,1.0,0,0,13,0,0.0,4,0.0,13,0.0,0.0,0.0,1.0,13,1.0,0.0,1.0,1.0,11
2021-11,0,0.0,0,0,15,0.0,0.5,0.5,0.5,0.5,0.5,0.5,0.0,0.0,2,0.0,1.0,22,1.0,15,0.0,0,0.0,0.0,15,1.0,1.0,0.0,0.0,15,0.0,0.0,1,1.0,15,8,0,1,0.0,15,0,4,4,4,6,0.0,3,0.0,0.0,15,0.0,0.0,1,2,15,0,0.0,0,0.0,15,2,0,8,1.0,8,1.0,0.0,0.0,0,15,0,0,8,15,0.0,0.0,0,0.0,2,0,0,0,0,2,0,0,2,2,15,2,1.0,0,0,15,0,0.0,6,0.0,15,0.0,0.0,0.0,2.0,15,2.0,1.0,1.0,1.0,14
2021-12,0,0.0,0,1,12,0.0,0.0,0.5,0.5,0.5,0.5,0.5,0.0,0.0,1,0.0,0.0,23,1.0,12,1.0,0,0.0,0.0,12,0.0,0.0,0.0,0.0,12,0.0,0.0,1,1.0,12,7,0,1,0.0,12,0,4,4,4,5,0.0,4,1.0,1.0,12,1.0,1.0,2,3,12,0,0.0,0,0.0,12,2,0,12,1.0,7,1.0,0.0,0.0,0,12,0,0,9,12,0.0,0.0,0,0.0,2,0,0,0,0,1,0,0,2,2,12,2,1.0,0,0,12,0,0.0,5,0.0,12,0.0,0.0,0.0,1.0,12,1.0,1.0,1.0,1.0,11
2022-01,0,1.0,0,0,14,0.0,0.0,0.5,0.5,0.5,0.5,0.5,0.0,0.0,2,0.0,1.0,22,1.0,14,0.0,0,0.0,0.0,14,0.0,0.0,1.0,0.0,14,0.0,0.0,1,1.0,14,9,0,1,0.0,14,0,5,5,5,6,1.0,4,1.0,1.0,14,1.0,1.0,2,3,14,0,0.0,0,0.0,14,2,0,10,0.5,8,1.0,0.0,0.0,0,14,0,0,11,14,0.0,0.0,0,0.5,2,0,0,0,0,2,0,0,2,2,14,2,0.0,0,0,14,0,0.0,5,0.0,14,0.0,0.0,0.0,1.0,14,1.0,0.0,0.5,0.0,13
2022-02,0,1.0,0,0,14,0.0,0.0,0.5,0.5,0.5,0.5,0.5,0.0,0.0,2,0.0,1.0,25,1.0,14,0.0,0,0.0,0.0,14,1.0,1.0,1.0,0.0,14,0.0,0.0,1,2.0,14,9,0,1,0.0,14,0,5,5,5,6,1.0,3,0.0,0.5,14,0.5,0.5,1,3,14,0,0.0,0,0.0,14,2,0,10,0.5,8,1.0,0.0,0.0,0,14,0,0,11,14,0.0,0.0,0,0.0,2,0,0,0,0,2,0,0,2,2,14,2,1.0,0,0,14,0,0.0,5,0.0,14,0.0,0.0,0.0,1.0,14,1.0,0.5,0.0,1.0,13
2022-03,0,1.0,0,0,16,0.0,0.0,0.5,0.5,0.5,0.5,0.5,0.0,0.0,2,0.0,0.5,25,1.0,16,0.5,0,0.0,0.0,16,0.5,0.5,1.0,0.0,16,0.0,0.0,1,1.0,16,9,0,1,0.0,16,0,5,5,5,7,0.5,4,1.0,1.0,16,1.0,1.0,1,3,16,0,0.0,0,0.0,16,2,0,11,0.5,8,1.0,0.0,0.0,0,16,0,0,10,16,0.0,0.0,0,0.0,2,0,0,0,0,2,0,0,2,2,16,2,1.0,0,0,16,0,0.0,6,0.0,16,0.0,0.0,0.5,1.0,16,0.5,1.0,1.0,1.0,14
2022-04,0,1.0,0,0,16,0.0,0.5,0.5,0.5,0.5,0.5,0.5,0.0,0.0,2,0.0,0.5,34,1.0,16,1.0,0,0.0,0.0,16,1.0,1.0,1.0,0.0,16,0.0,0.0,1,1.0,16,9,0,1,0.0,16,0,5,5,5,7,0.0,3,0.0,1.0,16,1.0,1.0,1,3,16,0,0.0,0,0.0,16,2,0,10,1.0,8,1.0,0.5,0.0,0,16,0,0,10,16,0.0,0.0,0,0.5,2,0,0,0,0,2,0,0,2,2,16,2,1.0,0,0,16,0,0.0,6,0.0,16,0.0,0.0,0.0,1.0,16,1.0,0.0,1.0,1.0,14
2022-05,0,1.0,0,0,16,0.0,0.0,0.5,0.5,0.5,0.5,0.5,0.0,0.0,2,0.0,0.0,19,1.0,16,0.0,0,0.0,0.0,16,1.0,1.0,1.0,0.0,16,0.0,0.0,1,0.5,16,9,0,1,0.0,16,0,5,5,5,7,1.0,4,0.0,0.5,16,0.5,0.5,1,2,16,0,0.0,0,0.0,16,2,0,10,0.0,9,0.0,0.0,0.0,0,16,0,0,8,16,0.0,0.0,0,0.0,2,0,0,0,0,2,0,0,2,2,16,2,1.0,0,0,16,0,0.0,4,0.0,16,0.0,1.0,0.0,1.0,16,0.5,1.0,0.5,1.0,15
2022-06,0,1.0,0,0,17,0.0,0.0,0.5,0.5,0.5,0.5,0.5,0.0,0.0,2,0.0,0.0,21,0.0,17,0.5,0,0.0,0.0,17,0.0,0.0,1.0,0.0,17,0.0,0.0,1,1.0,17,8,0,1,0.0,17,0,5,5,5,7,1.0,4,1.0,1.0,17,1.0,1.0,2,2,17,0,0.0,0,0.0,17,2,0,11,0.5,9,1.0,0.0,0.0,0,17,0,0,10,17,0.0,0.0,0,0.0,2,0,0,0,0,2,0,0,2,2,17,2,2.0,0,0,17,0,0.0,4,0.0,17,0.0,0.0,0.0,1.0,17,1.0,0.5,1.0,1.0,16
2022-07,0,0.5,0,0,15,0.0,0.0,0.5,0.5,0.5,0.5,0.5,0.0,0.0,2,0.0,0.0,21,1.0,15,0.0,0,0.0,0.0,15,1.0,1.0,1.0,0.0,15,0.0,0.0,1,1.0,15,8,0,1,0.0,15,0,5,5,5,6,0.5,4,1.0,1.0,15,1.0,1.0,1,2,15,0,0.0,0,0.0,15,2,0,13,0.5,8,1.0,0.0,0.0,0,15,0,0,10,15,0.0,0.0,0,0.5,2,0,0,0,0,2,0,0,2,2,15,2,1.0,0,0,15,0,0.0,5,0.0,15,0.0,0.0,0.0,0.5,15,0.5,0.5,0.5,1.0,14
2022-08,0,1.0,0,0,17,0.0,0.0,0.5,0.5,0.5,0.5,0.5,0.0,0.0,2,0.0,0.0,24,1.0,17,1.0,0,1.0,0.0,17,1.0,1.0,1.0,0.0,17,0.0,0.0,1,1.0,17,9,0,1,0.0,17,0,5,5,5,7,0.5,3,0.0,1.0,17,1.0,1.0,1,2,17,0,0.0,0,1.0,17,2,0,13,0.5,9,1.0,0.0,0.5,0,17,0,0,8,17,0.5,0.5,0,0.5,2,0,0,0,0,2,0,0,2,2,17,2,1.0,0,0,17,0,0.0,5,0.0,17,0.0,0.0,0.0,1.0,17,1.0,1.0,1.0,1.0,15
2022-09,0,0.5,0,0,19,0.0,0.0,0.5,0.5,0.5,0.5,0.5,0.0,0.0,2,0.0,0.0,22,1.0,19,0.5,0,1.0,1.0,19,1.0,1.0,1.0,0.0,19,0.0,0.0,1,1.0,19,8,0,1,0.0,19,0,5,5,5,8,0.5,4,0.0,1.0,19,1.0,1.0,1,3,19,0,0.0,0,0.0,19,2,0,13,0.5,10,1.0,0.0,0.0,0,19,0,0,9,19,0.0,0.0,0,0.0,3,0,0,0,0,2,0,0,3,2,19,3,1.0,0,0,19,0,0.0,6,0.0,19,0.0,0.0,0.0,1.0,19,1.0,1.0,1.0,1.0,18
2022-10,0,0.0,0,0,18,0.0,0.0,0.5,0.5,0.5,0.5,0.5,0.0,0.0,2,0.0,0.0,21,0.5,18,0.5,0,0.5,0.5,18,1.0,1.0,1.0,0.0,18,0.0,0.0,2,1.0,18,7,0,1,0.0,18,0,5,5,5,8,0.5,3,0.5,0.0,18,0.0,0.0,1,3,18,0,0.0,0,0.0,18,2,0,12,0.5,10,1.0,0.0,0.0,0,18,0,0,8,18,0.0,0.0,0,0.0,2,0,0,0,0,2,0,0,2,2,18,2,1.0,0,0,18,0,0.0,5,0.0,18,0.0,0.0,0.0,1.0,18,1.0,1.0,1.0,1.0,16
2022-11,0,1.0,0,0,19,0.0,0.0,0.5,0.5,0.5,0.5,0.5,0.0,0.0,2,0.0,0.0,20,1.0,19,0.5,0,1.0,0.5,19,1.0,1.0,1.0,1.0,19,0.0,0.0,1,1.0,19,7,0,1,0.0,19,0,5,5,5,8,0.5,3,0.0,0.0,19,0.0,0.0,1,3,19,0,0.0,0,0.0,19,2,0,11,0.5,10,1.0,0.0,0.0,0,19,0,0,6,19,0.0,0.0,0,0.5,2,0,0,0,0,2,0,0,2,2,19,2,1.0,0,0,19,0,0.0,5,0.5,19,0.0,0.5,0.0,1.0,19,0.5,1.0,1.0,1.0,17
2022-12,0,1.0,0,0,11,0.0,0.0,0.5,0.5,0.5,0.5,0.5,0.0,0.0,1,0.0,0.0,17,1.0,11,0.0,0,0.0,0.0,11,1.0,1.0,1.0,0.0,11,0.0,0.0,1,1.0,11,8,0,1,0.0,11,0,4,4,4,5,1.0,3,0.5,1.0,11,1.0,1.0,1,3,11,0,0.0,0,0.0,11,1,0,12,0.5,6,1.0,0.0,0.0,0,11,0,0,8,11,0.0,0.0,0,0.5,1,0,0,0,0,1,0,0,2,2,11,2,1.0,0,0,11,0,0.0,4,0.0,11,0.0,0.0,0.0,0.5,11,0.5,1.0,1.0,0.5,10
2023-01,0,1.0,0,0,12,0.0,0.0,0.5,0.5,0.5,0.5,0.5,0.0,0.5,1,0.0,0.0,23,0.5,12,0.0,0,0.5,0.0,12,1.0,1.0,0.5,0.5,12,0.0,0.0,1,1.0,12,6,0,1,0.0,12,0,4,4,4,5,0.5,3,0.0,1.0,12,1.0,1.0,1,3,12,0,0.0,0,0.0,12,2,0,11,0.5,6,1.0,0.0,0.0,0,12,0,0,6,12,0.0,0.0,0,0.0,2,0,0,0,0,1,0,0,2,2,12,2,1.0,0,0,12,0,0.0,5,0.0,12,0.0,0.0,0.0,0.5,12,0.5,0.5,1.0,0.5,11
2023-02,0,1.0,0,0,14,0.0,0.0,0.5,0.5,0.5,0.5,0.5,0.0,0.0,2,0.0,0.0,25,1.0,14,0.0,0,0.0,0.0,14,1.0,1.0,0.5,0.0,14,0.0,0.0,1,1.0,14,7,0,1,0.0,14,0,5,5,5,6,1.0,4,1.0,1.0,14,1.0,1.0,1,3,14,0,0.0,0,0.0,14,2,0,12,0.0,7,0.0,0.0,0.0,0,14,0,0,8,14,0.0,0.0,0,0.5,2,0,0,0,0,2,0,0,2,2,14,2,1.0,0,0,14,0,0.0,5,0.0,14,0.0,0.0,0.0,0.0,14,0.0,0.5,1.0,1.0,12
2023-03,0,1.0,0,0,13,0.0,0.0,0.5,0.5,0.5,0.5,0.5,0.0,0.0,2,0.0,0.0,28,1.0,13,0.5,0,0.0,0.0,13,1.0,1.0,1.0,0.0,13,0.0,0.0,1,1.0,13,7,0,1,0.0,13,0,5,5,5,6,0.0,3,0.5,0.5,13,0.5,0.5,1,2,13,0,0.0,0,0.0,13,2,0,12,0.5,7,0.5,0.0,0.0,0,13,0,0,7,13,0.0,0.0,0,0.0,2,0,0,0,0,2,0,0,2,2,13,2,1.0,0,0,13,0,0.0,5,0.0,13,0.0,0.0,0.0,0.0,13,0.0,0.5,0.5,1.0,12
2023-04,0,1.0,0,0,11,0.0,0.0,0.5,0.5,0.5,0.5,0.5,0.0,0.0,1,0.0,0.0,17,1.0,11,0.0,0,0.0,0.0,11,0.5,0.5,0.0,0.0,11,0.0,0.0,1,1.0,11,7,0,1,0.0,11,0,4,4,4,5,0.5,3,0.0,0.5,11,0.5,0.5,1,2,11,0,0.0,0,0.0,11,2,0,11,0.5,6,1.0,0.0,0.0,0,11,0,0,6,11,0.0,0.0,0,0.0,1,0,0,0,0,1,0,0,2,2,11,2,1.0,0,0,11,0,1.0,4,0.0,11,0.0,0.0,0.0,0.0,11,0.0,0.5,1.0,0.0,10
2023-05,0,1.0,0,0,16,0.0,0.0,0.5,0.5,0.5,0.5,0.5,0.0,0.0,2,0.0,0.0,23,1.0,16,0.5,0,0.5,0.5,16,1.0,1.0,1.0,0.0,16,0.0,0.0,1,1.0,16,9,0,2,0.0,16,0,5,5,5,7,0.5,4,0.0,0.5,16,0.5,0.5,2,2,16,0,0.0,0,0.0,16,2,0,10,0.5,9,0.5,0.5,0.0,0,16,0,0,6,16,0.0,0.0,0,0.0,2,0,0,0,0,2,0,0,2,2,16,2,1.0,0,0,16,0,0.0,5,0.0,16,0.0,0.0,0.0,0.0,16,0.0,0.5,0.5,1.0,14
2023-06,0,1.0,0,0,16,0.0,0.0,0.5,0.5,0.5,0.5,0.5,0.0,0.0,2,0.0,0.0,21,1.0,16,0.5,0,0.0,0.0,16,0.0,0.0,1.0,0.0,16,0.0,0.0,1,1.0,16,10,0,1,0.0,16,0,5,5,5,7,0.0,3,0.5,0.5,16,0.5,0.5,2,3,16,0,0.0,0,0.0,16,2,0,12,0.5,9,1.0,0.0,0.0,0,16,0,0,7,16,0.0,0.0,0,0.5,2,0,0,0,0,2,0,0,2,2,16,2,1.0,0,0,16,0,0.0,5,0.0,16,0.5,0.5,0.0,0.0,16,0.0,1.0,1.0,1.0,14
2023-07,0,1.0,0,0,13,0.0,0.0,0.5,0.5,0.5,0.5,0.5,0.0,0.0,2,0.0,0.0,24,1.0,13,0.5,0,0.0,0.0,13,0.0,0.0,1.0,0.0,13,0.0,0.0,1,1.0,13,8,0,1,0.0,13,0,5,5,5,6,1.0,4,0.5,0.0,13,0.0,0.0,1,3,13,0,0.0,0,0.0,13,2,0,12,0.5,7,1.0,0.0,0.0,0,13,0,0,8,13,0.0,0.0,0,0.0,2,0,0,0,0,1,0,0,2,2,13,2,1.0,0,0,13,0,0.0,5,0.5,13,0.0,0.0,0.0,0.0,13,0.0,1.0,1.0,1.0,12
2023-08,0,1.0,0,0,15,0.0,0.0,0.5,0.5,0.5,0.5,0.5,0.0,0.0,2,0.0,0.0,22,1.0,15,1.0,0,0.0,0.0,15,0.5,0.5,1.0,0.0,15,0.0,0.0,1,1.0,15,9,0,1,0.0,15,0,5,5,5,6,1.0,3,0.5,0.0,15,0.0,0.0,1,4,15,0,0.0,0,0.0,15,2,0,14,0.5,8,1.0,0.0,0.0,0,15,0,0,6,15,0.0,0.0,0,0.0,2,0,0,0,0,2,0,0,2,2,15,2,1.0,0,0,15,0,0.0,5,0.0,15,0.0,0.0,0.5,0.0,15,0.0,1.0,0.5,1.0,14
2023-09,0,1.0,0,0,15,0.5,0.0,0.5,0.5,0.5,0.5,0.5,0.0,0.5,2,0.0,0.0,20,0.5,15,0.5,0,0.0,0.0,15,1.0,1.0,1.0,0.0,15,0.0,0.0,1,1.0,15,7,0,1,0.0,15,0,5,5,5,6,0.5,3,0.5,0.5,15,0.5,0.5,1,3,15,0,0.0,0,0.0,15,2,0,11,0.5,8,0.5,0.0,0.0,0,15,0,0,6,15,0.0,0.0,0,0.0,2,0,0,0,0,2,0,0,2,2,15,2,1.0,0,0,15,0,0.5,6,0.0,15,0.5,0.0,0.0,1.0,15,0.5,0.5,0.5,0.5,13
2023-10,0,1.0,0,0,13,0.0,0.0,0.5,0.5,0.5,0.5,0.5,0.0,0.0,2,0.0,0.0,17,1.0,13,0.0,0,0.0,0.0,13,0.5,0.5,1.0,0.0,13,0.0,0.0,1,1.0,13,7,0,1,0.0,13,0,4,4,4,6,0.5,3,0.5,0.5,13,0.5,0.5,1,3,13,0,0.0,0,0.0,13,1,0,11,0.5,7,0.5,0.0,0.0,0,13,0,0,6,13,0.0,0.0,0,0.0,2,0,0,0,0,2,0,0,2,2,13,2,1.0,0,0,13,0,0.0,5,0.0,13,0.0,0.0,0.5,0.0,13,0.0,1.0,1.0,1.0,12
2023-11,0,0.5,0,0,15,0.0,0.5,0.5,0.5,0.5,0.5,0.5,0.0,0.0,2,0.0,0.0,20,1.0,15,0.0,0,0.5,1.0,15,0.5,0.5,0.0,0.0,15,0.0,0.0,1,1.0,15,7,0,2,0.5,15,0,4,4,4,6,1.0,3,0.0,1.0,15,1.0,1.0,1,3,15,0,0.0,0,0.0,15,2,0,12,0.5,8,1.0,0.0,0.0,0,15,0,0,5,15,0.0,0.0,0,0.0,2,0,0,0,0,2,0,0,2,2,15,2,1.0,0,0,15,0,0.0,4,0.0,15,0.0,0.5,0.0,0.0,15,0.0,1.0,1.0,1.0,13
2023-12,0,1.0,0,0,12,0.0,0.0,0.5,0.5,0.5,0.5,0.5,0.0,0.0,1,0.0,0.0,21,1.0,12,0.0,0,0.0,0.0,12,1.0,1.0,1.0,0.0,12,0.0,0.0,1,1.0,12,9,0,1,0.0,12,0,5,5,5,5,0.5,3,0.5,0.5,12,0.5,0.5,1,3,12,0,0.0,0,0.0,12,2,0,12,0.5,6,1.0,0.0,0.0,0,12,0,0,7,12,0.0,0.0,0,0.0,2,0,0,0,0,1,0,0,2,2,12,2,1.0,0,0,12,0,0.0,4,0.0,12,0.0,0.0,0.0,0.0,12,0.0,1.0,1.0,0.5,11
2024-01,0,0.5,0,0,12,0.0,0.0,0.5,0.5,0.5,0.5,0.5,0.0,0.0,1,0.0,0.0,23,1.0,12,0.0,0,1.0,0.0,12,0.5,0.5,1.0,0.0,12,0.0,0.0,1,1.0,12,6,0,1,0.0,12,0,4,4,4,5,0.5,3,0.5,1.0,12,1.0,1.0,1,3,12,0,0.0,0,0.0,12,2,0,11,0.0,7,0.0,0.0,0.0,0,12,0,0,9,12,0.0,0.0,0,0.0,2,0,0,0,0,1,0,0,1,2,12,1,0.5,0,0,12,0,0.0,4,0.0,12,0.0,0.0,0.0,0.0,12,0.0,1.0,1.0,1.0,11
2024-02,0,1.0,0,0,13,0.0,0.0,0.5,0.5,0.5,0.5,0.5,0.0,0.0,2,0.0,0.0,25,1.0,13,0.0,0,0.5,0.0,13,0.5,0.5,1.0,0.0,13,0.0,0.0,1,1.0,13,7,1,1,0.0,13,0,5,5,5,6,0.5,3,0.0,1.0,13,1.0,1.0,1,2,13,0,0.0,0,0.0,13,1,0,11,0.5,7,1.0,0.0,0.0,0,13,0,0,7,13,0.0,0.0,0,0.0,2,0,0,0,0,1,0,0,2,2,13,2,1.0,0,0,13,0,0.0,4,0.0,13,0.0,0.0,0.5,0.0,13,0.0,0.5,0.0,0.5,12
2024-03,0,1.0,0,0,12,0.0,0.0,0.5,0.5,0.5,0.5,0.5,0.0,0.0,1,0.0,0.0,19,1.0,12,0.0,0,0.0,0.0,12,1.0,1.0,0.5,0.5,12,0.0,0.0,1,1.0,12,7,0,1,0.0,12,0,4,4,4,5,0.0,3,0.0,1.0,12,1.0,1.0,1,2,12,0,0.0,0,0.0,12,2,0,10,0.0,6,0.0,0.5,0.0,0,12,0,0,5,12,0.0,0.0,0,0.0,2,0,0,0,0,1,0,0,2,2,12,2,1.0,0,0,12,0,0.0,5,0.0,12,0.0,0.0,0.0,0.0,12,0.0,0.0,0.0,1.0,11
2024-04,0,0.5,0,0,11,0.0,0.0,0.5,0.5,0.5,0.5,0.5,0.0,0.0,1,0.0,0.0,18,0.0,11,0.0,0,0.0,0.0,11,0.5,0.5,0.5,0.0,11,0.0,0.0,1,1.0,11,5,0,1,0.0,11,0,4,4,4,5,0.0,3,0.0,0.0,11,0.0,0.0,1,2,11,0,0.5,0,0.0,11,2,0,10,0.0,6,0.0,0.0,0.0,0,11,0,0,5,11,0.0,0.0,0,0.0,1,0,0,0,0,1,0,0,2,2,11,2,0.5,0,0,11,0,0.0,3,0.0,11,0.0,0.0,0.0,0.0,11,0.0,1.0,0.5,1.0,10
2024-05,0,1.0,0,0,12,0.0,0.0,0.5,0.5,0.5,0.5,0.5,0.0,0.0,1,0.0,0.0,21,0.5,12,1.0,0,0.0,0.0,12,0.0,0.0,1.0,0.0,12,0.0,0.0,1,1.0,12,6,0,1,0.0,12,0,4,4,4,5,0.0,2,0.0,1.0,12,1.0,1.0,1,2,12,0,0.0,0,0.0,12,2,0,9,0.5,6,0.5,0.0,0.0,0,12,0,0,6,12,0.0,0.0,0,0.0,2,0,0,0,0,1,0,0,2,2,12,2,1.0,0,0,12,0,0.0,4,0.0,12,0.0,0.0,0.0,0.0,12,0.0,1.0,1.0,1.0,11
2024-06,0,1.0,0,0,10,0.0,0.0,0.5,0.5,0.5,0.5,0.5,0.0,0.0,1,0.0,0.0,17,1.0,10,0.5,0,0.0,0.0,10,0.0,0.0,0.0,0.0,10,0.0,0.0,1,1.0,10,6,0,1,0.0,10,0,4,4,4,4,0.0,3,0.5,0.0,10,0.0,0.0,1,2,10,0,0.0,0,0.0,10,1,0,9,0.0,6,0.0,0.0,0.0,0,10,0,0,5,10,0.0,0.0,0,0.0,1,0,0,0,0,1,0,0,1,2,10,1,1.0,0,0,10,0,0.0,3,0.0,10,0.0,0.0,0.0,0.0,10,0.0,0.5,0.5,0.5,9
2024-07,0,1.0,0,0,12,0.0,0.0,0.5,0.5,0.5,0.5,0.5,0.0,0.0,1,0.0,0.0,18,0.0,12,0.0,0,0.0,0.0,12,0.0,0.0,1.0,0.0,12,0.0,0.0,1,1.0,12,6,0,1,0.0,12,0,4,4,4,5,0.0,3,0.0,0.0,12,0.0,0.0,2,1,12,0,0.0,0,0.0,12,1,0,11,0.0,6,0.0,0.0,0.0,0,12,0,0,5,12,0.0,0.0,0,0.0,2,0,0,0,0,1,0,0,2,2,12,2,1.0,0,0,12,0,0.0,3,0.0,12,0.0,0.0,0.0,0.0,12,0.0,0.0,0.0,0.0,11
2024-08,0,0.0,0,0,12,0.0,0.0,0.5,0.5,0.5,0.5,0.5,0.0,0.0,1,0.0,0.0,18,0.5,12,0.0,0,0.0,0.0,12,0.5,0.5,0.0,0.0,12,0.0,0.0,1,1.0,12,6,0,1,0.0,12,0,3,4,3,5,0.0,3,1.0,0.0,12,0.0,0.0,1,2,12,0,0.0,0,0.0,12,2,0,11,0.5,6,0.5,0.0,0.0,0,12,0,0,11,12,0.0,0.0,0,0.0,1,0,0,0,0,1,0,0,1,1,12,1,1.0,0,1,12,0,0.0,3,0.0,12,0.0,0.0,0.0,0.0,12,0.0,1.0,1.0,1.0,10
2024-09,0,1.0,0,0,13,0.0,0.0,0.5,0.5,0.5,0.5,0.5,0.0,0.0,2,0.0,0.0,22,0.5,13,0.0,0,0.0,0.0,13,0.0,0.0,1.0,0.0,13,0.0,0.0,1,1.0,13,6,0,1,0.0,13,0,4,4,4,5,0.0,3,0.0,1.0,13,1.0,1.0,1,2,13,0,0.0,0,0.0,13,2,0,12,0.5,7,1.0,0.0,0.0,0,13,0,0,8,13,0.0,0.0,0,0.5,2,0,0,0,0,1,0,0,1,1,13,1,1.0,0,0,13,0,0.0,3,0.0,13,0.0,0.0,0.0,0.5,13,0.5,1.0,1.0,0.5,12
2024-10,0,0.0,0,0,12,0.0,0.0,0.5,0.5,0.5,0.5,0.5,0.0,0.5,1,0.0,0.0,22,1.0,12,1.0,0,0.0,0.0,12,0.0,0.0,0.5,0.0,12,0.0,0.0,1,1.0,12,5,0,1,0.0,12,0,4,4,4,5,0.0,3,0.5,0.5,12,0.5,0.5,1,2,12,0,0.0,0,0.0,12,1,0,9,0.0,7,0.0,0.0,0.0,0,12,0,0,7,12,0.0,0.0,0,0.0,2,0,0,0,0,1,0,0,2,2,12,2,1.0,0,0,12,0,0.0,3,0.0,12,0.0,0.0,0.0,0.5,12,0.5,1.0,1.0,0.5,11
2024-11,0,1.0,0,0,13,0.0,0.0,0.5,0.5,0.5,0.5,0.5,0.0,0.5,2,0.0,0.0,21,0.5,13,0.0,0,0.0,0.5,13,0.0,0.0,1.0,0.0,13,0.0,0.0,0,1.0,13,5,0,1,0.0,13,0,4,4,4,5,0.0,4,0.5,0.0,13,0.0,0.0,2,2,13,0,0.0,0,0.0,13,2,0,9,0.0,7,0.0,0.0,0.0,0,13,0,0,7,13,0.0,0.0,0,0.0,2,0,0,0,0,1,0,0,2,2,13,2,1.0,0,0,13,0,0.0,5,0.0,13,0.0,0.0,0.0,0.0,13,0.0,0.5,0.5,1.0,12
2024-12,0,0.5,0,0,12,0.0,0.0,0.5,0.5,0.5,0.5,0.5,0.0,0.0,1,0.0,0.0,19,1.0,12,1.0,0,0.0,0.0,12,0.5,0.5,1.0,0.0,12,0.0,0.0,1,1.0,12,5,0,1,0.0,12,0,4,4,4,5,0.0,3,0.0,0.0,12,0.0,0.0,1,3,12,0,0.0,0,0.0,12,1,0,9,0.5,7,0.5,0.0,0.0,0,12,0,0,8,12,0.0,0.0,0,0.0,2,0,0,0,0,1,0,0,2,2,12,2,1.0,0,0,12,0,0.5,4,0.0,12,0.0,0.0,0.0,0.0,12,0.0,0.5,1.0,1.0,11
2025-01,0,0.5,0,0,14,0.0,0.0,0.5,0.5,0.5,0.5,0.5,0.0,0.0,2,0.5,0.5,27,0.0,14,0.0,0,0.0,0.0,14,0.0,0.0,0.0,0.0,14,0.0,0.0,1,1.0,14,5,0,1,0.0,14,0,4,4,4,6,0.0,3,1.0,0.0,14,0.0,0.0,1,2,14,0,0.0,0,0.0,14,1,0,9,0.0,8,0.0,0.0,0.0,0,14,0,0,6,14,0.0,0.0,0,0.0,2,0,0,0,0,2,0,0,2,2,14,2,1.0,0,0,14,0,0.0,3,0.0,14,0.0,0.0,0.0,0.0,14,0.0,0.5,0.5,0.5,13
2025-02,0,0.0,0,0,10,0.0,0.0,0.5,0.5,0.5,0.5,0.5,0.0,0.0,1,0.0,0.0,17,1.0,10,0.0,0,0.0,0.0,10,0.0,0.0,0.5,0.0,10,0.0,0.0,1,1.0,10,5,0,1,0.0,10,0,4,4,4,4,0.0,3,0.0,0.0,10,0.0,0.0,1,2,10,0,0.0,0,0.0,10,1,0,8,0.0,6,0.0,0.0,0.0,0,10,0,0,6,10,0.0,0.0,0,0.0,1,0,0,0,0,1,0,0,1,1,10,1,1.0,0,0,10,0,0.0,3,0.0,10,0.0,0.0,0.0,0.0,10,0.0,1.0,1.0,1.0,9
2025-03,0,0.0,0,0,11,0.5,0.0,0.5,0.5,0.5,0.5,0.5,0.0,0.0,1,0.0,0.5,16,1.0,11,0.0,0,0.0,0.0,11,0.5,0.5,1.0,0.0,11,0.0,0.0,1,1.0,11,4,0,1,0.0,11,0,4,4,4,5,1.0,3,0.5,0.5,11,0.5,0.5,1,2,11,0,0.0,0,0.0,11,1,0,7,0.5,6,0.5,0.0,0.0,0,11,0,0,6,11,0.0,0.0,0,0.0,1,0,0,0,0,1,0,0,1,2,11,1,1.0,0,0,11,0,0.0,3,0.0,11,0.0,0.0,0.0,0.0,11,0.0,1.0,1.0,1.0,10
2025-04,0,0.0,0,0,11,0.0,0.0,0.5,0.5,0.5,0.5,0.5,0.0,0.0,1,0.0,0.0,17,0.5,11,0.0,0,0.0,0.0,11,0.0,0.0,1.0,0.0,11,0.0,0.0,1,1.0,11,4,0,1,0.0,11,0,4,4,4,5,0.0,3,0.0,0.5,11,0.5,0.5,2,2,11,0,0.0,0,0.0,11,1,0,8,0.5,6,0.5,0.0,0.0,0,11,0,0,6,11,0.0,0.0,0,0.0,1,0,0,0,0,1,0,0,2,2,11,2,1.0,0,0,11,0,0.0,3,0.5,11,0.0,0.0,0.0,0.0,11,0.0,0.5,0.0,0.5,10
2025-05,0,0.5,0,0,11,0.0,0.0,0.5,0.5,0.5,0.5,0.5,0.0,0.0,1,0.0,0.0,17,1.0,11,0.0,0,1.0,1.0,11,0.0,0.0,0.0,0.0,11,0.0,0.0,1,1.0,11,4,0,1,0.0,11,0,4,4,4,5,0.5,3,0.0,0.0,11,0.0,0.0,1,2,11,0,0.0,0,0.0,11,1,0,7,0.0,6,0.0,0.0,0.0,0,11,0,0,7,11,0.0,0.0,0,0.0,1,0,0,0,0,1,0,0,1,1,11,1,1.0,0,0,11,0,0.0,3,0.0,11,0.0,0.0,0.0,0.0,11,0.0,1.0,1.0,1.0,10
2025-06,0,0.0,0,0,12,0.0,0.0,0.5,0.5,0.5,0.5,0.5,0.0,0.0,1,0.0,0.0,15,1.0,12,0.0,0,0.0,0.0,12,0.0,0.0,0.0,0.0,12,0.0,0.0,1,1.0,12,5,0,1,0.0,12,0,4,4,3,5,0.0,3,0.5,0.0,12,0.0,0.0,1,2,12,0,0.0,0,0.5,12,1,0,7,0.0,7,0.0,0.0,0.0,0,12,0,0,5,12,0.5,0.5,0,0.0,2,0,0,0,0,1,0,0,2,2,12,2,1.0,0,0,12,0,0.0,3,0.0,12,0.0,0.0,0.0,0.0,12,0.0,0.0,0.0,0.0,11
2025-07,0,1.0,0,0,11,0.0,0.0,0.5,0.5,0.5,0.5,0.5,0.0,0.0,1,0.0,0.0,18,0.5,11,0.0,0,1.0,0.5,11,0.0,0.0,1.0,0.0,11,0.0,0.0,1,1.0,11,5,0,1,0.0,11,0,4,4,4,5,0.0,4,0.0,0.0,11,0.0,0.0,1,2,11,0,0.0,0,0.0,11,1,0,7,0.5,6,0.5,0.0,0.0,0,11,0,0,6,11,0.0,0.0,0,0.5,1,0,0,0,0,1,0,0,1,1,11,1,1.0,0,0,11,0,0.0,3,0.0,11,0.5,0.0,0.5,0.0,11,0.0,1.0,1.0,0.5,10
2025-08,0,1.0,0,0,11,0.0,0.0,0.5,0.5,0.5,0.5,0.5,0.0,0.0,1,0.0,0.0,18,0.5,11,0.0,0,0.0,0.0,11,0.5,0.5,0.0,0.0,11,0.0,0.0,1,1.0,11,5,0,1,0.0,11,0,4,4,4,5,0.0,3,0.0,0.0,11,0.0,0.0,1,2,11,0,0.0,0,0.0,11,1,0,7,0.5,6,0.5,0.0,0.0,0,11,0,0,5,11,0.0,0.0,0,0.0,1,0,0,0,0,1,0,0,1,1,11,1,1.0,0,0,11,0,0.0,3,0.0,11,0.0,0.0,0.0,0.5,11,0.5,1.0,1.0,1.0,10
2025-09,0,1.0,0,0,10,0.5,0.5,0.5,0.5,0.5,0.5,0.5,0.0,0.5,1,0.0,0.5,17,0.5,10,0.5,0,0.5,0.5,10,0.5,0.5,0.5,0.5,10,0.5,0.5,1,1.0,10,5,0,1,0.0,10,0,4,3,4,4,0.5,3,0.5,0.5,10,0.5,0.5,1,2,10,0,0.0,0,0.0,10,1,0,6,0.5,6,0.5,0.5,0.0,0,10,0,0,5,10,0.0,0.0,0,0.5,1,0,0,0,0,1,0,0,1,1,10,1,1.0,0,0,10,0,0.5,3,0.5,10,0.5,0.5,0.5,0.5,10,0.5,0.5,0.5,0.5,9
