Month,জাতিগত,নৃগোষ্ঠীগত,সুন্নি,শিয়া,Email,মন্দির,শোভাযাত্রা,শেষকৃত্য,অন্ত্যেষ্টিক্রিয়া,Email_file1,গির্জা,পুরুষ,নারী,যুবক,Email_file2,প্রবীণ,বয়স্ক,তীর্থযাত্রী,তীর্থযাত্রীরা,Email_file3,সাম্প্রদায়িক,বৈষম্য,প্রান্তিককরণ,হুমকি,Email_file4,হুমকিগুলো,হয়রানি,পরিচয়,যাজক,Email_file5,পুরোহিত,পাদ্রী,ইমাম,নির্যাতন,Email_file6,বেসামরিক নাগরিক,বেসামরিক,শেখ,আয়াতুল্লাহ,Email_file7,ইমাম_file8,গোষ্ঠী,কুল,বংশ,Email_file8,শিক্ষক,আইনজীবী,ব্যবসায়ী,অধ্যাপক,Email_file9,কর্মকর্তা,কর্মকর্তারা,বিচারক,ম্যাজিস্ট্রেট,Email_file10,শিয়ারা,আলাউই,আলাবি,শিয়ারা(2),Email_file11,মন্ত্রী,কর্মচারী,কর্মী,শ্রমিক,Email_file12,চিকিৎসক,নার্স,সেবিকা,প্রকৌশলী,Email_file13,পরিচালক,সাংবাদিক,মানবাধিকার,শিশু,Email_file14,শিশুসমূহ,শিশু_file15,নিরাপত্তারক্ষী,সিকিউরিটি গার্ড,Email_file15,কারখানা,প্রহরী,জাতিগত বিদ্বেষ,Email_file16,কুর্দি,ফাইলি কুর্দি,ফাইলি কুর্দি(2),খ্রিষ্টান,Email_file17,খ্রিস্টান ধর্মাবলম্বী,ইয়াজিদি,তুর্কমেন,শাবাক,Email_file18,মন্দেয়ান,আর্মেনীয়,খালদীয়,ক্যালডীয়,Email_file19,সিরিয়াক,আসিরিয়ান,সার্কাসিয়ান,বাহাই,Email_file20,রোমা,রোমানি জনগোষ্ঠী,মার্শ আরব,ইহুদি,Email_file21,সাবিয়ান,যাযাবর,কৃষ্ণাঙ্গ ইরাকি,ধর্ম,Email_file22,উপদল,সংখ্যালঘু,মাজার,মসজিদ,Email_file23
2004-01,0,0,0.0,0.0,0,0,0,0,0,0,0.0,0,0,0.0,0,0.0,0.0,0.0,0,0,0.0,0.0,0.0,0.0,0,0,0.0,0,0,0,0.0,0.0,0,0.0,0,0,0.0,0,0,0,0,0.0,0.0,0.0,0,0,0.0,0.0,0.0,0,0,0.0,0.0,0.0,0,0,0.0,0,0,0,0.0,0.0,0.0,0.0,0,0.0,0.0,0,0.0,0,0.0,0.0,0.0,0,0,0,0,0.0,0.0,0,0.0,0.0,0,0,0,0,0.0,0,0,0,0,0,0,0,0.0,0,0,0,0,0,0,0,0,0,0.0,0.0,0,0.0,0,0,0,0,0,0,0,0.0,0,0,0
2004-02,0,0,0.0,0.0,0,0,0,0,0,0,0.0,0,0,0.0,0,0.0,0.0,0.0,0,0,0.0,0.0,0.0,0.0,0,0,0.0,0,0,0,0.0,0.0,0,0.0,0,0,0.0,0,0,0,0,0.0,0.0,0.0,0,0,0.0,0.0,0.0,0,0,0.0,0.0,0.0,0,0,0.0,0,0,0,0.0,0.0,0.0,0.0,0,0.0,0.0,0,0.0,0,0.0,0.0,0.0,0,0,0,0,0.0,0.0,0,0.0,0.0,0,0,0,0,0.0,0,0,0,0,0,0,0,0.0,0,0,0,0,0,0,0,0,0,0.0,0.0,0,0.0,0,0,0,0,0,0,0,0.0,0,0,0
2004-03,0,0,0.0,0.0,0,0,0,0,0,0,0.0,0,0,0.0,0,0.0,0.0,0.0,0,0,0.0,0.0,0.0,0.0,0,0,0.0,0,0,0,0.0,0.0,0,0.0,0,0,0.0,0,0,0,0,0.0,0.0,0.0,0,0,0.0,0.0,0.0,0,0,0.0,0.0,0.0,0,0,0.0,0,0,0,0.0,0.0,0.0,0.0,0,0.0,0.0,0,0.0,0,0.0,0.0,0.0,0,0,0,0,0.0,0.0,0,0.0,0.0,0,0,0,0,0.0,0,0,0,0,0,0,0,0.0,0,0,0,0,0,0,0,0,0,0.0,0.0,0,0.0,0,0,0,0,0,0,0,0.0,0,0,0
2004-04,0,0,0.0,0.0,0,0,0,0,0,0,0.0,0,0,0.0,0,0.0,0.0,0.0,0,0,0.0,0.0,0.0,0.0,0,0,0.0,0,0,0,0.0,0.0,0,0.0,0,0,0.0,0,0,0,0,0.0,0.0,0.0,0,0,0.0,0.0,0.0,0,0,0.0,0.0,0.0,0,0,0.0,0,0,0,0.0,0.0,0.0,0.0,0,0.0,0.0,0,0.0,0,0.0,0.0,0.0,0,0,0,0,0.0,0.0,0,0.0,0.0,0,0,0,0,0.0,0,0,0,0,0,0,0,0.0,0,0,0,0,0,0,0,0,0,0.0,0.0,0,0.0,0,0,0,0,0,0,0,0.0,0,0,0
2004-05,0,0,0.0,0.0,0,0,0,0,0,0,0.0,0,0,0.0,0,0.0,0.0,0.0,0,0,0.0,0.0,0.0,0.0,0,0,0.0,0,0,0,0.0,0.0,0,0.0,0,0,0.0,0,0,0,0,0.0,0.0,0.0,0,0,0.0,0.0,0.0,0,0,0.0,0.0,0.0,0,0,0.0,0,0,0,0.0,0.0,0.0,0.0,0,0.0,0.0,0,0.0,0,0.0,0.0,0.0,0,0,0,0,0.0,0.0,0,0.0,0.0,0,0,0,0,0.0,0,0,0,0,0,0,0,0.0,0,0,0,0,0,0,0,0,0,0.0,0.0,0,0.0,0,0,0,0,0,0,0,0.0,0,0,0
2004-06,0,0,0.0,0.0,0,0,0,0,0,0,0.0,0,0,0.0,0,0.0,0.0,0.0,0,0,0.0,0.0,0.0,0.0,0,0,0.0,0,0,0,0.0,0.0,0,0.0,0,0,0.0,0,0,0,0,0.0,0.0,0.0,0,0,0.0,0.0,0.0,0,0,0.0,0.0,0.0,0,0,0.0,0,0,0,0.0,0.0,0.0,0.0,0,0.0,0.0,0,0.0,0,0.0,0.0,0.0,0,0,0,0,0.0,0.0,0,0.0,0.0,0,0,0,0,0.0,0,0,0,0,0,0,0,0.0,0,0,0,0,0,0,0,0,0,0.0,0.0,0,0.0,0,0,0,0,0,0,0,0.0,0,0,0
2004-07,0,0,0.0,0.0,0,0,0,0,0,0,0.0,0,0,0.0,0,0.0,0.0,0.0,0,0,0.0,0.0,0.0,0.0,0,0,0.0,0,0,0,0.0,0.0,0,0.0,0,0,0.0,0,0,0,0,0.0,0.0,0.0,0,0,0.0,0.0,0.0,0,0,0.0,0.0,0.0,0,0,0.0,0,0,0,0.0,0.0,0.0,0.0,0,0.0,0.0,0,0.0,0,0.0,0.0,0.0,0,0,0,0,0.0,0.0,0,0.0,0.0,0,0,0,0,0.0,0,0,0,0,0,0,0,0.0,0,0,0,0,0,0,0,0,0,0.0,0.0,0,0.0,0,0,0,0,0,0,0,0.0,0,0,0
2004-08,0,0,0.0,0.0,0,0,0,0,0,0,0.0,0,0,0.0,0,0.0,0.0,0.0,0,0,0.0,0.0,0.0,0.0,0,0,0.0,0,0,0,0.0,0.0,0,0.0,0,0,0.0,0,0,0,0,0.0,0.0,0.0,0,0,0.0,0.0,0.0,0,0,0.0,0.0,0.0,0,0,0.0,0,0,0,0.0,0.0,0.0,0.0,0,0.0,0.0,0,0.0,0,0.0,0.0,0.0,0,0,0,0,0.0,0.0,0,0.0,0.0,0,0,0,0,0.0,0,0,0,0,0,0,0,0.0,0,0,0,0,0,0,0,0,0,0.0,0.0,0,0.0,0,0,0,0,0,0,0,0.0,0,0,0
2004-09,0,0,0.0,0.0,0,0,0,0,0,0,0.0,0,0,0.0,0,0.0,0.0,0.0,0,0,0.0,0.0,0.0,0.0,0,0,0.0,0,0,0,0.0,0.0,0,0.0,0,0,0.0,0,0,0,0,0.0,0.0,0.0,0,0,0.0,0.0,0.0,0,0,0.0,0.0,0.0,0,0,0.0,0,0,0,0.0,0.0,0.0,0.0,0,0.0,0.0,0,0.0,0,0.0,0.0,0.0,0,0,0,0,0.0,0.0,0,0.0,0.0,0,0,0,0,0.0,0,0,0,0,0,0,0,0.0,0,0,0,0,0,0,0,0,0,0.0,0.0,0,0.0,0,0,0,0,0,0,0,0.0,0,0,0
2004-10,0,0,0.0,0.0,0,0,0,0,0,0,0.0,0,0,0.0,0,0.0,0.0,0.0,0,0,0.0,0.0,0.0,0.0,0,0,0.0,0,0,0,0.0,0.0,0,0.0,0,0,0.0,0,0,0,0,0.0,0.0,0.0,0,0,0.0,0.0,0.0,0,0,0.0,0.0,0.0,0,0,0.0,0,0,0,0.0,0.0,0.0,0.0,0,0.0,0.0,0,0.0,0,0.0,0.0,0.0,0,0,0,0,0.0,0.0,0,0.0,0.0,0,0,0,0,0.0,0,0,0,0,0,0,0,0.0,0,0,0,0,0,0,0,0,0,0.0,0.0,0,0.0,0,0,0,0,0,0,0,0.0,0,0,0
2004-11,0,0,0.0,0.0,0,0,0,0,0,0,0.0,0,0,0.0,0,0.0,0.0,0.0,0,0,0.0,0.0,0.0,0.0,0,0,0.0,0,0,0,0.0,0.0,0,0.0,0,0,0.0,0,0,0,0,0.0,0.0,0.0,0,0,0.0,0.0,0.0,0,0,0.0,0.0,0.0,0,0,0.0,0,0,0,0.0,0.0,0.0,0.0,0,0.0,0.0,0,0.0,0,0.0,0.0,0.0,0,0,0,0,0.0,0.0,0,0.0,0.0,0,0,0,0,0.0,0,0,0,0,0,0,0,0.0,0,0,0,0,0,0,0,0,0,0.0,0.0,0,0.0,0,0,0,0,0,0,0,0.0,0,0,0
2004-12,0,0,0.0,0.0,0,0,0,0,0,0,0.0,0,0,0.0,0,0.0,0.0,0.0,0,0,0.0,0.0,0.0,0.0,0,0,0.0,0,0,0,0.0,0.0,0,0.0,0,0,0.0,0,0,0,0,0.0,0.0,0.0,0,0,0.0,0.0,0.0,0,0,0.0,0.0,0.0,0,0,0.0,0,0,0,0.0,0.0,0.0,0.0,0,0.0,0.0,0,0.0,0,0.0,0.0,0.0,0,0,0,0,0.0,0.0,0,0.0,0.0,0,0,0,0,0.0,0,0,0,0,0,0,0,0.0,0,0,0,0,0,0,0,0,0,0.0,0.0,0,0.0,0,0,0,0,0,0,0,0.0,0,0,0
2005-01,0,0,0.0,0.0,0,0,0,0,0,0,0.0,0,0,0.0,0,0.0,0.0,0.0,0,0,0.0,0.0,0.0,0.0,0,0,0.0,0,0,0,0.0,0.0,0,0.0,0,0,0.0,0,0,0,0,0.0,0.0,0.0,0,0,0.0,0.0,0.0,0,0,0.0,0.0,0.0,0,0,0.0,0,0,0,0.0,0.0,0.0,0.0,0,0.0,0.0,0,0.0,0,0.0,0.0,0.0,0,0,0,0,0.0,0.0,0,0.0,0.0,0,0,0,0,0.0,0,0,0,0,0,0,0,0.0,0,0,0,0,0,0,0,0,0,0.0,0.0,0,0.0,0,0,0,0,0,0,0,0.0,0,0,0
2005-02,0,0,0.0,0.0,0,0,0,0,0,0,0.0,0,0,0.0,0,0.0,0.0,0.0,0,0,0.0,0.0,0.0,0.0,0,0,0.0,0,0,0,0.0,0.0,0,0.0,0,0,0.0,0,0,0,0,0.0,0.0,0.0,0,0,0.0,0.0,0.0,0,0,0.0,0.0,0.0,0,0,0.0,0,0,0,0.0,0.0,0.0,0.0,0,0.0,0.0,0,0.0,0,0.0,0.0,0.0,0,0,0,0,0.0,0.0,0,0.0,0.0,0,0,0,0,0.0,0,0,0,0,0,0,0,0.0,0,0,0,0,0,0,0,0,0,0.0,0.0,0,0.0,0,0,0,0,0,0,0,0.0,0,0,0
2005-03,0,0,0.0,0.0,0,0,0,0,0,0,0.0,0,0,0.0,0,0.0,0.0,0.0,0,0,0.0,0.0,0.0,0.0,0,0,0.0,0,0,0,0.0,0.0,0,0.0,0,0,0.0,0,0,0,0,0.0,0.0,0.0,0,0,0.0,0.0,0.0,0,0,0.0,0.0,0.0,0,0,0.0,0,0,0,0.0,0.0,0.0,0.0,0,0.0,0.0,0,0.0,0,0.0,0.0,0.0,0,0,0,0,0.0,0.0,0,0.0,0.0,0,0,0,0,0.0,0,0,0,0,0,0,0,0.0,0,0,0,0,0,0,0,0,0,0.0,0.0,0,0.0,0,0,0,0,0,0,0,0.0,0,0,0
2005-04,0,0,0.0,0.0,0,0,0,0,0,0,0.0,0,0,0.0,0,0.0,0.0,0.0,0,0,0.0,0.0,0.0,0.0,0,0,0.0,0,0,0,0.0,0.0,0,0.0,0,0,0.0,0,0,0,0,0.0,0.0,0.0,0,0,0.0,0.0,0.0,0,0,0.0,0.0,0.0,0,0,0.0,0,0,0,0.0,0.0,0.0,0.0,0,0.0,0.0,0,0.0,0,0.0,0.0,0.0,0,0,0,0,0.0,0.0,0,0.0,0.0,0,0,0,0,0.0,0,0,0,0,0,0,0,0.0,0,0,0,0,0,0,0,0,0,0.0,0.0,0,0.0,0,0,0,0,0,0,0,0.0,0,0,0
2005-05,0,0,0.0,0.0,0,0,0,0,0,0,0.0,0,0,0.0,0,0.0,0.0,0.0,0,0,0.0,0.0,0.0,0.0,0,0,0.0,0,0,0,0.0,0.0,0,0.0,0,0,0.0,0,0,0,0,0.0,0.0,0.0,0,0,0.0,0.0,0.0,0,0,0.0,0.0,0.0,0,0,0.0,0,0,0,0.0,0.0,0.0,0.0,0,0.0,0.0,0,0.0,0,0.0,0.0,0.0,0,0,0,0,0.0,0.0,0,0.0,0.0,0,0,0,0,0.0,0,0,0,0,0,0,0,0.0,0,0,0,0,0,0,0,0,0,0.0,0.0,0,0.0,0,0,0,0,0,0,0,0.0,0,0,0
2005-06,0,0,0.0,0.0,0,0,0,0,0,0,0.0,0,0,0.0,0,0.0,0.0,0.0,0,0,0.0,0.0,0.0,0.0,0,0,0.0,0,0,0,0.0,0.0,0,0.0,0,0,0.0,0,0,0,0,0.0,0.0,0.0,0,0,0.0,0.0,0.0,0,0,0.0,0.0,0.0,0,0,0.0,0,0,0,0.0,0.0,0.0,0.0,0,0.0,0.0,0,0.0,0,0.0,0.0,0.0,0,0,0,0,0.0,0.0,0,0.0,0.0,0,0,0,0,0.0,0,0,0,0,0,0,0,0.0,0,0,0,0,0,0,0,0,0,0.0,0.0,0,0.0,0,0,0,0,0,0,0,0.0,0,0,0
2005-07,0,0,0.0,0.0,0,0,0,0,0,0,0.0,0,0,0.0,0,0.0,0.0,0.0,0,0,0.0,0.0,0.0,0.0,0,0,0.0,0,0,0,0.0,0.0,0,0.0,0,0,0.0,0,0,0,0,0.0,0.0,0.0,0,0,0.0,0.0,0.0,0,0,0.0,0.0,0.0,0,0,0.0,0,0,0,0.0,0.0,0.0,0.0,0,0.0,0.0,0,0.0,0,0.0,0.0,0.0,0,0,0,0,0.0,0.0,0,0.0,0.0,0,0,0,0,0.0,0,0,0,0,0,0,0,0.0,0,0,0,0,0,0,0,0,0,0.0,0.0,0,0.0,0,0,0,0,0,0,0,0.0,0,0,0
2005-08,0,0,0.0,0.0,0,0,0,0,0,0,0.0,0,0,0.0,0,0.0,0.0,0.0,0,0,0.0,0.0,0.0,0.0,0,0,0.0,0,0,0,0.0,0.0,0,0.0,0,0,0.0,0,0,0,0,0.0,0.0,0.0,0,0,0.0,0.0,0.0,0,0,0.0,0.0,0.0,0,0,0.0,0,0,0,0.0,0.0,0.0,0.0,0,0.0,0.0,0,0.0,0,0.0,0.0,0.0,0,0,0,0,0.0,0.0,0,0.0,0.0,0,0,0,0,0.0,0,0,0,0,0,0,0,0.0,0,0,0,0,0,0,0,0,0,0.0,0.0,0,0.0,0,0,0,0,0,0,0,0.0,0,0,0
2005-09,0,0,0.0,0.0,0,0,0,0,0,0,0.0,0,0,0.0,0,0.0,0.0,0.0,0,0,0.0,0.0,0.0,0.0,0,0,0.0,0,0,0,0.0,0.0,0,0.0,0,0,0.0,0,0,0,0,0.0,0.0,0.0,0,0,0.0,0.0,0.0,0,0,0.0,0.0,0.0,0,0,0.0,0,0,0,0.0,0.0,0.0,0.0,0,0.0,0.0,0,0.0,0,0.0,0.0,0.0,0,0,0,0,0.0,0.0,0,0.0,0.0,0,0,0,0,0.0,0,0,0,0,0,0,0,0.0,0,0,0,0,0,0,0,0,0,0.0,0.0,0,0.0,0,0,0,0,0,0,0,0.0,0,0,0
2005-10,0,0,0.0,0.0,0,0,0,0,0,0,0.0,0,0,0.0,0,0.0,0.0,0.0,0,0,0.0,0.0,0.0,0.0,0,0,0.0,0,0,0,0.0,0.0,0,0.0,0,0,0.0,0,0,0,0,0.0,0.0,0.0,0,0,0.0,0.0,0.0,0,0,0.0,0.0,0.0,0,0,0.0,0,0,0,0.0,0.0,0.0,0.0,0,0.0,0.0,0,0.0,0,0.0,0.0,0.0,0,0,0,0,0.0,0.0,0,0.0,0.0,0,0,0,0,0.0,0,0,0,0,0,0,0,0.0,0,0,0,0,0,0,0,0,0,0.0,0.0,0,0.0,0,0,0,0,0,0,0,0.0,0,0,0
2005-11,0,0,0.0,0.0,0,0,0,0,0,0,0.0,0,0,0.0,0,0.0,0.0,0.0,0,0,0.0,0.0,0.0,0.0,0,0,0.0,0,0,0,0.0,0.0,0,0.0,0,0,0.0,0,0,0,0,0.0,0.0,0.0,0,0,0.0,0.0,0.0,0,0,0.0,0.0,0.0,0,0,0.0,0,0,0,0.0,0.0,0.0,0.0,0,0.0,0.0,0,0.0,0,0.0,0.0,0.0,0,0,0,0,0.0,0.0,0,0.0,0.0,0,0,0,0,0.0,0,0,0,0,0,0,0,0.0,0,0,0,0,0,0,0,0,0,0.0,0.0,0,0.0,0,0,0,0,0,0,0,0.0,0,0,0
2005-12,0,0,0.0,0.0,0,0,0,0,0,0,0.0,0,0,0.0,0,0.0,0.0,0.0,0,0,0.0,0.0,0.0,0.0,0,0,0.0,0,0,0,0.0,0.0,0,0.0,0,0,0.0,0,0,0,0,0.0,0.0,0.0,0,0,0.0,0.0,0.0,0,0,0.0,0.0,0.0,0,0,0.0,0,0,0,0.0,0.0,0.0,0.0,0,0.0,0.0,0,0.0,0,0.0,0.0,0.0,0,0,0,0,0.0,0.0,0,0.0,0.0,0,0,0,0,0.0,0,0,0,0,0,0,0,0.0,0,0,0,0,0,0,0,0,0,0.0,0.0,0,0.0,0,0,0,0,0,0,0,0.0,0,0,0
2006-01,0,0,0.0,0.0,0,0,0,0,0,0,0.0,0,0,0.0,0,0.0,0.0,0.0,0,0,0.0,0.0,0.0,0.0,0,0,0.0,0,0,0,0.0,0.0,0,0.0,0,0,0.0,0,0,0,0,0.0,0.0,0.0,0,0,0.0,0.0,0.0,0,0,0.0,0.0,0.0,0,0,0.0,0,0,0,0.0,0.0,0.0,0.0,0,0.0,0.0,0,0.0,0,0.0,0.0,0.0,0,0,0,0,0.0,0.0,0,0.0,0.0,0,0,0,0,0.0,0,0,0,0,0,0,0,0.0,0,0,0,0,0,0,0,0,0,0.0,0.0,0,0.0,0,0,0,0,0,0,0,0.0,0,0,0
2006-02,0,0,0.0,0.0,0,0,0,0,0,0,0.0,0,0,0.0,0,0.0,0.0,0.0,0,0,0.0,0.0,0.0,0.0,0,0,0.0,0,0,0,0.0,0.0,0,0.0,0,0,0.0,0,0,0,0,0.0,0.0,0.0,0,0,0.0,0.0,0.0,0,0,0.0,0.0,0.0,0,0,0.0,0,0,0,0.0,0.0,0.0,0.0,0,0.0,0.0,0,0.0,0,0.0,0.0,0.0,0,0,0,0,0.0,0.0,0,0.0,0.0,0,0,0,0,0.0,0,0,0,0,0,0,0,0.0,0,0,0,0,0,0,0,0,0,0.0,0.0,0,0.0,0,0,0,0,0,0,0,0.0,0,0,0
2006-03,0,0,0.0,0.0,0,0,0,0,0,0,0.0,0,0,0.0,0,0.0,0.0,0.0,0,0,0.0,0.0,0.0,0.0,0,0,0.0,0,0,0,0.0,0.0,0,0.0,0,0,0.0,0,0,0,0,0.0,0.0,0.0,0,0,0.0,0.0,0.0,0,0,0.0,0.0,0.0,0,0,0.0,0,0,0,0.0,0.0,0.0,0.0,0,0.0,0.0,0,0.0,0,0.0,0.0,0.0,0,0,0,0,0.0,0.0,0,0.0,0.0,0,0,0,0,0.0,0,0,0,0,0,0,0,0.0,0,0,0,0,0,0,0,0,0,0.0,0.0,0,0.0,0,0,0,0,0,0,0,0.0,0,0,0
2006-04,0,0,0.0,0.0,0,0,0,0,0,0,0.0,0,0,0.0,0,0.0,0.0,0.0,0,0,0.0,0.0,0.0,0.0,0,0,0.0,0,0,0,0.0,0.0,0,0.0,0,0,0.0,0,0,0,0,0.0,0.0,0.0,0,0,0.0,0.0,0.0,0,0,0.0,0.0,0.0,0,0,0.0,0,0,0,0.0,0.0,0.0,0.0,0,0.0,0.0,0,0.0,0,0.0,0.0,0.0,0,0,0,0,0.0,0.0,0,0.0,0.0,0,0,0,0,0.0,0,0,0,0,0,0,0,0.0,0,0,0,0,0,0,0,0,0,0.0,0.0,0,0.0,0,0,0,0,0,0,0,0.0,0,0,0
2006-05,0,0,0.0,0.0,0,0,0,0,0,0,0.0,0,0,0.0,0,0.0,0.0,0.0,0,0,0.0,0.0,0.0,0.0,0,0,0.0,0,0,0,0.0,0.0,0,0.0,0,0,0.0,0,0,0,0,0.0,0.0,0.0,0,0,0.0,0.0,0.0,0,0,0.0,0.0,0.0,0,0,0.0,0,0,0,0.0,0.0,0.0,0.0,0,0.0,0.0,0,0.0,0,0.0,0.0,0.0,0,0,0,0,0.0,0.0,0,0.0,0.0,0,0,0,0,0.0,0,0,0,0,0,0,0,0.0,0,0,0,0,0,0,0,0,0,0.0,0.0,0,0.0,0,0,0,0,0,0,0,0.0,0,0,0
2006-06,0,0,0.0,0.0,0,0,0,0,0,0,0.0,0,0,0.0,0,0.0,0.0,0.0,0,0,0.0,0.0,0.0,0.0,0,0,0.0,0,0,0,0.0,0.0,0,0.0,0,0,0.0,0,0,0,0,0.0,0.0,0.0,0,0,0.0,0.0,0.0,0,0,0.0,0.0,0.0,0,0,0.0,0,0,0,0.0,0.0,0.0,0.0,0,0.0,0.0,0,0.0,0,0.0,0.0,0.0,0,0,0,0,0.0,0.0,0,0.0,0.0,0,0,0,0,0.0,0,0,0,0,0,0,0,0.0,0,0,0,0,0,0,0,0,0,0.0,0.0,0,0.0,0,0,0,0,0,0,0,0.0,0,0,0
2006-07,0,0,0.0,0.0,0,0,0,0,0,0,0.0,0,0,0.0,0,0.0,0.0,0.0,0,0,0.0,0.0,0.0,0.0,0,0,0.0,0,0,0,0.0,0.0,0,0.0,0,0,0.0,0,0,0,0,0.0,0.0,0.0,0,0,0.0,0.0,0.0,0,0,0.0,0.0,0.0,0,0,0.0,0,0,0,0.0,0.0,0.0,0.0,0,0.0,0.0,0,0.0,0,0.0,0.0,0.0,0,0,0,0,0.0,0.0,0,0.0,0.0,0,0,0,0,0.0,0,0,0,0,0,0,0,0.0,0,0,0,0,0,0,0,0,0,0.0,0.0,0,0.0,0,0,0,0,0,0,0,0.0,0,0,0
2006-08,0,0,0.0,0.0,0,0,0,0,0,0,0.0,0,0,0.0,0,0.0,0.0,0.0,0,0,0.0,0.0,0.0,0.0,0,0,0.0,0,0,0,0.0,0.0,0,0.0,0,0,0.0,0,0,0,0,0.0,0.0,0.0,0,0,0.0,0.0,0.0,0,0,0.0,0.0,0.0,0,0,0.0,0,0,0,0.0,0.0,0.0,0.0,0,0.0,0.0,0,0.0,0,0.0,0.0,0.0,0,0,0,0,0.0,0.0,0,0.0,0.0,0,0,0,0,0.0,0,0,0,0,0,0,0,0.0,0,0,0,0,0,0,0,0,0,0.0,0.0,0,0.0,0,0,0,0,0,0,0,0.0,0,0,0
2006-09,0,0,0.0,0.0,0,0,0,0,0,0,0.0,0,0,0.0,0,0.0,0.0,0.0,0,0,0.0,0.0,0.0,0.0,0,0,0.0,0,0,0,0.0,0.0,0,0.0,0,0,0.0,0,0,0,0,0.0,0.0,0.0,0,0,0.0,0.0,0.0,0,0,0.0,0.0,0.0,0,0,0.0,0,0,0,0.0,0.0,0.0,0.0,0,0.0,0.0,0,0.0,0,0.0,0.0,0.0,0,0,0,0,0.0,0.0,0,0.0,0.0,0,0,0,0,0.0,0,0,0,0,0,0,0,0.0,0,0,0,0,0,0,0,0,0,0.0,0.0,0,0.0,0,0,0,0,0,0,0,0.0,0,0,0
2006-10,0,0,0.0,0.0,0,0,0,0,0,0,0.0,0,0,0.0,0,0.0,0.0,0.0,0,0,0.0,0.0,0.0,0.0,0,0,0.0,0,0,0,0.0,0.0,0,0.0,0,0,0.0,0,0,0,0,0.0,0.0,0.0,0,0,0.0,0.0,0.0,0,0,0.0,0.0,0.0,0,0,0.0,0,0,0,0.0,0.0,0.0,0.0,0,0.0,0.0,0,0.0,0,0.0,0.0,0.0,0,0,0,0,0.0,0.0,0,0.0,0.0,0,0,0,0,0.0,0,0,0,0,0,0,0,0.0,0,0,0,0,0,0,0,0,0,0.0,0.0,0,0.0,0,0,0,0,0,0,0,0.0,0,0,0
2006-11,0,0,0.0,0.0,0,0,0,0,0,0,0.0,0,0,0.0,0,0.0,0.0,0.0,0,0,0.0,0.0,0.0,0.0,0,0,0.0,0,0,0,0.0,0.0,0,0.0,0,0,0.0,0,0,0,0,0.0,0.0,0.0,0,0,0.0,0.0,0.0,0,0,0.0,0.0,0.0,0,0,0.0,0,0,0,0.0,0.0,0.0,0.0,0,0.0,0.0,0,0.0,0,0.0,0.0,0.0,0,0,0,0,0.0,0.0,0,0.0,0.0,0,0,0,0,0.0,0,0,0,0,0,0,0,0.0,0,0,0,0,0,0,0,0,0,0.0,0.0,0,0.0,0,0,0,0,0,0,0,0.0,0,0,0
2006-12,0,0,0.0,0.0,0,0,0,0,0,0,0.0,0,0,0.0,0,0.0,0.0,0.0,0,0,0.0,0.0,0.0,0.0,0,0,0.0,0,0,0,0.0,0.0,0,0.0,0,0,0.0,0,0,0,0,0.0,0.0,0.0,0,0,0.0,0.0,0.0,0,0,0.0,0.0,0.0,0,0,0.0,0,0,0,0.0,0.0,0.0,0.0,0,0.0,0.0,0,0.0,0,0.0,0.0,0.0,0,0,0,0,0.0,0.0,0,0.0,0.0,0,0,0,0,0.0,0,0,0,0,0,0,0,0.0,0,0,0,0,0,0,0,0,0,0.0,0.0,0,0.0,0,0,0,0,0,0,0,0.0,0,0,0
2007-01,0,0,0.0,0.0,0,0,0,0,0,0,0.0,0,0,0.0,0,0.0,0.0,0.0,0,0,0.0,0.0,0.0,0.0,0,0,0.0,0,0,0,0.0,0.0,0,0.0,0,0,0.0,0,0,0,0,0.0,0.0,0.0,0,0,0.0,0.0,0.0,0,0,0.0,0.0,0.0,0,0,0.0,0,0,0,0.0,0.0,0.0,0.0,0,0.0,0.0,0,0.0,0,0.0,0.0,0.0,0,0,0,0,0.0,0.0,0,0.0,0.0,0,0,0,0,0.0,0,0,0,0,0,0,0,0.0,0,0,0,0,0,0,0,0,0,0.0,0.0,0,0.0,0,0,0,0,0,0,0,0.0,0,0,0
2007-02,0,0,0.0,0.0,0,0,0,0,0,0,0.0,0,0,0.0,0,0.0,0.0,0.0,0,0,0.0,0.0,0.0,0.0,0,0,0.0,0,0,0,0.0,0.0,0,0.0,0,0,0.0,0,0,0,0,0.0,0.0,0.0,0,0,0.0,0.0,0.0,0,0,0.0,0.0,0.0,0,0,0.0,0,0,0,0.0,0.0,0.0,0.0,0,0.0,0.0,0,0.0,0,0.0,0.0,0.0,0,0,0,0,0.0,0.0,0,0.0,0.0,0,0,0,0,0.0,0,0,0,0,0,0,0,0.0,0,0,0,0,0,0,0,0,0,0.0,0.0,0,0.0,0,0,0,0,0,0,0,0.0,0,0,0
2007-03,0,0,0.0,0.0,0,0,0,0,0,0,0.0,0,0,0.0,0,0.0,0.0,0.0,0,0,0.0,0.0,0.0,0.0,0,0,0.0,0,0,0,0.0,0.0,0,0.0,0,0,0.0,0,0,0,0,0.0,0.0,0.0,0,0,0.0,0.0,0.0,0,0,0.0,0.0,0.0,0,0,0.0,0,0,0,0.0,0.0,0.0,0.0,0,0.0,0.0,0,0.0,0,0.0,0.0,0.0,0,0,0,0,0.0,0.0,0,0.0,0.0,0,0,0,0,0.0,0,0,0,0,0,0,0,0.0,0,0,0,0,0,0,0,0,0,0.0,0.0,0,0.0,0,0,0,0,0,0,0,0.0,0,0,0
2007-04,0,0,0.0,0.0,0,0,0,0,0,0,0.0,0,0,0.0,0,0.0,0.0,0.0,0,0,0.0,0.0,0.0,0.0,0,0,0.0,0,0,0,0.0,0.0,0,0.0,0,0,0.0,0,0,0,0,0.0,0.0,0.0,0,0,0.0,0.0,0.0,0,0,0.0,0.0,0.0,0,0,0.0,0,0,0,0.0,0.0,0.0,0.0,0,0.0,0.0,0,0.0,0,0.0,0.0,0.0,0,0,0,0,0.0,0.0,0,0.0,0.0,0,0,0,0,0.0,0,0,0,0,0,0,0,0.0,0,0,0,0,0,0,0,0,0,0.0,0.0,0,0.0,0,0,0,0,0,0,0,0.0,0,0,0
2007-05,0,0,0.0,0.0,0,0,0,0,0,0,0.0,0,0,0.0,0,0.0,0.0,0.0,0,0,0.0,0.0,0.0,0.0,0,0,0.0,0,0,0,0.0,0.0,0,0.0,0,0,0.0,0,0,0,0,0.0,0.0,0.0,0,0,0.0,0.0,0.0,0,0,0.0,0.0,0.0,0,0,0.0,0,0,0,0.0,0.0,0.0,0.0,0,0.0,0.0,0,0.0,0,0.0,0.0,0.0,0,0,0,0,0.0,0.0,0,0.0,0.0,0,0,0,0,0.0,0,0,0,0,0,0,0,0.0,0,0,0,0,0,0,0,0,0,0.0,0.0,0,0.0,0,0,0,0,0,0,0,0.0,0,0,0
2007-06,0,0,0.0,0.0,0,0,0,0,0,0,0.0,0,0,0.0,0,0.0,0.0,0.0,0,0,0.0,0.0,0.0,0.0,0,0,0.0,0,0,0,0.0,0.0,0,0.0,0,0,0.0,0,0,0,0,0.0,0.0,0.0,0,0,0.0,0.0,0.0,0,0,0.0,0.0,0.0,0,0,0.0,0,0,0,0.0,0.0,0.0,0.0,0,0.0,0.0,0,0.0,0,0.0,0.0,0.0,0,0,0,0,0.0,0.0,0,0.0,0.0,0,0,0,0,0.0,0,0,0,0,0,0,0,0.0,0,0,0,0,0,0,0,0,0,0.0,0.0,0,0.0,0,0,0,0,0,0,0,0.0,0,0,0
2007-07,0,0,0.0,0.0,0,0,0,0,0,0,0.0,0,0,0.0,0,0.0,0.0,0.0,0,0,0.0,0.0,0.0,0.0,0,0,0.0,0,0,0,0.0,0.0,0,0.0,0,0,0.0,0,0,0,0,0.0,0.0,0.0,0,0,0.0,0.0,0.0,0,0,0.0,0.0,0.0,0,0,0.0,0,0,0,0.0,0.0,0.0,0.0,0,0.0,0.0,0,0.0,0,0.0,0.0,0.0,0,0,0,0,0.0,0.0,0,0.0,0.0,0,0,0,0,0.0,0,0,0,0,0,0,0,0.0,0,0,0,0,0,0,0,0,0,0.0,0.0,0,0.0,0,0,0,0,0,0,0,0.0,0,0,0
2007-08,0,0,0.0,0.0,0,0,0,0,0,0,0.0,0,0,0.0,0,0.0,0.0,0.0,0,0,0.0,0.0,0.0,0.0,0,0,0.0,0,0,0,0.0,0.0,0,0.0,0,0,0.0,0,0,0,0,0.0,0.0,0.0,0,0,0.0,0.0,0.0,0,0,0.0,0.0,0.0,0,0,0.0,0,0,0,0.0,0.0,0.0,0.0,0,0.0,0.0,0,0.0,0,0.0,0.0,0.0,0,0,0,0,0.0,0.0,0,0.0,0.0,0,0,0,0,0.0,0,0,0,0,0,0,0,0.0,0,0,0,0,0,0,0,0,0,0.0,0.0,0,0.0,0,0,0,0,0,0,0,0.0,0,0,0
2007-09,0,0,0.0,0.0,0,0,0,0,0,0,0.0,0,0,0.0,0,0.0,0.0,0.0,0,0,0.0,0.0,0.0,0.0,0,0,0.0,0,0,0,0.0,0.0,0,0.0,0,0,0.0,0,0,0,0,0.0,0.0,0.0,0,0,0.0,0.0,0.0,0,0,0.0,0.0,0.0,0,0,0.0,0,0,0,0.0,0.0,0.0,0.0,0,0.0,0.0,0,0.0,0,0.0,0.0,0.0,0,0,0,0,0.0,0.0,0,0.0,0.0,0,0,0,0,0.0,0,0,0,0,0,0,0,0.0,0,0,0,0,0,0,0,0,0,0.0,0.0,0,0.0,0,0,0,0,0,0,0,0.0,0,0,0
2007-10,0,0,0.0,0.0,0,0,0,0,0,0,0.0,0,0,0.0,0,0.0,0.0,0.0,0,0,0.0,0.0,0.0,0.0,0,0,0.0,0,0,0,0.0,0.0,0,0.0,0,0,0.0,0,0,0,0,0.0,0.0,0.0,0,0,0.0,0.0,0.0,0,0,0.0,0.0,0.0,0,0,0.0,0,0,0,0.0,0.0,0.0,0.0,0,0.0,0.0,0,0.0,0,0.0,0.0,0.0,0,0,0,0,0.0,0.0,0,0.0,0.0,0,0,0,0,0.0,0,0,0,0,0,0,0,0.0,0,0,0,0,0,0,0,0,0,0.0,0.0,0,0.0,0,0,0,0,0,0,0,0.0,0,0,0
2007-11,0,0,0.0,0.0,0,0,0,0,0,0,0.0,0,0,0.0,0,0.0,0.0,0.0,0,0,0.0,0.0,0.0,0.0,0,0,0.0,0,0,0,0.0,0.0,0,0.0,0,0,0.0,0,0,0,0,0.0,0.0,0.0,0,0,0.0,0.0,0.0,0,0,0.0,0.0,0.0,0,0,0.0,0,0,0,0.0,0.0,0.0,0.0,0,0.0,0.0,0,0.0,0,0.0,0.0,0.0,0,0,0,0,0.0,0.0,0,0.0,0.0,0,0,0,0,0.0,0,0,0,0,0,0,0,0.0,0,0,0,0,0,0,0,0,0,0.0,0.0,0,0.0,0,0,0,0,0,0,0,0.0,0,0,0
2007-12,0,0,0.0,0.0,0,0,0,0,0,0,0.0,0,0,0.0,0,0.0,0.0,0.0,0,0,0.0,0.0,0.0,0.0,0,0,0.0,0,0,0,0.0,0.0,0,0.0,0,0,0.0,0,0,0,0,0.0,0.0,0.0,0,0,0.0,0.0,0.0,0,0,0.0,0.0,0.0,0,0,0.0,0,0,0,0.0,0.0,0.0,0.0,0,0.0,0.0,0,0.0,0,0.0,0.0,0.0,0,0,0,0,0.0,0.0,0,0.0,0.0,0,0,0,0,0.0,0,0,0,0,0,0,0,0.0,0,0,0,0,0,0,0,0,0,0.0,0.0,0,0.0,0,0,0,0,0,0,0,0.0,0,0,0
2008-01,0,0,0.0,0.0,0,0,0,0,0,0,0.0,0,0,0.0,0,0.0,0.0,0.0,0,0,0.0,0.0,0.0,0.0,0,0,0.0,0,0,0,0.0,0.0,0,0.0,0,0,0.0,0,0,0,0,0.0,0.0,0.0,0,0,0.0,0.0,0.0,0,0,0.0,0.0,0.0,0,0,0.0,0,0,0,0.0,0.0,0.0,0.0,0,0.0,0.0,0,0.0,0,0.0,0.0,0.0,0,0,0,0,0.0,0.0,0,0.0,0.0,0,0,0,0,0.0,0,0,0,0,0,0,0,0.0,0,0,0,0,0,0,0,0,0,0.0,0.0,0,0.0,0,0,0,0,0,0,0,0.0,0,0,0
2008-02,0,0,0.0,0.0,0,0,0,0,0,0,0.0,0,0,0.0,0,0.0,0.0,0.0,0,0,0.0,0.0,0.0,0.0,0,0,0.0,0,0,0,0.0,0.0,0,0.0,0,0,0.0,0,0,0,0,0.0,0.0,0.0,0,0,0.0,0.0,0.0,0,0,0.0,0.0,0.0,0,0,0.0,0,0,0,0.0,0.0,0.0,0.0,0,0.0,0.0,0,0.0,0,0.0,0.0,0.0,0,0,0,0,0.0,0.0,0,0.0,0.0,0,0,0,0,0.0,0,0,0,0,0,0,0,0.0,0,0,0,0,0,0,0,0,0,0.0,0.0,0,0.0,0,0,0,0,0,0,0,0.0,0,0,0
2008-03,0,0,0.0,0.0,0,0,0,0,0,0,0.0,0,0,0.0,0,0.0,0.0,0.0,0,0,0.0,0.0,0.0,0.0,0,0,0.0,0,0,0,0.0,0.0,0,0.0,0,0,0.0,0,0,0,0,0.0,0.0,0.0,0,0,0.0,0.0,0.0,0,0,0.0,0.0,0.0,0,0,0.0,0,0,0,0.0,0.0,0.0,0.0,0,0.0,0.0,0,0.0,0,0.0,0.0,0.0,0,0,0,0,0.0,0.0,0,0.0,0.0,0,0,0,0,0.0,0,0,0,0,0,0,0,0.0,0,0,0,0,0,0,0,0,0,0.0,0.0,0,0.0,0,0,0,0,0,0,0,0.0,0,0,0
2008-04,0,0,0.0,0.0,0,0,0,0,0,0,0.0,0,0,0.0,0,0.0,0.0,0.0,0,0,0.0,0.0,0.0,0.0,0,0,0.0,0,0,0,0.0,0.0,0,0.0,0,0,0.0,0,0,0,0,0.0,0.0,0.0,0,0,0.0,0.0,0.0,0,0,0.0,0.0,0.0,0,0,0.0,0,0,0,0.0,0.0,0.0,0.0,0,0.0,0.0,0,0.0,0,0.0,0.0,0.0,0,0,0,0,0.0,0.0,0,0.0,0.0,0,0,0,0,0.0,0,0,0,0,0,0,0,0.0,0,0,0,0,0,0,0,0,0,0.0,0.0,0,0.0,0,0,0,0,0,0,0,0.0,0,0,0
2008-05,0,0,0.0,0.0,0,0,0,0,0,0,0.0,0,0,0.0,0,0.0,0.0,0.0,0,0,0.0,0.0,0.0,0.0,0,0,0.0,0,0,0,0.0,0.0,0,0.0,0,0,0.0,0,0,0,0,0.0,0.0,0.0,0,0,0.0,0.0,0.0,0,0,0.0,0.0,0.0,0,0,0.0,0,0,0,0.0,0.0,0.0,0.0,0,0.0,0.0,0,0.0,0,0.0,0.0,0.0,0,0,0,0,0.0,0.0,0,0.0,0.0,0,0,0,0,0.0,0,0,0,0,0,0,0,0.0,0,0,0,0,0,0,0,0,0,0.0,0.0,0,0.0,0,0,0,0,0,0,0,0.0,0,0,0
2008-06,0,0,0.0,0.0,0,0,0,0,0,0,0.0,0,0,0.0,0,0.0,0.0,0.0,0,0,0.0,0.0,0.0,0.0,0,0,0.0,0,0,0,0.0,0.0,0,0.0,0,0,0.0,0,0,0,0,0.0,0.0,0.0,0,0,0.0,0.0,0.0,0,0,0.0,0.0,0.0,0,0,0.0,0,0,0,0.0,0.0,0.0,0.0,0,0.0,0.0,0,0.0,0,0.0,0.0,0.0,0,0,0,0,0.0,0.0,0,0.0,0.0,0,0,0,0,0.0,0,0,0,0,0,0,0,0.0,0,0,0,0,0,0,0,0,0,0.0,0.0,0,0.0,0,0,0,0,0,0,0,0.0,0,0,0
2008-07,0,0,0.0,0.0,0,0,0,0,0,0,0.0,0,0,0.0,0,0.0,0.0,0.0,0,0,0.0,0.0,0.0,0.0,0,0,0.0,0,0,0,0.0,0.0,0,0.0,0,0,0.0,0,0,0,0,0.0,0.0,0.0,0,0,0.0,0.0,0.0,0,0,0.0,0.0,0.0,0,0,0.0,0,0,0,0.0,0.0,0.0,0.0,0,0.0,0.0,0,0.0,0,0.0,0.0,0.0,0,0,0,0,0.0,0.0,0,0.0,0.0,0,0,0,0,0.0,0,0,0,0,0,0,0,0.0,0,0,0,0,0,0,0,0,0,0.0,0.0,0,0.0,0,0,0,0,0,0,0,0.0,0,0,0
2008-08,0,0,0.0,0.0,0,0,0,0,0,0,0.0,0,0,0.0,0,0.0,0.0,0.0,0,0,0.0,0.0,0.0,0.0,0,0,0.0,0,0,0,0.0,0.0,0,0.0,0,0,0.0,0,0,0,0,0.0,0.0,0.0,0,0,0.0,0.0,0.0,0,0,0.0,0.0,0.0,0,0,0.0,0,0,0,0.0,0.0,0.0,0.0,0,0.0,0.0,0,0.0,0,0.0,0.0,0.0,0,0,0,0,0.0,0.0,0,0.0,0.0,0,0,0,0,0.0,0,0,0,0,0,0,0,0.0,0,0,0,0,0,0,0,0,0,0.0,0.0,0,0.0,0,0,0,0,0,0,0,0.0,0,0,0
2008-09,0,0,0.0,0.0,0,0,0,0,0,0,0.0,0,0,0.0,0,0.0,0.0,0.0,0,0,0.0,0.0,0.0,0.0,0,0,0.0,0,0,0,0.0,0.0,0,0.0,0,0,0.0,0,0,0,0,0.0,0.0,0.0,0,0,0.0,0.0,0.0,0,0,0.0,0.0,0.0,0,0,0.0,0,0,0,0.0,0.0,0.0,0.0,0,0.0,0.0,0,0.0,0,0.0,0.0,0.0,0,0,0,0,0.0,0.0,0,0.0,0.0,0,0,0,0,0.0,0,0,0,0,0,0,0,0.0,0,0,0,0,0,0,0,0,0,0.0,0.0,0,0.0,0,0,0,0,0,0,0,0.0,0,0,0
2008-10,0,0,0.0,0.0,0,0,0,0,0,0,0.0,0,0,0.0,0,0.0,0.0,0.0,0,0,0.0,0.0,0.0,0.0,0,0,0.0,0,0,0,0.0,0.0,0,0.0,0,0,0.0,0,0,0,0,0.0,0.0,0.0,0,0,0.0,0.0,0.0,0,0,0.0,0.0,0.0,0,0,0.0,0,0,0,0.0,0.0,0.0,0.0,0,0.0,0.0,0,0.0,0,0.0,0.0,0.0,0,0,0,0,0.0,0.0,0,0.0,0.0,0,0,0,0,0.0,0,0,0,0,0,0,0,0.0,0,0,0,0,0,0,0,0,0,0.0,0.0,0,0.0,0,0,0,0,0,0,0,0.0,0,0,0
2008-11,0,0,0.0,0.0,0,0,0,0,0,0,0.0,0,0,0.0,0,0.0,0.0,0.0,0,0,0.0,0.0,0.0,0.0,0,0,0.0,0,0,0,0.0,0.0,0,0.0,0,0,0.0,0,0,0,0,0.0,0.0,0.0,0,0,0.0,0.0,0.0,0,0,0.0,0.0,0.0,0,0,0.0,0,0,0,0.0,0.0,0.0,0.0,0,0.0,0.0,0,0.0,0,0.0,0.0,0.0,0,0,0,0,0.0,0.0,0,0.0,0.0,0,0,0,0,0.0,0,0,0,0,0,0,0,0.0,0,0,0,0,0,0,0,0,0,0.0,0.0,0,0.0,0,0,0,0,0,0,0,0.0,0,0,0
2008-12,0,0,0.0,0.0,0,0,0,0,0,0,0.0,0,0,0.0,0,0.0,0.0,0.0,0,0,0.0,0.0,0.0,0.0,0,0,0.0,0,0,0,0.0,0.0,0,0.0,0,0,0.0,0,0,0,0,0.0,0.0,0.0,0,0,0.0,0.0,0.0,0,0,0.0,0.0,0.0,0,0,0.0,0,0,0,0.0,0.0,0.0,0.0,0,0.0,0.0,0,0.0,0,0.0,0.0,0.0,0,0,0,0,0.0,0.0,0,0.0,0.0,0,0,0,0,0.0,0,0,0,0,0,0,0,0.0,0,0,0,0,0,0,0,0,0,0.0,0.0,0,0.0,0,0,0,0,0,0,0,0.0,0,0,0
2009-01,0,0,0.0,0.0,0,0,0,0,0,0,0.0,0,0,0.0,0,0.0,0.0,0.0,0,0,0.0,0.0,0.0,0.0,0,0,0.0,0,0,0,0.0,0.0,0,0.0,0,0,0.0,0,0,0,0,0.0,0.0,0.0,0,0,0.0,0.0,0.0,0,0,0.0,0.0,0.0,0,0,0.0,0,0,0,0.0,0.0,0.0,0.0,0,0.0,0.0,0,0.0,0,0.0,0.0,0.0,0,0,0,0,0.0,0.0,0,0.0,0.0,0,0,0,0,0.0,0,0,0,0,0,0,0,0.0,0,0,0,0,0,0,0,0,0,0.0,0.0,0,0.0,0,0,0,0,0,0,0,0.0,0,0,0
2009-02,0,0,0.0,0.0,0,0,0,0,0,0,0.0,0,0,0.0,0,0.0,0.0,0.0,0,0,0.0,0.0,0.0,0.0,0,0,0.0,0,0,0,0.0,0.0,0,0.0,0,0,0.0,0,0,0,0,0.0,0.0,0.0,0,0,0.0,0.0,0.0,0,0,0.0,0.0,0.0,0,0,0.0,0,0,0,0.0,0.0,0.0,0.0,0,0.0,0.0,0,0.0,0,0.0,0.0,0.0,0,0,0,0,0.0,0.0,0,0.0,0.0,0,0,0,0,0.0,0,0,0,0,0,0,0,0.0,0,0,0,0,0,0,0,0,0,0.0,0.0,0,0.0,0,0,0,0,0,0,0,0.0,0,0,0
2009-03,0,0,0.0,0.0,0,0,0,0,0,0,0.0,0,0,0.0,0,0.0,0.0,0.0,0,0,0.0,0.0,0.0,0.0,0,0,0.0,0,0,0,0.0,0.0,0,0.0,0,0,0.0,0,0,0,0,0.0,0.0,0.0,0,0,0.0,0.0,0.0,0,0,0.0,0.0,0.0,0,0,0.0,0,0,0,0.0,0.0,0.0,0.0,0,0.0,0.0,0,0.0,0,0.0,0.0,0.0,0,0,0,0,0.0,0.0,0,0.0,0.0,0,0,0,0,0.0,0,0,0,0,0,0,0,0.0,0,0,0,0,0,0,0,0,0,0.0,0.0,0,0.0,0,0,0,0,0,0,0,0.0,0,0,0
2009-04,0,0,0.0,0.0,0,0,0,0,0,0,0.0,0,0,0.0,0,0.0,0.0,0.0,0,0,0.0,0.0,0.0,0.0,0,0,0.0,0,0,0,0.0,0.0,0,0.0,0,0,0.0,0,0,0,0,0.0,0.0,0.0,0,0,0.0,0.0,0.0,0,0,0.0,0.0,0.0,0,0,0.0,0,0,0,0.0,0.0,0.0,0.0,0,0.0,0.0,0,0.0,0,0.0,0.0,0.0,0,0,0,0,0.0,0.0,0,0.0,0.0,0,0,0,0,0.0,0,0,0,0,0,0,0,0.0,0,0,0,0,0,0,0,0,0,0.0,0.0,0,0.0,0,0,0,0,0,0,0,0.0,0,0,0
2009-05,0,0,0.0,0.0,0,0,0,0,0,0,0.0,0,0,0.0,0,0.0,0.0,0.0,0,0,0.0,0.0,0.0,0.0,0,0,0.0,0,0,0,0.0,0.0,0,0.0,0,0,0.0,0,0,0,0,0.0,0.0,0.0,0,0,0.0,0.0,0.0,0,0,0.0,0.0,0.0,0,0,0.0,0,0,0,0.0,0.0,0.0,0.0,0,0.0,0.0,0,0.0,0,0.0,0.0,0.0,0,0,0,0,0.0,0.0,0,0.0,0.0,0,0,0,0,0.0,0,0,0,0,0,0,0,0.0,0,0,0,0,0,0,0,0,0,0.0,0.0,0,0.0,0,0,0,0,0,0,0,0.0,0,0,0
2009-06,0,0,0.0,0.0,0,0,0,0,0,0,0.0,0,0,0.0,0,0.0,0.0,0.0,0,0,0.0,0.0,0.0,0.0,0,0,0.0,0,0,0,0.0,0.0,0,0.0,0,0,0.0,0,0,0,0,0.0,0.0,0.0,0,0,0.0,0.0,0.0,0,0,0.0,0.0,0.0,0,0,0.0,0,0,0,0.0,0.0,0.0,0.0,0,0.0,0.0,0,0.0,0,0.0,0.0,0.0,0,0,0,0,0.0,0.0,0,0.0,0.0,0,0,0,0,0.0,0,0,0,0,0,0,0,0.0,0,0,0,0,0,0,0,0,0,0.0,0.0,0,0.0,0,0,0,0,0,0,0,0.0,0,0,0
2009-07,0,0,0.0,0.0,0,0,0,0,0,0,0.0,0,0,0.0,0,0.0,0.0,0.0,0,0,0.0,0.0,0.0,0.0,0,0,0.0,0,0,0,0.0,0.0,0,0.0,0,0,0.0,0,0,0,0,0.0,0.0,0.0,0,0,0.0,0.0,0.0,0,0,0.0,0.0,0.0,0,0,0.0,0,0,0,0.0,0.0,0.0,0.0,0,0.0,0.0,0,0.0,0,0.0,0.0,0.0,0,0,0,0,0.0,0.0,0,0.0,0.0,0,0,0,0,0.0,0,0,0,0,0,0,0,0.0,0,0,0,0,0,0,0,0,0,0.0,0.0,0,0.0,0,0,0,0,0,0,0,0.0,0,0,0
2009-08,0,0,0.0,0.0,0,0,0,0,0,0,0.0,0,0,0.0,0,0.0,0.0,0.0,0,0,0.0,0.0,0.0,0.0,0,0,0.0,0,0,0,0.0,0.0,0,0.0,0,0,0.0,0,0,0,0,0.0,0.0,0.0,0,0,0.0,0.0,0.0,0,0,0.0,0.0,0.0,0,0,0.0,0,0,0,0.0,0.0,0.0,0.0,0,0.0,0.0,0,0.0,0,0.0,0.0,0.0,0,0,0,0,0.0,0.0,0,0.0,0.0,0,0,0,0,0.0,0,0,0,0,0,0,0,0.0,0,0,0,0,0,0,0,0,0,0.0,0.0,0,0.0,0,0,0,0,0,0,0,0.0,0,0,0
2009-09,0,0,0.0,0.0,0,0,0,0,0,0,0.0,0,0,0.0,0,0.0,0.0,0.0,0,0,0.0,0.0,0.0,0.0,0,0,0.0,0,0,0,0.0,0.0,0,0.0,0,0,0.0,0,0,0,0,0.0,0.0,0.0,0,0,0.0,0.0,0.0,0,0,0.0,0.0,0.0,0,0,0.0,0,0,0,0.0,0.0,0.0,0.0,0,0.0,0.0,0,0.0,0,0.0,0.0,0.0,0,0,0,0,0.0,0.0,0,0.0,0.0,0,0,0,0,0.0,0,0,0,0,0,0,0,0.0,0,0,0,0,0,0,0,0,0,0.0,0.0,0,0.0,0,0,0,0,0,0,0,0.0,0,0,0
2009-10,0,0,0.0,0.0,0,0,0,0,0,0,0.0,0,0,0.0,0,0.0,0.0,0.0,0,0,0.0,0.0,0.0,0.0,0,0,0.0,0,0,0,0.0,0.0,0,0.0,0,0,0.0,0,0,0,0,0.0,0.0,0.0,0,0,0.0,0.0,0.0,0,0,0.0,0.0,0.0,0,0,0.0,0,0,0,0.0,0.0,0.0,0.0,0,0.0,0.0,0,0.0,0,0.0,0.0,0.0,0,0,0,0,0.0,0.0,0,0.0,0.0,0,0,0,0,0.0,0,0,0,0,0,0,0,0.0,0,0,0,0,0,0,0,0,0,0.0,0.0,0,0.0,0,0,0,0,0,0,0,0.0,0,0,0
2009-11,0,0,0.0,0.0,0,0,0,0,0,0,0.0,0,0,0.0,0,0.0,0.0,0.0,0,0,0.0,0.0,0.0,0.0,0,0,0.0,0,0,0,0.0,0.0,0,0.0,0,0,0.0,0,0,0,0,0.0,0.0,0.0,0,0,0.0,0.0,0.0,0,0,0.0,0.0,0.0,0,0,0.0,0,0,0,0.0,0.0,0.0,0.0,0,0.0,0.0,0,0.0,0,0.0,0.0,0.0,0,0,0,0,0.0,0.0,0,0.0,0.0,0,0,0,0,0.0,0,0,0,0,0,0,0,0.0,0,0,0,0,0,0,0,0,0,0.0,0.0,0,0.0,0,0,0,0,0,0,0,0.0,0,0,0
2009-12,0,0,0.0,0.0,0,0,0,0,0,0,0.0,0,0,0.0,0,0.0,0.0,0.0,0,0,0.0,0.0,0.0,0.0,0,0,0.0,0,0,0,0.0,0.0,0,0.0,0,0,0.0,0,0,0,0,0.0,0.0,0.0,0,0,0.0,0.0,0.0,0,0,0.0,0.0,0.0,0,0,0.0,0,0,0,0.0,0.0,0.0,0.0,0,0.0,0.0,0,0.0,0,0.0,0.0,0.0,0,0,0,0,0.0,0.0,0,0.0,0.0,0,0,0,0,0.0,0,0,0,0,0,0,0,0.0,0,0,0,0,0,0,0,0,0,0.0,0.0,0,0.0,0,0,0,0,0,0,0,0.0,0,0,0
2010-01,0,0,0.0,0.0,0,0,0,0,0,0,0.0,0,0,0.0,0,0.0,0.0,0.0,0,0,0.0,0.0,0.0,0.0,0,0,0.0,0,0,0,0.0,0.0,0,0.0,0,0,0.0,0,0,0,0,0.0,0.0,0.0,0,0,0.0,0.0,0.0,0,0,0.0,0.0,0.0,0,0,0.0,0,0,0,0.0,0.0,0.0,0.0,0,0.0,0.0,0,0.0,0,0.0,0.0,0.0,0,0,0,0,0.0,0.0,0,0.0,0.0,0,0,0,0,0.0,0,0,0,0,0,0,0,0.0,0,0,0,0,0,0,0,0,0,0.0,0.0,0,0.0,0,0,0,0,0,0,0,0.0,0,0,0
2010-02,0,0,0.0,0.0,0,0,0,0,0,0,0.0,0,0,0.0,0,0.0,0.0,0.0,0,0,0.0,0.0,0.0,0.0,0,0,0.0,0,0,0,0.0,0.0,0,0.0,0,0,0.0,0,0,0,0,0.0,0.0,0.0,0,0,0.0,0.0,0.0,0,0,0.0,0.0,0.0,0,0,0.0,0,0,0,0.0,0.0,0.0,0.0,0,0.0,0.0,0,0.0,0,0.0,0.0,0.0,0,0,0,0,0.0,0.0,0,0.0,0.0,0,0,0,0,0.0,0,0,0,0,0,0,0,0.0,0,0,0,0,0,0,0,0,0,0.0,0.0,0,0.0,0,0,0,0,0,0,0,0.0,0,0,0
2010-03,0,0,0.0,0.0,0,0,0,0,0,0,0.0,0,0,0.0,0,0.0,0.0,0.0,0,0,0.0,0.0,0.0,0.0,0,0,0.0,0,0,0,0.0,0.0,0,0.0,0,0,0.0,0,0,0,0,0.0,0.0,0.0,0,0,0.0,0.0,0.0,0,0,0.0,0.0,0.0,0,0,0.0,0,0,0,0.0,0.0,0.0,0.0,0,0.0,0.0,0,0.0,0,0.0,0.0,0.0,0,0,0,0,0.0,0.0,0,0.0,0.0,0,0,0,0,0.0,0,0,0,0,0,0,0,0.0,0,0,0,0,0,0,0,0,0,0.0,0.0,0,0.0,0,0,0,0,0,0,0,0.0,0,0,0
2010-04,0,0,0.0,0.0,0,0,0,0,0,0,0.0,0,0,0.0,0,0.0,0.0,0.0,0,0,0.0,0.0,0.0,0.0,0,0,0.0,0,0,0,0.0,0.0,0,0.0,0,0,0.0,0,0,0,0,0.0,0.0,0.0,0,0,0.0,0.0,0.0,0,0,0.0,0.0,0.0,0,0,0.0,0,0,0,0.0,0.0,0.0,0.0,0,0.0,0.0,0,0.0,0,0.0,0.0,0.0,0,0,0,0,0.0,0.0,0,0.0,0.0,0,0,0,0,0.0,0,0,0,0,0,0,0,0.0,0,0,0,0,0,0,0,0,0,0.0,0.0,0,0.0,0,0,0,0,0,0,0,0.0,0,0,0
2010-05,0,0,0.0,0.0,0,0,0,0,0,0,0.0,0,0,0.0,0,0.0,0.0,0.0,0,0,0.0,0.0,0.0,0.0,0,0,0.0,0,0,0,0.0,0.0,0,0.0,0,0,0.0,0,0,0,0,0.0,0.0,0.0,0,0,0.0,0.0,0.0,0,0,0.0,0.0,0.0,0,0,0.0,0,0,0,0.0,0.0,0.0,0.0,0,0.0,0.0,0,0.0,0,0.0,0.0,0.0,0,0,0,0,0.0,0.0,0,0.0,0.0,0,0,0,0,0.0,0,0,0,0,0,0,0,0.0,0,0,0,0,0,0,0,0,0,0.0,0.0,0,0.0,0,0,0,0,0,0,0,0.0,0,0,0
2010-06,0,0,0.0,0.0,0,0,0,0,0,0,0.0,0,0,0.0,0,0.0,0.0,0.0,0,0,0.0,0.0,0.0,0.0,0,0,0.0,0,0,0,0.0,0.0,0,0.0,0,0,0.0,0,0,0,0,0.0,0.0,0.0,0,0,0.0,0.0,0.0,0,0,0.0,0.0,0.0,0,0,0.0,0,0,0,0.0,0.0,0.0,0.0,0,0.0,0.0,0,0.0,0,0.0,0.0,0.0,0,0,0,0,0.0,0.0,0,0.0,0.0,0,0,0,0,0.0,0,0,0,0,0,0,0,0.0,0,0,0,0,0,0,0,0,0,0.0,0.0,0,0.0,0,0,0,0,0,0,0,0.0,0,0,0
2010-07,0,0,0.0,0.0,0,0,0,0,0,0,0.0,0,0,0.0,0,0.0,0.0,0.0,0,0,0.0,0.0,0.0,0.0,0,0,0.0,0,0,0,0.0,0.0,0,0.0,0,0,0.0,0,0,0,0,0.0,0.0,0.0,0,0,0.0,0.0,0.0,0,0,0.0,0.0,0.0,0,0,0.0,0,0,0,0.0,0.0,0.0,0.0,0,0.0,0.0,0,0.0,0,0.0,0.0,0.0,0,0,0,0,0.0,0.0,0,0.0,0.0,0,0,0,0,0.0,0,0,0,0,0,0,0,0.0,0,0,0,0,0,0,0,0,0,0.0,0.0,0,0.0,0,0,0,0,0,0,0,0.0,0,0,0
2010-08,0,0,0.0,0.0,0,0,0,0,0,0,0.0,0,0,0.0,0,0.0,0.0,0.0,0,0,0.0,0.0,0.0,0.0,0,0,0.0,0,0,0,0.0,0.0,0,0.0,0,0,0.0,0,0,0,0,0.0,0.0,0.0,0,0,0.0,0.0,0.0,0,0,0.0,0.0,0.0,0,0,0.0,0,0,0,0.0,0.0,0.0,0.0,0,0.0,0.0,0,0.0,0,0.0,0.0,0.0,0,0,0,0,0.0,0.0,0,0.0,0.0,0,0,0,0,0.0,0,0,0,0,0,0,0,0.0,0,0,0,0,0,0,0,0,0,0.0,0.0,0,0.0,0,0,0,0,0,0,0,0.0,0,0,0
2010-09,0,0,0.0,0.0,0,0,0,0,0,0,0.0,0,0,0.0,0,0.0,0.0,0.0,0,0,0.0,0.0,0.0,0.0,0,0,0.0,0,0,0,0.0,0.0,0,0.0,0,0,0.0,0,0,0,0,0.0,0.0,0.0,0,0,0.0,0.0,0.0,0,0,0.0,0.0,0.0,0,0,0.0,0,0,0,0.0,0.0,0.0,0.0,0,0.0,0.0,0,0.0,0,0.0,0.0,0.0,0,0,0,0,0.0,0.0,0,0.0,0.0,0,0,0,0,0.0,0,0,0,0,0,0,0,0.0,0,0,0,0,0,0,0,0,0,0.0,0.0,0,0.0,0,0,0,0,0,0,0,0.0,0,0,0
2010-10,0,0,0.0,0.0,0,0,0,0,0,0,0.0,0,0,0.0,0,0.0,0.0,0.0,0,0,0.0,0.0,0.0,0.0,0,0,0.0,0,0,0,0.0,0.0,0,0.0,0,0,0.0,0,0,0,0,0.0,0.0,0.0,0,0,0.0,0.0,0.0,0,0,0.0,0.0,0.0,0,0,0.0,0,0,0,0.0,0.0,0.0,0.0,0,0.0,0.0,0,0.0,0,0.0,0.0,0.0,0,0,0,0,0.0,0.0,0,0.0,0.0,0,0,0,0,0.0,0,0,0,0,0,0,0,0.0,0,0,0,0,0,0,0,0,0,0.0,0.0,0,0.0,0,0,0,0,0,0,0,0.0,0,0,0
2010-11,0,0,0.0,0.0,0,0,0,0,0,0,0.0,0,0,0.0,0,0.0,0.0,0.0,0,0,0.0,0.0,0.0,0.0,0,0,0.0,0,0,0,0.0,0.0,0,0.0,0,0,0.0,0,0,0,0,0.0,0.0,0.0,0,0,0.0,0.0,0.0,0,0,0.0,0.0,0.0,0,0,0.0,0,0,0,0.0,0.0,0.0,0.0,0,0.0,0.0,0,0.0,0,0.0,0.0,0.0,0,0,0,0,0.0,0.0,0,0.0,0.0,0,0,0,0,0.0,0,0,0,0,0,0,0,0.0,0,0,0,0,0,0,0,0,0,0.0,0.0,0,0.0,0,0,0,0,0,0,0,0.0,0,0,0
2010-12,0,0,0.0,0.0,0,0,0,0,0,0,0.0,0,0,0.0,0,0.0,0.0,0.0,0,0,0.0,0.0,0.0,0.0,0,0,0.0,0,0,0,0.0,0.0,0,0.0,0,0,0.0,0,0,0,0,0.0,0.0,0.0,0,0,0.0,0.0,0.0,0,0,0.0,0.0,0.0,0,0,0.0,0,0,0,0.0,0.0,0.0,0.0,0,0.0,0.0,0,0.0,0,0.0,0.0,0.0,0,0,0,0,0.0,0.0,0,0.0,0.0,0,0,0,0,0.0,0,0,0,0,0,0,0,0.0,0,0,0,0,0,0,0,0,0,0.0,0.0,0,0.0,0,0,0,0,0,0,0,0.0,0,0,0
2011-01,0,0,0.0,0.0,0,0,0,0,0,0,0.0,0,0,0.0,0,0.0,0.0,0.0,0,0,0.0,0.0,0.0,0.0,0,0,0.0,0,0,0,0.0,0.0,0,0.0,0,0,0.0,0,0,0,0,0.0,0.0,0.0,0,0,0.0,0.0,0.0,0,0,0.0,0.0,0.0,0,0,0.0,0,0,0,0.0,0.0,0.0,0.0,0,0.0,0.0,0,0.0,0,0.0,0.0,0.0,0,0,0,0,0.0,0.0,0,0.0,0.0,0,0,0,0,0.0,0,0,0,0,0,0,0,0.0,0,0,0,0,0,0,0,0,0,0.0,0.0,0,0.0,0,0,0,0,0,0,0,0.0,0,0,0
2011-02,0,0,0.0,0.0,0,0,0,0,0,0,0.0,0,0,0.0,0,0.0,0.0,0.0,0,0,0.0,0.0,0.0,0.0,0,0,0.0,0,0,0,0.0,0.0,0,0.0,0,0,0.0,0,0,0,0,0.0,0.0,0.0,0,0,0.0,0.0,0.0,0,0,0.0,0.0,0.0,0,0,0.0,0,0,0,0.0,0.0,0.0,0.0,0,0.0,0.0,0,0.0,0,0.0,0.0,0.0,0,0,0,0,0.0,0.0,0,0.0,0.0,0,0,0,0,0.0,0,0,0,0,0,0,0,0.0,0,0,0,0,0,0,0,0,0,0.0,0.0,0,0.0,0,0,0,0,0,0,0,0.0,0,0,0
2011-03,0,0,0.0,0.0,0,0,0,0,0,0,0.0,0,0,0.0,0,0.0,0.0,0.0,0,0,0.0,0.0,0.0,0.0,0,0,0.0,0,0,0,0.0,0.0,0,0.0,0,0,0.0,0,0,0,0,0.0,0.0,0.0,0,0,0.0,0.0,0.0,0,0,0.0,0.0,0.0,0,0,0.0,0,0,0,0.0,0.0,0.0,0.0,0,0.0,0.0,0,0.0,0,0.0,0.0,0.0,0,0,0,0,0.0,0.0,0,0.0,0.0,0,0,0,0,0.0,0,0,0,0,0,0,0,0.0,0,0,0,0,0,0,0,0,0,0.0,0.0,0,0.0,0,0,0,0,0,0,0,0.0,0,0,0
2011-04,0,0,0.0,0.0,0,0,0,0,0,0,0.0,0,0,0.0,0,0.0,0.0,0.0,0,0,0.0,0.0,0.0,0.0,0,0,0.0,0,0,0,0.0,0.0,0,0.0,0,0,0.0,0,0,0,0,0.0,0.0,0.0,0,0,0.0,0.0,0.0,0,0,0.0,0.0,0.0,0,0,0.0,0,0,0,0.0,0.0,0.0,0.0,0,0.0,0.0,0,0.0,0,0.0,0.0,0.0,0,0,0,0,0.0,0.0,0,0.0,0.0,0,0,0,0,0.0,0,0,0,0,0,0,0,0.0,0,0,0,0,0,0,0,0,0,0.0,0.0,0,0.0,0,0,0,0,0,0,0,0.0,0,0,0
2011-05,0,0,0.0,0.0,0,0,0,0,0,0,0.0,0,0,0.0,0,0.0,0.0,0.0,0,0,0.0,0.0,0.0,0.0,0,0,0.0,0,0,0,0.0,0.0,0,0.0,0,0,0.0,0,0,0,0,0.0,0.0,0.0,0,0,0.0,0.0,0.0,0,0,0.0,0.0,0.0,0,0,0.0,0,0,0,0.0,0.0,0.0,0.0,0,0.0,0.0,0,0.0,0,0.0,0.0,0.0,0,0,0,0,0.0,0.0,0,0.0,0.0,0,0,0,0,0.0,0,0,0,0,0,0,0,0.0,0,0,0,0,0,0,0,0,0,0.0,0.0,0,0.0,0,0,0,0,0,0,0,0.0,0,0,0
2011-06,0,0,0.0,0.0,0,0,0,0,0,0,0.0,0,0,0.0,0,0.0,0.0,0.0,0,0,0.0,0.0,0.0,0.0,0,0,0.0,0,0,0,0.0,0.0,0,0.0,0,0,0.0,0,0,0,0,0.0,0.0,0.0,0,0,0.0,0.0,0.0,0,0,0.0,0.0,0.0,0,0,0.0,0,0,0,0.0,0.0,0.0,0.0,0,0.0,0.0,0,0.0,0,0.0,0.0,0.0,0,0,0,0,0.0,0.0,0,0.0,0.0,0,0,0,0,0.0,0,0,0,0,0,0,0,0.0,0,0,0,0,0,0,0,0,0,0.0,0.0,0,0.0,0,0,0,0,0,0,0,0.0,0,0,0
2011-07,0,0,0.0,0.0,0,0,0,0,0,0,0.0,0,0,0.0,0,0.0,0.0,0.0,0,0,0.0,0.0,0.0,0.0,0,0,0.0,0,0,0,0.0,0.0,0,0.0,0,0,0.0,0,0,0,0,0.0,0.0,0.0,0,0,0.0,0.0,0.0,0,0,0.0,0.0,0.0,0,0,0.0,0,0,0,0.0,0.0,0.0,0.0,0,0.0,0.0,0,0.0,0,0.0,0.0,0.0,0,0,0,0,0.0,0.0,0,0.0,0.0,0,0,0,0,0.0,0,0,0,0,0,0,0,0.0,0,0,0,0,0,0,0,0,0,0.0,0.0,0,0.0,0,0,0,0,0,0,0,0.0,0,0,0
2011-08,0,0,0.0,0.0,0,0,0,0,0,0,0.0,0,0,0.0,0,0.0,0.0,0.0,0,0,0.0,0.0,0.0,0.0,0,0,0.0,0,0,0,0.0,0.0,0,0.0,0,0,0.0,0,0,0,0,0.0,0.0,0.0,0,0,0.0,0.0,0.0,0,0,0.0,0.0,0.0,0,0,0.0,0,0,0,0.0,0.0,0.0,0.0,0,0.0,0.0,0,0.0,0,0.0,0.0,0.0,0,0,0,0,0.0,0.0,0,0.0,0.0,0,0,0,0,0.0,0,0,0,0,0,0,0,0.0,0,0,0,0,0,0,0,0,0,0.0,0.0,0,0.0,0,0,0,0,0,0,0,0.0,0,0,0
2011-09,0,0,0.0,0.0,0,0,0,0,0,0,0.0,0,0,0.0,0,0.0,0.0,0.0,0,0,0.0,0.0,0.0,0.0,0,0,0.0,0,0,0,0.0,0.0,0,0.0,0,0,0.0,0,0,0,0,0.0,0.0,0.0,0,0,0.0,0.0,0.0,0,0,0.0,0.0,0.0,0,0,0.0,0,0,0,0.0,0.0,0.0,0.0,0,0.0,0.0,0,0.0,0,0.0,0.0,0.0,0,0,0,0,0.0,0.0,0,0.0,0.0,0,0,0,0,0.0,0,0,0,0,0,0,0,0.0,0,0,0,0,0,0,0,0,0,0.0,0.0,0,0.0,0,0,0,0,0,0,0,0.0,0,0,0
2011-10,0,0,0.0,0.0,0,0,0,0,0,0,0.0,0,0,0.0,0,0.0,0.0,0.0,0,0,0.0,0.0,0.0,0.0,0,0,0.0,0,0,0,0.0,0.0,0,0.0,0,0,0.0,0,0,0,0,0.0,0.0,0.0,0,0,0.0,0.0,0.0,0,0,0.0,0.0,0.0,0,0,0.0,0,0,0,0.0,0.0,0.0,0.0,0,0.0,0.0,0,0.0,0,0.0,0.0,0.0,0,0,0,0,0.0,0.0,0,0.0,0.0,0,0,0,0,0.0,0,0,0,0,0,0,0,0.0,0,0,0,0,0,0,0,0,0,0.0,0.0,0,0.0,0,0,0,0,0,0,0,0.0,0,0,0
2011-11,0,0,0.0,0.0,0,0,0,0,0,0,0.0,0,0,0.0,0,0.0,0.0,0.0,0,0,0.0,0.0,0.0,0.0,0,0,0.0,0,0,0,0.0,0.0,0,0.0,0,0,0.0,0,0,0,0,0.0,0.0,0.0,0,0,0.0,0.0,0.0,0,0,0.0,0.0,0.0,0,0,0.0,0,0,0,0.0,0.0,0.0,0.0,0,0.0,0.0,0,0.0,0,0.0,0.0,0.0,0,0,0,0,0.0,0.0,0,0.0,0.0,0,0,0,0,0.0,0,0,0,0,0,0,0,0.0,0,0,0,0,0,0,0,0,0,0.0,0.0,0,0.0,0,0,0,0,0,0,0,0.0,0,0,0
2011-12,0,0,0.0,0.0,0,0,0,0,0,0,0.0,0,0,0.0,0,0.0,0.0,0.0,0,0,0.0,0.0,0.0,0.0,0,0,0.0,0,0,0,0.0,0.0,0,0.0,0,0,0.0,0,0,0,0,0.0,0.0,0.0,0,0,0.0,0.0,0.0,0,0,0.0,0.0,0.0,0,0,0.0,0,0,0,0.0,0.0,0.0,0.0,0,0.0,0.0,0,0.0,0,0.0,0.0,0.0,0,0,0,0,0.0,0.0,0,0.0,0.0,0,0,0,0,0.0,0,0,0,0,0,0,0,0.0,0,0,0,0,0,0,0,0,0,0.0,0.0,0,0.0,0,0,0,0,0,0,0,0.0,0,0,0
2012-01,0,0,0.0,0.0,0,0,0,0,0,0,0.0,0,0,0.0,0,0.0,0.0,0.0,0,0,0.0,100.0,0.0,0.0,0,0,0.0,0,0,0,0.0,0.0,0,0.0,0,0,0.0,0,0,0,0,0.0,0.0,0.0,0,0,0.0,100.0,0.0,0,0,0.0,0.0,0.0,0,0,0.0,0,0,0,0.0,0.0,0.0,0.0,0,0.0,0.0,0,0.0,0,0.0,0.0,0.0,0,0,0,0,0.0,0.0,0,0.0,0.0,0,0,0,0,0.0,0,0,0,0,0,0,0,0.0,0,0,0,0,0,0,0,0,0,0.0,0.0,0,0.0,0,0,0,0,0,0,0,0.0,0,0,0
2012-02,0,0,0.0,0.0,0,0,0,0,0,0,0.0,0,0,0.0,0,0.0,0.0,0.0,0,0,0.0,0.0,0.0,0.0,0,0,0.0,0,0,0,0.0,0.0,0,0.0,0,0,0.0,0,0,0,0,0.0,0.0,0.0,0,0,0.0,0.0,0.0,0,0,0.0,0.0,0.0,0,0,0.0,0,0,0,0.0,0.0,0.0,0.0,0,0.0,0.0,0,0.0,0,0.0,0.0,0.0,0,0,0,0,0.0,0.0,0,0.0,0.0,0,0,0,0,0.0,0,0,0,0,0,0,0,0.0,0,0,0,0,0,0,0,0,0,0.0,0.0,0,0.0,0,0,0,0,0,0,0,0.0,0,0,0
2012-03,0,0,0.0,0.0,0,0,0,0,0,0,0.0,0,0,0.0,0,0.0,0.0,0.0,0,0,0.0,0.0,0.0,0.0,0,0,0.0,0,0,0,0.0,0.0,0,0.0,0,0,0.0,0,0,0,0,0.0,0.0,0.0,0,0,0.0,0.0,0.0,0,0,0.0,0.0,0.0,0,0,0.0,0,0,0,0.0,0.0,0.0,0.0,0,0.0,0.0,0,0.0,0,0.0,0.0,0.0,0,0,0,0,0.0,0.0,0,0.0,0.0,0,0,0,0,0.0,0,0,0,0,0,0,0,0.0,0,0,0,0,0,0,0,0,0,0.0,0.0,0,0.0,0,0,0,0,0,0,0,0.0,0,0,0
2012-04,0,0,0.0,0.0,0,0,0,0,0,0,0.0,0,0,0.0,0,0.0,0.0,0.0,100,0,0.0,0.0,0.0,0.0,0,0,0.0,0,0,0,0.0,0.0,0,0.0,0,0,0.0,0,0,0,0,0.0,0.0,0.0,0,0,0.0,0.0,0.0,0,0,0.0,0.0,0.0,0,0,0.0,0,0,0,0.0,0.0,0.0,0.0,0,0.0,0.0,0,0.0,0,0.0,0.0,0.0,0,0,0,0,0.0,0.0,0,0.0,0.0,0,0,0,0,0.0,0,0,0,0,0,0,0,0.0,0,0,0,0,0,0,0,0,0,0.0,0.0,0,0.0,0,0,0,0,0,0,0,0.0,0,0,0
2012-05,0,0,0.0,0.0,0,0,0,0,0,0,0.0,0,0,0.0,0,0.0,0.0,0.0,0,0,0.0,0.0,0.0,0.0,0,0,0.0,0,0,0,0.0,0.0,0,0.0,0,0,0.0,0,0,0,0,0.0,0.0,0.0,0,0,0.0,0.0,0.0,0,0,0.0,0.0,0.0,0,0,0.0,0,0,0,0.0,0.0,0.0,0.0,0,0.0,0.0,0,0.0,0,0.0,0.0,0.0,0,0,0,0,0.0,0.0,0,0.0,0.0,0,0,0,0,0.0,0,0,0,0,0,0,0,0.0,0,0,0,0,0,0,0,0,0,0.0,0.0,0,0.0,0,0,0,0,0,0,0,0.0,0,0,0
2012-06,0,0,0.0,0.0,0,0,0,0,0,0,0.0,0,0,0.0,0,0.0,0.0,0.0,0,0,0.0,0.0,0.0,0.0,0,0,0.0,0,0,0,0.0,0.0,0,0.0,0,0,0.0,0,0,0,0,0.0,0.0,0.0,0,0,0.0,0.0,0.0,0,0,0.0,0.0,0.0,0,0,0.0,0,0,0,0.0,0.0,0.0,0.0,0,0.0,0.0,0,0.0,0,0.0,0.0,0.0,0,0,0,0,0.0,0.0,0,0.0,0.0,0,0,0,0,0.0,0,0,0,0,0,0,0,0.0,0,0,0,0,0,0,0,0,0,0.0,0.0,0,0.0,0,0,0,0,0,0,0,0.0,0,0,0
2012-07,0,0,0.0,0.0,0,0,0,0,0,0,0.0,0,0,0.0,0,0.0,0.0,0.0,0,0,0.0,0.0,0.0,0.0,0,0,0.0,0,0,0,0.0,0.0,0,0.0,0,0,0.0,0,0,0,0,0.0,0.0,0.0,0,0,0.0,0.0,0.0,0,0,0.0,0.0,0.0,0,0,0.0,0,0,0,0.0,0.0,0.0,0.0,0,0.0,0.0,0,0.0,0,0.0,0.0,0.0,0,0,0,0,0.0,0.0,0,0.0,0.0,0,0,0,0,0.0,0,0,0,0,0,0,0,0.0,0,0,0,0,0,0,0,0,0,0.0,0.0,0,0.0,0,0,0,0,0,0,0,0.0,0,0,0
2012-08,0,0,0.0,0.0,0,0,0,0,0,0,0.0,0,0,0.0,0,0.0,0.0,0.0,0,0,0.0,0.0,0.0,0.0,0,0,0.0,0,0,0,0.0,0.0,0,0.0,0,0,0.0,0,0,0,0,0.0,0.0,0.0,0,0,0.0,0.0,0.0,0,0,0.0,0.0,0.0,0,0,0.0,0,0,0,0.0,0.0,0.0,0.0,0,0.0,0.0,0,0.0,0,0.0,0.0,0.0,0,0,0,0,0.0,0.0,0,0.0,0.0,0,0,0,0,0.0,0,0,0,0,0,0,0,0.0,0,0,0,0,0,0,0,0,0,0.0,0.0,0,0.0,0,0,0,0,0,0,0,0.0,0,0,0
2012-09,0,0,0.0,0.0,0,0,0,0,0,0,0.0,0,0,0.0,0,0.0,0.0,0.0,0,0,0.0,0.0,0.0,0.0,0,0,0.0,0,0,0,0.0,0.0,0,0.0,0,0,0.0,0,0,0,0,0.0,0.0,0.0,0,0,0.0,0.0,0.0,0,0,0.0,0.0,0.0,0,0,0.0,0,0,0,0.0,0.0,0.0,0.0,0,0.0,0.0,0,0.0,0,0.0,0.0,0.0,0,0,0,0,0.0,0.0,0,0.0,0.0,0,0,0,0,0.0,0,0,0,0,0,0,0,0.0,0,0,0,0,0,0,0,0,0,0.0,0.0,0,0.0,0,0,0,0,0,0,0,0.0,0,0,0
2012-10,0,0,0.0,0.0,0,0,0,0,0,0,0.0,0,0,0.0,0,0.0,0.0,0.0,0,0,0.0,0.0,0.0,0.0,0,0,0.0,0,0,0,0.0,0.0,0,0.0,0,0,0.0,0,0,0,0,0.0,0.0,0.0,0,0,0.0,0.0,0.0,0,0,0.0,0.0,0.0,0,0,0.0,0,0,0,0.0,0.0,0.0,0.0,0,0.0,0.0,0,0.0,0,0.0,0.0,0.0,0,0,0,0,0.0,0.0,0,0.0,0.0,0,0,0,0,0.0,0,0,0,0,0,0,0,0.0,0,0,0,0,0,0,0,0,0,0.0,0.0,0,0.0,0,0,0,0,0,0,0,0.0,0,0,0
2012-11,0,0,0.0,0.0,0,0,0,0,0,0,0.0,0,0,0.0,0,0.0,0.0,0.0,0,0,0.0,0.0,0.0,0.0,0,0,0.0,0,0,0,0.0,0.0,0,0.0,0,0,0.0,0,0,0,0,0.0,0.0,0.0,0,0,0.0,0.0,0.0,0,0,0.0,0.0,0.0,0,0,0.0,0,0,0,0.0,0.0,0.0,0.0,0,0.0,0.0,0,0.0,0,0.0,0.0,0.0,0,0,0,0,0.0,0.0,0,0.0,0.0,0,0,0,0,0.0,0,0,0,0,0,0,0,0.0,0,0,0,0,0,0,0,0,0,0.0,0.0,0,0.0,0,0,0,0,0,0,0,0.0,0,0,0
2012-12,0,0,0.0,0.0,0,0,0,0,0,0,0.0,100,0,0.0,0,0.0,0.0,0.0,0,0,0.0,0.0,0.0,50.0,0,0,0.0,0,0,0,0.0,0.0,0,0.0,0,0,0.0,0,0,0,0,0.0,0.0,0.0,0,0,0.0,0.0,0.0,0,0,0.0,0.0,0.0,0,0,0.0,0,0,0,0.0,0.0,0.0,0.0,0,0.0,0.0,0,0.0,0,0.0,0.0,0.0,0,0,0,0,0.0,0.0,0,0.0,0.0,0,0,0,0,0.0,0,0,0,0,0,0,0,0.0,0,0,0,0,0,0,0,0,0,0.0,0.0,0,0.0,0,0,0,0,0,0,0,0.0,0,0,0
2013-01,0,0,0.0,0.0,0,0,0,0,0,0,0.0,0,0,0.0,0,0.0,0.0,0.0,0,0,0.0,0.0,0.0,0.0,0,0,0.0,0,0,0,0.0,0.0,0,0.0,0,0,0.0,0,0,0,0,0.0,100.0,0.0,0,0,0.0,0.0,0.0,0,0,0.0,0.0,0.0,0,0,0.0,0,0,0,0.0,0.0,0.0,0.0,0,0.0,0.0,0,0.0,0,0.0,0.0,0.0,0,0,0,0,0.0,0.0,0,0.0,0.0,0,0,0,0,0.0,0,0,0,0,0,0,0,0.0,0,0,0,0,0,0,0,100,0,0.0,0.0,0,0.0,0,0,0,0,0,0,0,0.0,0,0,0
2013-02,0,0,0.0,0.0,0,0,0,0,0,0,0.0,0,0,0.0,0,0.0,0.0,0.0,0,0,0.0,0.0,0.0,0.0,0,0,0.0,0,0,0,0.0,0.0,0,0.0,0,0,0.0,0,0,0,0,0.0,0.0,0.0,0,0,0.0,0.0,0.0,0,0,0.0,0.0,0.0,0,0,0.0,0,0,0,0.0,0.0,0.0,0.0,0,0.0,0.0,0,0.0,0,0.0,0.0,0.0,0,0,0,0,0.0,0.0,0,0.0,0.0,0,0,0,0,0.0,0,0,0,0,0,0,0,0.0,0,0,0,0,0,0,0,0,0,0.0,0.0,0,0.0,0,0,0,0,0,0,0,0.0,0,0,0
2013-03,0,0,0.0,0.0,0,0,0,0,0,0,0.0,0,0,0.0,0,0.0,0.0,0.0,0,0,0.0,0.0,0.0,0.0,0,0,0.0,0,0,0,0.0,0.0,0,0.0,0,0,0.0,0,0,0,0,0.0,0.0,0.0,0,0,0.0,0.0,0.0,0,0,0.0,0.0,0.0,0,0,0.0,0,0,0,0.0,0.0,0.0,0.0,0,0.0,0.0,0,0.0,0,0.0,0.0,0.0,0,0,0,0,0.0,0.0,0,0.0,0.0,0,0,0,0,0.0,0,0,0,0,0,0,0,0.0,0,0,0,0,0,0,0,0,0,0.0,0.0,0,0.0,0,0,0,0,0,0,0,0.0,0,0,0
2013-04,0,0,0.0,0.0,0,0,0,0,0,0,0.0,0,0,0.0,0,0.0,0.0,0.0,0,0,0.0,0.0,0.0,0.0,0,0,0.0,0,0,0,0.0,0.0,0,0.0,0,0,0.0,0,0,0,0,0.0,0.0,0.0,0,0,0.0,0.0,0.0,0,0,0.0,0.0,0.0,0,0,0.0,0,0,0,0.0,0.0,0.0,0.0,0,0.0,0.0,0,0.0,0,0.0,0.0,0.0,0,0,0,0,0.0,0.0,0,0.0,0.0,0,0,0,0,0.0,0,0,0,0,0,90,0,0.0,0,0,0,0,0,0,0,0,0,0.0,100.0,0,0.0,0,0,0,0,0,0,0,0.0,0,0,0
2013-05,0,0,0.0,0.0,0,0,0,0,0,0,0.0,0,0,0.0,0,0.0,0.0,0.0,0,0,0.0,0.0,0.0,0.0,0,0,0.0,0,0,0,0.0,0.0,0,0.0,0,0,0.0,0,0,0,0,0.0,0.0,0.0,0,0,0.0,0.0,0.0,0,0,0.0,0.0,0.0,0,0,0.0,0,0,0,0.0,0.0,0.0,0.0,0,0.0,0.0,0,0.0,0,0.0,0.0,0.0,0,0,0,0,0.0,0.0,0,0.0,0.0,0,0,0,0,0.0,0,0,0,0,0,0,0,0.0,0,0,0,0,0,0,0,0,0,0.0,0.0,0,0.0,0,0,0,0,0,0,0,0.0,0,0,0
2013-06,0,0,0.0,0.0,0,0,0,0,0,0,0.0,0,0,0.0,0,0.0,0.0,0.0,0,0,0.0,0.0,0.0,0.0,0,0,0.0,0,0,0,0.0,0.0,0,0.0,0,0,0.0,0,0,0,0,0.0,0.0,0.0,0,0,0.0,0.0,0.0,0,0,0.0,0.0,0.0,0,0,0.0,0,0,0,0.0,0.0,0.0,0.0,0,0.0,0.0,0,0.0,0,0.0,0.0,0.0,0,0,0,0,0.0,0.0,0,0.0,0.0,0,0,0,0,0.0,0,0,0,0,0,0,0,0.0,0,0,0,0,0,0,0,0,0,0.0,0.0,0,0.0,0,0,0,0,0,0,0,0.0,0,0,0
2013-07,0,0,0.0,0.0,0,0,0,0,0,0,0.0,0,0,0.0,0,0.0,0.0,0.0,0,0,0.0,0.0,0.0,0.0,0,0,0.0,0,0,0,0.0,0.0,0,0.0,0,0,0.0,0,0,0,0,0.0,0.0,0.0,0,0,0.0,0.0,0.0,0,0,0.0,0.0,0.0,0,0,0.0,0,0,0,0.0,0.0,0.0,0.0,0,0.0,0.0,0,0.0,0,0.0,0.0,0.0,0,0,0,0,0.0,0.0,0,0.0,0.0,0,0,0,0,0.0,0,0,0,0,0,0,0,91.0,0,0,0,0,0,0,0,0,0,0.0,0.0,0,0.0,0,0,0,0,0,0,0,0.0,0,0,0
2013-08,0,0,0.0,0.0,0,0,0,0,0,100,0.0,0,0,0.0,0,0.0,0.0,0.0,0,43,0.0,0.0,0.0,0.0,29,0,0.0,0,0,100,0.0,0.0,0,0.0,100,0,0.0,0,0,100,0,0.0,0.0,0.0,71,0,0.0,0.0,0.0,33,0,0.0,0.0,0.0,100,0,0.0,0,0,100,0.0,0.0,0.0,0.0,100,0.0,0.0,0,0.0,100,0.0,0.0,0.0,0,100,0,0,0.0,0.0,100,0.0,0.0,0,100,0,0,0.0,0,100,0,0,0,0,100,0.0,0,0,0,100,0,0,0,0,67,0.0,0.0,0,0.0,78,0,0,0,0,100,0,0.0,0,0,100
2013-09,0,0,0.0,0.0,0,0,0,0,0,0,0.0,0,0,0.0,0,0.0,0.0,0.0,0,0,0.0,0.0,0.0,0.0,0,0,0.0,0,0,0,0.0,0.0,0,0.0,0,0,0.0,0,0,0,0,0.0,0.0,0.0,0,0,0.0,0.0,0.0,0,0,0.0,0.0,0.0,0,0,0.0,0,0,0,0.0,0.0,0.0,0.0,0,0.0,0.0,0,0.0,0,0.0,0.0,0.0,0,0,0,0,0.0,0.0,0,0.0,0.0,0,0,0,0,0.0,0,0,0,0,0,0,0,0.0,0,0,0,0,0,0,0,0,0,0.0,0.0,0,0.0,0,0,0,0,0,0,0,0.0,0,0,0
2013-10,0,0,0.0,0.0,0,0,0,0,0,0,0.0,0,0,0.0,0,0.0,0.0,0.0,0,0,0.0,0.0,0.0,0.0,0,0,0.0,0,0,0,0.0,0.0,0,0.0,0,0,0.0,0,0,0,0,0.0,0.0,0.0,0,0,0.0,0.0,0.0,0,0,0.0,0.0,0.0,0,0,0.0,0,0,0,0.0,0.0,0.0,0.0,0,0.0,0.0,0,0.0,0,0.0,0.0,0.0,0,0,0,0,0.0,0.0,0,0.0,0.0,0,0,0,0,0.0,0,0,0,0,0,0,0,0.0,0,0,0,0,0,0,0,0,0,0.0,0.0,0,0.0,0,0,0,0,0,0,0,0.0,0,0,0
2013-11,0,0,0.0,0.0,0,0,0,0,0,0,0.0,0,0,0.0,0,0.0,0.0,0.0,0,0,0.0,0.0,0.0,0.0,0,0,0.0,0,0,0,0.0,0.0,0,0.0,0,0,0.0,0,0,0,0,0.0,0.0,0.0,0,0,0.0,0.0,0.0,0,0,0.0,0.0,0.0,0,0,0.0,0,0,0,0.0,0.0,0.0,0.0,0,0.0,0.0,0,0.0,0,0.0,0.0,0.0,0,0,0,0,0.0,0.0,0,0.0,0.0,0,0,0,0,0.0,0,0,0,0,0,0,0,0.0,0,0,0,0,0,0,0,0,0,0.0,0.0,0,0.0,0,0,0,0,0,0,0,0.0,0,0,0
2013-12,0,0,0.0,0.0,0,0,0,0,0,0,0.0,0,0,0.0,0,0.0,0.0,0.0,0,0,0.0,0.0,0.0,0.0,0,0,0.0,0,0,0,0.0,0.0,0,0.0,0,0,0.0,0,0,0,0,0.0,0.0,0.0,0,0,0.0,0.0,0.0,0,0,0.0,0.0,0.0,0,0,0.0,0,0,0,0.0,0.0,0.0,0.0,0,0.0,0.0,0,0.0,0,0.0,0.0,0.0,0,0,0,0,0.0,0.0,0,0.0,0.0,0,0,0,0,0.0,0,0,0,0,0,0,0,0.0,0,0,0,0,0,0,0,0,0,0.0,0.0,0,0.0,0,0,0,0,0,0,0,0.0,0,0,0
2014-01,0,0,0.0,0.0,0,0,0,0,0,0,0.0,0,0,0.0,0,0.0,0.0,0.0,0,0,0.0,0.0,0.0,0.0,0,0,0.0,0,0,0,0.0,0.0,0,0.0,0,0,0.0,0,0,0,0,0.0,0.0,0.0,0,0,0.0,0.0,0.0,0,0,0.0,0.0,0.0,0,0,0.0,0,0,0,0.0,0.0,0.0,0.0,0,0.0,0.0,0,0.0,0,0.0,0.0,0.0,0,0,0,0,0.0,0.0,0,0.0,0.0,0,0,0,0,0.0,0,0,0,0,0,0,0,0.0,0,0,0,0,0,0,0,0,0,0.0,0.0,0,0.0,0,0,0,0,0,0,0,0.0,0,0,0
2014-02,0,0,0.0,0.0,0,0,0,0,0,0,0.0,0,0,0.0,0,0.0,0.0,0.0,0,0,0.0,0.0,0.0,0.0,0,0,0.0,0,0,0,0.0,0.0,0,0.0,0,0,0.0,0,0,0,0,0.0,0.0,0.0,0,0,0.0,0.0,0.0,0,0,0.0,0.0,0.0,0,0,0.0,0,0,0,0.0,0.0,0.0,0.0,0,0.0,0.0,0,0.0,0,0.0,0.0,0.0,0,0,0,0,0.0,0.0,0,0.0,0.0,0,0,0,0,0.0,0,0,0,0,0,0,0,0.0,0,0,0,0,0,0,0,0,0,0.0,0.0,0,0.0,0,0,0,0,0,0,0,0.0,0,0,0
2014-03,0,0,0.0,0.0,100,0,0,0,0,0,0.0,0,0,0.0,36,0.0,0.0,0.0,0,0,0.0,0.0,0.0,0.0,0,0,0.0,0,0,0,0.0,0.0,0,0.0,0,0,0.0,0,0,0,0,0.0,0.0,0.0,0,0,0.0,0.0,0.0,0,0,0.0,0.0,0.0,0,0,0.0,0,0,0,0.0,0.0,0.0,0.0,0,0.0,0.0,0,0.0,0,0.0,0.0,0.0,0,0,0,0,0.0,0.0,0,0.0,0.0,0,0,0,0,0.0,0,0,0,0,0,0,0,0.0,0,0,0,0,0,0,0,0,0,0.0,0.0,0,0.0,0,0,0,0,0,0,0,0.0,0,0,0
2014-04,0,0,0.0,0.0,0,0,0,0,0,0,0.0,0,0,0.0,0,0.0,0.0,0.0,0,0,0.0,0.0,0.0,0.0,0,0,0.0,0,0,0,0.0,0.0,0,0.0,0,0,0.0,0,0,0,0,0.0,0.0,0.0,0,0,0.0,0.0,0.0,0,0,0.0,0.0,0.0,0,0,0.0,0,0,0,0.0,0.0,0.0,0.0,0,0.0,0.0,0,0.0,0,0.0,0.0,0.0,0,0,0,0,0.0,0.0,0,0.0,0.0,0,0,0,0,0.0,0,0,0,0,0,0,0,0.0,0,0,0,0,0,0,0,0,0,0.0,0.0,0,0.0,0,0,0,0,0,0,0,0.0,0,0,0
2014-05,0,0,0.0,0.0,0,0,0,0,0,0,0.0,0,0,0.0,0,0.0,0.0,0.0,0,0,0.0,0.0,0.0,11.0,0,0,0.0,0,0,0,0.0,0.0,0,0.0,0,0,0.0,0,0,0,0,0.0,0.0,0.0,0,0,0.0,0.0,0.0,0,0,0.0,0.0,0.0,0,0,0.0,0,0,0,0.0,0.0,0.0,0.0,0,0.0,0.0,0,0.0,0,0.0,0.0,0.0,0,0,0,0,0.0,0.0,0,0.0,0.0,0,0,0,0,0.0,0,0,0,0,0,0,0,0.0,0,0,0,0,0,0,0,0,0,0.0,0.0,0,0.0,0,0,0,0,0,0,0,0.0,0,0,0
2014-06,0,0,0.0,0.0,74,0,0,0,0,38,0.0,0,0,0.0,28,0.0,0.0,0.0,16,16,0.0,0.0,0.0,0.0,11,0,0.0,0,0,38,0.0,0.0,0,0.0,38,0,0.0,0,0,38,0,0.0,0.0,0.0,27,0,0.0,0.0,0.0,13,0,0.0,0.0,0.0,38,0,0.0,0,0,38,0.0,0.0,0.0,0.0,38,0.0,0.0,0,0.0,38,0.0,0.0,0.0,0,38,0,0,0.0,0.0,38,0.0,0.0,0,38,0,0,0.0,0,38,0,0,0,0,38,0.0,0,0,0,38,0,0,0,0,25,0.0,0.0,0,0.0,29,0,0,0,0,38,0,0.0,0,0,38
2014-07,0,0,55.0,0.0,0,0,0,0,0,0,0.0,0,0,0.0,0,0.0,0.0,0.0,0,0,0.0,0.0,0.0,0.0,0,0,0.0,0,0,0,0.0,0.0,0,0.0,0,0,0.0,0,0,0,0,0.0,0.0,0.0,0,0,0.0,0.0,0.0,0,0,0.0,0.0,0.0,0,0,0.0,0,0,0,0.0,0.0,0.0,0.0,0,0.0,0.0,0,0.0,0,0.0,0.0,0.0,0,0,0,0,0.0,0.0,0,0.0,0.0,0,0,0,0,0.0,0,0,0,0,0,0,0,0.0,0,0,0,0,0,0,0,0,0,0.0,0.0,0,0.0,0,0,0,0,0,0,0,0.0,0,0,0
2014-08,0,0,0.0,0.0,49,0,0,0,0,25,0.0,0,0,0.0,18,0.0,0.0,0.0,0,11,0.0,0.0,0.0,0.0,7,0,0.0,0,0,25,0.0,0.0,0,0.0,25,0,0.0,0,0,25,0,0.0,0.0,0.0,17,0,0.0,0.0,0.0,8,0,0.0,0.0,0.0,25,0,0.0,0,0,25,0.0,0.0,0.0,0.0,25,0.0,0.0,0,0.0,25,0.0,0.0,0.0,0,25,0,0,0.0,0.0,25,0.0,0.0,0,25,0,0,0.0,0,25,0,0,0,0,25,0.0,0,0,0,25,0,0,0,0,16,0.0,0.0,0,0.0,19,0,0,0,0,25,0,0.0,0,0,25
2014-09,0,0,0.0,0.0,0,0,0,0,0,25,0.0,0,0,0.0,0,0.0,0.0,0.0,0,11,0.0,0.0,0.0,0.0,7,0,0.0,0,0,25,0.0,0.0,0,0.0,25,0,0.0,0,0,25,0,0.0,0.0,0.0,17,0,0.0,0.0,0.0,8,0,0.0,0.0,0.0,25,0,0.0,0,0,25,0.0,0.0,0.0,0.0,25,0.0,0.0,0,0.0,25,0.0,0.0,0.0,0,25,0,0,0.0,0.0,25,0.0,0.0,0,25,0,0,0.0,0,25,0,0,0,0,25,0.0,0,0,0,25,0,0,0,0,16,0.0,0.0,0,0.0,19,0,0,0,0,25,0,0.0,0,0,25
2014-10,0,0,0.0,0.0,14,0,0,0,0,9,0.0,0,0,0.0,5,0.0,0.0,0.0,0,4,0.0,0.0,0.0,0.0,3,0,0.0,0,0,9,0.0,0.0,0,0.0,9,0,0.0,0,0,9,0,0.0,0.0,0.0,6,0,0.0,0.0,0.0,3,0,0.0,0.0,0.0,9,0,0.0,0,0,9,0.0,0.0,0.0,0.0,9,0.0,0.0,0,0.0,9,0.0,0.0,0.0,0,9,0,0,0.0,0.0,9,0.0,0.0,0,9,0,0,0.0,0,9,0,0,0,0,9,0.0,0,0,0,9,0,0,0,0,6,0.0,0.0,0,0.0,7,0,0,0,0,9,0,0.0,0,0,9
2014-11,0,0,0.0,0.0,22,0,0,0,0,13,0.0,0,0,0.0,8,0.0,0.0,0.0,0,6,0.0,0.0,0.0,0.0,4,0,0.0,0,0,13,0.0,0.0,0,0.0,13,0,0.0,0,0,13,0,0.0,0.0,0.0,9,0,0.0,0.0,0.0,4,0,0.0,0.0,0.0,13,0,0.0,0,0,13,0.0,0.0,0.0,0.0,13,0.0,0.0,0,0.0,13,0.0,0.0,0.0,0,13,0,0,0.0,0.0,13,0.0,0.0,0,13,0,0,0.0,0,13,0,0,0,0,13,0.0,0,0,0,13,0,0,0,0,9,0.0,0.0,0,0.0,10,0,0,0,0,13,0,0.0,0,0,13
2014-12,0,0,0.0,0.0,24,0,0,0,0,13,0.0,0,0,0.0,9,0.0,0.0,0.0,0,6,0.0,0.0,0.0,0.0,4,0,0.0,0,0,13,3.0,0.0,0,0.0,13,0,0.0,0,0,13,0,0.0,0.0,0.0,10,0,0.0,0.0,0.0,4,0,0.0,0.0,0.0,13,0,0.0,0,0,13,0.0,0.0,0.0,0.0,13,0.0,0.0,0,0.0,13,0.0,0.0,0.0,0,13,0,0,0.0,0.0,13,0.0,0.0,0,13,0,0,0.0,0,13,0,0,0,0,13,0.0,0,0,0,13,0,0,0,0,9,0.0,0.0,0,0.0,10,0,0,0,0,13,0,0.0,0,0,13
2015-01,0,0,0.0,0.0,21,0,0,0,0,12,0.0,0,0,0.0,8,0.0,0.0,0.0,0,5,0.0,0.0,0.0,0.0,4,0,0.0,0,0,12,0.0,0.0,0,0.0,12,0,0.0,0,0,12,0,0.0,0.0,0.0,9,0,0.0,0.0,0.0,4,0,0.0,0.0,0.0,12,0,0.0,0,0,12,0.0,0.0,0.0,0.0,12,0.0,0.0,0,0.0,12,0.0,0.0,0.0,0,12,0,0,0.0,0.0,12,0.0,0.0,0,12,0,0,0.0,0,12,0,0,0,0,12,0.0,0,0,0,12,0,0,0,0,8,0.0,0.0,0,0.0,10,0,0,0,0,12,0,0.0,0,0,12
2015-02,0,0,0.0,0.0,27,0,0,0,0,15,0.0,0,0,0.0,10,0.0,0.0,0.0,0,7,0.0,0.0,0.0,0.0,4,0,0.0,0,0,15,0.0,0.0,0,0.0,15,0,0.0,0,0,15,0,0.0,0.0,0.0,11,0,0.0,0.0,0.0,5,0,0.0,0.0,0.0,15,0,0.0,0,0,15,0.0,0.0,0.0,0.0,15,0.0,0.0,0,0.0,15,0.0,0.0,0.0,0,15,0,0,0.0,0.0,15,0.0,0.0,0,15,0,0,0.0,0,15,0,0,0,0,15,0.0,0,0,0,15,0,0,0,0,10,0.0,0.0,0,0.0,12,0,0,0,0,15,0,0.0,0,0,15
2015-03,0,0,0.0,0.0,17,0,0,0,0,11,0.0,0,0,0.0,6,0.0,0.0,0.0,0,5,0.0,0.0,0.0,0.0,3,0,0.0,0,0,11,0.0,0.0,0,0.0,11,0,0.0,0,0,11,0,0.0,0.0,0.0,8,0,0.0,0.0,0.0,4,0,0.0,0.0,0.0,11,0,0.0,0,0,11,0.0,0.0,0.0,0.0,11,0.0,0.0,0,0.0,11,0.0,0.0,0.0,0,11,0,0,0.0,0.0,11,0.0,0.0,0,11,0,0,0.0,0,11,0,0,0,0,11,0.0,0,0,0,11,0,0,0,0,7,0.0,0.0,0,0.0,8,0,0,0,0,11,0,0.0,0,0,11
2015-04,0,0,0.0,0.0,19,0,0,0,0,11,0.0,0,0,0.0,7,0.0,0.0,0.0,0,5,0.0,0.0,0.0,0.0,3,0,0.0,0,0,11,0.0,0.0,0,0.0,11,0,0.0,0,0,11,0,0.0,0.0,0.0,8,0,0.0,0.0,0.0,4,0,0.0,0.0,0.0,11,0,0.0,0,0,11,0.0,0.0,0.0,0.0,11,0.0,0.0,0,0.0,11,0.0,0.0,0.0,0,11,0,0,0.0,0.0,11,0.0,0.0,0,11,0,0,0.0,0,11,0,0,0,0,11,0.0,0,0,0,11,0,0,0,0,7,0.0,0.0,0,0.0,9,0,0,0,0,11,0,0.0,0,0,11
2015-05,0,0,0.0,0.0,19,0,0,0,0,10,0.0,0,0,0.0,7,0.0,0.0,0.0,0,4,0.0,0.0,0.0,0.0,3,0,0.0,0,0,10,0.0,0.0,0,0.0,10,0,0.0,0,0,10,0,0.0,0.0,0.0,7,0,0.0,0.0,0.0,3,0,0.0,0.0,0.0,10,0,0.0,0,0,10,0.0,0.0,0.0,0.0,10,0.0,0.0,0,0.0,10,0.0,0.0,0.0,0,10,0,0,0.0,0.0,10,0.0,4.0,0,10,0,0,0.0,0,10,0,0,0,0,10,0.0,0,0,0,10,0,0,0,0,7,0.0,0.0,0,0.0,8,0,0,0,0,10,0,0.0,0,0,10
2015-06,0,0,0.0,0.0,32,0,0,0,0,16,0.0,0,0,0.0,11,0.0,0.0,0.0,0,7,0.0,0.0,0.0,0.0,5,0,0.0,0,0,16,0.0,0.0,0,0.0,16,0,0.0,0,0,16,0,0.0,0.0,0.0,12,0,0.0,0.0,0.0,5,0,0.0,0.0,0.0,16,0,0.0,0,0,16,0.0,0.0,0.0,0.0,16,0.0,0.0,0,0.0,16,0.0,0.0,0.0,0,16,0,0,0.0,0.0,16,0.0,0.0,0,16,0,0,0.0,0,16,0,0,0,0,16,0.0,0,0,0,16,0,0,0,0,11,0.0,0.0,0,0.0,13,0,0,0,0,16,0,0.0,0,0,16
2015-07,0,0,0.0,0.0,77,0,0,0,0,0,0.0,0,0,0.0,30,0.0,0.0,0.0,0,0,0.0,0.0,0.0,0.0,0,0,0.0,0,0,0,0.0,0.0,0,0.0,0,0,0.0,0,0,0,0,0.0,0.0,0.0,0,0,0.0,0.0,0.0,0,0,0.0,0.0,0.0,0,0,0.0,0,0,0,0.0,0.0,0.0,0.0,0,0.0,0.0,0,0.0,0,0.0,0.0,0.0,0,0,0,0,0.0,0.0,0,0.0,73.0,0,0,0,0,0.0,0,0,0,0,0,0,0,0.0,0,0,0,0,0,0,0,0,0,0.0,0.0,0,0.0,0,0,0,0,0,0,0,0.0,0,0,0
2015-08,0,0,0.0,0.0,32,0,0,0,0,19,0.0,0,0,0.0,12,0.0,0.0,0.0,0,8,0.0,0.0,0.0,0.0,6,0,0.0,0,0,19,0.0,0.0,0,0.0,19,0,0.0,0,0,19,0,0.0,0.0,0.0,14,0,0.0,0.0,0.0,6,0,0.0,0.0,0.0,19,0,0.0,0,0,19,0.0,0.0,0.0,0.0,19,0.0,0.0,0,0.0,19,0.0,0.0,0.0,0,19,0,0,0.0,0.0,19,0.0,0.0,0,19,0,0,0.0,0,19,0,0,0,0,19,0.0,0,0,0,19,0,0,0,0,13,0.0,0.0,0,0.0,15,0,0,0,0,19,0,0.0,0,0,19
2015-09,0,0,0.0,0.0,32,0,0,0,0,17,0.0,0,0,0.0,12,0.0,0.0,0.0,0,7,0.0,0.0,0.0,0.0,5,0,0.0,0,0,17,0.0,10.0,0,0.0,17,0,0.0,0,0,17,0,0.0,0.0,0.0,12,0,0.0,0.0,0.0,6,0,0.0,0.0,12.0,17,0,0.0,0,0,17,0.0,0.0,0.0,11.0,17,0.0,0.0,0,0.0,17,0.0,0.0,0.0,0,17,0,0,0.0,0.0,17,0.0,0.0,0,17,0,0,0.0,0,17,0,0,0,0,17,0.0,0,0,0,17,0,0,0,0,12,0.0,0.0,0,0.0,13,0,0,0,0,17,0,0.0,0,0,17
2015-10,0,0,0.0,0.0,57,0,0,0,0,28,0.0,0,0,0.0,21,0.0,0.0,0.0,0,12,0.0,0.0,0.0,0.0,8,0,0.0,0,0,28,0.0,0.0,0,0.0,28,0,0.0,0,0,28,0,0.0,0.0,0.0,20,0,0.0,0.0,0.0,9,0,0.0,0.0,0.0,28,0,0.0,0,0,28,0.0,0.0,0.0,0.0,28,0.0,0.0,0,0.0,28,0.0,0.0,0.0,0,28,0,0,0.0,0.0,28,0.0,0.0,0,28,0,0,0.0,0,28,0,0,0,0,28,0.0,0,0,30,28,0,0,0,0,18,0.0,0.0,0,0.0,21,0,0,0,0,28,0,0.0,0,0,28
2015-11,0,0,0.0,0.0,60,0,0,0,0,27,0.0,0,0,0.0,22,0.0,0.0,0.0,0,12,0.0,0.0,0.0,0.0,8,0,0.0,0,0,27,0.0,0.0,0,0.0,27,0,0.0,0,0,27,0,0.0,0.0,0.0,19,0,0.0,0.0,0.0,9,0,0.0,0.0,0.0,27,0,0.0,0,0,27,0.0,0.0,0.0,0.0,27,0.0,0.0,0,0.0,27,0.0,0.0,0.0,0,27,0,0,0.0,0.0,27,0.0,0.0,0,27,0,0,0.0,0,27,0,0,0,0,27,0.0,0,0,0,27,0,0,0,0,18,0.0,0.0,0,0.0,21,0,0,0,0,27,0,0.0,0,0,27
2015-12,0,0,0.0,0.0,73,0,0,0,0,39,0.0,0,0,0.0,26,0.0,0.0,0.0,0,17,0.0,0.0,0.0,0.0,11,0,0.0,0,0,39,0.0,0.0,0,0.0,39,0,0.0,0,0,39,0,0.0,0.0,0.0,28,0,0.0,0.0,0.0,13,0,0.0,0.0,0.0,39,0,0.0,0,0,39,0.0,0.0,0.0,0.0,39,0.0,0.0,0,0.0,39,0.0,0.0,0.0,0,39,0,0,0.0,0.0,39,0.0,0.0,0,39,0,0,0.0,0,39,0,0,0,0,39,0.0,0,0,0,39,0,0,0,0,26,0.0,0.0,0,0.0,30,0,0,0,0,39,0,0.0,0,0,39
2016-01,0,0,0.0,0.0,43,0,0,0,0,25,0.0,0,0,0.0,16,0.0,0.0,0.0,0,11,0.0,0.0,0.0,0.0,7,0,0.0,0,0,25,0.0,0.0,0,0.0,25,0,0.0,0,0,25,0,0.0,0.0,0.0,18,0,0.0,0.0,0.0,8,0,0.0,0.0,0.0,25,0,0.0,0,0,25,0.0,0.0,0.0,0.0,25,0.0,0.0,0,0.0,25,0.0,0.0,0.0,0,25,0,0,0.0,0.0,25,0.0,0.0,0,25,0,0,0.0,0,25,0,0,0,0,25,0.0,0,0,0,25,0,0,0,0,17,0.0,0.0,0,0.0,20,0,0,0,0,25,0,0.0,0,0,25
2016-02,0,0,0.0,0.0,36,0,0,0,0,17,0.0,0,0,0.0,13,0.0,0.0,0.0,0,7,0.0,0.0,0.0,0.0,5,0,0.0,0,0,17,0.0,0.0,0,0.0,17,0,0.0,0,0,17,0,0.0,0.0,0.0,12,0,0.0,0.0,0.0,6,0,0.0,0.0,0.0,17,0,0.0,0,0,17,0.0,0.0,0.0,0.0,17,0.0,0.0,0,0.0,17,0.0,0.0,0.0,0,17,0,0,0.0,0.0,17,0.0,0.0,0,17,0,0,0.0,0,17,0,0,0,0,17,0.0,0,0,0,17,0,0,0,0,11,0.0,0.0,0,0.0,13,0,0,0,0,17,0,0.0,0,0,17
2016-03,0,0,0.0,0.0,37,0,0,0,0,20,0.0,0,0,0.0,14,0.0,0.0,0.0,0,9,0.0,0.0,0.0,0.0,6,0,0.0,0,0,20,0.0,0.0,0,0.0,20,0,0.0,0,0,20,0,0.0,0.0,0.0,14,0,0.0,0.0,0.0,7,0,0.0,0.0,0.0,20,0,0.0,0,0,20,0.0,0.0,0.0,0.0,20,0.0,0.0,0,0.0,20,0.0,0.0,0.0,0,20,0,0,0.0,0.0,20,0.0,0.0,0,20,0,0,0.0,0,20,0,0,0,0,20,0.0,0,0,0,20,0,0,0,0,14,0.0,0.0,0,0.0,16,0,0,0,0,20,0,0.0,0,0,20
2016-04,0,0,0.0,0.0,34,0,0,0,0,16,0.0,0,4,0.0,12,0.0,0.0,0.0,0,7,0.0,0.0,0.0,0.0,5,0,0.0,0,0,16,0.0,0.0,0,0.0,16,0,0.0,0,0,16,0,0.0,0.0,0.0,11,2,0.0,0.0,0.0,5,0,0.0,0.0,0.0,16,0,0.0,0,0,16,0.0,0.0,0.0,0.0,16,0.0,0.0,0,0.0,16,0.0,0.0,0.0,0,16,0,0,0.0,0.0,16,0.0,0.0,0,16,0,0,0.0,0,16,0,0,0,0,16,0.0,0,0,0,16,0,0,0,0,11,0.0,0.0,0,0.0,12,0,0,0,0,16,0,0.0,0,0,16
2016-05,0,0,0.0,0.0,39,0,0,0,0,24,0.0,0,0,0.0,14,0.0,0.0,0.0,0,10,0.0,0.0,0.0,0.0,7,0,0.0,0,0,24,0.0,0.0,0,0.0,24,0,0.0,0,0,24,0,0.0,0.0,0.0,17,0,0.0,0.0,0.0,8,0,0.0,0.0,0.0,24,0,0.0,0,0,24,0.0,0.0,0.0,0.0,24,0.0,0.0,0,0.0,24,0.0,0.0,0.0,0,24,0,0,0.0,0.0,24,0.0,0.0,0,24,0,0,0.0,0,24,0,0,0,0,24,0.0,0,0,0,24,0,0,0,0,16,0.0,0.0,0,0.0,18,0,0,0,0,24,0,0.0,0,0,24
2016-06,0,0,0.0,0.0,21,0,0,0,0,17,0.0,0,0,0.0,8,0.0,0.0,0.0,0,7,0.0,0.0,0.0,0.0,5,0,0.0,0,0,17,0.0,0.0,0,0.0,17,0,0.0,0,0,17,0,0.0,0.0,0.0,12,0,0.0,0.0,0.0,6,0,0.0,0.0,0.0,17,0,0.0,0,0,17,0.0,0.0,0.0,0.0,17,0.0,0.0,0,0.0,17,0.0,0.0,0.0,0,17,0,0,0.0,0.0,17,0.0,0.0,0,17,0,0,0.0,0,17,0,0,0,0,17,0.0,0,0,0,17,0,5,0,0,12,0.0,0.0,0,0.0,13,0,0,0,0,17,0,0.0,0,0,17
2016-07,0,0,0.0,0.0,42,0,0,0,0,20,0.0,0,0,0.0,15,0.0,0.0,0.0,0,9,0.0,0.0,0.0,0.0,6,0,0.0,0,0,20,0.0,0.0,0,0.0,20,0,0.0,0,0,20,0,0.0,0.0,0.0,14,0,0.0,0.0,0.0,7,0,0.0,0.0,0.0,20,0,0.0,0,0,20,0.0,0.0,0.0,0.0,20,0.0,0.0,0,0.0,20,0.0,0.0,0.0,0,20,0,0,0.0,0.0,20,0.0,0.0,0,20,0,0,0.0,0,20,0,0,0,0,20,0.0,0,0,0,20,0,0,0,0,13,0.0,0.0,0,0.0,15,0,0,0,0,20,0,0.0,0,0,20
2016-08,0,0,0.0,0.0,34,0,0,0,0,19,0.0,0,0,0.0,12,0.0,0.0,0.0,0,8,0.0,0.0,0.0,0.0,6,0,0.0,0,0,19,0.0,0.0,0,0.0,19,0,0.0,0,0,19,0,0.0,0.0,0.0,14,0,0.0,0.0,0.0,7,0,0.0,0.0,0.0,19,0,0.0,0,0,19,0.0,0.0,0.0,0.0,19,0.0,0.0,0,0.0,19,0.0,0.0,0.0,0,19,0,0,0.0,0.0,19,0.0,0.0,0,19,0,0,0.0,0,19,0,0,0,0,19,0.0,0,0,0,19,0,0,0,0,13,0.0,0.0,0,0.0,15,0,0,0,0,19,0,0.0,0,0,19
2016-09,0,0,0.0,0.0,25,0,0,0,0,11,0.0,0,0,0.0,9,0.0,0.0,0.0,0,5,0.0,0.0,0.0,0.0,3,0,0.0,0,0,11,0.0,0.0,0,0.0,11,0,0.0,0,0,11,0,0.0,0.0,0.0,8,0,0.0,0.0,0.0,4,0,0.0,0.0,0.0,11,0,0.0,0,0,11,0.0,0.0,0.0,0.0,11,0.0,0.0,0,0.0,11,0.0,0.0,0.0,0,11,0,0,0.0,0.0,11,0.0,0.0,0,11,0,0,0.0,0,11,0,0,0,0,11,0.0,0,0,0,11,0,0,0,0,7,0.0,0.0,0,0.0,8,0,0,0,0,11,0,0.0,0,0,11
2016-10,0,0,0.0,0.0,42,0,0,0,0,23,0.0,0,5,0.0,15,0.0,0.0,0.0,0,10,0.0,0.0,0.0,0.0,7,0,0.0,0,0,23,0.0,0.0,0,0.0,23,0,0.0,0,0,23,0,0.0,0.0,0.0,16,0,0.0,0.0,0.0,8,0,0.0,0.0,0.0,23,0,0.0,0,0,23,8.0,0.0,0.0,0.0,23,0.0,0.0,0,0.0,23,0.0,0.0,0.0,0,23,0,0,0.0,0.0,23,0.0,0.0,0,23,0,0,0.0,0,23,0,0,0,0,23,0.0,0,0,0,23,0,0,0,0,15,0.0,0.0,0,0.0,18,0,0,0,0,23,0,0.0,0,0,23
2016-11,0,0,0.0,0.0,33,0,0,0,0,23,0.0,0,5,0.0,12,0.0,0.0,0.0,0,10,0.0,0.0,0.0,0.0,7,0,0.0,0,0,23,0.0,0.0,0,0.0,23,0,0.0,0,0,23,0,0.0,0.0,0.0,16,0,0.0,0.0,0.0,8,0,0.0,0.0,0.0,23,0,0.0,0,0,23,0.0,0.0,0.0,0.0,23,0.0,0.0,0,0.0,23,0.0,0.0,0.0,0,23,0,0,0.0,0.0,23,0.0,0.0,0,23,0,0,0.0,0,23,0,0,0,0,23,0.0,0,0,0,23,0,0,0,0,15,0.0,0.0,0,0.0,18,0,0,0,0,23,0,0.0,0,0,23
2016-12,0,0,0.0,0.0,33,0,0,0,0,18,0.0,0,4,0.0,12,0.0,0.0,0.0,0,8,0.0,0.0,0.0,0.0,5,0,0.0,0,0,18,0.0,0.0,0,0.0,18,0,0.0,0,0,18,0,0.0,0.0,0.0,13,0,0.0,0.0,0.0,6,0,0.0,0.0,0.0,18,0,0.0,0,0,18,0.0,0.0,0.0,0.0,18,0.0,0.0,0,0.0,18,0.0,0.0,0.0,0,18,0,0,0.0,0.0,18,0.0,0.0,0,18,0,0,11.0,0,18,0,0,0,0,18,0.0,0,0,0,18,0,0,0,0,12,0.0,0.0,0,0.0,14,0,0,0,0,18,0,0.0,0,0,18
2017-01,0,0,0.0,0.0,37,0,0,0,0,19,0.0,0,0,0.0,14,0.0,0.0,0.0,0,8,0.0,0.0,0.0,0.0,5,0,0.0,0,0,19,0.0,0.0,0,0.0,19,0,0.0,0,0,19,0,0.0,0.0,0.0,13,2,0.0,0.0,0.0,6,0,0.0,0.0,0.0,19,0,0.0,0,0,19,0.0,0.0,0.0,0.0,19,0.0,0.0,0,0.0,19,0.0,0.0,0.0,0,19,0,0,0.0,0.0,19,0.0,0.0,0,19,0,0,0.0,0,19,0,0,0,0,19,0.0,0,0,0,19,0,0,0,0,13,0.0,0.0,0,0.0,15,0,0,0,0,19,0,0.0,0,0,19
2017-02,0,0,0.0,0.0,34,0,0,0,0,20,0.0,0,0,0.0,12,0.0,0.0,0.0,0,9,0.0,0.0,0.0,0.0,6,0,0.0,0,0,20,0.0,0.0,0,0.0,20,0,0.0,0,0,20,0,0.0,0.0,0.0,14,0,0.0,0.0,0.0,7,0,0.0,0.0,0.0,20,0,0.0,0,0,20,0.0,0.0,0.0,0.0,20,0.0,0.0,0,0.0,20,0.0,0.0,0.0,0,20,0,0,0.0,0.0,20,0.0,0.0,0,20,0,0,0.0,0,20,0,0,0,0,20,0.0,0,0,0,20,0,0,0,0,14,0.0,0.0,0,0.0,16,0,0,0,0,20,0,0.0,0,0,20
2017-03,0,0,0.0,0.0,29,0,0,0,0,15,0.0,0,0,0.0,11,0.0,0.0,0.0,0,7,0.0,0.0,0.0,0.0,4,0,0.0,0,0,15,0.0,0.0,0,0.0,15,0,0.0,6,0,15,0,0.0,0.0,0.0,11,0,0.0,0.0,0.0,5,0,0.0,0.0,0.0,15,0,0.0,0,0,15,0.0,0.0,0.0,0.0,15,0.0,0.0,0,0.0,15,0.0,0.0,0.0,0,15,0,0,0.0,0.0,15,0.0,0.0,0,15,0,0,0.0,0,15,0,0,0,0,15,0.0,0,0,0,15,0,0,0,0,10,0.0,0.0,0,0.0,12,0,0,0,0,15,0,0.0,0,0,15
2017-04,0,0,0.0,0.0,34,0,0,0,0,17,0.0,0,0,0.0,12,0.0,0.0,0.0,0,7,0.0,0.0,0.0,0.0,5,0,0.0,0,0,17,0.0,0.0,0,0.0,17,0,0.0,5,0,17,0,0.0,0.0,0.0,12,0,0.0,0.0,0.0,6,0,0.0,0.0,0.0,17,0,0.0,0,0,17,0.0,0.0,0.0,0.0,17,0.0,0.0,0,0.0,17,0.0,0.0,0.0,0,17,0,0,0.0,0.0,17,0.0,0.0,0,17,0,0,0.0,0,17,0,0,0,0,17,0.0,0,0,0,17,0,0,0,0,11,0.0,0.0,0,0.0,13,0,0,0,0,17,0,0.0,0,0,17
2017-05,0,0,0.0,0.0,34,0,0,0,0,19,0.0,0,0,0.0,13,0.0,0.0,0.0,0,8,0.0,0.0,0.0,0.0,5,0,0.0,0,0,19,0.0,0.0,0,0.0,19,0,0.0,0,0,19,0,0.0,0.0,0.0,13,0,0.0,0.0,0.0,6,0,0.0,0.0,0.0,19,0,0.0,0,0,19,0.0,0.0,0.0,0.0,19,0.0,0.0,0,0.0,19,0.0,0.0,0.0,0,19,0,0,0.0,0.0,19,0.0,0.0,0,19,0,0,0.0,0,19,0,0,0,0,19,0.0,0,0,0,19,0,0,0,0,12,0.0,0.0,0,0.0,14,0,0,0,0,19,0,0.0,0,0,19
2017-06,0,0,0.0,0.0,19,0,0,0,0,12,0.0,0,0,0.0,7,0.0,0.0,0.0,0,5,0.0,0.0,0.0,0.0,3,0,0.0,0,0,12,0.0,0.0,0,0.0,12,0,0.0,0,0,12,0,0.0,0.0,0.0,8,0,0.0,0.0,0.0,4,0,0.0,0.0,0.0,12,0,0.0,0,0,12,0.0,0.0,0.0,0.0,12,0.0,0.0,0,0.0,12,0.0,0.0,0.0,5,12,0,5,0.0,0.0,12,0.0,0.0,0,12,0,0,0.0,0,12,0,0,0,0,12,0.0,0,0,0,12,0,0,0,0,8,0.0,0.0,0,0.0,9,0,0,0,0,12,0,0.0,0,0,12
2017-07,0,0,0.0,0.0,33,0,0,0,0,18,0.0,0,0,0.0,12,0.0,0.0,0.0,0,8,0.0,0.0,0.0,0.0,5,0,0.0,0,0,18,0.0,0.0,0,0.0,18,0,0.0,0,0,18,0,0.0,0.0,0.0,13,1,0.0,0.0,0.0,6,0,0.0,0.0,0.0,18,0,0.0,0,0,18,0.0,0.0,0.0,0.0,18,0.0,0.0,0,0.0,18,0.0,0.0,0.0,3,18,0,3,0.0,0.0,18,0.0,0.0,0,18,0,0,0.0,0,18,0,0,0,0,18,0.0,0,0,0,18,0,0,0,0,12,0.0,0.0,0,0.0,14,0,0,0,0,18,0,0.0,0,0,18
2017-08,0,0,0.0,0.0,26,0,0,0,0,19,0.0,0,2,0.0,9,0.0,0.0,0.0,0,8,0.0,0.0,0.0,0.0,5,0,0.0,0,0,19,0.0,0.0,0,0.0,19,0,0.0,7,0,19,0,0.0,0.0,0.0,13,2,0.0,0.0,0.0,6,0,0.0,0.0,0.0,19,0,0.0,0,0,19,0.0,0.0,0.0,0.0,19,0.0,0.0,0,0.0,19,0.0,0.0,0.0,0,19,0,0,0.0,0.0,19,0.0,0.0,0,19,0,0,0.0,0,19,0,0,0,0,19,0.0,0,0,0,19,0,0,0,0,12,0.0,0.0,0,0.0,14,0,0,0,0,19,0,0.0,0,0,19
2017-09,0,0,0.0,0.0,21,0,0,0,0,13,0.0,0,0,0.0,8,0.0,0.0,0.0,0,6,0.0,0.0,0.0,0.0,4,0,0.0,0,0,13,0.0,0.0,0,0.0,13,0,0.0,0,0,13,0,0.0,0.0,0.0,9,2,0.0,0.0,0.0,4,0,0.0,0.0,0.0,13,0,0.0,0,0,13,0.0,0.0,0.0,0.0,13,0.0,0.0,0,0.0,13,0.0,0.0,0.0,0,13,0,0,0.0,0.0,13,0.0,0.0,0,13,0,0,0.0,0,13,4,0,0,0,13,0.0,0,0,0,13,0,0,0,0,9,0.0,0.0,0,0.0,10,0,0,0,0,13,0,0.0,0,0,13
2017-10,0,0,0.0,0.0,25,0,0,0,0,15,0.0,0,2,0.0,9,0.0,0.0,0.0,0,6,0.0,0.0,0.0,0.0,4,0,0.0,0,0,15,0.0,0.0,0,0.0,15,0,0.0,0,0,15,0,0.0,0.0,0.0,11,0,0.0,0.0,0.0,5,0,0.0,0.0,0.0,15,0,0.0,0,0,15,0.0,0.0,0.0,0.0,15,0.0,0.0,0,0.0,15,0.0,0.0,0.0,0,15,0,0,0.0,0.0,15,0.0,0.0,0,15,0,0,0.0,0,15,0,0,0,0,15,0.0,0,0,0,15,0,0,0,0,10,0.0,0.0,0,0.0,11,0,0,0,0,15,0,0.0,0,0,15
2017-11,0,0,0.0,0.0,32,0,0,0,0,18,0.0,0,0,0.0,11,0.0,0.0,0.0,0,8,0.0,0.0,0.0,0.0,5,0,0.0,0,0,18,0.0,0.0,0,0.0,18,0,0.0,0,0,18,0,0.0,0.0,0.0,13,2,0.0,0.0,0.0,6,0,0.0,0.0,0.0,18,0,0.0,0,0,18,0.0,0.0,0.0,0.0,18,0.0,0.0,0,0.0,18,3.0,0.0,0.0,0,18,0,0,0.0,0.0,18,0.0,0.0,0,18,0,0,0.0,0,18,0,0,0,0,18,0.0,0,0,0,18,0,0,0,0,12,0.0,0.0,0,0.0,14,0,0,0,0,18,0,0.0,0,0,18
2017-12,0,0,0.0,0.0,28,0,0,0,0,17,0.0,0,0,0.0,10,0.0,0.0,0.0,0,7,0.0,0.0,0.0,0.0,5,0,0.0,0,0,17,0.0,0.0,0,2.0,17,0,0.0,3,0,17,0,0.0,0.0,0.0,12,1,0.0,0.0,0.0,6,0,0.0,0.0,0.0,17,0,0.0,0,0,17,0.0,0.0,0.0,0.0,17,0.0,0.0,0,0.0,17,0.0,0.0,0.0,0,17,0,0,0.0,0.0,17,0.0,0.0,0,17,0,0,0.0,0,17,0,0,0,0,17,0.0,0,0,0,17,0,0,0,0,11,0.0,0.0,0,0.0,13,0,0,0,0,17,3,0.0,0,0,17
2018-01,0,0,0.0,0.0,26,0,0,0,0,14,0.0,0,2,0.0,9,0.0,0.0,0.0,0,6,0.0,0.0,0.0,0.0,4,0,0.0,2,0,14,0.0,0.0,0,0.0,14,0,0.0,4,0,14,0,0.0,0.0,0.0,10,1,0.0,0.0,0.0,5,0,0.0,0.0,0.0,14,0,0.0,0,0,14,0.0,0.0,0.0,0.0,14,0.0,0.0,0,0.0,14,0.0,0.0,0.0,2,14,0,2,0.0,0.0,14,0.0,0.0,0,14,0,0,0.0,0,14,0,0,0,0,14,0.0,0,0,3,14,0,0,0,0,9,0.0,0.0,0,0.0,11,0,0,0,0,14,0,0.0,0,0,14
2018-02,0,0,0.0,0.0,25,0,0,0,0,13,0.0,0,0,0.0,9,0.0,0.0,0.0,0,6,0.0,0.0,0.0,0.0,4,0,0.0,3,0,13,0.0,0.0,0,0.0,13,0,0.0,2,0,13,0,0.0,0.0,0.0,10,1,0.0,0.0,0.0,4,2,0.0,0.0,0.0,13,0,0.0,0,0,13,0.0,0.0,0.0,0.0,13,0.0,0.0,0,0.0,13,0.0,0.0,0.0,2,13,0,2,0.0,0.0,13,0.0,0.0,0,13,0,0,0.0,0,13,0,0,0,0,13,0.0,0,0,0,13,0,0,0,0,9,0.0,0.0,0,0.0,10,0,0,0,0,13,0,0.0,0,0,13
2018-03,0,0,0.0,0.0,35,0,0,0,0,20,0.0,0,3,0.0,13,0.0,0.0,0.0,0,9,0.0,0.0,0.0,0.0,6,0,0.0,0,0,20,0.0,0.0,0,0.0,20,0,0.0,6,0,20,0,0.0,0.0,0.0,14,1,0.0,0.0,0.0,7,0,0.0,0.0,0.0,20,0,0.0,0,0,20,0.0,0.0,0.0,0.0,20,0.0,0.0,0,0.0,20,0.0,0.0,0.0,5,20,0,5,0.0,0.0,20,0.0,0.0,0,20,0,0,0.0,0,20,0,0,0,0,20,0.0,0,0,0,20,0,0,0,0,14,0.0,0.0,0,0.0,16,0,0,0,0,20,0,0.0,0,0,20
2018-04,0,0,0.0,0.0,32,0,0,0,0,18,0.0,0,2,0.0,12,0.0,0.0,0.0,0,8,0.0,0.0,0.0,0.0,5,0,0.0,0,0,18,0.0,0.0,0,0.0,18,0,0.0,3,0,18,0,0.0,0.0,0.0,13,3,0.0,0.0,0.0,6,0,0.0,0.0,0.0,18,0,0.0,0,0,18,0.0,0.0,0.0,0.0,18,0.0,0.0,0,0.0,18,0.0,0.0,0.0,0,18,0,0,0.0,0.0,18,0.0,0.0,0,18,0,0,0.0,0,18,0,0,0,0,18,0.0,0,0,0,18,0,0,0,0,12,0.0,0.0,0,0.0,14,0,0,0,0,18,0,0.0,0,0,18
2018-05,0,0,0.0,0.0,25,0,0,0,0,15,0.0,0,0,0.0,9,0.0,0.0,0.0,0,6,0.0,0.0,0.0,0.0,4,0,0.0,0,0,15,0.0,0.0,0,0.0,15,0,0.0,4,0,15,0,0.0,0.0,0.0,11,3,0.0,0.0,0.0,5,0,0.0,0.0,0.0,15,0,0.0,0,0,15,0.0,0.0,0.0,0.0,15,0.0,0.0,0,0.0,15,0.0,0.0,0.0,0,15,0,0,0.0,0.0,15,0.0,0.0,0,15,0,0,0.0,0,15,0,0,0,0,15,0.0,0,0,0,15,0,0,0,0,10,0.0,0.0,0,0.0,12,0,0,0,0,15,0,0.0,0,0,15
2018-06,0,0,0.0,0.0,26,0,0,0,0,15,0.0,0,2,0.0,10,0.0,0.0,0.0,0,6,0.0,0.0,0.0,0.0,4,0,0.0,0,0,15,0.0,0.0,0,0.0,15,0,0.0,4,0,15,0,0.0,0.0,0.0,11,1,0.0,0.0,0.0,5,0,0.0,0.0,0.0,15,0,0.0,0,0,15,0.0,0.0,0.0,0.0,15,0.0,0.0,0,0.0,15,0.0,0.0,0.0,0,15,0,0,0.0,0.0,15,0.0,0.0,0,15,0,0,4.0,0,15,0,0,0,0,15,0.0,0,0,0,15,0,0,0,0,10,0.0,0.0,0,0.0,12,0,0,0,0,15,0,0.0,0,0,15
2018-07,0,0,0.0,0.0,32,0,0,0,0,18,0.0,0,2,0.0,12,0.0,0.0,0.0,0,8,0.0,0.0,0.0,0.0,5,0,0.0,2,0,18,0.0,0.0,0,0.0,18,0,0.0,3,0,18,0,0.0,0.0,0.0,13,3,0.0,0.0,0.0,6,0,0.0,0.0,0.0,18,0,0.0,0,0,18,0.0,0.0,0.0,0.0,18,0.0,0.0,0,0.0,18,0.0,0.0,0.0,2,18,0,2,0.0,0.0,18,0.0,0.0,0,18,0,0,0.0,0,18,0,0,0,0,18,0.0,0,0,0,18,0,0,0,0,12,0.0,0.0,0,0.0,14,0,0,0,2,18,0,0.0,0,0,18
2018-08,0,0,0.0,0.0,33,0,0,3,0,19,0.0,1,3,0.0,12,0.0,0.0,1.0,0,8,0.0,0.0,0.0,0.0,5,0,0.0,3,0,19,0.0,0.0,0,0.0,19,0,0.0,7,0,19,0,0.0,0.0,0.0,13,3,0.0,0.0,0.0,6,0,0.0,0.0,0.0,19,0,0.0,0,0,19,3.0,0.0,0.0,0.0,19,0.0,0.0,0,0.0,19,0.0,0.0,0.0,3,19,0,3,0.0,0.0,19,0.0,0.0,0,19,0,0,0.0,0,19,0,0,0,0,19,0.0,0,0,0,19,0,0,0,0,12,0.0,0.0,0,0.0,14,0,0,0,0,19,0,0.0,0,0,19
2018-09,0,0,0.0,0.0,26,0,0,0,0,16,0.0,0,0,0.0,10,0.0,0.0,0.0,0,7,0.0,0.0,0.0,0.0,5,0,0.0,3,0,16,0.0,0.0,0,0.0,16,0,0.0,4,0,16,0,0.0,0.0,0.0,12,4,0.0,0.0,0.0,5,2,0.0,0.0,0.0,16,0,0.0,0,0,16,0.0,0.0,0.0,0.0,16,0.0,0.0,0,0.0,16,0.0,0.0,0.0,3,16,0,3,0.0,0.0,16,0.0,0.0,0,16,0,0,0.0,0,16,0,0,0,0,16,0.0,0,0,0,16,0,0,0,0,11,0.0,0.0,0,0.0,13,0,0,0,2,16,0,0.0,0,0,16
2018-10,0,0,0.0,0.0,29,0,0,0,0,16,0.0,0,3,0.0,10,0.0,0.0,0.0,0,7,0.0,0.0,0.0,0.0,5,0,0.0,0,0,16,0.0,0.0,2,0.0,16,0,0.0,5,0,16,2,0.0,0.0,0.0,11,3,0.0,0.0,0.0,5,0,0.0,0.0,0.0,16,0,0.0,0,0,16,0.0,0.0,0.0,0.0,16,0.0,0.0,0,0.0,16,0.0,0.0,0.0,3,16,0,3,0.0,0.0,16,0.0,0.0,0,16,0,0,0.0,0,16,0,0,0,0,16,0.0,0,0,0,16,0,0,0,0,10,0.0,0.0,0,0.0,12,0,0,0,0,16,0,0.0,2,0,16
2018-11,0,0,0.0,0.0,31,0,0,0,0,17,0.0,0,2,0.0,11,0.0,1.0,0.0,0,7,0.0,0.0,0.0,0.0,5,0,0.0,4,0,17,0.0,0.0,0,0.0,17,0,0.0,6,0,17,0,0.0,0.0,0.0,12,1,0.0,0.0,0.0,6,0,0.0,0.0,0.0,17,0,0.0,0,0,17,0.0,0.0,0.0,2.0,17,0.0,0.0,0,0.0,17,0.0,0.0,0.0,4,17,0,4,0.0,0.0,17,0.0,0.0,0,17,0,0,0.0,0,17,0,0,0,0,17,0.0,0,0,0,17,0,0,0,0,11,0.0,0.0,0,0.0,13,0,0,0,0,17,0,0.0,0,0,17
2018-12,0,0,0.0,0.0,24,0,0,0,0,13,0.0,0,2,0.0,9,0.0,0.0,0.0,0,6,0.0,0.0,0.0,0.0,4,0,0.0,3,0,13,0.0,0.0,0,0.0,13,0,0.0,6,0,13,0,0.0,0.0,0.0,9,1,0.0,0.0,0.0,4,0,0.0,0.0,0.0,13,0,0.0,0,0,13,0.0,0.0,0.0,0.0,13,0.0,0.0,0,0.0,13,0.0,0.0,0.0,3,13,0,3,0.0,0.0,13,0.0,0.0,0,13,0,0,0.0,0,13,0,0,0,0,13,0.0,0,0,0,13,0,0,0,0,9,0.0,0.0,0,0.0,10,0,2,0,0,13,0,0.0,0,0,13
2019-01,0,0,0.0,0.0,24,0,0,0,0,14,0.0,0,2,0.0,9,0.0,0.0,0.0,0,6,0.0,0.0,0.0,0.0,4,0,0.0,3,0,14,0.0,0.0,0,0.0,14,0,0.0,5,0,14,0,0.0,0.0,0.0,10,1,0.0,0.0,0.0,5,0,0.0,0.0,0.0,14,0,0.0,0,0,14,5.0,0.0,0.0,0.0,14,0.0,0.0,0,0.0,14,0.0,0.0,0.0,4,14,0,4,0.0,0.0,14,0.0,0.0,0,14,0,0,0.0,0,14,0,0,0,0,14,0.0,0,0,0,14,0,0,0,0,9,0.0,0.0,0,0.0,11,0,0,0,0,14,0,0.0,0,0,14
2019-02,0,0,0.0,0.0,33,0,0,0,0,20,0.0,0,0,0.0,12,0.0,0.0,0.0,0,9,0.0,0.0,0.0,0.0,6,0,0.0,2,0,20,0.0,0.0,0,0.0,20,0,0.0,3,0,20,0,0.0,0.0,0.0,14,1,0.0,0.0,0.0,7,0,0.0,0.0,0.0,20,0,0.0,0,0,20,0.0,0.0,0.0,0.0,20,0.0,0.0,0,0.0,20,0.0,0.0,0.0,3,20,0,3,0.0,0.0,20,0.0,0.0,0,20,0,0,0.0,0,20,0,0,0,0,20,0.0,0,0,0,20,0,0,0,0,13,0.0,0.0,0,0.0,15,0,0,0,0,20,0,0.0,0,0,20
2019-03,0,0,0.0,0.0,35,0,0,0,0,19,0.0,0,3,0.0,13,0.0,0.0,0.0,0,8,0.0,0.0,0.0,0.0,6,0,0.0,3,0,19,0.0,0.0,0,0.0,19,0,0.0,7,0,19,0,0.0,0.0,0.0,14,2,0.0,0.0,0.0,6,0,0.0,0.0,0.0,19,0,0.0,0,0,19,0.0,0.0,0.0,0.0,19,0.0,0.0,0,0.0,19,0.0,0.0,0.0,6,19,0,6,0.0,0.0,19,0.0,0.0,0,19,0,0,0.0,0,19,0,0,0,0,19,0.0,0,0,0,19,0,0,0,0,13,0.0,0.0,0,0.0,15,0,0,0,0,19,0,0.0,0,0,19
2019-04,0,0,0.0,0.0,37,0,0,0,0,21,0.0,0,3,0.0,14,0.0,0.0,0.0,0,9,0.0,0.0,0.0,0.0,6,0,0.0,0,0,21,0.0,0.0,2,0.0,21,0,0.0,4,0,21,2,0.0,0.0,0.0,15,3,0.0,0.0,0.0,7,0,0.0,0.0,0.0,21,0,0.0,0,0,21,3.0,0.0,0.0,2.0,21,0.0,0.0,0,0.0,21,0.0,0.0,0.0,3,21,0,3,0.0,0.0,21,0.0,0.0,0,21,0,0,0.0,0,21,0,0,2,0,21,0.0,0,0,0,21,0,0,0,0,14,0.0,0.0,0,0.0,17,0,0,0,0,21,0,0.0,0,0,21
2019-05,0,0,0.0,0.0,45,0,0,0,0,26,0.0,0,3,0.0,17,0.0,0.0,0.0,0,11,0.0,0.0,0.0,0.0,8,0,0.0,0,0,26,0.0,0.0,0,0.0,26,0,0.0,5,0,26,0,0.0,0.0,0.0,18,6,0.0,0.0,0.0,9,0,0.0,0.0,0.0,26,0,0.0,0,0,26,0.0,0.0,0.0,0.0,26,0.0,0.0,0,0.0,26,2.0,0.0,0.0,3,26,0,3,0.0,0.0,26,0.0,0.0,0,26,0,0,0.0,0,26,0,0,0,0,26,0.0,0,0,0,26,0,0,0,0,17,0.0,0.0,0,0.0,20,0,0,0,0,26,0,0.0,0,0,26
2019-06,0,0,0.0,0.0,33,0,0,0,0,20,0.0,0,2,0.0,12,0.0,0.0,0.0,0,8,0.0,0.0,0.0,0.0,6,0,0.0,0,0,20,0.0,0.0,0,0.0,20,0,0.0,2,0,20,0,0.0,0.0,0.0,14,3,0.0,0.0,0.0,7,0,0.0,0.0,0.0,20,0,0.0,0,0,20,0.0,0.0,0.0,0.0,20,0.0,0.0,0,0.0,20,0.0,0.0,0.0,3,20,0,3,0.0,0.0,20,0.0,0.0,0,20,0,0,0.0,0,20,0,0,0,0,20,0.0,0,0,0,20,0,0,0,0,13,0.0,0.0,0,0.0,15,0,0,0,0,20,0,0.0,0,0,20
2019-07,0,0,0.0,0.0,37,0,0,0,0,21,0.0,0,2,0.0,14,0.0,0.0,0.0,0,9,0.0,0.0,0.0,0.0,6,0,0.0,3,0,21,0.0,0.0,2,0.0,21,0,0.0,4,0,21,1,0.0,0.0,0.0,15,2,0.0,0.0,0.0,7,0,0.0,0.0,0.0,21,0,0.0,0,0,21,0.0,0.0,0.0,0.0,21,0.0,0.0,0,0.0,21,0.0,0.0,0.0,2,21,0,2,0.0,0.0,21,0.0,0.0,3,21,0,0,0.0,0,21,0,0,0,0,21,0.0,0,0,0,21,0,0,0,0,14,0.0,0.0,0,0.0,16,0,0,0,0,21,0,0.0,0,0,21
2019-08,0,0,0.0,0.0,35,0,0,0,0,19,0.0,0,2,0.0,13,0.0,0.0,0.0,0,8,0.0,0.0,0.0,0.0,6,0,0.0,0,0,19,0.0,0.0,0,0.0,19,0,0.0,9,0,19,0,0.0,0.0,0.0,14,3,0.0,0.0,0.0,6,0,0.0,0.0,0.0,19,0,0.0,0,0,19,0.0,0.0,0.0,0.0,19,0.0,0.0,0,0.0,19,0.0,0.0,0.0,3,19,0,3,0.0,0.0,19,0.0,0.0,0,19,0,0,0.0,0,19,0,0,0,0,19,0.0,0,0,0,19,0,0,0,0,13,0.0,0.0,0,0.0,15,0,0,0,2,19,0,0.0,0,2,19
2019-09,0,0,0.0,0.0,33,0,0,0,0,18,0.0,0,2,0.0,12,0.0,0.0,0.0,0,8,0.0,0.0,0.0,0.0,5,0,0.0,3,0,18,0.0,0.0,0,0.0,18,0,0.0,8,0,18,0,0.0,0.0,0.0,13,5,0.0,0.0,0.0,6,0,0.0,0.0,0.0,18,0,0.0,0,0,18,0.0,0.0,2.0,0.0,18,0.0,0.0,0,0.0,18,0.0,0.0,0.0,4,18,0,4,0.0,0.0,18,0.0,0.0,2,18,0,0,0.0,0,18,0,0,0,0,18,0.0,0,0,0,18,0,0,0,0,12,0.0,0.0,0,0.0,14,0,0,0,2,18,0,0.0,0,0,18
2019-10,0,0,0.0,0.0,33,0,0,0,0,19,0.0,0,3,0.0,12,0.0,0.0,0.0,0,8,0.0,0.0,0.0,0.0,5,0,0.0,2,0,19,0.0,0.0,0,0.0,19,0,0.0,8,0,19,0,0.0,0.0,0.0,13,4,0.0,0.0,0.0,6,0,0.0,0.0,0.0,19,0,0.0,0,0,19,2.0,0.0,0.0,0.0,19,0.0,0.0,0,0.0,19,0.0,0.0,0.0,5,19,0,5,0.0,0.0,19,0.0,0.0,0,19,0,0,0.0,0,19,0,0,0,0,19,0.0,0,0,0,19,0,0,0,0,13,0.0,0.0,0,0.0,15,0,0,0,2,19,0,0.0,0,2,19
2019-11,0,3,0.0,0.0,33,0,0,0,0,19,0.0,0,2,0.0,12,0.0,0.0,0.0,0,8,0.0,0.0,0.0,0.0,6,0,0.0,2,0,19,0.0,0.0,2,0.0,19,0,0.0,4,0,19,1,0.0,0.0,0.0,14,2,0.0,0.0,0.0,6,0,0.0,0.0,0.0,19,0,0.0,0,0,19,0.0,0.0,0.0,0.0,19,0.0,0.0,0,0.0,19,0.0,0.0,0.0,2,19,0,2,0.0,0.0,19,0.0,0.0,0,19,0,0,0.0,0,19,0,0,0,0,19,0.0,0,0,0,19,0,0,0,0,13,0.0,0.0,0,0.0,15,0,0,0,2,19,0,0.0,0,4,19
2019-12,0,0,0.0,0.0,27,2,0,0,0,15,0.0,0,2,0.0,10,0.0,0.0,0.0,0,7,0.0,0.0,0.0,0.0,4,0,0.0,3,0,15,0.0,2.0,0,0.0,15,0,0.0,4,0,15,0,0.0,0.0,0.0,11,2,0.0,0.0,0.0,5,0,0.0,0.0,0.0,15,0,0.0,0,0,15,0.0,0.0,0.0,0.0,15,0.0,0.0,0,0.0,15,0.0,0.0,0.0,4,15,0,4,0.0,0.0,15,0.0,0.0,0,15,0,0,0.0,0,15,0,0,0,0,15,0.0,0,0,0,15,0,0,0,0,10,0.0,0.0,0,0.0,12,0,0,0,2,15,0,0.0,0,2,15
2020-01,0,0,0.0,0.0,30,0,0,0,0,17,0.0,0,3,0.0,11,0.0,0.0,0.0,0,7,0.0,0.0,0.0,0.0,5,0,0.0,2,0,17,0.0,0.0,0,0.0,17,0,0.0,4,0,17,0,0.0,0.0,0.0,12,3,0.0,0.0,0.0,6,2,0.0,0.0,0.0,17,0,0.0,0,0,17,2.0,0.0,0.0,0.0,17,0.0,0.0,0,0.0,17,0.0,0.0,0.0,4,17,0,4,0.0,0.0,17,0.0,0.0,0,17,0,0,0.0,0,17,0,0,0,0,17,0.0,0,0,0,17,0,0,1,0,11,0.0,0.0,0,0.0,13,0,0,0,0,17,0,0.0,0,2,17
2020-02,0,0,0.0,0.0,35,0,0,0,0,19,0.0,0,2,0.0,13,0.0,0.0,0.0,0,8,0.0,1.0,0.0,0.0,6,0,0.0,3,0,19,0.0,0.0,2,0.0,19,0,0.0,5,0,19,1,0.0,0.0,0.0,14,3,0.0,0.0,0.0,6,0,0.0,0.0,0.0,19,0,0.0,0,0,19,1.0,0.0,0.0,0.0,19,0.0,0.0,0,0.0,19,0.0,0.0,0.0,3,19,0,3,0.0,0.0,19,0.0,0.0,0,19,0,0,0.0,0,19,0,0,0,0,19,0.0,0,0,0,19,0,0,0,0,13,0.0,0.0,0,0.0,15,0,0,0,3,19,0,0.0,2,2,19
2020-03,0,0,0.0,0.0,34,0,0,0,0,20,0.0,1,5,0.0,12,0.0,0.0,0.0,0,9,0.0,0.0,0.0,0.0,6,0,0.0,3,0,20,0.0,0.0,3,0.0,20,0,0.0,11,0,20,2,0.0,0.0,0.0,14,2,0.0,0.0,0.0,7,0,0.0,0.0,0.0,20,0,0.0,0,0,20,1.0,0.0,0.0,0.0,20,0.0,0.0,0,0.0,20,0.0,0.0,0.0,3,20,0,3,0.0,0.0,20,0.0,0.0,0,20,0,0,0.0,0,20,0,0,0,0,20,0.0,0,0,0,20,0,0,0,0,13,0.0,0.0,0,0.0,16,0,0,0,3,20,0,0.0,1,3,20
2020-04,0,0,0.0,0.0,32,0,0,0,0,18,1.0,0,2,0.0,12,0.0,0.0,0.0,0,8,0.0,0.0,0.0,0.0,5,0,0.0,4,0,18,0.0,0.0,0,0.0,18,0,0.0,5,0,18,0,0.0,0.0,0.0,13,1,0.0,0.0,0.0,6,0,0.0,0.0,0.0,18,0,0.0,0,0,18,2.0,0.0,0.0,0.0,18,0.0,0.0,0,0.0,18,0.0,0.0,0.0,3,18,0,3,0.0,0.0,18,0.0,0.0,0,18,0,0,0.0,0,18,0,0,0,0,18,0.0,0,0,0,18,0,0,0,0,12,0.0,0.0,0,0.0,14,0,0,0,3,18,0,0.0,0,5,18
2020-05,0,0,0.0,2.0,32,0,0,0,0,18,0.0,0,2,0.0,12,0.0,0.0,0.0,0,8,0.0,0.0,0.0,0.0,5,0,0.0,3,0,18,0.0,0.0,5,0.0,18,0,0.0,3,0,18,3,0.0,0.0,0.0,13,1,0.0,0.0,0.0,6,0,0.0,0.0,0.0,18,0,0.0,0,0,18,0.0,0.0,0.0,0.0,18,0.0,0.0,0,0.0,18,0.0,2.0,0.0,4,18,0,4,0.0,0.0,18,0.0,0.0,0,18,0,0,0.0,0,18,0,0,0,0,18,0.0,0,0,0,18,0,0,0,0,12,0.0,0.0,0,0.0,14,0,0,0,1,18,0,0.0,0,2,18
2020-06,0,0,0.0,0.0,39,0,0,0,0,22,0.0,2,2,0.0,14,0.0,0.0,0.0,0,10,0.0,0.0,0.0,0.0,6,0,0.0,3,0,22,0.0,0.0,1,0.0,22,0,0.0,5,0,22,1,0.0,0.0,0.0,16,1,0.0,0.0,0.0,7,0,0.0,0.0,0.0,22,0,0.0,0,0,22,2.0,0.0,0.0,0.0,22,0.0,0.0,0,0.0,22,0.0,0.0,0.0,4,22,0,4,0.0,0.0,22,0.0,0.0,0,22,0,0,0.0,0,22,0,0,0,0,22,0.0,0,0,0,22,0,0,0,0,15,0.0,0.0,0,0.0,17,0,0,0,3,22,0,0.0,0,2,22
2020-07,0,0,0.0,0.0,41,0,0,0,0,23,0.0,1,2,0.0,15,0.0,1.0,0.0,0,10,0.0,0.0,0.0,0.0,7,0,0.0,3,0,23,0.0,0.0,2,0.0,23,0,0.0,3,1,23,1,0.0,0.0,0.0,17,1,0.0,0.0,0.0,8,0,0.0,0.0,0.0,23,0,0.0,0,0,23,2.0,0.0,0.0,0.0,23,0.0,0.0,0,0.0,23,0.0,0.0,0.0,2,23,0,2,0.0,0.0,23,0.0,0.0,0,23,0,0,0.0,0,23,0,0,0,0,23,0.0,0,0,0,23,0,0,0,0,16,0.0,0.0,0,0.0,18,0,0,0,3,23,0,0.0,0,2,23
2020-08,0,0,0.0,0.0,34,1,0,0,0,20,0.0,1,3,0.0,12,0.0,1.0,0.0,0,9,0.0,0.0,0.0,0.0,6,0,0.0,2,0,20,0.0,0.0,2,0.0,20,0,0.0,6,0,20,1,0.0,0.0,0.0,14,1,0.0,0.0,0.0,7,2,0.0,0.0,0.0,20,0,0.0,0,0,20,2.0,0.0,0.0,0.0,20,0.0,0.0,0,0.0,20,0.0,0.0,0.0,3,20,0,3,0.0,0.0,20,0.0,0.0,0,20,0,0,0.0,0,20,0,0,0,0,20,0.0,0,0,0,20,0,0,0,0,14,0.0,0.0,0,0.0,16,0,0,0,2,20,0,0.0,0,2,20
2020-09,0,0,0.0,0.0,35,2,0,0,0,20,0.0,0,3,0.0,13,0.0,0.0,0.0,0,9,0.0,0.0,0.0,0.0,6,0,0.0,3,0,20,0.0,0.0,0,0.0,20,0,0.0,5,0,20,0,0.0,0.0,0.0,14,2,0.0,0.0,0.0,7,0,0.0,0.0,0.0,20,1,0.0,0,0,20,2.0,0.0,0.0,0.0,20,0.0,0.0,0,0.0,20,0.0,0.0,0.0,4,20,0,4,0.0,0.0,20,0.0,0.0,0,20,0,0,0.0,0,20,0,0,0,0,20,0.0,0,0,0,20,0,0,0,0,14,0.0,0.0,0,0.0,16,0,0,0,2,20,0,0.0,0,2,20
2020-10,0,0,0.0,0.0,34,0,0,0,0,21,0.0,1,4,0.0,13,0.0,0.0,0.0,0,9,0.0,0.0,0.0,0.0,6,0,0.0,3,0,21,0.0,0.0,2,2.0,21,0,0.0,4,0,21,1,0.0,0.0,0.0,15,4,0.0,0.5,0.5,7,0,0.0,0.0,0.0,21,0,0.0,0,0,21,2.0,1.0,0.0,0.0,21,0.0,0.0,1,0.0,21,1.0,0.0,2.0,5,21,0,5,0.0,0.0,21,0.0,0.0,0,21,0,0,0.0,0,21,0,0,0,0,21,0.0,0,0,0,21,0,0,0,0,14,0.0,0.0,0,0.0,16,0,0,0,2,21,0,0.0,1,0,21
2020-11,0,0,0.0,0.0,30,0,0,0,0,17,0.0,1,2,0.0,11,0.0,0.5,0.0,0,8,0.0,1.0,0.0,0.0,5,0,0.0,9,0,17,0.0,0.0,0,0.0,17,0,0.0,4,0,17,0,0.0,0.0,1.0,12,3,0.0,0.0,0.0,6,1,0.0,0.0,0.0,17,0,0.0,0,0,17,1.0,0.0,0.0,0.0,17,0.0,0.0,0,0.0,17,1.0,0.0,0.0,3,17,0,3,0.0,0.0,17,0.0,0.0,0,17,0,0,0.0,0,17,0,0,0,0,17,0.0,0,0,0,17,0,0,0,0,12,0.0,0.0,0,1.0,13,0,0,0,8,17,0,0.0,1,1,17
2020-12,0,0,0.0,0.0,33,2,0,0,0,18,0.0,1,2,0.0,12,0.0,1.0,0.0,0,8,0.0,0.0,0.0,0.0,5,0,0.0,5,0,18,0.0,0.0,2,1.0,18,0,0.0,30,0,18,1,0.0,0.0,0.0,13,2,0.0,0.5,0.0,6,0,0.0,0.0,0.0,18,0,0.0,0,0,18,1.0,0.0,0.0,0.0,18,0.0,0.0,0,0.0,18,0.0,0.0,1.0,4,18,0,4,0.0,0.0,18,1.0,0.0,0,18,0,0,0.0,0,18,0,0,0,0,18,0.0,0,0,0,18,0,0,0,0,12,0.0,0.0,0,0.0,14,0,0,0,5,18,0,0.0,0,2,18
2021-01,0,0,0.0,0.0,27,0,0,0,0,16,0.0,1,2,0.0,10,0.0,0.0,0.0,0,7,0.0,0.0,0.0,0.0,5,0,0.0,3,0,16,0.0,0.0,1,1.0,16,0,1.0,15,0,16,1,0.0,1.0,0.0,11,2,0.0,0.0,0.0,5,0,0.0,0.0,0.0,16,0,0.0,0,0,16,1.0,0.0,0.0,1.0,16,0.0,0.0,0,0.0,16,0.0,0.0,0.0,4,16,0,4,0.0,0.0,16,0.0,0.0,0,16,0,0,0.0,0,16,0,0,0,0,16,0.0,0,0,0,16,0,0,0,0,11,0.0,0.0,0,0.0,12,0,0,0,3,16,0,0.0,1,2,16
2021-02,0,0,0.0,0.0,29,0,0,0,0,16,0.0,1,2,0.0,11,0.0,0.0,0.0,0,7,0.0,0.0,0.0,0.0,5,0,0.0,4,0,16,0.0,0.0,1,0.0,16,0,0.0,11,0,16,1,0.0,0.0,0.0,12,2,0.0,0.0,0.0,5,0,0.0,0.0,0.0,16,0,0.0,0,0,16,1.0,0.0,0.0,0.0,16,0.0,0.0,0,0.0,16,1.0,0.0,0.0,3,16,0,3,0.0,0.0,16,0.0,0.0,0,16,0,0,0.0,0,16,0,0,0,0,16,0.0,0,0,0,16,0,0,0,0,11,0.0,0.0,0,0.0,13,0,0,0,2,16,0,0.0,1,2,16
2021-03,0,0,0.0,0.0,29,0,0,0,0,16,0.0,1,5,0.0,11,0.0,0.0,0.0,0,7,0.0,0.0,0.0,0.0,5,0,0.0,4,0,16,0.0,0.0,2,0.0,16,0,0.0,12,0,16,1,0.0,0.0,0.0,11,1,0.0,0.0,0.0,5,1,0.0,0.0,0.0,16,0,0.0,0,0,16,1.0,1.0,0.0,0.0,16,0.0,0.0,0,0.0,16,0.0,0.0,0.0,5,16,0,5,0.0,0.0,16,0.0,0.0,0,16,0,0,0.0,0,16,0,0,0,0,16,0.0,0,0,0,16,0,0,0,0,11,0.0,0.0,0,0.0,12,0,0,0,6,16,0,0.0,1,1,16
2021-04,0,0,0.0,0.0,24,0,0,0,0,14,0.0,2,2,0.0,9,0.0,0.0,0.0,0,6,0.5,0.0,0.0,0.0,4,0,0.0,3,0,14,0.0,0.0,2,0.0,14,0,0.0,4,0,14,1,0.0,0.0,0.0,10,1,0.0,0.0,0.0,5,1,0.0,0.0,0.0,14,0,0.0,0,0,14,2.0,2.0,0.0,1.0,14,0.0,0.0,0,0.0,14,1.0,0.0,1.0,3,14,0,3,0.0,0.0,14,0.0,0.0,0,14,0,0,0.0,0,14,0,0,0,0,14,0.0,0,0,0,14,0,0,0,0,9,0.0,0.0,0,0.0,11,0,0,0,4,14,0,0.0,0,2,14
2021-05,0,0,0.0,0.0,25,0,0,0,0,14,0.0,1,3,0.0,9,0.0,0.5,0.0,0,6,0.0,0.0,0.0,0.0,4,0,0.0,3,0,14,0.0,0.0,2,0.0,14,0,1.0,4,0,14,2,0.0,0.0,0.0,10,1,0.0,0.0,0.0,5,1,0.0,0.0,0.0,14,0,0.0,0,0,14,0.0,0.0,0.0,1.0,14,0.0,0.0,0,0.0,14,0.0,1.0,0.0,3,14,0,3,0.0,0.0,14,0.0,0.0,0,14,0,0,0.0,0,14,0,0,0,0,14,0.0,0,0,0,14,0,0,0,0,9,0.0,0.0,0,2.0,11,0,0,0,4,14,0,0.0,0,3,14
2021-06,0,0,0.0,0.0,29,1,0,0,0,16,1.0,1,3,0.0,10,0.0,0.5,0.0,0,7,0.0,0.0,0.0,0.0,5,0,0.0,5,0,16,0.0,0.0,2,1.0,16,0,2.0,4,0,16,1,0.0,0.0,0.0,12,2,0.0,0.0,0.0,5,1,0.0,0.0,0.0,16,0,0.0,0,0,16,2.0,0.0,0.0,0.0,16,0.0,0.0,0,0.0,16,1.0,0.0,0.0,4,16,0,4,0.0,0.0,16,0.0,0.0,0,16,0,0,0.0,0,16,0,0,0,0,16,0.0,0,0,0,16,0,0,0,0,11,0.0,0.0,0,0.0,13,0,0,0,5,16,0,0.0,1,2,16
2021-07,0,0,0.0,0.0,23,0,0,0,0,13,0.0,1,2,0.0,8,0.0,0.5,0.0,0,6,0.0,0.0,0.0,0.0,4,0,0.0,3,0,13,0.0,0.0,1,1.0,13,0,0.0,4,0,13,1,0.0,0.0,0.0,9,2,0.0,0.5,0.0,4,1,0.0,0.0,0.0,13,0,0.0,0,0,13,1.0,0.0,0.0,0.0,13,0.0,0.0,0,0.0,13,0.0,0.0,0.0,2,13,0,2,0.0,0.0,13,0.0,0.0,0,13,0,0,0.0,0,13,0,0,0,0,13,0.0,0,0,0,13,0,0,0,0,9,0.0,0.0,0,0.0,10,0,0,0,3,13,0,0.0,0,1,13
2021-08,0,0,0.0,0.0,25,1,0,0,0,15,0.0,1,2,0.0,9,0.0,1.0,0.0,0,6,0.0,0.0,0.0,0.0,4,0,0.0,5,0,15,0.0,0.0,2,0.0,15,0,0.0,9,0,15,1,0.0,0.0,0.5,10,2,0.0,0.0,0.5,5,0,0.0,0.0,0.0,15,0,0.0,0,0,15,0.0,1.0,0.0,0.0,15,1.0,0.0,0,0.0,15,1.0,0.0,0.0,3,15,0,3,0.0,0.0,15,0.0,0.0,0,15,0,0,0.0,0,15,0,0,0,0,15,0.0,0,0,0,15,0,0,0,0,10,0.0,0.0,0,0.0,11,0,0,0,4,15,0,0.0,1,2,15
2021-09,0,0,0.0,0.0,24,0,0,0,0,14,0.0,1,2,0.0,9,0.0,0.5,0.0,0,6,0.0,0.0,0.0,0.0,4,0,0.0,5,0,14,0.0,0.0,1,0.0,14,0,0.0,9,0,14,1,0.0,0.0,0.0,10,2,0.0,0.0,0.0,5,1,0.0,0.0,0.0,14,0,0.0,0,0,14,1.0,1.0,0.0,0.0,14,0.0,0.0,0,1.0,14,0.0,1.0,0.0,4,14,0,4,0.0,0.0,14,1.0,0.0,0,14,0,0,0.0,0,14,0,0,0,0,14,0.0,0,0,0,14,0,0,0,0,9,0.0,0.0,0,0.0,11,0,0,0,6,14,0,0.0,0,2,14
2021-10,0,0,0.0,0.0,23,1,0,0,0,13,0.0,1,2,0.0,9,0.0,0.5,0.0,0,5,0.5,0.0,0.0,0.0,4,0,0.0,3,0,13,0.0,0.0,1,0.0,13,0,0.0,13,0,13,1,0.0,0.0,0.0,9,1,0.0,0.0,0.0,4,1,0.0,0.0,0.0,13,0,0.0,0,0,13,1.0,0.0,0.0,0.0,13,0.0,0.0,0,0.0,13,0.0,0.0,0.0,4,13,0,4,0.0,0.0,13,0.0,0.0,0,13,0,0,0.0,0,13,0,0,0,0,13,0.0,0,0,0,13,0,0,0,0,8,0.0,0.0,0,0.0,10,0,0,0,6,13,0,0.0,0,2,13
2021-11,0,0,0.0,0.0,27,0,0,0,0,15,0.0,1,2,0.0,10,0.0,1.0,0.0,0,6,0.0,0.0,0.0,0.0,4,0,0.0,3,0,15,0.0,0.0,1,1.0,15,0,0.0,7,0,15,1,0.0,1.0,0.0,11,2,0.0,0.0,0.5,5,1,0.0,0.0,0.0,15,0,0.0,0,0,15,1.0,0.0,0.0,1.0,15,0.0,0.0,0,0.0,15,1.0,0.0,0.0,3,15,0,3,0.0,0.0,15,0.0,0.0,0,15,0,0,0.0,0,15,0,0,0,0,15,0.0,0,0,0,15,0,0,0,0,10,0.0,0.0,0,0.0,12,0,0,0,3,15,0,0.0,0,1,15
2021-12,0,0,0.0,0.0,23,1,0,0,0,12,0.0,1,2,0.0,8,0.0,1.0,0.0,0,5,0.0,0.0,0.0,0.0,4,0,0.0,4,0,12,0.0,0.0,1,0.0,12,0,0.0,6,0,12,1,0.0,0.0,0.5,9,1,0.0,0.0,0.0,4,1,0.0,0.0,0.0,12,0,0.0,0,0,12,1.0,0.0,0.0,0.0,12,0.0,0.0,0,0.0,12,0.0,0.0,0.0,3,12,0,3,0.0,0.0,12,0.0,0.0,0,12,0,0,0.0,0,12,0,0,0,0,12,0.0,0,0,0,12,0,0,0,0,8,0.0,0.0,0,0.0,10,0,0,0,2,12,0,0.0,1,1,12
2022-01,0,0,0.0,0.0,24,1,0,0,0,14,0.0,2,3,0.0,9,0.0,1.0,0.0,0,6,0.0,0.0,0.0,0.0,4,0,0.0,4,0,14,0.0,0.0,1,0.0,14,0,1.0,4,0,14,1,0.0,0.0,0.0,10,1,0.0,0.0,0.5,5,1,0.0,0.0,1.0,14,0,0.0,0,0,14,2.0,0.0,0.0,1.0,14,0.0,0.0,0,0.0,14,1.0,0.0,0.0,4,14,0,4,0.0,0.0,14,0.0,0.0,0,14,0,0,0.0,0,14,0,0,0,0,14,0.0,0,0,0,14,0,0,0,0,9,0.0,0.0,0,0.0,11,0,0,0,2,14,0,0.0,1,2,14
2022-02,0,0,0.0,0.0,26,1,0,0,0,14,0.0,1,2,0.0,9,0.0,1.0,0.0,0,6,0.0,0.0,0.0,0.0,4,0,1.0,5,0,14,0.0,0.0,1,0.0,14,0,0.0,4,0,14,1,0.5,0.5,0.5,10,1,0.0,0.0,0.5,5,1,0.0,0.0,0.0,14,0,0.0,0,0,14,2.0,1.0,1.0,1.0,14,0.0,0.0,0,0.0,14,1.0,1.0,0.0,3,14,0,3,0.0,0.0,14,1.0,0.0,0,14,0,0,0.0,0,14,0,0,0,0,14,0.0,0,0,0,14,0,0,0,0,10,0.0,0.0,0,0.0,11,0,0,0,4,14,0,0.0,1,2,14
2022-03,0,0,0.0,0.0,27,1,0,0,0,16,0.0,2,5,0.5,10,0.0,1.0,0.0,0,7,0.0,0.0,0.0,0.0,5,0,0.0,6,0,16,0.0,0.0,1,0.5,16,0,0.0,9,0,16,1,0.0,0.0,0.5,11,3,0.0,0.5,0.5,5,1,0.0,0.0,1.0,16,0,0.0,0,0,16,1.0,0.5,1.0,1.0,16,0.5,0.5,0,0.0,16,1.0,0.0,0.0,7,16,0,7,0.0,0.0,16,0.5,0.0,0,16,0,0,0.0,0,16,0,0,0,0,16,0.0,0,0,0,16,0,0,0,0,10,0.0,0.0,0,0.0,12,0,0,0,4,16,0,0.0,1,2,16
2022-04,0,0,0.0,0.0,28,1,1,0,0,16,0.0,1,2,0.0,10,0.0,0.5,0.0,0,7,0.0,0.0,0.5,0.0,4,0,0.0,4,0,16,0.0,0.0,2,0.5,16,0,0.0,5,0,16,1,0.5,0.5,0.5,11,3,0.0,0.5,0.5,5,1,0.0,0.0,0.0,16,0,0.0,0,0,16,1.0,0.0,0.5,1.0,16,0.0,0.0,0,0.0,16,1.0,1.0,0.0,4,16,0,4,0.0,0.0,16,0.5,0.0,0,16,0,0,0.0,0,16,0,0,0,0,16,0.0,0,0,0,16,0,0,0,0,10,0.0,0.0,0,0.0,12,0,0,0,3,16,0,0.0,1,3,16
2022-05,0,0,0.0,0.0,28,1,0,0,0,16,0.0,1,2,0.0,10,0.0,1.0,0.0,0,7,0.0,0.0,0.0,0.0,5,0,0.0,4,0,16,0.0,0.0,1,0.0,16,0,0.0,5,0,16,1,0.0,0.5,0.5,11,3,0.0,0.0,0.5,5,1,0.0,0.0,0.0,16,0,0.0,0,0,16,1.0,1.0,0.0,1.0,16,0.0,0.5,0,0.0,16,1.0,1.0,1.0,4,16,0,4,0.0,0.0,16,1.0,0.0,0,16,0,0,0.0,0,16,0,0,0,0,16,0.0,0,0,0,16,0,0,0,0,11,0.0,0.0,0,0.0,12,0,0,0,2,16,0,0.0,1,2,16
2022-06,0,0,1.0,0.0,31,1,0,0,0,17,0.0,1,2,0.0,11,0.0,0.5,0.0,0,7,0.0,0.0,0.0,0.0,5,0,0.0,3,0,17,0.0,0.0,1,1.0,17,0,1.0,7,0,17,1,0.0,0.0,0.5,12,3,0.0,0.0,0.0,6,1,0.0,0.0,0.0,17,0,0.0,0,0,17,1.0,0.5,0.5,1.0,17,0.5,0.0,0,0.0,17,1.0,0.0,0.0,4,17,0,4,0.0,0.0,17,0.0,0.0,0,17,0,0,0.0,0,17,0,0,0,0,17,0.0,0,0,0,17,0,0,0,0,12,0.0,0.0,0,0.0,13,0,0,0,3,17,0,0.0,1,2,17
2022-07,0,0,0.0,0.0,27,1,0,0,0,15,0.0,2,2,0.0,10,0.0,0.5,0.5,0,7,0.0,0.0,0.0,0.0,4,0,0.0,3,0,15,0.0,0.0,1,0.5,15,0,1.0,5,0,15,1,0.0,0.0,0.0,11,2,0.0,0.0,0.5,5,1,0.0,0.0,1.0,15,0,0.5,0,0,15,1.0,1.0,0.0,0.5,15,1.0,0.0,0,0.0,15,0.0,0.5,0.0,4,15,0,4,0.0,0.0,15,0.5,0.0,0,15,0,0,0.0,0,15,0,0,0,0,15,0.0,0,0,0,15,0,0,0,0,10,0.0,0.0,0,0.0,12,0,0,0,3,15,0,0.0,1,2,15
2022-08,0,0,0.0,0.0,29,1,0,0,0,17,0.0,2,2,0.5,11,0.0,1.0,0.0,0,7,0.0,0.0,0.0,0.0,5,0,0.0,3,0,17,0.5,0.0,2,0.5,17,0,1.0,11,0,17,1,0.0,0.5,0.5,12,2,0.0,0.0,0.5,6,1,0.0,0.0,0.0,17,0,0.0,0,0,17,1.0,0.5,0.0,2.0,17,0.5,0.0,0,0.0,17,0.5,1.0,1.0,4,17,0,4,0.0,0.0,17,0.0,0.0,0,17,0,0,0.0,0,17,0,0,0,0,17,0.0,0,0,0,17,0,0,0,0,11,0.0,0.0,0,0.0,13,0,0,0,3,17,0,0.0,1,1,17
2022-09,0,0,0.0,0.0,35,1,0,0,0,19,0.0,1,3,0.0,13,0.0,0.5,0.0,0,8,0.0,0.0,0.0,0.0,6,0,0.0,4,0,19,0.0,0.0,1,1.0,19,0,0.0,16,0,19,1,0.0,1.0,0.5,14,3,0.0,0.0,0.5,6,1,0.0,0.0,0.5,19,0,0.0,0,0,19,1.0,0.5,1.0,1.0,19,0.0,1.0,0,0.0,19,1.0,0.0,0.5,5,19,0,5,0.0,1.0,19,0.5,0.0,0,19,0,0,0.0,0,19,0,0,0,0,19,0.0,0,0,0,19,0,0,0,0,13,0.0,0.0,0,0.0,15,0,0,0,3,19,0,0.0,1,2,19
2022-10,0,0,0.0,0.0,31,1,0,0,0,18,0.0,1,3,0.5,11,0.0,0.5,0.0,0,8,0.0,0.0,0.0,0.0,5,0,0.0,4,0,18,0.0,0.0,1,1.0,18,0,0.0,17,0,18,1,0.0,1.0,0.0,13,2,0.0,0.0,0.5,6,1,0.0,0.0,0.0,18,0,0.0,0,0,18,1.0,0.5,1.0,1.0,18,0.0,0.0,0,0.0,18,1.0,1.0,1.0,5,18,0,5,0.0,0.5,18,0.0,0.0,0,18,0,0,0.0,0,18,0,0,0,0,18,0.0,0,0,0,18,0,0,0,0,12,0.0,0.0,0,0.0,14,0,0,0,3,18,0,0.0,1,2,18
2022-11,0,0,0.0,0.0,31,1,0,0,0,19,0.0,1,2,0.0,11,0.0,0.5,0.0,0,8,0.5,0.0,0.0,0.0,5,0,0.0,2,0,19,0.0,0.0,2,0.5,19,0,0.5,5,0,19,1,0.0,0.5,0.5,13,3,0.0,0.0,0.5,6,1,0.0,0.0,0.0,19,0,0.0,0,0,19,1.0,1.0,0.5,1.0,19,0.5,0.0,0,0.0,19,1.0,0.5,0.5,4,19,0,4,0.0,0.0,19,0.0,0.0,0,19,0,0,0.0,0,19,0,0,0,0,19,0.0,0,0,0,19,0,0,0,0,13,0.0,0.0,0,0.0,15,0,0,0,4,19,0,0.0,1,2,19
2022-12,0,0,0.0,0.0,19,1,0,0,0,11,0.0,1,2,0.0,7,0.0,0.5,0.0,0,5,0.0,0.0,0.0,0.0,3,0,0.0,3,0,11,0.0,0.0,1,0.0,11,0,0.5,4,0,11,1,0.0,0.0,0.0,8,2,0.0,0.0,0.5,4,1,0.0,0.0,0.0,11,0,0.0,0,0,11,1.0,1.0,0.0,1.0,11,0.0,0.5,0,0.0,11,0.5,0.0,1.0,4,11,0,4,0.0,0.0,11,0.0,0.0,0,11,0,0,0.0,0,11,0,0,0,0,11,0.0,0,0,0,11,0,0,0,0,7,0.0,0.0,0,0.0,8,0,0,0,4,11,0,0.0,1,2,11
2023-01,0,0,0.0,0.0,22,1,0,0,0,12,0.0,1,2,0.0,8,0.0,1.0,0.0,0,5,0.0,0.0,0.0,0.0,3,0,0.0,4,0,12,0.0,0.0,1,0.0,12,0,1.0,3,0,12,1,0.0,0.5,0.5,8,2,0.0,0.0,0.5,4,1,0.0,0.0,0.5,12,0,0.0,0,0,12,1.0,1.0,0.5,0.5,12,0.0,0.5,0,0.5,12,1.0,0.0,0.0,4,12,0,4,0.0,0.5,12,0.0,0.0,0,12,0,0,0.0,0,12,0,0,0,0,12,0.0,0,0,0,12,0,0,0,0,8,0.0,0.0,0,0.0,9,0,0,0,2,12,0,0.0,1,2,12
2023-02,0,0,0.0,0.0,24,1,0,0,0,14,0.0,1,3,0.0,9,0.0,0.5,0.0,0,6,0.0,0.0,0.0,0.0,4,0,0.0,4,0,14,0.0,0.0,1,0.5,14,0,1.0,5,0,14,1,0.0,1.0,0.5,10,3,0.0,0.0,0.5,5,1,0.0,0.0,0.0,14,0,0.0,0,0,14,2.0,0.5,0.0,0.5,14,0.0,1.0,0,0.0,14,1.0,0.5,1.0,4,14,0,4,0.0,0.0,14,0.0,0.0,0,14,0,0,0.0,0,14,0,0,0,0,14,0.0,0,0,0,14,0,0,0,0,9,0.0,0.0,0,0.5,11,0,0,0,3,14,0,0.0,1,2,14
2023-03,0,0,0.0,0.0,23,1,0,0,0,13,0.0,2,4,0.0,9,0.0,0.5,0.0,0,6,0.0,0.0,0.0,0.0,4,0,0.0,3,0,13,0.0,0.0,2,1.0,13,0,1.0,7,0,13,1,0.5,0.5,0.5,10,3,0.0,0.5,0.5,5,1,0.0,0.0,0.0,13,0,0.0,0,0,13,1.0,1.0,0.0,1.0,13,0.5,0.0,0,0.0,13,1.0,0.5,0.0,6,13,0,6,0.0,0.0,13,0.5,0.0,0,13,0,0,0.0,0,13,0,0,0,0,13,0.0,0,0,0,13,0,0,0,0,9,0.0,0.0,0,0.0,10,0,0,0,3,13,0,0.0,1,3,13
2023-04,0,0,0.0,0.0,20,1,1,0,0,11,0.0,2,2,0.0,7,0.0,1.0,0.0,0,5,0.0,0.0,0.0,0.0,3,0,0.0,2,0,11,0.0,0.0,2,0.5,11,0,1.0,4,0,11,1,0.0,0.5,0.0,8,2,0.0,0.0,0.5,4,1,0.0,0.0,0.0,11,0,0.0,0,0,11,1.0,1.0,0.0,1.0,11,0.0,0.0,0,0.5,11,0.5,0.5,0.0,4,11,0,4,0.0,0.0,11,0.0,0.0,0,11,0,0,0.0,0,11,0,0,0,0,11,0.0,0,0,0,11,0,0,0,0,8,0.0,0.0,0,0.5,9,0,0,0,3,11,0,0.0,1,2,11
2023-05,0,0,0.0,0.0,28,1,0,0,0,16,0.0,2,3,0.0,10,0.0,1.0,0.0,0,7,0.0,0.0,0.0,0.0,5,0,0.0,4,0,16,0.0,0.0,2,0.5,16,0,0.5,6,0,16,1,0.0,0.5,0.5,11,2,0.5,0.5,0.5,5,1,0.0,0.0,0.0,16,0,0.0,0,0,16,1.0,1.0,0.5,1.0,16,0.5,1.0,0,0.0,16,1.0,1.0,0.0,4,16,0,4,0.0,0.0,16,1.0,0.0,0,16,0,0,0.0,0,16,0,0,0,0,16,0.0,0,0,0,16,0,0,0,0,11,0.0,0.0,0,0.0,12,0,0,0,4,16,0,0.0,1,2,16
2023-06,0,0,0.0,0.0,29,1,0,0,0,16,0.0,2,2,0.5,10,0.0,1.0,0.0,0,7,0.0,0.0,0.0,0.0,5,0,0.0,4,0,16,0.0,0.0,1,0.5,16,0,0.0,5,0,16,1,0.0,0.5,0.5,11,2,0.0,0.5,0.5,5,1,0.0,0.0,0.5,16,0,0.0,0,0,16,1.0,1.0,1.0,1.0,16,0.0,0.0,0,0.5,16,1.0,1.0,0.0,4,16,0,4,0.0,0.5,16,0.0,0.5,0,16,0,0,0.0,0,16,0,0,0,0,16,0.0,0,0,0,16,0,0,0,0,11,0.0,0.0,0,0.0,12,0,0,0,3,16,0,0.0,1,2,16
2023-07,0,0,0.0,0.0,23,1,0,0,0,13,0.0,2,2,0.5,8,0.0,1.0,0.0,0,6,0.0,0.0,0.0,0.0,4,0,0.0,3,0,13,0.0,0.0,1,0.5,13,0,0.0,4,0,13,1,0.0,0.5,0.5,9,2,0.0,0.0,0.5,4,1,0.0,0.0,0.0,13,0,0.0,0,0,13,1.0,0.5,1.0,1.0,13,0.0,0.0,0,0.5,13,1.0,0.5,0.0,4,13,0,4,0.0,0.0,13,0.0,0.0,0,13,0,0,0.0,0,13,0,0,0,0,13,0.0,0,0,0,13,0,0,0,0,9,0.0,0.0,0,0.0,10,0,0,0,3,13,0,0.0,1,2,13
2023-08,0,0,0.0,1.0,26,1,0,0,0,15,0.0,2,3,0.0,10,0.0,3.0,0.0,0,7,0.0,0.0,0.0,0.0,4,0,0.0,4,0,15,0.0,0.0,2,0.5,15,0,0.5,11,0,15,2,0.0,0.5,0.5,11,2,0.0,0.0,0.5,5,1,0.0,0.0,0.5,15,0,0.0,0,0,15,1.0,1.0,0.5,1.0,15,0.5,0.5,0,0.0,15,0.5,0.0,1.0,4,15,0,4,0.0,1.0,15,0.0,0.0,0,15,0,0,0.0,0,15,0,0,0,0,15,0.0,0,0,0,15,0,0,0,0,10,0.0,0.0,0,0.0,12,0,0,0,3,15,0,0.0,1,1,15
2023-09,0,0,0.0,0.0,25,1,0,0,0,15,0.0,1,2,0.0,9,0.0,2.0,0.0,0,6,0.0,0.0,0.0,0.0,4,0,0.0,3,0,15,0.0,0.0,1,0.5,15,0,1.0,7,0,15,1,0.0,0.5,0.5,10,1,0.0,0.0,0.5,5,1,0.0,0.5,0.0,15,0,0.0,0,0,15,1.0,1.0,0.0,0.0,15,0.5,0.5,0,0.0,15,1.0,0.5,1.0,5,15,0,5,0.0,0.5,15,0.5,0.0,0,15,0,0,0.0,0,15,0,0,0,0,15,0.0,0,0,0,15,0,0,0,0,10,0.0,0.0,0,0.0,11,0,0,0,3,15,0,0.0,1,2,15
2023-10,0,0,0.0,0.0,24,1,0,0,0,13,0.0,1,2,0.0,9,0.0,1.0,0.0,0,6,0.0,0.0,0.0,0.0,4,0,0.0,3,0,13,0.0,0.0,1,1.0,13,0,0.0,11,0,13,1,0.5,0.5,0.5,9,3,0.0,0.0,0.5,4,1,0.0,0.0,0.0,13,0,0.0,0,0,13,1.0,0.5,0.0,1.0,13,0.5,0.5,0,0.0,13,1.0,1.0,0.5,5,13,0,5,0.0,1.0,13,0.0,0.0,0,13,0,0,0.0,0,13,0,0,0,0,13,0.0,0,0,0,13,0,0,0,0,9,0.0,0.0,0,1.0,10,0,0,0,3,13,0,0.0,1,2,13
2023-11,0,0,0.0,0.0,25,1,0,0,0,15,0.0,2,2,0.0,9,0.0,1.0,0.0,0,6,0.0,0.0,0.0,0.0,4,0,0.0,4,0,15,0.0,0.0,1,0.5,15,0,1.0,5,0,15,1,0.0,0.5,0.5,10,4,0.0,0.0,0.5,5,1,0.0,0.0,0.0,15,0,0.0,0,0,15,2.0,0.5,0.5,0.0,15,0.0,0.5,0,0.0,15,1.0,0.5,0.5,5,15,0,5,0.0,0.0,15,1.0,0.0,0,15,0,0,0.0,0,15,0,0,0,0,15,0.5,0,0,0,15,0,0,0,0,10,0.0,0.0,0,0.5,11,0,0,0,4,15,0,0.0,1,2,15
2023-12,0,0,0.0,0.0,21,1,0,0,0,12,0.0,1,2,0.0,7,0.0,0.5,0.0,0,5,0.0,0.0,0.0,0.0,3,0,0.0,3,0,12,0.0,0.0,1,0.0,12,0,0.5,7,0,12,1,0.0,0.5,0.0,8,3,0.0,0.0,0.5,4,1,0.0,0.0,0.0,12,0,0.0,0,0,12,1.0,0.5,0.0,1.0,12,1.0,0.0,0,0.0,12,0.5,0.5,1.0,4,12,0,4,0.0,0.0,12,0.0,0.0,0,12,0,0,0.0,0,12,0,0,0,0,12,0.0,0,0,0,12,0,0,0,0,8,0.0,0.0,0,0.0,9,0,0,0,3,12,0,0.0,1,2,12
2024-01,0,0,0.0,0.0,21,3,0,0,0,12,0.0,2,2,0.0,8,0.0,1.0,0.0,0,5,0.0,0.0,0.0,0.0,4,0,0.0,3,0,12,0.0,0.0,1,1.0,12,0,0.0,5,0,12,1,0.0,0.5,0.0,9,2,0.0,0.0,0.5,4,1,0.0,0.0,0.5,12,0,0.0,0,0,12,9.0,1.0,0.0,0.0,12,0.5,0.0,0,0.0,12,1.0,1.0,0.0,4,12,0,4,0.0,0.0,12,1.0,0.0,0,12,0,0,0.0,0,12,0,0,0,0,12,0.0,0,0,0,12,0,0,0,0,8,0.0,0.0,0,0.0,9,0,0,0,3,12,0,0.0,1,2,12
2024-02,0,0,0.0,0.0,24,1,0,0,0,13,0.0,1,3,0.0,9,0.0,1.0,0.0,0,6,0.0,0.0,0.0,0.0,4,0,0.0,4,0,13,0.0,0.0,1,1.0,13,0,0.0,4,0,13,1,0.0,0.5,0.5,9,2,0.0,0.0,0.5,4,2,0.0,0.0,0.0,13,0,0.0,0,0,13,3.0,1.0,0.5,1.0,13,0.5,0.0,0,0.0,13,1.0,1.0,0.0,5,13,0,5,0.0,0.0,13,0.5,0.0,0,13,0,0,0.0,0,13,0,0,0,0,13,0.0,0,0,0,13,0,0,0,0,9,0.0,0.0,0,0.0,10,0,0,0,4,13,0,0.0,1,2,13
2024-03,0,0,0.0,0.0,22,1,0,0,0,12,0.0,1,4,0.0,8,0.0,0.5,0.0,0,5,0.0,0.0,0.0,0.0,3,0,0.0,3,0,12,0.0,0.0,2,0.0,12,0,0.0,5,0,12,1,0.5,1.0,0.0,9,3,0.0,0.5,0.5,4,1,0.0,0.0,0.0,12,0,0.0,0,0,12,2.0,0.5,0.0,1.0,12,0.0,0.0,0,0.0,12,1.0,0.0,0.0,5,12,0,5,0.0,0.0,12,0.5,0.0,0,12,0,0,0.5,0,12,0,0,0,0,12,0.0,0,0,0,12,0,0,0,0,8,0.0,0.0,0,1.0,9,0,0,0,3,12,0,0.0,1,3,12
2024-04,0,0,0.0,0.0,20,1,0,0,0,11,0.0,2,2,0.0,7,0.0,1.0,0.0,0,5,0.0,0.0,0.0,0.0,3,0,0.0,2,0,11,0.0,0.0,2,0.5,11,0,0.0,3,0,11,1,0.0,0.5,0.5,8,2,0.0,0.0,0.5,4,2,0.0,0.0,0.5,11,0,0.0,0,0,11,1.0,1.0,0.0,1.0,11,1.0,0.5,0,1.0,11,1.0,0.0,0.0,4,11,0,4,0.0,0.0,11,0.0,0.0,0,11,0,0,0.0,0,11,0,0,0,0,11,0.0,0,0,0,11,0,0,0,0,8,0.0,0.0,0,0.0,9,0,0,0,3,11,0,0.0,1,3,11
2024-05,0,0,0.0,1.0,21,1,0,0,0,12,0.5,2,3,0.0,8,0.0,1.0,0.0,0,5,0.0,0.0,0.0,0.0,3,0,0.0,4,0,12,0.0,0.0,2,0.5,12,0,0.0,4,0,12,1,0.0,0.5,0.0,8,2,0.0,0.0,0.5,4,1,0.0,0.0,0.0,12,0,0.0,0,0,12,2.0,1.0,0.0,1.0,12,0.0,1.0,0,0.5,12,1.0,0.0,0.5,4,12,0,4,0.0,0.0,12,0.0,0.0,0,12,0,0,0.0,0,12,0,0,0,0,12,0.0,0,0,0,12,0,0,0,0,8,0.0,0.0,0,0.0,9,0,0,0,3,12,0,0.0,1,1,12
2024-06,0,0,0.0,1.0,18,1,0,0,0,10,0.0,2,2,0.5,7,0.0,1.0,0.0,0,4,0.0,0.0,0.0,0.5,3,0,0.0,3,0,10,0.0,0.0,2,0.0,10,0,0.5,3,0,10,1,0.0,0.5,0.5,7,1,0.0,0.0,0.5,3,1,0.0,0.0,0.0,10,0,0.0,0,0,10,1.0,0.5,1.0,0.5,10,0.5,0.0,0,1.0,10,0.5,0.5,0.0,3,10,0,3,0.0,0.0,10,0.0,0.0,0,10,0,0,0.0,0,10,0,0,0,0,10,0.0,0,0,0,10,0,0,0,0,7,0.0,0.0,0,0.0,8,0,0,0,3,10,0,0.0,1,2,10
2024-07,0,0,0.0,0.0,21,1,0,0,0,12,0.0,2,2,0.0,8,0.0,0.5,0.0,0,5,0.0,0.0,0.0,0.0,3,0,0.0,3,0,12,0.0,0.0,2,0.0,12,0,0.0,4,0,12,1,0.0,0.5,0.5,8,2,0.0,0.5,0.5,4,1,0.0,0.0,0.0,12,0,0.0,0,0,12,1.0,1.0,0.0,0.0,12,0.0,0.0,0,0.0,12,0.0,1.0,0.0,4,12,0,4,0.0,0.0,12,0.0,0.0,0,12,0,0,0.0,0,12,0,0,0,0,12,0.0,0,0,0,12,0,0,0,0,8,0.0,0.0,0,0.0,9,0,0,0,3,12,0,0.0,1,2,12
2024-08,0,0,0.0,0.0,20,1,0,0,0,12,0.0,1,2,0.0,7,0.0,1.0,0.0,0,5,0.0,1.0,0.0,0.0,3,0,0.0,4,0,12,0.0,0.0,2,0.0,12,0,1.0,17,0,12,1,0.0,0.0,0.0,8,1,0.5,0.0,1.0,4,1,0.0,0.0,0.0,12,0,0.0,0,0,12,2.0,1.0,0.5,0.0,12,0.0,1.0,0,0.0,12,1.0,1.0,1.0,3,12,0,3,0.0,0.0,12,0.0,0.0,0,12,0,0,0.0,0,12,0,0,0,0,12,0.0,0,0,0,12,0,0,0,0,8,0.0,0.0,0,0.0,9,0,0,0,4,12,0,0.5,1,2,12
2024-09,0,0,0.0,0.0,23,1,0,0,0,13,0.0,1,2,0.0,8,0.0,0.5,0.0,0,6,0.0,0.5,0.0,0.0,4,0,0.0,3,0,13,0.0,0.0,1,0.5,13,0,0.0,7,0,13,1,0.0,0.5,0.5,9,2,0.0,0.0,1.0,4,1,0.0,0.0,0.5,13,0,0.0,0,0,13,1.0,1.0,1.0,1.0,13,0.0,0.0,0,0.0,13,1.0,1.0,1.0,4,13,0,4,0.0,0.0,13,0.0,0.0,0,13,0,0,0.0,0,13,0,0,0,0,13,0.0,0,0,0,13,0,0,0,0,9,0.0,0.0,0,0.0,10,0,0,0,3,13,0,0.0,2,2,13
2024-10,0,0,0.0,0.0,21,1,0,0,0,12,0.0,1,3,0.0,8,0.0,1.0,0.0,0,5,0.0,0.5,0.0,0.0,4,0,0.0,4,0,12,0.0,0.0,2,0.5,12,0,0.0,5,0,12,1,0.0,0.5,0.5,9,2,0.5,0.0,0.5,4,1,0.0,0.0,1.0,12,0,0.0,0,0,12,1.0,1.0,0.0,0.5,12,1.0,1.0,0,0.0,12,1.0,1.0,0.0,4,12,0,4,0.5,0.0,12,0.0,0.0,0,12,0,0,0.0,0,12,0,0,0,0,12,0.0,0,0,0,12,0,0,0,0,8,0.0,0.0,0,0.5,10,0,0,0,3,12,0,0.0,1,2,12
2024-11,0,0,0.0,0.0,22,1,0,0,0,13,0.0,2,3,0.0,8,0.0,1.0,0.0,0,6,0.0,0.5,0.0,0.0,4,0,0.0,4,0,13,0.0,0.0,1,0.5,13,0,0.0,4,0,13,1,0.0,0.0,1.0,9,2,0.5,0.0,0.5,4,1,0.0,0.0,0.0,13,0,0.0,0,0,13,1.0,1.0,0.0,1.0,13,1.0,0.5,0,0.0,13,1.0,1.0,1.0,4,13,0,4,0.0,0.0,13,0.0,0.0,0,13,0,0,0.0,0,13,0,0,0,0,13,0.0,0,0,0,13,0,0,0,0,9,0.0,0.0,0,0.0,10,0,0,0,4,13,0,0.0,1,2,13
2024-12,0,0,1.0,0.0,22,2,0,0,0,12,0.0,2,3,0.0,8,0.0,1.0,0.0,0,5,0.0,0.5,0.0,0.0,4,0,0.0,3,0,12,0.0,0.0,1,0.5,12,0,0.0,3,0,12,1,0.0,0.5,0.5,9,1,0.5,0.5,0.5,4,1,0.0,0.0,0.0,12,0,0.0,0,0,12,1.0,1.0,1.0,1.0,12,0.5,0.0,0,0.0,12,1.0,1.0,1.0,4,12,0,4,0.0,0.0,12,0.0,0.0,0,12,0,0,0.0,0,12,0,0,0,0,12,0.0,0,0,0,12,0,0,0,0,8,0.0,0.0,0,0.0,10,0,0,0,4,12,0,0.0,1,3,12
2025-01,0,0,0.0,0.0,24,1,0,0,0,14,0.0,1,2,0.5,9,0.0,1.0,0.0,0,6,0.0,0.5,0.0,0.0,4,0,0.0,3,0,14,0.0,0.0,1,0.5,14,0,0.0,3,0,14,1,0.0,0.5,0.0,10,1,0.5,0.0,0.5,5,1,0.0,0.0,0.0,14,0,0.0,0,0,14,1.0,1.0,0.0,1.0,14,0.0,0.0,0,0.0,14,1.0,1.0,0.0,3,14,0,3,0.0,0.0,14,0.0,0.5,0,14,0,0,0.0,0,14,0,0,0,0,14,0.0,0,0,0,14,0,0,0,0,9,0.0,0.0,0,0.0,11,0,0,0,2,14,0,0.0,1,2,14
2025-02,0,0,0.0,0.0,19,1,0,0,0,10,0.0,2,2,0.0,7,0.0,1.0,0.0,0,4,0.0,0.5,0.0,0.0,3,0,0.0,3,0,10,0.0,0.0,2,0.5,10,0,0.0,3,0,10,1,0.0,1.0,0.0,7,1,0.5,0.5,0.5,3,2,0.0,0.0,0.0,10,0,0.0,0,0,10,1.0,1.0,0.0,1.0,10,0.0,0.5,0,0.0,10,0.5,0.5,0.0,3,10,0,3,0.0,0.5,10,1.0,0.0,0,10,0,0,0.0,0,10,0,0,0,0,10,0.0,0,0,0,10,0,0,0,0,7,0.0,0.0,0,0.0,8,0,0,0,3,10,0,0.0,1,2,10
2025-03,0,0,0.0,0.0,19,1,0,0,0,11,0.0,1,3,0.0,7,0.0,1.0,0.0,0,5,0.0,0.0,0.0,0.0,3,0,0.0,2,0,11,0.0,0.0,2,0.0,11,0,0.0,3,0,11,1,0.0,0.5,0.0,8,1,0.0,0.0,0.5,4,1,0.0,0.0,0.5,11,0,0.0,0,0,11,0.0,0.0,0.0,0.5,11,0.0,0.5,0,0.0,11,1.0,1.0,0.0,4,11,0,4,0.0,0.0,11,0.0,0.0,0,11,0,0,0.0,0,11,0,0,0,0,11,0.0,0,0,0,11,0,0,0,0,7,0.0,0.0,0,0.5,9,0,0,0,2,11,0,0.0,1,3,11
2025-04,0,0,0.0,0.0,19,1,0,0,0,11,0.0,2,2,0.5,7,0.0,2.0,0.0,0,5,0.0,0.5,0.0,0.0,3,0,0.0,3,0,11,0.0,0.0,2,1.0,11,0,0.0,2,0,11,1,0.0,0.5,0.0,8,1,0.0,0.5,0.5,4,1,0.0,0.0,0.0,11,0,0.0,0,0,11,0.0,1.0,0.0,1.0,11,1.0,0.0,0,0.5,11,1.0,0.5,0.0,4,11,0,4,0.0,0.0,11,0.0,0.0,0,11,0,0,0.0,0,11,0,0,0,0,11,0.0,0,0,0,11,0,0,0,0,7,0.0,0.0,0,1.0,8,0,0,0,3,11,0,0.0,1,2,11
2025-05,0,0,0.0,0.0,20,1,0,0,0,11,0.0,2,2,0.0,7,0.0,1.0,0.0,0,5,0.0,0.5,0.0,0.0,3,0,0.0,2,0,11,0.0,0.0,2,0.5,11,0,0.0,2,0,11,1,0.0,0.0,0.5,8,1,0.5,0.5,0.5,4,2,0.5,0.5,0.0,11,0,0.0,0,0,11,0.0,1.0,0.5,2.0,11,0.0,0.5,0,0.0,11,0.5,0.5,0.0,4,11,0,4,0.0,0.0,11,0.0,0.0,0,11,0,0,0.0,0,11,0,0,0,0,11,0.0,0,0,0,11,0,0,0,0,7,0.0,0.0,0,0.0,9,0,0,0,3,11,0,0.0,1,2,11
2025-06,0,0,0.0,1.0,21,1,0,0,0,12,0.0,2,2,0.0,8,0.0,1.0,0.0,0,5,0.0,0.0,0.0,0.0,3,0,0.0,2,0,12,0.0,0.0,1,0.5,12,0,0.0,2,1,12,1,0.0,0.5,0.0,9,1,0.5,0.5,0.5,4,1,0.0,0.0,0.0,12,0,0.0,0,0,12,0.0,1.0,0.5,1.0,12,0.0,0.0,0,0.0,12,1.0,0.0,0.0,4,12,0,4,0.0,0.0,12,0.0,0.0,0,12,0,0,0.0,0,12,0,0,0,0,12,0.0,0,0,0,12,0,0,0,0,8,0.0,0.0,0,0.5,9,0,0,0,2,12,0,0.0,1,1,12
2025-07,0,0,0.0,0.0,20,1,0,0,0,11,0.0,2,2,0.5,7,0.0,1.0,0.0,0,5,0.0,0.5,0.0,0.0,3,0,0.0,4,0,11,0.0,0.0,2,0.5,11,0,0.0,3,0,11,2,0.5,0.5,0.5,8,2,0.5,0.5,1.0,4,2,0.0,0.0,1.0,11,0,0.0,0,0,11,1.0,1.0,0.0,1.0,11,1.0,0.0,0,0.0,11,0.5,1.0,1.0,4,11,0,4,0.0,0.0,11,0.5,0.0,0,11,0,0,0.0,0,11,0,0,0,0,11,0.0,0,0,0,11,0,0,0,0,8,0.0,0.0,0,0.0,9,0,0,0,2,11,0,0.0,1,2,11
2025-08,0,0,0.0,0.0,19,1,0,0,0,11,0.0,2,3,0.0,7,0.0,1.0,0.0,0,5,0.0,0.0,0.0,0.5,3,0,0.0,4,0,11,0.0,0.0,1,0.5,11,0,0.0,3,0,11,1,0.0,0.5,0.5,8,2,0.5,0.5,1.0,4,2,0.0,0.0,0.5,11,0,0.0,0,0,11,0.5,1.0,0.5,1.0,11,0.5,0.0,0,0.5,11,1.0,1.0,1.0,6,11,0,6,0.0,0.0,11,0.5,0.0,0,11,0,0,0.0,0,11,0,0,0,0,11,0.0,0,0,0,11,0,0,0,0,7,0.0,0.0,0,0.0,8,0,0,0,3,11,0,0.0,1,2,11
2025-09,0,0,0.5,0.5,18,1,0,0,0,10,0.0,2,2,0.5,7,0.5,1.0,0.0,0,4,0.5,0.5,0.0,0.5,3,0,0.5,4,0,10,0.5,0.5,1,0.5,10,0,1.0,2,0,10,1,0.5,0.5,0.5,7,3,0.5,0.5,0.5,3,2,0.0,0.5,0.5,10,0,0.0,0,0,10,0.5,1.0,0.5,1.0,10,0.5,0.5,0,0.5,10,1.0,0.5,0.5,4,10,0,4,0.0,0.5,10,0.5,0.5,0,10,0,0,0.0,0,10,0,0,0,0,10,0.0,0,0,0,10,0,0,0,0,7,0.5,0.5,0,0.5,8,0,0,0,3,10,0,0.5,1,2,10
