Month,অর্থনীতি,রেমিট্যান্স,নিষেধাজ্ঞা,সরবরাহ,Email,অপ্রাতিষ্ঠানিক খাত,অপ্রাতিষ্ঠানিক বাজার,কালোবাজার,বিদেশি মুদ্রা,Email_file1,বৈদেশিক মুদ্রা,বৈদেশিক বাণিজ্য,তেল,ঋণ,Email_file2,ঋণ_file3,দেনা,গবাদি পশু,ঋণসমূহ,Email_file3,ঋণসমূহ_file4,দেনাসমূহ,দুর্নীতি,ঘুষ,Email_file4,চুক্তি,পাচার,পাচারকারী,ব্যবসা,Email_file5,স্থগিতাদেশ,স্থগিত ঘোষণা,জ্বালানী,বিদেশি,Email_file6,বৈদেশিক,বিনিয়োগকারী,শুল্ক,গুদাম,Email_file7,আড়ত,শুল্ক বিভাগ,কাস্টমস বিভাগ,লাইসেন্স,Email_file8,অনুমতিপত্র,পাঠানো,চালান,শিপমেন্ট,Email_file9,টাকা,Email_file10,জোগান,চাহিদা,জিডিপি,বিনিয়োগ,Email_file11,নিষেধাজ্ঞা_file12,চাকরি,রোজগার,কর্মসংস্থান,Email_file12,বাধা,বিধিনিষেধ,নিষেধাজ্ঞা_file13,বেকারত্ব,Email_file13,মুদ্রা,শ্রম বাজার,বাজার,বিনিময় হার,Email_file14,কর,করসমূহ,পণ্য,দ্রব্য,Email_file15,উৎপাদনের স্তর,ঋতুভিত্তিক কাজ,মৌসুমি কাজ,অস্থায়ী কাজ,Email_file16,নিষেধাজ্ঞা_file17,প্রবাসী নেটওয়ার্ক,প্রবাসী জনগোষ্ঠী,আমদানি,Email_file17,রপ্তানি,বাণিজ্য,স্থানীয় অর্থনীতি,ব্যবসায়ী,Email_file18
2004-01,0,0.0,0.0,0.0,0,0,0,0,0,0,0,0,0.0,0.0,0,0.0,0.0,0.0,0,0,0,0,0.0,0.0,0,0.0,0.0,0.0,0.0,0,0,0,0,0.0,0,0.0,0.0,0.0,0,0,0,0,0,0,0,0,0.0,0.0,0,0,0,0,0.0,0.0,0.0,0.0,0,0.0,0.0,0.0,0.0,0.0,0.0,0.0,0.0,0.0,0.0,0.0,0,0,0.0,0,0.0,0,0.0,0.0,0,0,0,0,0.0,0,0.0,0.0,0,0.0,0.0,0.0,0.0,0.0,0.0,0
2004-02,0,0.0,0.0,0.0,0,0,0,0,0,0,0,0,0.0,0.0,0,0.0,0.0,0.0,0,0,0,0,0.0,0.0,0,0.0,0.0,0.0,0.0,0,0,0,0,0.0,0,0.0,0.0,0.0,0,0,0,0,0,0,0,0,0.0,0.0,0,0,0,0,0.0,0.0,0.0,0.0,0,0.0,0.0,0.0,0.0,0.0,0.0,0.0,0.0,0.0,0.0,0.0,0,0,0.0,0,0.0,0,0.0,0.0,0,0,0,0,0.0,0,0.0,0.0,0,0.0,0.0,0.0,0.0,0.0,0.0,0
2004-03,0,0.0,0.0,0.0,0,0,0,0,0,0,0,0,0.0,0.0,0,0.0,0.0,0.0,0,0,0,0,0.0,0.0,0,0.0,0.0,0.0,0.0,0,0,0,0,0.0,0,0.0,0.0,0.0,0,0,0,0,0,0,0,0,0.0,0.0,0,0,0,0,0.0,0.0,0.0,0.0,0,0.0,0.0,0.0,0.0,0.0,0.0,0.0,0.0,0.0,0.0,0.0,0,0,0.0,0,0.0,0,0.0,0.0,0,0,0,0,0.0,0,0.0,0.0,0,0.0,0.0,0.0,0.0,0.0,0.0,0
2004-04,0,0.0,0.0,0.0,0,0,0,0,0,0,0,0,0.0,0.0,0,0.0,0.0,0.0,0,0,0,0,0.0,0.0,0,0.0,0.0,0.0,0.0,0,0,0,0,0.0,0,0.0,0.0,0.0,0,0,0,0,0,0,0,0,0.0,0.0,0,0,0,0,0.0,0.0,0.0,0.0,0,0.0,0.0,0.0,0.0,0.0,0.0,0.0,0.0,0.0,0.0,0.0,0,0,0.0,0,0.0,0,0.0,0.0,0,0,0,0,0.0,0,0.0,0.0,0,0.0,0.0,0.0,0.0,0.0,0.0,0
2004-05,0,0.0,0.0,0.0,0,0,0,0,0,0,0,0,0.0,0.0,0,0.0,0.0,0.0,0,0,0,0,0.0,0.0,0,0.0,0.0,0.0,0.0,0,0,0,0,0.0,0,0.0,0.0,0.0,0,0,0,0,0,0,0,0,0.0,0.0,0,0,0,0,0.0,0.0,0.0,0.0,0,0.0,0.0,0.0,0.0,0.0,0.0,0.0,0.0,0.0,0.0,0.0,0,0,0.0,0,0.0,0,0.0,0.0,0,0,0,0,0.0,0,0.0,0.0,0,0.0,0.0,0.0,0.0,0.0,0.0,0
2004-06,0,0.0,0.0,0.0,0,0,0,0,0,0,0,0,0.0,0.0,0,0.0,0.0,0.0,0,0,0,0,0.0,0.0,0,0.0,0.0,0.0,0.0,0,0,0,0,0.0,0,0.0,0.0,0.0,0,0,0,0,0,0,0,0,0.0,0.0,0,0,0,0,0.0,0.0,0.0,0.0,0,0.0,0.0,0.0,0.0,0.0,0.0,0.0,0.0,0.0,0.0,0.0,0,0,0.0,0,0.0,0,0.0,0.0,0,0,0,0,0.0,0,0.0,0.0,0,0.0,0.0,0.0,0.0,0.0,0.0,0
2004-07,0,0.0,0.0,0.0,0,0,0,0,0,0,0,0,0.0,0.0,0,0.0,0.0,0.0,0,0,0,0,0.0,0.0,0,0.0,0.0,0.0,0.0,0,0,0,0,0.0,0,0.0,0.0,0.0,0,0,0,0,0,0,0,0,0.0,0.0,0,0,0,0,0.0,0.0,0.0,0.0,0,0.0,0.0,0.0,0.0,0.0,0.0,0.0,0.0,0.0,0.0,0.0,0,0,0.0,0,0.0,0,0.0,0.0,0,0,0,0,0.0,0,0.0,0.0,0,0.0,0.0,0.0,0.0,0.0,0.0,0
2004-08,0,0.0,0.0,0.0,0,0,0,0,0,0,0,0,0.0,0.0,0,0.0,0.0,0.0,0,0,0,0,0.0,0.0,0,0.0,0.0,0.0,0.0,0,0,0,0,0.0,0,0.0,0.0,0.0,0,0,0,0,0,0,0,0,0.0,0.0,0,0,0,0,0.0,0.0,0.0,0.0,0,0.0,0.0,0.0,0.0,0.0,0.0,0.0,0.0,0.0,0.0,0.0,0,0,0.0,0,0.0,0,0.0,0.0,0,0,0,0,0.0,0,0.0,0.0,0,0.0,0.0,0.0,0.0,0.0,0.0,0
2004-09,0,0.0,0.0,0.0,0,0,0,0,0,0,0,0,0.0,0.0,0,0.0,0.0,0.0,0,0,0,0,0.0,0.0,0,0.0,0.0,0.0,0.0,0,0,0,0,0.0,0,0.0,0.0,0.0,0,0,0,0,0,0,0,0,0.0,0.0,0,0,0,0,0.0,0.0,0.0,0.0,0,0.0,0.0,0.0,0.0,0.0,0.0,0.0,0.0,0.0,0.0,0.0,0,0,0.0,0,0.0,0,0.0,0.0,0,0,0,0,0.0,0,0.0,0.0,0,0.0,0.0,0.0,0.0,0.0,0.0,0
2004-10,0,0.0,0.0,0.0,0,0,0,0,0,0,0,0,0.0,0.0,0,0.0,0.0,0.0,0,0,0,0,0.0,0.0,0,0.0,0.0,0.0,0.0,0,0,0,0,0.0,0,0.0,0.0,0.0,0,0,0,0,0,0,0,0,0.0,0.0,0,0,0,0,0.0,0.0,0.0,0.0,0,0.0,0.0,0.0,0.0,0.0,0.0,0.0,0.0,0.0,0.0,0.0,0,0,0.0,0,0.0,0,0.0,0.0,0,0,0,0,0.0,0,0.0,0.0,0,0.0,0.0,0.0,0.0,0.0,0.0,0
2004-11,0,0.0,0.0,0.0,0,0,0,0,0,0,0,0,0.0,0.0,0,0.0,0.0,0.0,0,0,0,0,0.0,0.0,0,0.0,0.0,0.0,0.0,0,0,0,0,0.0,0,0.0,0.0,0.0,0,0,0,0,0,0,0,0,0.0,0.0,0,0,0,0,0.0,0.0,0.0,0.0,0,0.0,0.0,0.0,0.0,0.0,0.0,0.0,0.0,0.0,0.0,0.0,0,0,0.0,0,0.0,0,0.0,0.0,0,0,0,0,0.0,0,0.0,0.0,0,0.0,0.0,0.0,0.0,0.0,0.0,0
2004-12,0,0.0,0.0,0.0,0,0,0,0,0,0,0,0,0.0,0.0,0,0.0,0.0,0.0,0,0,0,0,0.0,0.0,0,0.0,0.0,0.0,0.0,0,0,0,0,0.0,0,0.0,0.0,0.0,0,0,0,0,0,0,0,0,0.0,0.0,0,0,0,0,0.0,0.0,0.0,0.0,0,0.0,0.0,0.0,0.0,0.0,0.0,0.0,0.0,0.0,0.0,0.0,0,0,0.0,0,0.0,0,0.0,0.0,0,0,0,0,0.0,0,0.0,0.0,0,0.0,0.0,0.0,0.0,0.0,0.0,0
2005-01,0,0.0,0.0,0.0,0,0,0,0,0,0,0,0,0.0,0.0,0,0.0,0.0,0.0,0,0,0,0,0.0,0.0,0,0.0,0.0,0.0,0.0,0,0,0,0,0.0,0,0.0,0.0,0.0,0,0,0,0,0,0,0,0,0.0,0.0,0,0,0,0,0.0,0.0,0.0,0.0,0,0.0,0.0,0.0,0.0,0.0,0.0,0.0,0.0,0.0,0.0,0.0,0,0,0.0,0,0.0,0,0.0,0.0,0,0,0,0,0.0,0,0.0,0.0,0,0.0,0.0,0.0,0.0,0.0,0.0,0
2005-02,0,0.0,0.0,0.0,0,0,0,0,0,0,0,0,0.0,0.0,0,0.0,0.0,0.0,0,0,0,0,0.0,0.0,0,0.0,0.0,0.0,0.0,0,0,0,0,0.0,0,0.0,0.0,0.0,0,0,0,0,0,0,0,0,0.0,0.0,0,0,0,0,0.0,0.0,0.0,0.0,0,0.0,0.0,0.0,0.0,0.0,0.0,0.0,0.0,0.0,0.0,0.0,0,0,0.0,0,0.0,0,0.0,0.0,0,0,0,0,0.0,0,0.0,0.0,0,0.0,0.0,0.0,0.0,0.0,0.0,0
2005-03,0,0.0,0.0,0.0,0,0,0,0,0,0,0,0,0.0,0.0,0,0.0,0.0,0.0,0,0,0,0,0.0,0.0,0,0.0,0.0,0.0,0.0,0,0,0,0,0.0,0,0.0,0.0,0.0,0,0,0,0,0,0,0,0,0.0,0.0,0,0,0,0,0.0,0.0,0.0,0.0,0,0.0,0.0,0.0,0.0,0.0,0.0,0.0,0.0,0.0,0.0,0.0,0,0,0.0,0,0.0,0,0.0,0.0,0,0,0,0,0.0,0,0.0,0.0,0,0.0,0.0,0.0,0.0,0.0,0.0,0
2005-04,0,0.0,0.0,0.0,0,0,0,0,0,0,0,0,0.0,0.0,0,0.0,0.0,0.0,0,0,0,0,0.0,0.0,0,0.0,0.0,0.0,0.0,0,0,0,0,0.0,0,0.0,0.0,0.0,0,0,0,0,0,0,0,0,0.0,0.0,0,0,0,0,0.0,0.0,0.0,0.0,0,0.0,0.0,0.0,0.0,0.0,0.0,0.0,0.0,0.0,0.0,0.0,0,0,0.0,0,0.0,0,0.0,0.0,0,0,0,0,0.0,0,0.0,0.0,0,0.0,0.0,0.0,0.0,0.0,0.0,0
2005-05,0,0.0,0.0,0.0,0,0,0,0,0,0,0,0,0.0,0.0,0,0.0,0.0,0.0,0,0,0,0,0.0,0.0,0,0.0,0.0,0.0,0.0,0,0,0,0,0.0,0,0.0,0.0,0.0,0,0,0,0,0,0,0,0,0.0,0.0,0,0,0,0,0.0,0.0,0.0,0.0,0,0.0,0.0,0.0,0.0,0.0,0.0,0.0,0.0,0.0,0.0,0.0,0,0,0.0,0,0.0,0,0.0,0.0,0,0,0,0,0.0,0,0.0,0.0,0,0.0,0.0,0.0,0.0,0.0,0.0,0
2005-06,0,0.0,0.0,0.0,0,0,0,0,0,0,0,0,0.0,0.0,0,0.0,0.0,0.0,0,0,0,0,0.0,0.0,0,0.0,0.0,0.0,0.0,0,0,0,0,0.0,0,0.0,0.0,0.0,0,0,0,0,0,0,0,0,0.0,0.0,0,0,0,0,0.0,0.0,0.0,0.0,0,0.0,0.0,0.0,0.0,0.0,0.0,0.0,0.0,0.0,0.0,0.0,0,0,0.0,0,0.0,0,0.0,0.0,0,0,0,0,0.0,0,0.0,0.0,0,0.0,0.0,0.0,0.0,0.0,0.0,0
2005-07,0,0.0,0.0,0.0,0,0,0,0,0,0,0,0,0.0,0.0,0,0.0,0.0,0.0,0,0,0,0,0.0,0.0,0,0.0,0.0,0.0,0.0,0,0,0,0,0.0,0,0.0,0.0,0.0,0,0,0,0,0,0,0,0,0.0,0.0,0,0,0,0,0.0,0.0,0.0,0.0,0,0.0,0.0,0.0,0.0,0.0,0.0,0.0,0.0,0.0,0.0,0.0,0,0,0.0,0,0.0,0,0.0,0.0,0,0,0,0,0.0,0,0.0,0.0,0,0.0,0.0,0.0,0.0,0.0,0.0,0
2005-08,0,0.0,0.0,0.0,0,0,0,0,0,0,0,0,0.0,0.0,0,0.0,0.0,0.0,0,0,0,0,0.0,0.0,0,0.0,0.0,0.0,0.0,0,0,0,0,0.0,0,0.0,0.0,0.0,0,0,0,0,0,0,0,0,0.0,0.0,0,0,0,0,0.0,0.0,0.0,0.0,0,0.0,0.0,0.0,0.0,0.0,0.0,0.0,0.0,0.0,0.0,0.0,0,0,0.0,0,0.0,0,0.0,0.0,0,0,0,0,0.0,0,0.0,0.0,0,0.0,0.0,0.0,0.0,0.0,0.0,0
2005-09,0,0.0,0.0,0.0,0,0,0,0,0,0,0,0,0.0,0.0,0,0.0,0.0,0.0,0,0,0,0,0.0,0.0,0,0.0,0.0,0.0,0.0,0,0,0,0,0.0,0,0.0,0.0,0.0,0,0,0,0,0,0,0,0,0.0,0.0,0,0,0,0,0.0,0.0,0.0,0.0,0,0.0,0.0,0.0,0.0,0.0,0.0,0.0,0.0,0.0,0.0,0.0,0,0,0.0,0,0.0,0,0.0,0.0,0,0,0,0,0.0,0,0.0,0.0,0,0.0,0.0,0.0,0.0,0.0,0.0,0
2005-10,0,0.0,0.0,0.0,0,0,0,0,0,0,0,0,0.0,0.0,0,0.0,0.0,0.0,0,0,0,0,0.0,0.0,0,0.0,0.0,0.0,0.0,0,0,0,0,0.0,0,0.0,0.0,0.0,0,0,0,0,0,0,0,0,0.0,0.0,0,0,0,0,0.0,0.0,0.0,0.0,0,0.0,0.0,0.0,0.0,0.0,0.0,0.0,0.0,0.0,0.0,0.0,0,0,0.0,0,0.0,0,0.0,0.0,0,0,0,0,0.0,0,0.0,0.0,0,0.0,0.0,0.0,0.0,0.0,0.0,0
2005-11,0,0.0,0.0,0.0,0,0,0,0,0,0,0,0,0.0,0.0,0,0.0,0.0,0.0,0,0,0,0,0.0,0.0,0,0.0,0.0,0.0,0.0,0,0,0,0,0.0,0,0.0,0.0,0.0,0,0,0,0,0,0,0,0,0.0,0.0,0,0,0,0,0.0,0.0,0.0,0.0,0,0.0,0.0,0.0,0.0,0.0,0.0,0.0,0.0,0.0,0.0,0.0,0,0,0.0,0,0.0,0,0.0,0.0,0,0,0,0,0.0,0,0.0,0.0,0,0.0,0.0,0.0,0.0,0.0,0.0,0
2005-12,0,0.0,0.0,0.0,0,0,0,0,0,0,0,0,0.0,0.0,0,0.0,0.0,0.0,0,0,0,0,0.0,0.0,0,0.0,0.0,0.0,0.0,0,0,0,0,0.0,0,0.0,0.0,0.0,0,0,0,0,0,0,0,0,0.0,0.0,0,0,0,0,0.0,0.0,0.0,0.0,0,0.0,0.0,0.0,0.0,0.0,0.0,0.0,0.0,0.0,0.0,0.0,0,0,0.0,0,0.0,0,0.0,0.0,0,0,0,0,0.0,0,0.0,0.0,0,0.0,0.0,0.0,0.0,0.0,0.0,0
2006-01,0,0.0,0.0,0.0,0,0,0,0,0,0,0,0,0.0,0.0,0,0.0,0.0,0.0,0,0,0,0,0.0,0.0,0,0.0,0.0,0.0,0.0,0,0,0,0,0.0,0,0.0,0.0,0.0,0,0,0,0,0,0,0,0,0.0,0.0,0,0,0,0,0.0,0.0,0.0,0.0,0,0.0,0.0,0.0,0.0,0.0,0.0,0.0,0.0,0.0,0.0,0.0,0,0,0.0,0,0.0,0,0.0,0.0,0,0,0,0,0.0,0,0.0,0.0,0,0.0,0.0,0.0,0.0,0.0,0.0,0
2006-02,0,0.0,0.0,0.0,0,0,0,0,0,0,0,0,0.0,0.0,0,0.0,0.0,0.0,0,0,0,0,0.0,0.0,0,0.0,0.0,0.0,0.0,0,0,0,0,0.0,0,0.0,0.0,0.0,0,0,0,0,0,0,0,0,0.0,0.0,0,0,0,0,0.0,0.0,0.0,0.0,0,0.0,0.0,0.0,0.0,0.0,0.0,0.0,0.0,0.0,0.0,0.0,0,0,0.0,0,0.0,0,0.0,0.0,0,0,0,0,0.0,0,0.0,0.0,0,0.0,0.0,0.0,0.0,0.0,0.0,0
2006-03,0,0.0,0.0,0.0,0,0,0,0,0,0,0,0,0.0,0.0,0,0.0,0.0,0.0,0,0,0,0,0.0,0.0,0,0.0,0.0,0.0,0.0,0,0,0,0,0.0,0,0.0,0.0,0.0,0,0,0,0,0,0,0,0,0.0,0.0,0,0,0,0,0.0,0.0,0.0,0.0,0,0.0,0.0,0.0,0.0,0.0,0.0,0.0,0.0,0.0,0.0,0.0,0,0,0.0,0,0.0,0,0.0,0.0,0,0,0,0,0.0,0,0.0,0.0,0,0.0,0.0,0.0,0.0,0.0,0.0,0
2006-04,0,0.0,0.0,0.0,0,0,0,0,0,0,0,0,0.0,0.0,0,0.0,0.0,0.0,0,0,0,0,0.0,0.0,0,0.0,0.0,0.0,0.0,0,0,0,0,0.0,0,0.0,0.0,0.0,0,0,0,0,0,0,0,0,0.0,0.0,0,0,0,0,0.0,0.0,0.0,0.0,0,0.0,0.0,0.0,0.0,0.0,0.0,0.0,0.0,0.0,0.0,0.0,0,0,0.0,0,0.0,0,0.0,0.0,0,0,0,0,0.0,0,0.0,0.0,0,0.0,0.0,0.0,0.0,0.0,0.0,0
2006-05,0,0.0,0.0,0.0,0,0,0,0,0,0,0,0,0.0,0.0,0,0.0,0.0,0.0,0,0,0,0,0.0,0.0,0,0.0,0.0,0.0,0.0,0,0,0,0,0.0,0,0.0,0.0,0.0,0,0,0,0,0,0,0,0,0.0,0.0,0,0,0,0,0.0,0.0,0.0,0.0,0,0.0,0.0,0.0,0.0,0.0,0.0,0.0,0.0,0.0,0.0,0.0,0,0,0.0,0,0.0,0,0.0,0.0,0,0,0,0,0.0,0,0.0,0.0,0,0.0,0.0,0.0,0.0,0.0,0.0,0
2006-06,0,0.0,0.0,0.0,0,0,0,0,0,0,0,0,0.0,0.0,0,0.0,0.0,0.0,0,0,0,0,0.0,0.0,0,0.0,0.0,0.0,0.0,0,0,0,0,0.0,0,0.0,0.0,0.0,0,0,0,0,0,0,0,0,0.0,0.0,0,0,0,0,0.0,0.0,0.0,0.0,0,0.0,0.0,0.0,0.0,0.0,0.0,0.0,0.0,0.0,0.0,0.0,0,0,0.0,0,0.0,0,0.0,0.0,0,0,0,0,0.0,0,0.0,0.0,0,0.0,0.0,0.0,0.0,0.0,0.0,0
2006-07,0,0.0,0.0,0.0,0,0,0,0,0,0,0,0,0.0,0.0,0,0.0,0.0,0.0,0,0,0,0,0.0,0.0,0,0.0,0.0,0.0,0.0,0,0,0,0,0.0,0,0.0,0.0,0.0,0,0,0,0,0,0,0,0,0.0,0.0,0,0,0,0,0.0,0.0,0.0,0.0,0,0.0,0.0,0.0,0.0,0.0,0.0,0.0,0.0,0.0,0.0,0.0,0,0,0.0,0,0.0,0,0.0,0.0,0,0,0,0,0.0,0,0.0,0.0,0,0.0,0.0,0.0,0.0,0.0,0.0,0
2006-08,0,0.0,0.0,0.0,0,0,0,0,0,0,0,0,0.0,0.0,0,0.0,0.0,0.0,0,0,0,0,0.0,0.0,0,0.0,0.0,0.0,0.0,0,0,0,0,0.0,0,0.0,0.0,0.0,0,0,0,0,0,0,0,0,0.0,0.0,0,0,0,0,0.0,0.0,0.0,0.0,0,0.0,0.0,0.0,0.0,0.0,0.0,0.0,0.0,0.0,0.0,0.0,0,0,0.0,0,0.0,0,0.0,0.0,0,0,0,0,0.0,0,0.0,0.0,0,0.0,0.0,0.0,0.0,0.0,0.0,0
2006-09,0,0.0,0.0,0.0,0,0,0,0,0,0,0,0,0.0,0.0,0,0.0,0.0,0.0,0,0,0,0,0.0,0.0,0,0.0,0.0,0.0,0.0,0,0,0,0,0.0,0,0.0,0.0,0.0,0,0,0,0,0,0,0,0,0.0,0.0,0,0,0,0,0.0,0.0,0.0,0.0,0,0.0,0.0,0.0,0.0,0.0,0.0,0.0,0.0,0.0,0.0,0.0,0,0,0.0,0,0.0,0,0.0,0.0,0,0,0,0,0.0,0,0.0,0.0,0,0.0,0.0,0.0,0.0,0.0,0.0,0
2006-10,0,0.0,0.0,0.0,0,0,0,0,0,0,0,0,0.0,0.0,0,0.0,0.0,0.0,0,0,0,0,0.0,0.0,0,0.0,0.0,0.0,0.0,0,0,0,0,0.0,0,0.0,0.0,0.0,0,0,0,0,0,0,0,0,0.0,0.0,0,0,0,0,0.0,0.0,0.0,0.0,0,0.0,0.0,0.0,0.0,0.0,0.0,0.0,0.0,0.0,0.0,0.0,0,0,0.0,0,0.0,0,0.0,0.0,0,0,0,0,0.0,0,0.0,0.0,0,0.0,0.0,0.0,0.0,0.0,0.0,0
2006-11,0,0.0,0.0,0.0,0,0,0,0,0,0,0,0,0.0,0.0,0,0.0,0.0,0.0,0,0,0,0,0.0,0.0,0,0.0,0.0,0.0,0.0,0,0,0,0,0.0,0,0.0,0.0,0.0,0,0,0,0,0,0,0,0,0.0,0.0,0,0,0,0,0.0,0.0,0.0,0.0,0,0.0,0.0,0.0,0.0,0.0,0.0,0.0,0.0,0.0,0.0,0.0,0,0,0.0,0,0.0,0,0.0,0.0,0,0,0,0,0.0,0,0.0,0.0,0,0.0,0.0,0.0,0.0,0.0,0.0,0
2006-12,0,0.0,0.0,0.0,0,0,0,0,0,0,0,0,0.0,0.0,0,0.0,0.0,0.0,0,0,0,0,0.0,0.0,0,0.0,0.0,0.0,0.0,0,0,0,0,0.0,0,0.0,0.0,0.0,0,0,0,0,0,0,0,0,0.0,0.0,0,0,0,0,0.0,0.0,0.0,0.0,0,0.0,0.0,0.0,0.0,0.0,0.0,0.0,0.0,0.0,0.0,0.0,0,0,0.0,0,0.0,0,0.0,0.0,0,0,0,0,0.0,0,0.0,0.0,0,0.0,0.0,0.0,0.0,0.0,0.0,0
2007-01,0,0.0,0.0,0.0,0,0,0,0,0,0,0,0,0.0,0.0,0,0.0,0.0,0.0,0,0,0,0,0.0,0.0,0,0.0,0.0,0.0,0.0,0,0,0,0,0.0,0,0.0,0.0,0.0,0,0,0,0,0,0,0,0,0.0,0.0,0,0,0,0,0.0,0.0,0.0,0.0,0,0.0,0.0,0.0,0.0,0.0,0.0,0.0,0.0,0.0,0.0,0.0,0,0,0.0,0,0.0,0,0.0,0.0,0,0,0,0,0.0,0,0.0,0.0,0,0.0,0.0,0.0,0.0,0.0,0.0,0
2007-02,0,0.0,0.0,0.0,0,0,0,0,0,0,0,0,0.0,0.0,0,0.0,0.0,0.0,0,0,0,0,0.0,0.0,0,0.0,0.0,0.0,0.0,0,0,0,0,0.0,0,0.0,0.0,0.0,0,0,0,0,0,0,0,0,0.0,0.0,0,0,0,0,0.0,0.0,0.0,0.0,0,0.0,0.0,0.0,0.0,0.0,0.0,0.0,0.0,0.0,0.0,0.0,0,0,0.0,0,0.0,0,0.0,0.0,0,0,0,0,0.0,0,0.0,0.0,0,0.0,0.0,0.0,0.0,0.0,0.0,0
2007-03,0,0.0,0.0,0.0,0,0,0,0,0,0,0,0,0.0,0.0,0,0.0,0.0,0.0,0,0,0,0,0.0,0.0,0,0.0,0.0,0.0,0.0,0,0,0,0,0.0,0,0.0,0.0,0.0,0,0,0,0,0,0,0,0,0.0,0.0,0,0,0,0,0.0,0.0,0.0,0.0,0,0.0,0.0,0.0,0.0,0.0,0.0,0.0,0.0,0.0,0.0,0.0,0,0,0.0,0,0.0,0,0.0,0.0,0,0,0,0,0.0,0,0.0,0.0,0,0.0,0.0,0.0,0.0,0.0,0.0,0
2007-04,0,0.0,0.0,0.0,0,0,0,0,0,0,0,0,0.0,0.0,0,0.0,0.0,0.0,0,0,0,0,0.0,0.0,0,0.0,0.0,0.0,0.0,0,0,0,0,0.0,0,0.0,0.0,0.0,0,0,0,0,0,0,0,0,0.0,0.0,0,0,0,0,0.0,0.0,0.0,0.0,0,0.0,0.0,0.0,0.0,0.0,0.0,0.0,0.0,0.0,0.0,0.0,0,0,0.0,0,0.0,0,0.0,0.0,0,0,0,0,0.0,0,0.0,0.0,0,0.0,0.0,0.0,0.0,0.0,0.0,0
2007-05,0,0.0,0.0,0.0,0,0,0,0,0,0,0,0,0.0,0.0,0,0.0,0.0,0.0,0,0,0,0,0.0,0.0,0,0.0,0.0,0.0,0.0,0,0,0,0,0.0,0,0.0,0.0,0.0,0,0,0,0,0,0,0,0,0.0,0.0,0,0,0,0,0.0,0.0,0.0,0.0,0,0.0,0.0,0.0,0.0,0.0,0.0,0.0,0.0,0.0,0.0,0.0,0,0,0.0,0,0.0,0,0.0,0.0,0,0,0,0,0.0,0,0.0,0.0,0,0.0,0.0,0.0,0.0,0.0,0.0,0
2007-06,0,0.0,0.0,0.0,0,0,0,0,0,0,0,0,0.0,0.0,0,0.0,0.0,0.0,0,0,0,0,0.0,0.0,0,0.0,0.0,0.0,0.0,0,0,0,0,0.0,0,0.0,0.0,0.0,0,0,0,0,0,0,0,0,0.0,0.0,0,0,0,0,0.0,0.0,0.0,0.0,0,0.0,0.0,0.0,0.0,0.0,0.0,0.0,0.0,0.0,0.0,0.0,0,0,0.0,0,0.0,0,0.0,0.0,0,0,0,0,0.0,0,0.0,0.0,0,0.0,0.0,0.0,0.0,0.0,0.0,0
2007-07,0,0.0,0.0,0.0,0,0,0,0,0,0,0,0,0.0,0.0,0,0.0,0.0,0.0,0,0,0,0,0.0,0.0,0,0.0,0.0,0.0,0.0,0,0,0,0,0.0,0,0.0,0.0,0.0,0,0,0,0,0,0,0,0,0.0,0.0,0,0,0,0,0.0,0.0,0.0,0.0,0,0.0,0.0,0.0,0.0,0.0,0.0,0.0,0.0,0.0,0.0,0.0,0,0,0.0,0,0.0,0,0.0,0.0,0,0,0,0,0.0,0,0.0,0.0,0,0.0,0.0,0.0,0.0,0.0,0.0,0
2007-08,0,0.0,0.0,0.0,0,0,0,0,0,0,0,0,0.0,0.0,0,0.0,0.0,0.0,0,0,0,0,0.0,0.0,0,0.0,0.0,0.0,0.0,0,0,0,0,0.0,0,0.0,0.0,0.0,0,0,0,0,0,0,0,0,0.0,0.0,0,0,0,0,0.0,0.0,0.0,0.0,0,0.0,0.0,0.0,0.0,0.0,0.0,0.0,0.0,0.0,0.0,0.0,0,0,0.0,0,0.0,0,0.0,0.0,0,0,0,0,0.0,0,0.0,0.0,0,0.0,0.0,0.0,0.0,0.0,0.0,0
2007-09,0,0.0,0.0,0.0,0,0,0,0,0,0,0,0,0.0,0.0,0,0.0,0.0,0.0,0,0,0,0,0.0,0.0,0,0.0,0.0,0.0,0.0,0,0,0,0,0.0,0,0.0,0.0,0.0,0,0,0,0,0,0,0,0,0.0,0.0,0,0,0,0,0.0,0.0,0.0,0.0,0,0.0,0.0,0.0,0.0,0.0,0.0,0.0,0.0,0.0,0.0,0.0,0,0,0.0,0,0.0,0,0.0,0.0,0,0,0,0,0.0,0,0.0,0.0,0,0.0,0.0,0.0,0.0,0.0,0.0,0
2007-10,0,0.0,0.0,0.0,0,0,0,0,0,0,0,0,0.0,0.0,0,0.0,0.0,0.0,0,0,0,0,0.0,0.0,0,0.0,0.0,0.0,0.0,0,0,0,0,0.0,0,0.0,0.0,0.0,0,0,0,0,0,0,0,0,0.0,0.0,0,0,0,0,0.0,0.0,0.0,0.0,0,0.0,0.0,0.0,0.0,0.0,0.0,0.0,0.0,0.0,0.0,0.0,0,0,0.0,0,0.0,0,0.0,0.0,0,0,0,0,0.0,0,0.0,0.0,0,0.0,0.0,0.0,0.0,0.0,0.0,0
2007-11,0,0.0,0.0,0.0,0,0,0,0,0,0,0,0,0.0,0.0,0,0.0,0.0,0.0,0,0,0,0,0.0,0.0,0,0.0,0.0,0.0,0.0,0,0,0,0,0.0,0,0.0,0.0,0.0,0,0,0,0,0,0,0,0,0.0,0.0,0,0,0,0,0.0,0.0,0.0,0.0,0,0.0,0.0,0.0,0.0,0.0,0.0,0.0,0.0,0.0,0.0,0.0,0,0,0.0,0,0.0,0,0.0,0.0,0,0,0,0,0.0,0,0.0,0.0,0,0.0,0.0,0.0,0.0,0.0,0.0,0
2007-12,0,0.0,0.0,0.0,0,0,0,0,0,0,0,0,0.0,0.0,0,0.0,0.0,0.0,0,0,0,0,0.0,0.0,0,0.0,0.0,0.0,0.0,0,0,0,0,0.0,0,0.0,0.0,0.0,0,0,0,0,0,0,0,0,0.0,0.0,0,0,0,0,0.0,0.0,0.0,0.0,0,0.0,0.0,0.0,0.0,0.0,0.0,0.0,0.0,0.0,0.0,0.0,0,0,0.0,0,0.0,0,0.0,0.0,0,0,0,0,0.0,0,0.0,0.0,0,0.0,0.0,0.0,0.0,0.0,0.0,0
2008-01,0,0.0,0.0,0.0,0,0,0,0,0,0,0,0,0.0,0.0,0,0.0,0.0,0.0,0,0,0,0,0.0,0.0,0,0.0,0.0,0.0,0.0,0,0,0,0,0.0,0,0.0,0.0,0.0,0,0,0,0,0,0,0,0,0.0,0.0,0,0,0,0,0.0,0.0,0.0,0.0,0,0.0,0.0,0.0,0.0,0.0,0.0,0.0,0.0,0.0,0.0,0.0,0,0,0.0,0,0.0,0,0.0,0.0,0,0,0,0,0.0,0,0.0,0.0,0,0.0,0.0,0.0,0.0,0.0,0.0,0
2008-02,0,0.0,0.0,0.0,0,0,0,0,0,0,0,0,0.0,0.0,0,0.0,0.0,0.0,0,0,0,0,0.0,0.0,0,0.0,0.0,0.0,0.0,0,0,0,0,0.0,0,0.0,0.0,0.0,0,0,0,0,0,0,0,0,0.0,0.0,0,0,0,0,0.0,0.0,0.0,0.0,0,0.0,0.0,0.0,0.0,0.0,0.0,0.0,0.0,0.0,0.0,0.0,0,0,0.0,0,0.0,0,0.0,0.0,0,0,0,0,0.0,0,0.0,0.0,0,0.0,0.0,0.0,0.0,0.0,0.0,0
2008-03,0,0.0,0.0,0.0,0,0,0,0,0,0,0,0,0.0,0.0,0,0.0,0.0,0.0,0,0,0,0,0.0,0.0,0,0.0,0.0,0.0,0.0,0,0,0,0,0.0,0,0.0,0.0,0.0,0,0,0,0,0,0,0,0,0.0,0.0,0,0,0,0,0.0,0.0,0.0,0.0,0,0.0,0.0,0.0,0.0,0.0,0.0,0.0,0.0,0.0,0.0,0.0,0,0,0.0,0,0.0,0,0.0,0.0,0,0,0,0,0.0,0,0.0,0.0,0,0.0,0.0,0.0,0.0,0.0,0.0,0
2008-04,0,0.0,0.0,0.0,0,0,0,0,0,0,0,0,0.0,0.0,0,0.0,0.0,0.0,0,0,0,0,0.0,0.0,0,0.0,0.0,0.0,0.0,0,0,0,0,0.0,0,0.0,0.0,0.0,0,0,0,0,0,0,0,0,0.0,0.0,0,0,0,0,0.0,0.0,0.0,0.0,0,0.0,0.0,0.0,0.0,0.0,0.0,0.0,0.0,0.0,0.0,0.0,0,0,0.0,0,0.0,0,0.0,0.0,0,0,0,0,0.0,0,0.0,0.0,0,0.0,0.0,0.0,0.0,0.0,0.0,0
2008-05,0,0.0,0.0,0.0,0,0,0,0,0,0,0,0,0.0,0.0,0,0.0,0.0,0.0,0,0,0,0,0.0,0.0,0,0.0,0.0,0.0,0.0,0,0,0,0,0.0,0,0.0,0.0,0.0,0,0,0,0,0,0,0,0,0.0,0.0,0,0,0,0,0.0,0.0,0.0,0.0,0,0.0,0.0,0.0,0.0,0.0,0.0,0.0,0.0,0.0,0.0,0.0,0,0,0.0,0,0.0,0,0.0,0.0,0,0,0,0,0.0,0,0.0,0.0,0,0.0,0.0,0.0,0.0,0.0,0.0,0
2008-06,0,0.0,0.0,0.0,0,0,0,0,0,0,0,0,0.0,0.0,0,0.0,0.0,0.0,0,0,0,0,0.0,0.0,0,0.0,0.0,0.0,0.0,0,0,0,0,0.0,0,0.0,0.0,0.0,0,0,0,0,0,0,0,0,0.0,0.0,0,0,0,0,0.0,0.0,0.0,0.0,0,0.0,0.0,0.0,0.0,0.0,0.0,0.0,0.0,0.0,0.0,0.0,0,0,0.0,0,0.0,0,0.0,0.0,0,0,0,0,0.0,0,0.0,0.0,0,0.0,0.0,0.0,0.0,0.0,0.0,0
2008-07,0,0.0,0.0,0.0,0,0,0,0,0,0,0,0,0.0,0.0,0,0.0,0.0,0.0,0,0,0,0,0.0,0.0,0,0.0,0.0,0.0,0.0,0,0,0,0,0.0,0,0.0,0.0,0.0,0,0,0,0,0,0,0,0,0.0,0.0,0,0,0,0,0.0,0.0,0.0,0.0,0,0.0,0.0,0.0,0.0,0.0,0.0,0.0,0.0,0.0,0.0,0.0,0,0,0.0,0,0.0,0,0.0,0.0,0,0,0,0,0.0,0,0.0,0.0,0,0.0,0.0,0.0,0.0,0.0,0.0,0
2008-08,0,0.0,0.0,0.0,0,0,0,0,0,0,0,0,0.0,0.0,0,0.0,0.0,0.0,0,0,0,0,0.0,0.0,0,0.0,0.0,0.0,0.0,0,0,0,0,0.0,0,0.0,0.0,0.0,0,0,0,0,0,0,0,0,0.0,0.0,0,0,0,0,0.0,0.0,0.0,0.0,0,0.0,0.0,0.0,0.0,0.0,0.0,0.0,0.0,0.0,0.0,0.0,0,0,0.0,0,0.0,0,0.0,0.0,0,0,0,0,0.0,0,0.0,0.0,0,0.0,0.0,0.0,0.0,0.0,0.0,0
2008-09,0,0.0,0.0,0.0,0,0,0,0,0,0,0,0,0.0,0.0,0,0.0,0.0,0.0,0,0,0,0,0.0,0.0,0,0.0,0.0,0.0,0.0,0,0,0,0,0.0,0,0.0,0.0,0.0,0,0,0,0,0,0,0,0,0.0,0.0,0,0,0,0,0.0,0.0,0.0,0.0,0,0.0,0.0,0.0,0.0,0.0,0.0,0.0,0.0,0.0,0.0,0.0,0,0,0.0,0,0.0,0,0.0,0.0,0,0,0,0,0.0,0,0.0,0.0,0,0.0,0.0,0.0,0.0,0.0,0.0,0
2008-10,0,0.0,0.0,0.0,0,0,0,0,0,0,0,0,0.0,0.0,0,0.0,0.0,0.0,0,0,0,0,0.0,0.0,0,0.0,0.0,0.0,0.0,0,0,0,0,0.0,0,0.0,0.0,0.0,0,0,0,0,0,0,0,0,0.0,0.0,0,0,0,0,0.0,0.0,0.0,0.0,0,0.0,0.0,0.0,0.0,0.0,0.0,0.0,0.0,0.0,0.0,0.0,0,0,0.0,0,0.0,0,0.0,0.0,0,0,0,0,0.0,0,0.0,0.0,0,0.0,0.0,0.0,0.0,0.0,0.0,0
2008-11,0,0.0,0.0,0.0,0,0,0,0,0,0,0,0,0.0,0.0,0,0.0,0.0,0.0,0,0,0,0,0.0,0.0,0,0.0,0.0,0.0,0.0,0,0,0,0,0.0,0,0.0,0.0,0.0,0,0,0,0,0,0,0,0,0.0,0.0,0,0,0,0,0.0,0.0,0.0,0.0,0,0.0,0.0,0.0,0.0,0.0,0.0,0.0,0.0,0.0,0.0,0.0,0,0,0.0,0,0.0,0,0.0,0.0,0,0,0,0,0.0,0,0.0,0.0,0,0.0,0.0,0.0,0.0,0.0,0.0,0
2008-12,0,0.0,0.0,0.0,0,0,0,0,0,0,0,0,0.0,0.0,0,0.0,0.0,0.0,0,0,0,0,0.0,0.0,0,0.0,0.0,0.0,0.0,0,0,0,0,0.0,0,0.0,0.0,0.0,0,0,0,0,0,0,0,0,0.0,0.0,0,0,0,0,0.0,0.0,0.0,0.0,0,0.0,0.0,0.0,0.0,0.0,0.0,0.0,0.0,0.0,0.0,0.0,0,0,0.0,0,0.0,0,0.0,0.0,0,0,0,0,0.0,0,0.0,0.0,0,0.0,0.0,0.0,0.0,0.0,0.0,0
2009-01,0,0.0,0.0,0.0,0,0,0,0,0,0,0,0,0.0,0.0,0,0.0,0.0,0.0,0,0,0,0,0.0,0.0,0,0.0,0.0,0.0,0.0,0,0,0,0,0.0,0,0.0,0.0,0.0,0,0,0,0,0,0,0,0,0.0,0.0,0,0,0,0,0.0,0.0,0.0,0.0,0,0.0,0.0,0.0,0.0,0.0,0.0,0.0,0.0,0.0,0.0,0.0,0,0,0.0,0,0.0,0,0.0,0.0,0,0,0,0,0.0,0,0.0,0.0,0,0.0,0.0,0.0,0.0,0.0,0.0,0
2009-02,0,0.0,0.0,0.0,0,0,0,0,0,0,0,0,0.0,0.0,0,0.0,0.0,0.0,0,0,0,0,0.0,0.0,0,0.0,0.0,0.0,0.0,0,0,0,0,0.0,0,0.0,0.0,0.0,0,0,0,0,0,0,0,0,0.0,0.0,0,0,0,0,0.0,0.0,0.0,0.0,0,0.0,0.0,0.0,0.0,0.0,0.0,0.0,0.0,0.0,0.0,0.0,0,0,0.0,0,0.0,0,0.0,0.0,0,0,0,0,0.0,0,0.0,0.0,0,0.0,0.0,0.0,0.0,0.0,0.0,0
2009-03,0,0.0,0.0,0.0,0,0,0,0,0,0,0,0,0.0,0.0,0,0.0,0.0,0.0,0,0,0,0,0.0,0.0,0,0.0,0.0,0.0,0.0,0,0,0,0,0.0,0,0.0,0.0,0.0,0,0,0,0,0,0,0,0,0.0,0.0,0,0,0,0,0.0,0.0,0.0,0.0,0,0.0,0.0,0.0,0.0,0.0,0.0,0.0,0.0,0.0,0.0,0.0,0,0,0.0,0,0.0,0,0.0,0.0,0,0,0,0,0.0,0,0.0,0.0,0,0.0,0.0,0.0,0.0,0.0,0.0,0
2009-04,0,0.0,0.0,0.0,0,0,0,0,0,0,0,0,0.0,0.0,0,0.0,0.0,0.0,0,0,0,0,0.0,0.0,0,0.0,0.0,0.0,0.0,0,0,0,0,0.0,0,0.0,0.0,0.0,0,0,0,0,0,0,0,0,0.0,0.0,0,0,0,0,0.0,0.0,0.0,0.0,0,0.0,0.0,0.0,0.0,0.0,0.0,0.0,0.0,0.0,0.0,0.0,0,0,0.0,0,0.0,0,0.0,0.0,0,0,0,0,0.0,0,0.0,0.0,0,0.0,0.0,0.0,0.0,0.0,0.0,0
2009-05,0,0.0,0.0,0.0,0,0,0,0,0,0,0,0,0.0,0.0,0,0.0,0.0,0.0,0,0,0,0,0.0,0.0,0,0.0,0.0,0.0,0.0,0,0,0,0,0.0,0,0.0,0.0,0.0,0,0,0,0,0,0,0,0,0.0,0.0,0,0,0,0,0.0,0.0,0.0,0.0,0,0.0,0.0,0.0,0.0,0.0,0.0,0.0,0.0,0.0,0.0,0.0,0,0,0.0,0,0.0,0,0.0,0.0,0,0,0,0,0.0,0,0.0,0.0,0,0.0,0.0,0.0,0.0,0.0,0.0,0
2009-06,0,0.0,0.0,0.0,0,0,0,0,0,0,0,0,0.0,0.0,0,0.0,0.0,0.0,0,0,0,0,0.0,0.0,0,0.0,0.0,0.0,0.0,0,0,0,0,0.0,0,0.0,0.0,0.0,0,0,0,0,0,0,0,0,0.0,0.0,0,0,0,0,0.0,0.0,0.0,0.0,0,0.0,0.0,0.0,0.0,0.0,0.0,0.0,0.0,0.0,0.0,0.0,0,0,0.0,0,0.0,0,0.0,0.0,0,0,0,0,0.0,0,0.0,0.0,0,0.0,0.0,0.0,0.0,0.0,0.0,0
2009-07,0,0.0,0.0,0.0,0,0,0,0,0,0,0,0,0.0,0.0,0,0.0,0.0,0.0,0,0,0,0,0.0,0.0,0,0.0,0.0,0.0,0.0,0,0,0,0,0.0,0,0.0,0.0,0.0,0,0,0,0,0,0,0,0,0.0,0.0,0,0,0,0,0.0,0.0,0.0,0.0,0,0.0,0.0,0.0,0.0,0.0,0.0,0.0,0.0,0.0,0.0,0.0,0,0,0.0,0,0.0,0,0.0,0.0,0,0,0,0,0.0,0,0.0,0.0,0,0.0,0.0,0.0,0.0,0.0,0.0,0
2009-08,0,0.0,0.0,0.0,0,0,0,0,0,0,0,0,0.0,0.0,0,0.0,0.0,0.0,0,0,0,0,0.0,0.0,0,0.0,0.0,0.0,0.0,0,0,0,0,0.0,0,0.0,0.0,0.0,0,0,0,0,0,0,0,0,0.0,0.0,0,0,0,0,0.0,0.0,0.0,0.0,0,0.0,0.0,0.0,0.0,0.0,0.0,0.0,0.0,0.0,0.0,0.0,0,0,0.0,0,0.0,0,0.0,0.0,0,0,0,0,0.0,0,0.0,0.0,0,0.0,0.0,0.0,0.0,0.0,0.0,0
2009-09,0,0.0,0.0,0.0,0,0,0,0,0,0,0,0,0.0,0.0,0,0.0,0.0,0.0,0,0,0,0,0.0,0.0,0,0.0,0.0,0.0,0.0,0,0,0,0,0.0,0,0.0,0.0,0.0,0,0,0,0,0,0,0,0,0.0,0.0,0,0,0,0,0.0,0.0,0.0,0.0,0,0.0,0.0,0.0,0.0,0.0,0.0,0.0,0.0,0.0,0.0,0.0,0,0,0.0,0,0.0,0,0.0,0.0,0,0,0,0,0.0,0,0.0,0.0,0,0.0,0.0,0.0,0.0,0.0,0.0,0
2009-10,0,0.0,0.0,0.0,0,0,0,0,0,0,0,0,0.0,0.0,0,0.0,0.0,0.0,0,0,0,0,0.0,0.0,0,0.0,0.0,0.0,0.0,0,0,0,0,0.0,0,0.0,0.0,0.0,0,0,0,0,0,0,0,0,0.0,0.0,0,0,0,0,0.0,0.0,0.0,0.0,0,0.0,0.0,0.0,0.0,0.0,0.0,0.0,0.0,0.0,0.0,0.0,0,0,0.0,0,0.0,0,0.0,0.0,0,0,0,0,0.0,0,0.0,0.0,0,0.0,0.0,0.0,0.0,0.0,0.0,0
2009-11,0,0.0,0.0,0.0,0,0,0,0,0,0,0,0,0.0,0.0,0,0.0,0.0,0.0,0,0,0,0,0.0,0.0,0,0.0,0.0,0.0,0.0,0,0,0,0,0.0,0,0.0,0.0,0.0,0,0,0,0,0,0,0,0,0.0,0.0,0,0,0,0,0.0,0.0,0.0,0.0,0,0.0,0.0,0.0,0.0,0.0,0.0,0.0,0.0,0.0,0.0,0.0,0,0,0.0,0,0.0,0,0.0,0.0,0,0,0,0,0.0,0,0.0,0.0,0,0.0,0.0,0.0,0.0,0.0,0.0,0
2009-12,0,0.0,0.0,0.0,0,0,0,0,0,0,0,0,0.0,0.0,0,0.0,0.0,0.0,0,0,0,0,0.0,0.0,0,0.0,0.0,0.0,0.0,0,0,0,0,0.0,0,0.0,0.0,0.0,0,0,0,0,0,0,0,0,0.0,0.0,0,0,0,0,0.0,0.0,0.0,0.0,0,0.0,0.0,0.0,0.0,0.0,0.0,0.0,0.0,0.0,0.0,0.0,0,0,0.0,0,0.0,0,0.0,0.0,0,0,0,0,0.0,0,0.0,0.0,0,0.0,0.0,0.0,0.0,0.0,0.0,0
2010-01,0,0.0,0.0,0.0,0,0,0,0,0,0,0,0,0.0,0.0,0,0.0,0.0,0.0,0,0,0,0,0.0,0.0,0,0.0,0.0,0.0,0.0,0,0,0,0,0.0,0,0.0,0.0,0.0,0,0,0,0,0,0,0,0,0.0,0.0,0,0,0,0,0.0,0.0,0.0,0.0,0,0.0,0.0,0.0,0.0,0.0,0.0,0.0,0.0,0.0,0.0,0.0,0,0,0.0,0,0.0,0,0.0,0.0,0,0,0,0,0.0,0,0.0,0.0,0,0.0,0.0,0.0,0.0,0.0,0.0,0
2010-02,0,0.0,0.0,0.0,0,0,0,0,0,0,0,0,0.0,0.0,0,0.0,0.0,0.0,0,0,0,0,0.0,0.0,0,0.0,0.0,0.0,0.0,0,0,0,0,0.0,0,0.0,0.0,0.0,0,0,0,0,0,0,0,0,0.0,0.0,0,0,0,0,0.0,0.0,0.0,0.0,0,0.0,0.0,0.0,0.0,0.0,0.0,0.0,0.0,0.0,0.0,0.0,0,0,0.0,0,0.0,0,0.0,0.0,0,0,0,0,0.0,0,0.0,0.0,0,0.0,0.0,0.0,0.0,0.0,0.0,0
2010-03,0,0.0,0.0,0.0,0,0,0,0,0,0,0,0,0.0,0.0,0,0.0,0.0,0.0,0,0,0,0,0.0,0.0,0,0.0,0.0,0.0,0.0,0,0,0,0,0.0,0,0.0,0.0,0.0,0,0,0,0,0,0,0,0,0.0,0.0,0,0,0,0,0.0,0.0,0.0,0.0,0,0.0,0.0,0.0,0.0,0.0,0.0,0.0,0.0,0.0,0.0,0.0,0,0,0.0,0,0.0,0,0.0,0.0,0,0,0,0,0.0,0,0.0,0.0,0,0.0,0.0,0.0,0.0,0.0,0.0,0
2010-04,0,0.0,0.0,0.0,0,0,0,0,0,0,0,0,0.0,0.0,0,0.0,0.0,0.0,0,0,0,0,0.0,0.0,0,0.0,0.0,0.0,0.0,0,0,0,0,0.0,0,0.0,0.0,0.0,0,0,0,0,0,0,0,0,0.0,0.0,0,0,0,0,0.0,0.0,0.0,0.0,0,0.0,0.0,0.0,0.0,0.0,0.0,0.0,0.0,0.0,0.0,0.0,0,0,0.0,0,0.0,0,0.0,0.0,0,0,0,0,0.0,0,0.0,0.0,0,0.0,0.0,0.0,0.0,0.0,0.0,0
2010-05,0,0.0,0.0,0.0,0,0,0,0,0,0,0,0,0.0,0.0,0,0.0,0.0,0.0,0,0,0,0,0.0,0.0,0,0.0,0.0,0.0,0.0,0,0,0,0,0.0,0,0.0,0.0,0.0,0,0,0,0,0,0,0,0,0.0,0.0,0,0,0,0,0.0,0.0,0.0,0.0,0,0.0,0.0,0.0,0.0,0.0,0.0,0.0,0.0,0.0,0.0,0.0,0,0,0.0,0,0.0,0,0.0,0.0,0,0,0,0,0.0,0,0.0,0.0,0,0.0,0.0,0.0,0.0,0.0,0.0,0
2010-06,0,0.0,0.0,0.0,0,0,0,0,0,0,0,0,0.0,0.0,0,0.0,0.0,0.0,0,0,0,0,0.0,0.0,0,0.0,0.0,0.0,0.0,0,0,0,0,0.0,0,0.0,0.0,0.0,0,0,0,0,0,0,0,0,0.0,0.0,0,0,0,0,0.0,0.0,0.0,0.0,0,0.0,0.0,0.0,0.0,0.0,0.0,0.0,0.0,0.0,0.0,0.0,0,0,0.0,0,0.0,0,0.0,0.0,0,0,0,0,0.0,0,0.0,0.0,0,0.0,0.0,0.0,0.0,0.0,0.0,0
2010-07,0,0.0,0.0,0.0,0,0,0,0,0,0,0,0,0.0,0.0,0,0.0,0.0,0.0,0,0,0,0,0.0,0.0,0,0.0,0.0,0.0,0.0,0,0,0,0,0.0,0,0.0,0.0,0.0,0,0,0,0,0,0,0,0,0.0,0.0,0,0,0,0,0.0,0.0,0.0,0.0,0,0.0,0.0,0.0,0.0,0.0,0.0,0.0,0.0,0.0,0.0,0.0,0,0,0.0,0,0.0,0,0.0,0.0,0,0,0,0,0.0,0,0.0,0.0,0,0.0,0.0,0.0,0.0,0.0,0.0,0
2010-08,0,0.0,0.0,0.0,0,0,0,0,0,0,0,0,0.0,0.0,0,0.0,0.0,0.0,0,0,0,0,0.0,0.0,0,0.0,0.0,0.0,0.0,0,0,0,0,0.0,0,0.0,0.0,0.0,0,0,0,0,0,0,0,0,0.0,0.0,0,0,0,0,0.0,0.0,0.0,0.0,0,0.0,0.0,0.0,0.0,0.0,0.0,0.0,0.0,0.0,0.0,0.0,0,0,0.0,0,0.0,0,0.0,0.0,0,0,0,0,0.0,0,0.0,0.0,0,0.0,0.0,0.0,0.0,0.0,0.0,0
2010-09,0,0.0,0.0,0.0,0,0,0,0,0,0,0,0,0.0,0.0,0,0.0,0.0,0.0,0,0,0,0,0.0,0.0,0,0.0,0.0,0.0,0.0,0,0,0,0,0.0,0,0.0,0.0,0.0,0,0,0,0,0,0,0,0,0.0,0.0,0,0,0,0,0.0,0.0,0.0,0.0,0,0.0,0.0,0.0,0.0,0.0,0.0,0.0,0.0,0.0,0.0,0.0,0,0,0.0,0,0.0,0,0.0,0.0,0,0,0,0,0.0,0,0.0,0.0,0,0.0,0.0,0.0,0.0,0.0,0.0,0
2010-10,0,0.0,0.0,0.0,0,0,0,0,0,0,0,0,0.0,0.0,0,0.0,0.0,0.0,0,0,0,0,0.0,0.0,0,0.0,0.0,0.0,0.0,0,0,0,0,0.0,0,0.0,0.0,0.0,0,0,0,0,0,0,0,0,0.0,0.0,0,0,0,0,0.0,0.0,0.0,0.0,0,0.0,0.0,0.0,0.0,0.0,0.0,0.0,0.0,0.0,0.0,0.0,0,0,0.0,0,0.0,0,0.0,0.0,0,0,0,0,0.0,0,0.0,0.0,0,0.0,0.0,0.0,0.0,0.0,0.0,0
2010-11,0,0.0,0.0,0.0,0,0,0,0,0,0,0,0,0.0,0.0,0,0.0,0.0,0.0,0,0,0,0,0.0,0.0,0,0.0,0.0,0.0,0.0,0,0,0,0,0.0,0,0.0,0.0,0.0,0,0,0,0,0,0,0,0,0.0,0.0,0,0,0,0,0.0,0.0,0.0,0.0,0,0.0,0.0,0.0,0.0,0.0,0.0,0.0,0.0,0.0,0.0,0.0,0,0,0.0,0,0.0,0,0.0,0.0,0,0,0,0,0.0,0,0.0,0.0,0,0.0,0.0,0.0,0.0,0.0,0.0,0
2010-12,0,0.0,0.0,0.0,0,0,0,0,0,0,0,0,0.0,0.0,0,0.0,0.0,0.0,0,0,0,0,0.0,0.0,0,0.0,0.0,0.0,0.0,0,0,0,0,0.0,0,0.0,0.0,0.0,0,0,0,0,0,0,0,0,0.0,0.0,0,0,0,0,0.0,0.0,0.0,0.0,0,0.0,0.0,0.0,0.0,0.0,0.0,0.0,0.0,0.0,0.0,0.0,0,0,0.0,0,0.0,0,0.0,0.0,0,0,0,0,0.0,0,0.0,0.0,0,0.0,0.0,0.0,0.0,0.0,0.0,0
2011-01,0,0.0,0.0,0.0,0,0,0,0,0,0,0,0,0.0,0.0,0,0.0,0.0,0.0,0,0,0,0,0.0,0.0,0,0.0,0.0,0.0,0.0,0,0,0,0,0.0,0,0.0,0.0,0.0,0,0,0,0,0,0,0,0,0.0,0.0,0,0,0,0,0.0,0.0,0.0,0.0,0,0.0,0.0,0.0,0.0,0.0,0.0,0.0,0.0,0.0,0.0,0.0,0,0,0.0,0,0.0,0,0.0,0.0,0,0,0,0,0.0,0,0.0,0.0,0,0.0,0.0,0.0,0.0,0.0,0.0,0
2011-02,0,0.0,0.0,0.0,0,0,0,0,0,0,0,0,0.0,0.0,0,0.0,0.0,0.0,0,0,0,0,0.0,0.0,0,0.0,0.0,0.0,0.0,0,0,0,0,0.0,0,0.0,0.0,0.0,0,0,0,0,0,0,0,0,0.0,0.0,0,0,0,0,0.0,0.0,0.0,0.0,0,0.0,0.0,0.0,0.0,0.0,0.0,0.0,0.0,0.0,0.0,0.0,0,0,0.0,0,0.0,0,100.0,0.0,0,0,0,0,0.0,0,0.0,0.0,0,0.0,0.0,0.0,0.0,0.0,0.0,0
2011-03,0,0.0,0.0,0.0,0,0,0,0,0,0,0,0,0.0,0.0,0,0.0,0.0,0.0,0,0,0,0,0.0,0.0,0,0.0,0.0,0.0,0.0,0,0,0,0,0.0,0,0.0,0.0,0.0,0,0,0,0,0,0,0,0,0.0,0.0,0,0,0,0,0.0,0.0,0.0,0.0,0,0.0,0.0,0.0,0.0,0.0,0.0,0.0,0.0,0.0,0.0,0.0,0,0,0.0,0,0.0,0,0.0,0.0,0,0,0,0,0.0,0,0.0,0.0,0,0.0,0.0,0.0,0.0,0.0,0.0,0
2011-04,0,0.0,0.0,0.0,0,0,0,0,0,0,0,0,0.0,0.0,0,0.0,0.0,0.0,0,0,0,0,0.0,0.0,0,0.0,0.0,0.0,0.0,0,0,0,0,0.0,0,0.0,0.0,0.0,0,0,0,0,0,0,0,0,0.0,0.0,0,0,0,0,0.0,0.0,0.0,0.0,0,0.0,0.0,0.0,0.0,0.0,0.0,0.0,0.0,0.0,0.0,0.0,0,0,0.0,0,0.0,0,0.0,0.0,0,0,0,0,0.0,0,0.0,0.0,0,0.0,0.0,0.0,0.0,0.0,0.0,0
2011-05,0,0.0,0.0,0.0,0,0,0,0,0,0,0,0,0.0,0.0,0,0.0,0.0,0.0,0,0,0,0,0.0,0.0,0,0.0,0.0,0.0,0.0,0,0,100,0,0.0,0,0.0,0.0,0.0,0,0,0,0,0,0,0,0,0.0,0.0,0,0,0,0,0.0,0.0,0.0,0.0,0,0.0,0.0,0.0,0.0,0.0,0.0,0.0,0.0,0.0,0.0,0.0,0,0,0.0,0,0.0,0,0.0,0.0,0,0,0,0,0.0,0,0.0,0.0,0,0.0,0.0,0.0,0.0,0.0,0.0,0
2011-06,0,0.0,0.0,0.0,0,0,0,0,0,0,0,0,0.0,0.0,0,0.0,0.0,0.0,0,0,0,0,0.0,0.0,0,0.0,0.0,0.0,0.0,0,0,0,0,0.0,0,0.0,0.0,0.0,0,0,0,0,0,0,0,0,0.0,0.0,0,0,0,0,0.0,0.0,0.0,0.0,0,0.0,0.0,0.0,0.0,0.0,0.0,0.0,0.0,0.0,0.0,0.0,0,0,0.0,0,0.0,0,0.0,0.0,0,0,0,0,0.0,0,0.0,0.0,0,0.0,0.0,0.0,0.0,0.0,0.0,0
2011-07,0,0.0,0.0,0.0,0,0,0,0,0,0,0,0,0.0,0.0,0,0.0,0.0,0.0,0,0,0,0,0.0,0.0,0,0.0,0.0,0.0,0.0,0,0,0,0,0.0,0,0.0,0.0,0.0,0,0,0,0,0,0,0,0,0.0,0.0,0,0,0,0,0.0,0.0,0.0,0.0,0,0.0,0.0,0.0,0.0,0.0,0.0,0.0,0.0,0.0,0.0,0.0,0,0,0.0,0,0.0,0,0.0,0.0,0,0,0,0,0.0,0,0.0,0.0,0,0.0,0.0,0.0,0.0,0.0,0.0,0
2011-08,0,0.0,0.0,0.0,0,0,0,0,0,0,0,0,0.0,0.0,0,0.0,0.0,0.0,0,0,0,0,0.0,0.0,0,0.0,0.0,0.0,0.0,0,0,0,0,0.0,0,0.0,0.0,0.0,0,0,0,0,0,0,0,0,0.0,0.0,0,0,0,0,0.0,0.0,0.0,0.0,0,0.0,0.0,0.0,0.0,0.0,0.0,0.0,0.0,0.0,0.0,0.0,0,0,0.0,0,0.0,0,0.0,0.0,0,0,0,0,0.0,0,0.0,0.0,0,0.0,0.0,0.0,0.0,0.0,0.0,0
2011-09,0,0.0,0.0,0.0,0,0,0,0,0,0,0,0,0.0,0.0,0,0.0,0.0,0.0,0,0,0,0,0.0,0.0,0,0.0,0.0,0.0,0.0,0,0,0,0,0.0,0,0.0,0.0,0.0,0,0,0,0,0,0,0,0,0.0,0.0,0,0,0,0,0.0,0.0,0.0,0.0,0,0.0,0.0,0.0,0.0,0.0,0.0,0.0,0.0,0.0,0.0,0.0,0,0,0.0,0,0.0,0,0.0,0.0,0,0,0,0,0.0,0,0.0,0.0,0,0.0,0.0,0.0,0.0,0.0,0.0,0
2011-10,0,0.0,0.0,0.0,0,0,0,0,0,0,0,0,0.0,0.0,0,0.0,0.0,0.0,0,0,0,0,100.0,0.0,0,0.0,0.0,0.0,0.0,0,0,0,0,0.0,0,0.0,0.0,0.0,0,0,0,0,0,0,0,0,0.0,0.0,0,0,0,0,0.0,0.0,0.0,0.0,0,0.0,0.0,0.0,0.0,0.0,0.0,0.0,0.0,0.0,0.0,0.0,0,0,0.0,0,0.0,0,0.0,0.0,0,0,0,0,0.0,0,0.0,0.0,0,0.0,0.0,0.0,0.0,0.0,0.0,0
2011-11,0,0.0,0.0,0.0,0,0,0,0,0,0,0,0,0.0,0.0,0,0.0,0.0,0.0,0,0,0,0,0.0,0.0,0,0.0,0.0,0.0,0.0,0,0,0,0,0.0,0,0.0,0.0,0.0,0,0,0,0,0,0,0,0,0.0,0.0,0,0,0,0,0.0,0.0,0.0,0.0,0,0.0,0.0,0.0,0.0,0.0,0.0,0.0,0.0,0.0,0.0,0.0,0,0,0.0,0,0.0,0,0.0,0.0,0,0,0,0,0.0,0,0.0,0.0,0,0.0,0.0,0.0,0.0,0.0,0.0,0
2011-12,0,0.0,0.0,0.0,0,0,0,0,0,0,0,0,0.0,0.0,0,0.0,0.0,0.0,0,0,0,0,0.0,0.0,0,0.0,0.0,0.0,0.0,0,0,0,0,0.0,0,0.0,0.0,0.0,0,0,0,0,0,0,0,0,0.0,0.0,0,0,0,0,0.0,0.0,0.0,0.0,0,0.0,0.0,0.0,0.0,0.0,0.0,0.0,0.0,0.0,0.0,0.0,0,0,0.0,0,0.0,0,0.0,0.0,0,0,0,0,0.0,0,0.0,0.0,0,0.0,0.0,0.0,0.0,0.0,0.0,0
2012-01,0,0.0,0.0,0.0,0,0,0,0,0,0,0,0,0.0,0.0,0,0.0,0.0,0.0,0,0,0,0,0.0,0.0,0,0.0,0.0,0.0,0.0,0,0,0,0,0.0,0,0.0,0.0,0.0,0,0,0,0,0,0,0,0,0.0,0.0,0,0,0,0,0.0,0.0,0.0,0.0,0,0.0,0.0,0.0,0.0,0.0,0.0,0.0,0.0,0.0,0.0,0.0,0,0,0.0,0,0.0,0,0.0,0.0,0,0,0,0,0.0,0,0.0,0.0,0,0.0,0.0,0.0,0.0,0.0,100.0,0
2012-02,0,0.0,0.0,0.0,0,0,0,0,0,0,0,0,0.0,0.0,0,0.0,0.0,0.0,0,0,0,0,0.0,0.0,0,0.0,0.0,0.0,0.0,0,0,0,0,0.0,0,0.0,0.0,0.0,0,0,0,0,0,0,0,0,0.0,0.0,0,0,0,0,0.0,0.0,0.0,0.0,0,0.0,0.0,0.0,0.0,0.0,0.0,0.0,0.0,0.0,0.0,0.0,0,0,0.0,0,0.0,0,0.0,0.0,0,0,0,0,0.0,0,0.0,0.0,0,0.0,0.0,0.0,0.0,0.0,0.0,0
2012-03,0,0.0,0.0,0.0,0,0,0,0,0,0,0,0,0.0,0.0,0,0.0,0.0,0.0,0,0,0,0,0.0,0.0,0,0.0,100.0,0.0,0.0,0,0,0,0,0.0,0,0.0,0.0,0.0,0,0,0,0,0,0,0,0,0.0,0.0,0,0,0,0,0.0,0.0,0.0,0.0,0,0.0,0.0,0.0,0.0,0.0,0.0,0.0,0.0,0.0,0.0,0.0,0,0,0.0,0,0.0,0,0.0,0.0,0,0,0,0,0.0,0,0.0,0.0,0,0.0,0.0,0.0,0.0,0.0,0.0,0
2012-04,0,0.0,0.0,0.0,0,0,0,0,0,0,100,0,0.0,0.0,0,0.0,0.0,0.0,0,0,0,0,0.0,0.0,0,0.0,0.0,0.0,0.0,0,0,0,0,0.0,0,0.0,0.0,0.0,0,0,0,0,0,0,0,0,0.0,0.0,0,0,0,0,0.0,0.0,0.0,0.0,0,0.0,0.0,0.0,0.0,0.0,0.0,0.0,0.0,0.0,0.0,0.0,0,0,0.0,0,0.0,0,0.0,0.0,0,0,0,0,0.0,0,0.0,0.0,0,0.0,0.0,0.0,0.0,0.0,0.0,0
2012-05,0,0.0,0.0,0.0,0,0,0,0,0,0,0,0,0.0,0.0,0,0.0,0.0,0.0,0,0,0,0,0.0,0.0,0,0.0,0.0,0.0,0.0,0,0,0,0,0.0,0,0.0,0.0,0.0,0,0,0,0,0,0,0,0,0.0,0.0,0,0,0,0,0.0,0.0,0.0,0.0,0,0.0,0.0,0.0,0.0,0.0,0.0,0.0,0.0,0.0,0.0,0.0,0,0,0.0,0,0.0,0,0.0,0.0,0,0,0,0,0.0,0,0.0,0.0,0,0.0,0.0,0.0,0.0,0.0,0.0,0
2012-06,0,0.0,0.0,0.0,0,0,0,0,0,0,0,0,0.0,0.0,0,0.0,0.0,0.0,0,0,0,0,0.0,0.0,0,0.0,0.0,0.0,0.0,0,0,0,0,0.0,0,0.0,0.0,0.0,0,0,0,0,0,0,0,0,0.0,0.0,0,0,0,0,0.0,0.0,0.0,0.0,0,0.0,0.0,0.0,0.0,0.0,0.0,0.0,0.0,0.0,0.0,0.0,0,0,0.0,0,0.0,0,0.0,0.0,0,0,0,0,0.0,0,0.0,0.0,0,0.0,0.0,0.0,0.0,0.0,0.0,0
2012-07,0,0.0,0.0,0.0,0,0,0,0,0,0,0,0,0.0,0.0,0,0.0,0.0,0.0,0,0,0,0,0.0,0.0,0,0.0,0.0,0.0,0.0,0,0,0,0,0.0,0,0.0,0.0,0.0,0,0,0,0,0,0,0,0,0.0,0.0,0,0,0,0,0.0,0.0,0.0,0.0,0,0.0,0.0,0.0,0.0,0.0,0.0,0.0,0.0,0.0,0.0,0.0,0,0,0.0,0,0.0,0,0.0,0.0,0,0,0,0,0.0,0,0.0,0.0,0,0.0,0.0,0.0,0.0,0.0,0.0,0
2012-08,0,0.0,0.0,0.0,0,0,0,0,0,0,0,0,0.0,0.0,0,0.0,0.0,0.0,0,0,0,0,0.0,0.0,0,0.0,0.0,0.0,0.0,0,0,0,0,0.0,0,0.0,0.0,0.0,0,0,0,0,0,0,0,0,0.0,0.0,0,0,0,0,0.0,0.0,0.0,0.0,0,0.0,0.0,0.0,0.0,0.0,0.0,0.0,0.0,0.0,0.0,0.0,0,0,0.0,0,0.0,0,0.0,0.0,0,0,0,0,0.0,0,0.0,0.0,0,0.0,0.0,0.0,0.0,0.0,0.0,0
2012-09,0,0.0,0.0,0.0,0,0,0,0,0,0,0,0,0.0,0.0,0,0.0,0.0,0.0,0,0,0,0,0.0,0.0,0,0.0,0.0,0.0,0.0,0,0,0,0,0.0,0,0.0,0.0,0.0,0,0,0,0,0,0,0,0,0.0,0.0,0,0,0,0,0.0,0.0,0.0,0.0,0,0.0,0.0,0.0,0.0,0.0,0.0,0.0,0.0,0.0,0.0,0.0,0,0,0.0,0,0.0,0,0.0,0.0,0,0,0,0,0.0,0,0.0,0.0,0,0.0,0.0,0.0,0.0,0.0,0.0,0
2012-10,0,0.0,0.0,0.0,0,0,0,0,0,0,0,0,0.0,0.0,0,0.0,0.0,0.0,0,0,0,0,0.0,0.0,0,0.0,0.0,0.0,0.0,0,0,0,0,0.0,0,0.0,0.0,0.0,0,0,0,0,0,0,0,0,0.0,0.0,0,0,0,0,0.0,0.0,0.0,0.0,0,0.0,0.0,0.0,0.0,0.0,0.0,0.0,0.0,0.0,0.0,0.0,0,0,0.0,0,0.0,0,0.0,0.0,0,0,0,0,0.0,0,0.0,0.0,0,0.0,0.0,0.0,0.0,0.0,0.0,0
2012-11,0,0.0,0.0,0.0,0,0,0,0,0,0,0,0,0.0,0.0,0,0.0,0.0,0.0,0,0,0,0,0.0,0.0,0,0.0,0.0,0.0,0.0,0,0,0,0,0.0,0,0.0,0.0,0.0,0,0,0,0,0,0,0,0,0.0,0.0,0,0,0,0,0.0,0.0,0.0,0.0,0,100.0,0.0,0.0,0.0,0.0,0.0,0.0,100.0,0.0,0.0,0.0,0,0,0.0,0,0.0,0,0.0,0.0,0,0,0,0,0.0,0,100.0,0.0,0,0.0,0.0,0.0,0.0,0.0,0.0,0
2012-12,0,0.0,0.0,0.0,0,0,0,0,0,0,0,0,0.0,0.0,0,0.0,0.0,0.0,0,0,0,0,0.0,0.0,0,0.0,0.0,0.0,0.0,0,0,0,0,0.0,0,0.0,0.0,0.0,0,0,0,0,0,0,0,0,0.0,0.0,0,0,0,0,0.0,0.0,0.0,0.0,0,0.0,0.0,0.0,0.0,0.0,0.0,0.0,0.0,0.0,0.0,0.0,0,0,0.0,0,0.0,0,0.0,0.0,0,0,0,0,0.0,0,0.0,0.0,0,0.0,0.0,0.0,0.0,0.0,0.0,0
2013-01,0,0.0,0.0,0.0,0,0,0,0,0,0,0,0,0.0,0.0,0,0.0,0.0,0.0,0,0,0,0,0.0,0.0,0,0.0,0.0,0.0,0.0,0,0,0,0,0.0,0,0.0,0.0,0.0,0,0,0,0,0,0,0,0,0.0,0.0,0,0,0,0,0.0,0.0,0.0,0.0,0,0.0,0.0,0.0,0.0,0.0,0.0,0.0,0.0,0.0,0.0,0.0,0,0,0.0,0,0.0,0,0.0,0.0,0,0,0,0,0.0,0,0.0,0.0,0,0.0,0.0,0.0,0.0,0.0,0.0,0
2013-02,0,0.0,0.0,0.0,0,100,0,0,0,0,0,0,0.0,0.0,0,0.0,0.0,0.0,0,0,0,0,0.0,0.0,0,0.0,0.0,0.0,0.0,0,0,0,0,0.0,0,0.0,0.0,0.0,0,0,0,0,0,0,0,0,0.0,0.0,0,0,0,0,0.0,0.0,0.0,0.0,0,0.0,0.0,0.0,0.0,0.0,0.0,0.0,0.0,0.0,0.0,0.0,0,0,0.0,0,0.0,0,0.0,0.0,0,0,0,0,0.0,0,0.0,0.0,0,0.0,0.0,0.0,0.0,0.0,0.0,0
2013-03,0,0.0,0.0,0.0,0,0,0,0,0,0,0,0,0.0,0.0,0,0.0,0.0,0.0,0,0,0,0,0.0,0.0,0,0.0,0.0,0.0,0.0,0,0,0,0,0.0,0,0.0,0.0,0.0,0,0,0,0,0,0,0,0,0.0,0.0,0,0,0,0,0.0,0.0,0.0,0.0,0,0.0,0.0,0.0,0.0,0.0,0.0,0.0,0.0,0.0,0.0,0.0,0,0,0.0,0,0.0,0,0.0,0.0,0,0,0,0,0.0,0,0.0,0.0,0,0.0,0.0,0.0,0.0,0.0,0.0,0
2013-04,0,0.0,0.0,0.0,0,0,0,0,0,0,0,0,0.0,0.0,0,0.0,0.0,0.0,0,0,0,0,0.0,0.0,0,0.0,0.0,0.0,0.0,0,0,0,0,0.0,0,0.0,0.0,0.0,0,0,0,0,0,0,0,0,0.0,0.0,0,0,0,0,0.0,0.0,0.0,0.0,0,0.0,0.0,0.0,0.0,0.0,0.0,0.0,0.0,0.0,0.0,0.0,0,0,0.0,0,0.0,0,0.0,0.0,0,0,0,0,0.0,0,0.0,0.0,0,0.0,0.0,0.0,0.0,0.0,0.0,0
2013-05,0,0.0,0.0,0.0,0,0,0,0,0,0,0,0,0.0,0.0,0,0.0,0.0,0.0,0,0,0,0,0.0,0.0,0,0.0,0.0,0.0,0.0,0,0,0,0,0.0,0,0.0,0.0,0.0,0,0,0,0,0,0,0,0,0.0,0.0,0,0,0,0,0.0,0.0,0.0,0.0,0,0.0,0.0,0.0,0.0,0.0,0.0,0.0,0.0,0.0,0.0,0.0,0,0,0.0,0,0.0,0,0.0,0.0,0,0,0,0,0.0,0,0.0,0.0,0,0.0,0.0,0.0,0.0,0.0,0.0,0
2013-06,0,0.0,0.0,0.0,0,0,0,0,0,0,0,0,0.0,0.0,0,0.0,0.0,0.0,0,0,0,0,0.0,0.0,0,0.0,0.0,0.0,0.0,0,0,0,0,0.0,0,0.0,0.0,0.0,0,0,0,0,0,0,0,0,0.0,0.0,0,0,0,0,0.0,0.0,0.0,0.0,0,0.0,0.0,0.0,0.0,0.0,0.0,0.0,0.0,0.0,0.0,0.0,0,0,0.0,0,0.0,0,0.0,0.0,0,0,0,0,0.0,0,0.0,0.0,0,0.0,0.0,0.0,0.0,0.0,0.0,0
2013-07,0,0.0,0.0,0.0,0,0,0,0,0,0,0,0,0.0,0.0,0,0.0,0.0,0.0,0,0,0,0,0.0,0.0,0,0.0,0.0,0.0,0.0,0,0,10,0,0.0,0,0.0,0.0,0.0,0,0,0,0,0,0,0,0,0.0,0.0,0,0,0,0,0.0,0.0,0.0,0.0,0,0.0,0.0,0.0,0.0,0.0,0.0,0.0,0.0,0.0,0.0,0.0,0,0,0.0,0,0.0,0,0.0,0.0,0,0,0,0,0.0,0,0.0,0.0,0,0.0,0.0,0.0,0.0,0.0,0.0,0
2013-08,0,0.0,0.0,0.0,0,0,0,60,0,73,0,0,0.0,0.0,37,0.0,0.0,0.0,0,100,0,0,0.0,0.0,13,0.0,0.0,0.0,0.0,43,0,0,0,0.0,10,0.0,0.0,0.0,0,100,0,0,0,0,100,0,0.0,0.0,0,100,0,100,0.0,0.0,0.0,0.0,100,0.0,0.0,0.0,0.0,5.0,0.0,0.0,0.0,0.0,5.0,0.0,0,0,0.0,100,0.0,0,0.0,0.0,11,0,0,0,0.0,100,0.0,0.0,0,0.0,5.0,0.0,0.0,0.0,0.0,33
2013-09,0,0.0,0.0,0.0,0,0,0,0,0,0,0,0,0.0,0.0,0,0.0,0.0,0.0,0,0,0,0,0.0,0.0,0,0.0,0.0,0.0,0.0,0,0,0,0,0.0,0,0.0,0.0,0.0,0,0,0,0,0,0,0,0,0.0,0.0,0,0,0,0,0.0,0.0,0.0,0.0,0,0.0,0.0,0.0,0.0,0.0,0.0,0.0,0.0,0.0,0.0,0.0,0,0,0.0,0,0.0,0,0.0,0.0,0,0,0,0,0.0,0,0.0,0.0,0,0.0,0.0,0.0,0.0,0.0,0.0,0
2013-10,0,0.0,0.0,0.0,0,0,0,0,0,0,0,0,0.0,0.0,0,0.0,0.0,0.0,0,0,0,0,0.0,0.0,0,0.0,31.0,33.0,0.0,0,0,0,0,0.0,0,0.0,0.0,0.0,0,0,0,0,0,0,0,0,0.0,0.0,0,0,0,0,0.0,0.0,0.0,0.0,0,0.0,0.0,0.0,0.0,0.0,0.0,0.0,0.0,0.0,0.0,0.0,0,0,0.0,0,0.0,0,0.0,0.0,0,0,0,0,0.0,0,0.0,0.0,0,0.0,0.0,0.0,0.0,0.0,0.0,0
2013-11,0,0.0,0.0,0.0,0,0,0,0,0,0,0,0,0.0,0.0,0,0.0,0.0,0.0,0,0,0,0,0.0,9.0,0,0.0,0.0,0.0,0.0,0,0,0,0,0.0,0,0.0,0.0,0.0,0,0,0,0,0,0,0,0,0.0,0.0,0,0,0,0,0.0,0.0,0.0,0.0,0,0.0,0.0,0.0,0.0,0.0,0.0,0.0,0.0,0.0,0.0,0.0,0,0,0.0,0,0.0,0,0.0,0.0,0,0,0,0,0.0,0,0.0,0.0,0,0.0,0.0,0.0,0.0,0.0,0.0,0
2013-12,0,0.0,0.0,0.0,0,0,0,0,0,0,0,0,0.0,0.0,0,0.0,0.0,0.0,0,0,0,0,0.0,0.0,0,0.0,0.0,0.0,0.0,0,0,0,0,0.0,0,0.0,0.0,0.0,0,0,0,0,0,0,0,0,0.0,0.0,0,0,0,0,0.0,0.0,0.0,0.0,0,0.0,0.0,0.0,0.0,0.0,0.0,0.0,0.0,0.0,0.0,0.0,0,0,0.0,0,0.0,0,0.0,0.0,0,0,0,0,0.0,0,0.0,0.0,0,0.0,0.0,0.0,0.0,0.0,0.0,0
2014-01,0,0.0,0.0,0.0,0,0,0,0,0,0,0,0,0.0,0.0,0,0.0,0.0,0.0,0,0,0,0,0.0,0.0,0,0.0,0.0,0.0,0.0,0,0,0,0,0.0,0,0.0,0.0,0.0,0,0,0,0,0,0,0,0,0.0,0.0,0,0,0,0,0.0,0.0,0.0,0.0,0,0.0,0.0,0.0,0.0,0.0,0.0,0.0,0.0,0.0,0.0,0.0,0,0,0.0,0,0.0,0,0.0,0.0,0,0,0,0,0.0,0,0.0,0.0,0,0.0,0.0,0.0,0.0,0.0,0.0,0
2014-02,0,0.0,0.0,0.0,0,0,0,0,0,0,0,0,0.0,0.0,0,0.0,0.0,0.0,0,0,0,0,0.0,0.0,0,0.0,0.0,0.0,0.0,0,0,0,0,0.0,0,0.0,0.0,0.0,0,0,0,0,0,0,0,0,0.0,0.0,0,0,0,0,0.0,0.0,0.0,0.0,0,0.0,0.0,0.0,0.0,0.0,0.0,0.0,0.0,0.0,0.0,0.0,0,0,0.0,0,0.0,0,0.0,0.0,0,0,0,0,0.0,0,0.0,0.0,0,0.0,0.0,0.0,0.0,14.0,0.0,0
2014-03,0,0.0,0.0,0.0,100,0,0,0,0,0,0,0,0.0,0.0,0,0.0,0.0,0.0,0,0,0,0,0.0,0.0,0,0.0,0.0,0.0,0.0,0,0,0,0,0.0,0,0.0,0.0,0.0,0,0,0,0,0,0,0,0,0.0,0.0,0,0,0,0,0.0,0.0,0.0,0.0,0,0.0,0.0,0.0,0.0,0.0,0.0,0.0,0.0,0.0,0.0,0.0,0,0,0.0,0,0.0,0,0.0,0.0,0,0,0,0,0.0,0,0.0,0.0,0,0.0,0.0,0.0,0.0,0.0,0.0,0
2014-04,0,0.0,0.0,0.0,0,0,0,0,0,0,0,0,0.0,0.0,0,0.0,0.0,0.0,0,0,0,0,0.0,0.0,0,0.0,0.0,0.0,0.0,0,0,0,0,0.0,0,0.0,0.0,0.0,0,0,0,0,0,0,0,0,0.0,0.0,0,0,0,0,0.0,0.0,0.0,0.0,0,0.0,0.0,0.0,0.0,0.0,0.0,0.0,0.0,0.0,0.0,0.0,0,0,0.0,0,0.0,0,0.0,0.0,0,0,0,0,0.0,0,0.0,0.0,0,0.0,0.0,0.0,0.0,0.0,0.0,0
2014-05,0,0.0,0.0,0.0,0,0,0,0,0,0,0,0,0.0,0.0,0,0.0,0.0,0.0,0,0,0,0,0.0,0.0,0,0.0,0.0,0.0,0.0,0,0,0,0,0.0,0,0.0,0.0,0.0,0,0,0,0,0,0,0,0,0.0,0.0,0,0,0,0,0.0,0.0,0.0,0.0,0,0.0,0.0,0.0,0.0,0.0,0.0,0.0,0.0,0.0,0.0,0.0,0,0,0.0,0,0.0,0,0.0,0.0,0,0,0,0,0.0,0,0.0,0.0,0,0.0,0.0,0.0,0.0,0.0,0.0,0
2014-06,0,0.0,0.0,0.0,76,0,0,0,0,28,0,0,0.0,0.0,14,0.0,0.0,0.0,0,38,0,0,0.0,0.0,5,0.0,0.0,0.0,0.0,16,0,0,0,0.0,4,0.0,0.0,0.0,0,38,0,0,0,0,38,0,0.0,0.0,0,38,0,38,0.0,0.0,0.0,0.0,38,0.0,0.0,0.0,0.0,2.0,0.0,0.0,0.0,0.0,2.0,0.0,0,0,0.0,38,0.0,0,0.0,0.0,4,0,0,0,0.0,38,0.0,0.0,0,0.0,2.0,0.0,0.0,0.0,0.0,13
2014-07,0,0.0,0.0,0.0,0,0,0,0,0,0,0,0,0.0,0.0,0,0.0,0.0,0.0,0,0,0,0,0.0,0.0,0,0.0,0.0,0.0,0.0,0,0,0,0,0.0,0,0.0,0.0,0.0,0,0,0,0,0,0,0,0,0.0,0.0,0,0,0,0,0.0,0.0,0.0,0.0,0,0.0,0.0,2.0,0.0,0.0,0.0,0.0,0.0,0.0,0.0,0.0,0,0,0.0,0,0.0,0,0.0,0.0,0,0,0,0,0.0,0,0.0,0.0,0,0.0,0.0,0.0,0.0,0.0,0.0,0
2014-08,0,0.0,0.0,0.0,48,0,0,0,0,18,0,0,0.0,0.0,9,0.0,0.0,0.0,0,25,0,0,0.0,0.0,3,0.0,0.0,0.0,0.0,11,0,0,0,0.0,2,0.0,0.0,0.0,0,25,0,0,0,0,25,0,0.0,0.0,0,25,0,25,0.0,0.0,0.0,0.0,25,0.0,0.0,0.0,0.0,1.0,0.0,0.0,0.0,0.0,1.0,0.0,0,0,0.0,25,0.0,0,0.0,0.0,3,0,0,0,0.0,25,0.0,0.0,0,0.0,1.0,0.0,0.0,0.0,0.0,8
2014-09,0,0.0,0.0,0.0,0,0,0,0,0,18,0,0,0.0,0.0,9,0.0,0.0,0.0,0,25,0,0,0.0,0.0,3,0.0,0.0,0.0,0.0,11,0,0,0,0.0,2,0.0,0.0,0.0,0,25,0,0,0,0,25,0,0.0,0.0,0,25,0,25,0.0,0.0,0.0,0.0,25,0.0,0.0,0.0,0.0,1.0,0.0,0.0,0.0,0.0,1.0,0.0,0,0,0.0,25,0.0,0,0.0,0.0,3,0,0,0,0.0,25,0.0,0.0,0,0.0,1.0,0.0,0.0,0.0,0.0,8
2014-10,0,0.0,0.0,0.0,14,0,0,0,0,6,0,0,0.0,0.0,3,0.0,0.0,0.0,0,9,0,0,0.0,0.0,1,0.0,0.0,0.0,0.0,4,0,0,0,0.0,1,0.0,0.0,0.0,0,9,0,0,0,0,9,0,0.0,0.0,0,9,0,9,0.0,0.0,0.0,0.0,9,0.0,0.0,0.0,0.0,0.5,0.0,0.0,0.0,0.0,0.5,0.0,0,0,0.0,9,0.0,0,0.0,0.0,1,0,0,0,0.0,9,0.0,0.0,0,0.5,0.5,0.0,0.0,0.0,0.0,3
2014-11,0,0.0,0.0,0.0,22,0,0,0,0,9,0,0,0.0,0.0,5,0.0,0.0,0.0,0,13,0,0,0.0,0.0,2,0.0,0.0,0.0,0.0,6,0,0,0,0.0,1,0.0,0.0,0.0,0,13,0,0,0,0,13,0,0.0,0.0,0,13,3,13,0.0,0.0,0.0,0.0,13,0.0,0.0,0.0,0.0,1.0,0.0,0.0,0.0,0.0,1.0,0.0,0,0,0.0,13,0.0,0,0.0,0.0,1,0,0,0,0.0,13,0.0,0.0,0,0.0,1.0,0.0,0.0,0.0,0.0,4
2014-12,0,0.0,0.0,0.0,24,0,0,0,0,10,0,0,0.0,0.0,5,0.0,0.0,0.0,0,13,0,0,0.0,0.0,2,0.0,0.0,0.0,0.0,6,0,0,0,0.0,1,0.0,0.0,0.0,0,13,0,0,0,0,13,0,0.0,0.0,0,13,0,13,0.0,0.0,0.0,0.0,13,0.0,0.0,0.0,0.0,1.0,0.0,0.0,0.0,0.0,1.0,0.0,0,0,0.0,13,0.0,0,0.0,0.0,1,0,0,0,0.0,13,0.0,0.0,0,0.0,1.0,0.0,0.0,0.0,0.0,4
2015-01,0,0.0,0.0,0.0,21,0,0,0,0,9,0,0,0.0,0.0,5,0.0,0.0,0.0,0,12,0,0,0.0,0.0,2,0.0,0.0,0.0,0.0,5,0,0,0,0.0,1,0.0,0.0,0.0,0,12,0,0,0,0,12,0,0.0,0.0,0,12,4,12,0.0,0.0,0.0,0.0,12,0.0,0.0,0.0,0.0,1.0,0.0,0.0,0.0,0.0,1.0,0.0,0,0,0.0,12,0.0,0,0.0,0.0,1,0,0,0,0.0,12,0.0,0.0,0,0.0,1.0,0.0,0.0,0.0,0.0,4
2015-02,0,0.0,0.0,0.0,27,0,0,0,0,11,0,0,0.0,0.0,6,0.0,0.0,0.0,0,15,0,0,0.0,0.0,2,0.0,0.0,0.0,0.0,7,0,0,0,0.0,1,0.0,0.0,0.0,0,15,0,0,0,0,15,0,0.0,0.0,0,15,0,15,0.0,0.0,0.0,0.0,15,0.0,0.0,0.0,0.0,1.0,0.0,0.0,0.0,0.0,1.0,0.0,0,0,0.0,15,0.0,0,0.0,0.0,2,0,0,0,0.0,15,0.0,0.0,0,0.0,1.0,0.0,0.0,0.0,0.0,5
2015-03,0,0.0,0.0,0.0,17,0,0,0,0,8,0,0,0.0,0.0,4,0.0,0.0,0.0,0,11,0,0,0.0,0.0,1,0.0,0.0,0.0,0.0,5,0,0,0,0.0,1,0.0,0.0,0.0,0,11,0,0,0,0,11,0,0.0,0.0,0,11,0,11,0.0,0.0,0.0,0.0,11,0.0,0.0,0.0,0.0,0.5,0.0,0.0,0.0,0.0,0.5,0.0,0,0,0.0,11,0.0,0,0.0,0.0,1,0,0,0,0.0,11,0.0,0.0,0,0.0,0.5,0.0,0.0,0.0,0.0,4
2015-04,0,0.0,0.0,0.0,19,0,0,0,0,8,0,0,0.0,0.0,4,0.0,0.0,0.0,0,11,0,0,0.0,0.0,1,0.0,0.0,0.0,0.0,5,0,0,0,0.0,1,0.0,0.0,0.0,0,11,0,0,0,0,11,0,0.0,0.0,0,11,0,11,0.0,0.0,0.0,0.0,11,0.0,0.0,0.0,0.0,1.0,0.0,0.0,0.0,0.0,1.0,0.0,0,4,0.0,11,0.0,0,0.0,0.0,1,0,0,0,0.0,11,0.0,0.0,0,0.0,1.0,0.0,0.0,0.0,0.0,4
2015-05,0,0.0,0.0,0.0,19,0,0,0,0,8,0,0,0.0,0.0,4,0.0,0.0,0.0,0,10,0,0,0.0,0.0,1,0.0,0.0,0.0,0.0,4,0,0,0,0.0,1,0.0,0.0,0.0,0,10,0,0,0,0,10,0,0.0,0.0,0,10,3,10,0.0,0.0,0.0,0.0,10,0.0,0.0,0.0,0.0,0.5,0.0,0.0,0.0,0.0,0.5,0.0,0,0,0.0,10,0.0,0,0.0,0.0,1,0,0,0,0.0,10,0.0,0.0,0,0.0,0.5,0.0,0.0,0.0,0.0,3
2015-06,0,0.0,0.0,0.0,31,0,0,0,0,12,0,0,0.0,0.0,6,0.0,0.0,0.0,0,16,0,0,0.0,0.0,2,0.0,0.0,0.0,0.0,7,0,0,0,0.0,2,0.0,0.0,0.0,0,16,0,0,0,0,16,0,0.0,0.0,0,16,0,16,0.0,0.0,0.0,0.0,16,0.0,0.0,0.0,0.0,1.0,0.0,0.0,0.0,0.0,1.0,0.0,0,0,0.0,16,0.0,0,0.0,0.0,2,0,0,0,0.0,16,0.0,0.0,0,0.0,1.0,0.0,0.0,0.0,0.0,5
2015-07,0,0.0,0.0,0.0,82,0,0,0,0,0,0,0,0.0,0.0,0,0.0,0.0,0.0,0,0,0,0,0.0,0.0,0,0.0,0.0,0.0,0.0,0,0,0,0,0.0,0,0.0,0.0,0.0,0,0,0,0,0,0,0,0,0.0,0.0,0,0,0,0,0.0,0.0,0.0,0.0,0,0.0,0.0,0.0,0.0,0.0,0.0,0.0,0.0,0.0,0.0,0.0,0,0,0.0,0,0.0,0,0.0,0.0,0,0,0,0,0.0,0,0.0,0.0,0,0.0,0.0,0.0,0.0,0.0,0.0,0
2015-08,0,0.0,0.0,0.0,32,0,0,0,0,14,0,0,0.0,0.0,7,0.0,0.0,0.0,0,19,0,0,0.0,0.0,2,0.0,0.0,0.0,0.0,8,0,0,0,0.0,2,0.0,0.0,0.0,0,19,0,0,0,0,19,0,0.0,0.0,0,19,0,19,0.0,0.0,0.0,0.0,19,0.0,0.0,0.0,0.0,1.0,0.0,0.0,0.0,0.0,1.0,0.0,0,0,0.0,19,0.0,0,0.0,0.0,2,0,0,0,0.0,19,0.0,0.0,0,0.0,1.0,0.0,0.0,0.0,0.0,6
2015-09,0,0.0,0.0,0.0,32,0,0,0,0,13,0,0,0.0,0.0,6,0.0,0.0,0.0,0,17,0,0,0.0,0.0,2,0.0,0.0,0.0,0.0,7,0,0,0,0.0,2,0.0,0.0,0.0,0,17,0,0,0,0,17,0,0.0,0.0,0,17,0,17,0.0,0.0,0.0,0.0,17,0.0,1.0,0.0,0.0,1.0,0.0,0.0,0.0,0.0,1.0,0.0,0,0,0.0,17,0.0,0,0.0,0.0,2,0,0,0,0.0,17,0.0,0.0,0,0.0,1.0,0.0,0.0,0.0,0.0,6
2015-10,0,0.0,0.0,0.0,57,0,0,0,0,20,0,0,0.0,0.0,10,0.0,0.0,0.0,0,28,0,0,0.0,0.0,4,0.0,0.0,0.0,0.0,12,0,0,0,0.0,3,0.0,0.0,0.0,0,28,0,0,0,0,28,0,0.0,0.0,0,28,0,28,0.0,0.0,0.0,0.0,28,0.0,0.0,0.0,0.0,1.0,0.0,0.0,0.0,0.0,1.0,0.0,0,0,0.0,28,0.0,0,0.0,0.0,3,0,0,0,0.0,28,0.0,0.0,0,0.0,1.0,0.0,0.0,0.0,0.0,9
2015-11,0,0.0,0.0,0.0,60,0,0,0,0,20,0,0,0.0,0.0,10,0.0,0.0,0.0,0,27,0,0,0.0,0.0,3,0.0,0.0,0.0,0.0,12,0,0,0,0.0,3,0.0,0.0,0.0,0,27,0,0,0,0,27,0,0.0,0.0,0,27,0,27,0.0,0.0,0.0,0.0,27,0.0,0.0,0.0,0.0,1.0,0.0,0.0,0.0,0.0,1.0,0.0,0,0,0.0,27,0.0,0,0.0,0.0,3,0,0,0,0.0,27,0.0,0.0,0,0.0,1.0,0.0,0.0,0.0,0.0,9
2015-12,0,0.0,0.0,0.0,72,0,0,0,0,29,0,0,0.0,0.0,14,0.0,0.0,0.0,0,39,0,0,0.0,0.0,5,0.0,0.0,0.0,0.0,17,0,0,0,0.0,4,0.0,0.0,0.0,0,39,0,0,0,0,39,0,0.0,0.0,0,39,0,39,0.0,0.0,0.0,0.0,39,0.0,0.0,0.0,0.0,2.0,0.0,0.0,0.0,0.0,2.0,0.0,0,0,0.0,39,0.0,0,0.0,0.0,4,0,0,0,0.0,39,0.0,0.0,0,0.0,2.0,0.0,0.0,0.0,0.0,13
2016-01,0,0.0,0.0,0.0,43,0,0,0,0,19,0,0,0.0,0.0,9,0.0,0.0,0.0,0,25,0,0,0.0,0.0,3,0.0,0.0,0.0,0.0,11,0,0,0,0.0,3,0.0,0.0,0.0,0,25,0,0,0,0,25,0,0.0,0.0,0,25,0,25,0.0,0.0,0.0,0.0,25,0.0,0.0,0.0,0.0,1.0,0.0,0.0,0.0,0.0,1.0,0.0,0,0,0.0,25,0.0,0,0.0,0.0,3,0,0,0,0.0,25,0.0,0.0,0,0.0,1.0,0.0,0.0,0.0,0.0,8
2016-02,0,0.0,0.0,0.0,36,0,0,0,0,12,0,0,0.0,0.0,6,0.0,0.0,0.0,0,17,0,0,0.0,0.0,2,0.0,0.0,0.0,0.0,7,0,0,0,0.0,2,0.0,0.0,0.0,0,17,0,0,0,0,17,0,0.0,0.0,0,17,0,17,0.0,0.0,0.0,0.0,17,0.0,0.0,0.0,0.0,1.0,0.0,0.0,0.0,0.0,1.0,0.0,0,0,0.0,17,0.0,0,0.0,0.0,2,0,0,0,0.0,17,0.0,0.0,0,0.0,1.0,0.0,0.0,0.0,0.0,6
2016-03,0,0.0,0.0,0.0,38,0,0,0,0,15,0,0,0.0,0.0,7,0.0,0.0,0.0,0,20,0,0,0.0,0.0,3,0.0,0.0,0.0,0.0,9,0,0,0,0.0,2,0.0,0.0,0.0,0,20,0,0,0,0,20,0,0.0,0.0,0,20,0,20,0.0,0.0,0.0,0.0,20,0.0,0.0,0.0,0.0,1.0,0.0,0.0,0.0,0.0,1.0,0.0,0,0,0.0,20,0.0,0,0.0,0.0,2,0,0,0,0.0,20,0.0,0.0,0,0.0,1.0,0.0,0.0,0.0,0.0,7
2016-04,0,0.0,0.0,0.0,34,0,0,0,0,11,0,0,0.0,0.0,6,0.0,0.0,0.0,0,16,0,0,0.0,0.0,2,0.0,0.0,0.0,0.0,7,0,0,0,0.0,2,0.0,0.0,0.0,0,16,0,0,0,0,16,0,0.0,0.0,0,16,0,16,0.0,0.0,0.0,0.0,16,0.0,0.0,0.0,0.0,1.0,0.0,0.0,0.0,0.0,1.0,0.0,0,0,0.0,16,0.0,0,0.0,0.0,2,0,0,0,0.0,16,0.0,0.0,0,0.0,1.0,0.0,0.0,0.0,0.0,5
2016-05,0,0.0,0.0,0.0,39,0,0,0,0,17,0,0,0.0,0.0,9,0.0,0.0,0.0,0,24,0,0,0.0,0.0,3,0.0,0.0,0.0,0.0,10,0,0,0,0.0,2,0.0,0.0,0.0,0,24,0,0,0,0,24,0,0.0,0.0,0,24,0,24,0.0,0.0,0.0,0.0,24,0.0,0.0,0.0,0.0,1.0,0.0,0.0,0.0,0.0,1.0,0.0,0,0,0.0,24,0.0,0,0.0,0.0,3,0,0,0,0.0,24,0.0,0.0,0,0.0,1.0,0.0,0.0,0.0,0.0,8
2016-06,0,0.0,0.0,0.0,21,0,0,0,0,13,0,0,0.0,0.0,6,0.0,0.0,0.0,0,17,0,0,0.0,0.0,2,0.0,0.0,0.0,0.0,7,0,0,0,0.0,2,0.0,0.0,0.0,0,17,0,0,0,0,17,0,0.0,0.0,0,17,0,17,0.0,0.0,0.0,0.0,17,0.0,0.0,0.0,0.0,1.0,0.0,0.0,0.0,0.0,1.0,0.0,0,0,0.0,17,0.0,0,0.0,0.0,2,0,0,0,0.0,17,0.0,0.0,0,0.0,1.0,0.0,0.0,0.0,0.0,6
2016-07,0,0.0,0.0,0.0,42,0,0,0,0,14,0,0,0.0,0.0,7,0.0,0.0,0.0,0,20,0,0,0.0,0.0,3,0.0,0.0,0.0,0.0,9,0,0,0,0.0,2,0.0,0.0,0.0,0,20,0,0,0,0,20,0,0.0,0.0,0,20,0,20,0.0,0.0,0.0,0.0,20,0.0,0.0,0.0,0.0,1.0,0.0,0.0,0.0,0.0,1.0,0.0,0,0,0.0,20,0.0,0,0.0,0.0,2,0,0,0,0.0,20,0.0,0.0,0,0.0,1.0,0.0,0.0,0.0,0.0,7
2016-08,0,0.0,0.0,0.0,34,0,0,0,0,14,0,0,0.0,0.0,7,0.0,0.0,0.0,0,19,0,0,0.0,0.0,3,0.0,0.0,0.0,0.0,8,0,0,0,0.0,2,0.0,0.0,0.0,0,19,0,0,0,0,19,0,0.0,0.0,0,19,0,19,0.0,0.0,0.0,0.0,19,0.0,0.0,0.0,0.0,1.0,0.0,0.0,0.0,0.0,1.0,0.0,0,0,0.0,19,0.0,0,0.0,0.0,2,0,0,0,0.0,19,0.0,0.0,0,0.0,1.0,0.0,0.0,0.0,0.0,7
2016-09,0,0.0,0.0,0.0,25,0,0,0,0,8,0,0,0.0,0.0,4,0.0,0.0,0.0,0,11,0,0,0.0,0.0,1,0.0,0.0,0.0,0.0,5,0,0,0,0.0,1,0.0,0.0,0.0,0,11,0,0,0,0,11,0,0.0,0.0,0,11,0,11,0.0,0.0,0.0,0.0,11,0.0,0.0,0.0,0.0,0.5,0.0,0.0,0.0,0.0,0.5,0.0,0,0,0.0,11,0.0,0,0.0,0.0,1,0,0,0,0.0,11,0.0,0.0,0,0.0,0.5,0.0,0.0,0.0,0.0,4
2016-10,0,0.0,0.0,0.0,42,0,0,0,0,17,0,0,0.0,0.0,8,0.0,0.0,0.0,0,23,0,0,0.0,0.0,3,0.0,0.0,0.0,0.0,10,0,0,0,0.0,2,0.0,0.0,0.0,0,23,0,0,0,0,23,0,0.0,0.0,0,23,0,23,0.0,0.0,0.0,0.0,23,0.0,0.0,0.0,0.0,1.0,0.0,0.0,0.0,0.0,1.0,0.0,0,0,0.0,23,0.0,0,0.0,0.0,2,0,0,0,0.0,23,0.0,0.0,0,0.0,1.0,0.0,0.0,0.0,0.0,8
2016-11,0,0.0,0.0,0.0,33,0,0,0,0,17,0,0,0.0,0.0,8,0.0,0.0,0.0,0,23,0,0,0.0,0.0,3,0.0,0.0,0.0,0.0,10,0,0,0,0.0,2,0.0,0.0,0.0,0,23,0,0,0,0,23,0,0.0,0.0,0,23,0,23,0.0,0.0,0.0,0.0,23,0.0,0.0,0.0,0.0,1.0,0.0,0.0,0.0,0.0,1.0,0.0,0,0,0.0,23,0.0,0,0.0,0.0,2,0,0,0,0.0,23,0.0,0.0,0,0.0,1.0,0.0,0.0,0.0,0.0,8
2016-12,0,0.0,0.0,0.0,33,0,0,0,0,13,0,0,0.0,0.0,6,0.0,0.0,0.0,0,18,0,0,0.0,0.0,2,0.0,0.0,0.0,0.0,8,0,0,0,0.0,2,0.0,0.0,0.0,0,18,0,0,0,0,18,0,0.0,0.0,0,18,0,18,0.0,0.0,0.0,0.0,18,0.0,0.0,0.0,0.0,1.0,0.0,0.0,0.0,0.0,1.0,0.0,0,5,0.0,18,0.0,0,0.0,0.0,2,0,0,0,0.0,18,0.0,0.0,0,0.0,1.0,0.0,0.0,0.0,0.0,6
2017-01,0,0.0,9.0,0.0,37,0,0,0,0,14,0,0,0.0,0.0,7,0.0,0.0,0.0,0,19,0,0,0.0,0.0,2,0.0,0.0,0.0,0.0,8,0,0,0,0.0,2,0.0,0.0,0.0,0,19,0,0,0,0,19,0,6.0,0.0,0,19,0,19,0.0,0.0,0.0,0.0,19,0.0,0.0,0.0,0.0,1.0,0.0,0.0,0.0,0.0,1.0,0.0,0,0,0.0,19,0.0,0,0.0,0.0,2,0,0,0,0.0,19,0.0,0.0,0,0.0,1.0,0.0,0.0,0.0,0.0,6
2017-02,0,0.0,0.0,0.0,34,0,0,0,0,15,0,0,0.0,0.0,7,0.0,0.0,0.0,0,20,0,0,0.0,0.0,3,0.0,0.0,0.0,0.0,9,0,0,0,0.0,2,0.0,0.0,0.0,0,20,0,0,0,0,20,0,0.0,0.0,0,20,0,20,0.0,0.0,0.0,0.0,20,0.0,0.0,0.0,0.0,1.0,0.0,0.0,0.0,0.0,1.0,0.0,0,0,0.0,20,0.0,0,0.0,0.0,2,0,0,0,0.0,20,0.0,0.0,0,0.0,1.0,0.0,0.0,0.0,0.0,7
2017-03,0,0.0,0.0,0.0,29,0,0,0,0,11,0,0,0.0,0.0,6,0.0,0.0,0.0,0,15,0,0,0.0,0.0,2,0.0,0.0,0.0,0.0,7,0,0,0,0.0,2,0.0,0.0,0.0,0,15,0,0,0,0,15,0,0.0,0.0,0,15,0,15,0.0,0.0,4.0,0.0,15,0.0,0.0,0.0,0.0,1.0,0.0,0.0,0.0,0.0,1.0,0.0,0,0,0.0,15,0.0,0,0.0,0.0,2,0,0,0,0.0,15,0.0,0.0,0,0.0,1.0,0.0,0.0,0.0,0.0,5
2017-04,0,0.0,0.0,0.0,34,0,0,0,0,13,0,0,0.0,0.0,6,0.0,0.0,0.0,0,17,0,0,0.0,0.0,2,0.0,0.0,0.0,0.0,7,0,0,0,0.0,2,0.0,0.0,0.0,0,17,0,0,0,0,17,0,0.0,0.0,0,17,0,17,0.0,0.0,0.0,0.0,17,0.0,0.0,0.0,0.0,1.0,0.0,0.0,0.0,0.0,1.0,0.0,0,0,0.0,17,0.0,0,0.0,0.0,2,0,0,0,0.0,17,0.0,0.0,0,0.0,1.0,0.0,0.0,0.0,0.0,6
2017-05,0,0.0,0.0,0.0,35,0,0,0,0,14,0,0,0.0,0.0,7,0.0,0.0,0.0,0,19,0,0,0.0,0.0,2,0.0,0.0,0.0,0.0,8,0,0,0,0.0,2,0.0,0.0,0.0,0,19,0,0,0,0,19,0,0.0,0.0,0,19,4,19,0.0,0.0,0.0,0.0,19,0.0,0.0,0.0,0.0,1.0,0.0,0.0,0.0,0.0,1.0,0.0,0,0,0.0,19,0.0,0,0.0,0.0,2,0,0,0,0.0,19,0.0,0.0,0,0.0,1.0,0.0,0.0,0.0,0.0,6
2017-06,0,0.0,0.0,0.0,19,0,0,0,0,9,0,0,0.0,0.0,4,0.0,0.0,0.0,0,12,0,0,0.0,0.0,2,0.0,0.0,0.0,0.0,5,0,0,0,0.0,1,0.0,0.0,0.0,0,12,0,0,0,0,12,0,0.0,0.0,0,12,0,12,0.0,0.0,0.0,0.0,12,0.0,0.0,0.0,0.0,1.0,0.0,0.0,0.0,0.0,1.0,0.0,0,0,0.0,12,0.0,0,0.0,0.0,1,0,0,0,0.0,12,0.0,0.0,0,0.0,1.0,0.0,0.0,0.0,0.0,4
2017-07,0,0.0,0.0,0.0,33,0,0,0,0,13,0,0,0.0,0.0,7,0.0,0.0,0.0,0,18,0,0,0.0,0.0,2,0.0,0.0,0.0,0.0,8,0,0,0,0.0,2,0.0,0.0,0.0,0,18,0,0,0,0,18,0,0.0,0.0,0,18,4,18,0.0,0.0,0.0,0.0,18,0.0,0.0,0.0,0.0,1.0,0.0,0.0,0.0,0.0,1.0,0.0,0,0,0.0,18,0.0,0,0.0,0.0,2,0,0,0,0.0,18,0.0,0.0,0,0.0,1.0,0.0,0.0,0.0,0.0,6
2017-08,0,0.0,0.0,0.0,26,0,0,0,0,14,0,0,0.0,0.0,7,0.0,0.0,0.0,0,19,0,0,0.0,0.0,2,0.0,0.0,0.0,0.0,8,0,0,0,0.0,2,0.0,0.0,0.0,0,19,0,0,0,0,19,0,0.0,0.0,0,19,4,19,0.0,0.0,0.0,0.0,19,0.0,0.0,0.0,0.0,1.0,0.0,0.0,0.0,0.0,1.0,0.0,0,0,0.0,19,0.0,0,0.0,0.0,2,0,0,0,0.0,19,0.0,0.0,0,0.0,1.0,0.0,0.0,0.0,0.0,6
2017-09,0,0.0,0.0,0.0,21,0,0,0,0,10,0,0,0.0,0.0,5,0.0,0.0,0.0,0,13,0,0,0.0,0.0,2,0.0,0.0,0.0,0.0,6,0,0,0,0.0,1,0.0,0.0,0.0,0,13,0,0,0,0,13,0,0.0,0.0,0,13,0,13,0.0,0.0,0.0,0.0,13,0.0,0.0,0.0,0.0,1.0,0.0,0.0,0.0,0.0,1.0,0.0,0,5,0.0,13,0.0,0,0.0,0.0,1,0,0,0,0.0,13,0.0,0.0,0,0.0,1.0,0.0,0.0,0.0,0.0,4
2017-10,0,0.0,0.0,0.0,26,0,0,0,0,11,0,0,0.0,0.0,5,0.0,0.0,0.0,0,15,0,0,0.0,0.0,2,0.0,0.0,0.0,1.0,6,0,0,0,0.0,1,0.0,0.0,0.0,0,15,0,0,0,0,15,0,0.0,0.0,0,15,4,15,0.0,0.0,0.0,0.0,15,0.0,0.0,0.0,0.0,1.0,0.0,0.0,0.0,0.0,1.0,0.0,0,0,0.0,15,0.0,0,0.0,0.0,2,0,0,0,0.0,15,0.0,0.0,0,0.0,1.0,0.0,0.0,0.0,0.0,5
2017-11,0,0.0,0.0,0.0,31,0,0,0,0,13,0,0,0.0,0.0,7,0.0,0.0,0.0,0,18,0,0,0.0,0.0,2,0.0,0.0,0.0,0.0,8,0,0,0,0.0,2,0.0,0.0,0.0,0,18,0,0,0,0,18,0,0.0,0.0,0,18,4,18,0.0,0.0,0.0,0.0,18,0.0,0.0,0.0,0.0,1.0,0.0,0.0,0.0,0.0,1.0,0.0,0,0,0.0,18,0.5,0,0.0,0.0,2,0,0,0,0.0,18,0.0,0.0,0,0.0,1.0,0.0,0.0,0.0,0.0,6
2017-12,0,0.0,0.0,0.0,28,0,0,0,0,12,0,0,0.0,0.0,6,0.0,0.0,0.0,0,17,0,0,0.0,0.0,2,0.0,0.0,0.0,0.0,7,0,0,0,0.0,2,0.0,0.0,0.0,0,17,0,0,0,0,17,0,0.0,0.0,0,17,5,17,0.0,0.0,0.0,0.0,17,0.0,0.0,0.0,0.0,1.0,0.0,0.0,0.0,0.0,1.0,0.0,0,3,0.0,17,0.0,0,0.0,0.0,2,0,0,0,0.0,17,0.0,0.0,0,0.0,1.0,0.0,0.0,0.0,0.0,6
2018-01,0,0.0,0.0,0.0,26,0,0,0,0,10,0,0,0.0,0.0,5,0.0,0.0,0.0,0,14,0,0,0.0,0.0,2,0.0,0.0,0.0,0.0,6,0,0,0,0.0,1,0.0,0.0,0.0,0,14,0,0,0,0,14,0,0.0,0.0,0,14,6,14,0.0,0.0,0.0,0.0,14,0.0,0.5,0.0,0.0,1.0,0.0,0.0,0.0,0.0,1.0,0.0,0,0,0.0,14,0.0,0,0.0,0.0,1,0,0,0,0.0,14,0.0,0.0,0,0.0,1.0,0.0,0.0,0.0,0.0,5
2018-02,0,0.0,0.0,0.0,25,0,0,0,0,10,0,0,1.0,0.0,5,0.0,0.0,0.0,0,13,0,0,0.0,0.0,2,0.0,0.0,0.0,0.0,6,0,0,0,0.0,1,0.0,0.0,0.0,0,13,0,0,0,0,13,0,0.0,0.0,0,13,5,13,0.0,0.0,0.0,0.0,13,0.0,0.5,0.0,0.0,1.0,0.0,0.0,0.0,0.0,1.0,0.0,0,3,0.0,13,0.5,0,0.0,0.0,1,0,0,0,0.0,13,0.0,0.0,0,0.0,1.0,0.0,0.0,0.0,0.0,4
2018-03,0,0.0,0.0,0.0,35,0,0,0,0,15,0,0,0.0,0.0,7,0.0,0.0,0.0,0,20,0,0,0.0,0.0,3,0.0,0.0,0.0,0.0,9,0,0,0,0.0,2,0.0,0.0,0.0,0,20,0,0,0,0,20,0,0.0,0.0,0,20,4,20,0.0,0.0,0.0,0.0,20,0.0,0.0,0.0,0.0,1.0,0.0,0.0,0.0,0.0,1.0,0.0,0,6,0.0,20,0.0,0,0.0,0.0,2,0,0,0,0.0,20,0.0,0.0,0,0.0,1.0,0.0,0.0,0.0,0.0,7
2018-04,0,0.0,0.0,0.0,32,0,0,0,0,13,0,0,0.0,0.0,7,0.0,0.0,0.0,0,18,0,0,0.0,0.0,2,0.0,0.0,0.0,1.0,8,0,0,0,0.0,2,0.0,0.0,0.0,0,18,0,0,0,0,18,0,0.0,0.0,0,18,3,18,0.0,0.0,0.0,0.0,18,0.0,0.5,0.0,0.0,1.0,0.0,0.0,0.0,0.0,1.0,0.0,0,3,0.0,18,0.0,0,0.0,0.0,2,0,0,0,0.0,18,0.0,0.0,0,0.0,1.0,0.0,0.0,0.0,0.0,6
2018-05,0,0.0,0.0,0.0,25,0,0,0,0,11,0,0,0.0,0.0,5,0.0,0.0,0.0,0,15,0,0,0.0,0.0,2,0.0,0.0,0.0,0.0,6,0,0,0,0.0,1,0.0,0.0,0.0,0,15,0,0,0,0,15,0,0.0,0.0,0,15,3,15,0.0,0.0,0.0,0.0,15,0.0,0.0,0.0,0.0,1.0,0.0,0.0,0.0,0.0,1.0,0.0,0,0,0.0,15,0.0,0,0.0,0.0,2,0,0,0,0.0,15,0.0,0.0,0,0.0,1.0,0.0,0.0,0.0,0.0,5
2018-06,0,0.0,0.0,0.0,26,0,0,0,0,11,0,0,0.0,0.0,5,0.0,0.0,0.0,0,15,0,0,0.0,0.0,2,0.0,0.0,0.0,0.0,6,0,0,0,0.0,1,0.0,0.0,0.0,0,15,0,0,0,0,15,0,0.0,0.0,0,15,6,15,0.0,0.0,0.0,0.0,15,0.0,0.0,0.0,0.0,1.0,0.0,0.0,0.0,0.0,1.0,0.0,0,5,0.0,15,0.0,0,0.0,0.0,2,0,0,0,0.0,15,0.0,0.0,0,0.0,1.0,0.0,0.0,0.0,0.0,5
2018-07,0,0.0,0.0,0.0,32,0,0,0,0,13,0,0,0.0,1.0,7,2.0,0.0,0.0,0,18,0,0,0.0,0.0,2,0.0,0.0,0.0,0.0,8,0,0,0,0.0,2,0.0,0.0,0.0,0,18,0,0,0,0,18,0,0.0,0.0,0,18,6,18,0.0,0.0,0.0,0.0,18,0.0,0.5,0.0,0.0,1.0,0.0,0.0,0.0,0.0,1.0,0.0,0,4,0.0,18,0.5,0,0.0,0.0,2,0,0,0,0.0,18,0.0,0.0,0,0.0,1.0,0.0,0.0,0.0,0.0,6
2018-08,0,0.0,0.0,0.0,33,0,0,0,0,14,0,0,1.0,0.0,7,0.0,0.0,0.0,0,19,0,0,0.0,0.0,2,0.0,0.0,0.0,0.0,8,0,0,0,0.0,2,0.0,0.0,0.0,0,19,0,0,0,0,19,0,0.0,0.0,0,19,6,19,0.0,0.0,0.0,0.0,19,0.0,0.5,0.0,0.0,1.0,0.0,0.0,0.0,0.0,1.0,0.0,0,3,0.0,19,0.0,0,0.0,0.0,2,0,0,0,0.0,19,0.0,0.0,0,0.0,1.0,0.0,0.0,0.0,0.0,6
2018-09,4,0.0,0.0,0.0,26,0,0,0,0,12,0,0,0.0,0.0,6,0.0,0.0,0.0,0,16,0,0,0.0,0.0,2,0.0,0.0,0.0,0.0,7,0,0,0,0.0,2,0.0,0.0,0.0,0,16,0,0,0,0,16,0,0.0,0.0,0,16,5,16,0.0,0.0,0.0,0.0,16,0.0,0.5,0.0,0.0,1.0,0.0,0.0,0.0,0.0,1.0,0.0,0,3,0.0,16,0.5,0,0.0,0.0,2,0,0,0,0.0,16,0.0,0.0,0,0.0,1.0,0.0,0.0,0.0,0.0,5
2018-10,0,0.0,0.0,0.0,29,0,0,0,0,11,0,0,0.0,0.0,6,0.0,0.0,0.0,0,16,0,0,0.0,0.0,2,0.0,0.0,0.0,1.0,7,0,0,0,0.0,2,0.0,0.0,0.0,0,16,0,0,0,0,16,0,0.0,0.0,0,16,4,16,0.0,0.0,0.0,0.0,16,0.0,0.5,0.0,0.0,1.0,0.0,0.0,0.0,0.0,1.0,0.0,0,3,0.0,16,0.5,0,0.0,0.0,2,0,0,0,0.0,16,0.0,0.0,0,0.0,1.0,0.0,0.0,0.0,0.0,5
2018-11,0,0.0,0.0,0.0,32,0,0,0,0,12,0,0,0.0,0.0,6,0.0,0.0,0.0,0,17,0,0,0.0,0.0,2,0.0,1.0,0.0,1.0,7,0,0,0,0.0,2,0.0,0.0,0.0,0,17,0,0,0,0,17,0,0.0,0.0,0,17,8,17,0.0,0.0,0.0,0.0,17,0.0,0.5,0.0,0.0,1.0,0.0,0.0,0.0,0.0,1.0,0.0,0,3,0.0,17,0.5,0,0.0,0.0,2,0,0,0,0.0,17,0.0,0.0,0,0.0,1.0,0.0,0.0,0.0,0.0,6
2018-12,0,0.0,0.0,0.0,23,0,0,0,0,9,0,0,0.0,0.0,5,0.0,0.0,0.0,0,13,0,0,0.0,0.0,2,0.0,0.0,0.0,0.0,6,0,0,0,0.0,1,0.0,0.0,0.0,0,13,0,0,0,2,13,0,0.0,0.0,0,13,5,13,0.0,0.0,0.0,0.0,13,0.0,0.0,0.0,0.0,1.0,0.0,0.0,0.0,0.0,1.0,0.0,0,3,0.0,13,0.0,0,0.0,0.0,1,0,0,0,0.0,13,0.0,0.0,0,0.0,1.0,0.0,0.0,0.0,0.0,4
2019-01,4,0.0,0.0,0.0,25,0,0,0,0,10,0,0,0.0,0.0,5,0.0,0.0,0.0,0,14,0,0,0.0,0.0,2,0.0,0.0,0.0,0.0,6,0,0,0,0.0,1,0.0,0.0,0.0,0,14,0,0,0,0,14,0,0.0,0.0,0,14,6,14,0.0,0.0,0.0,0.0,14,0.0,0.5,0.0,0.0,1.0,0.0,0.0,0.0,0.0,1.0,0.0,0,2,0.0,14,0.0,0,0.0,0.0,1,0,0,0,0.0,14,0.0,0.0,0,0.0,1.0,0.0,0.0,0.0,0.0,5
2019-02,0,0.0,0.0,0.0,33,0,0,0,0,15,0,0,0.0,1.0,7,3.0,0.0,0.0,0,20,0,0,0.5,0.0,3,0.0,0.0,0.0,0.0,9,0,0,0,0.0,2,0.0,0.0,0.0,0,20,0,0,0,0,20,0,0.0,0.0,0,20,7,20,0.0,0.0,0.0,0.0,20,0.0,0.5,0.0,0.0,1.0,0.0,0.0,0.0,0.0,1.0,0.0,0,4,0.0,20,0.5,0,0.0,0.0,2,0,0,0,0.0,20,0.0,0.0,0,0.0,1.0,0.0,0.0,0.0,0.0,7
2019-03,0,0.0,0.0,0.0,34,0,0,0,0,14,0,0,0.0,0.0,7,0.0,0.0,0.0,0,19,0,0,0.0,0.0,3,0.0,0.0,0.0,0.0,8,0,0,0,0.0,2,0.0,0.0,0.0,0,19,0,0,0,0,19,0,0.0,0.0,0,19,8,19,0.0,0.0,0.0,0.0,19,0.0,0.5,0.0,0.5,1.0,0.0,0.0,0.0,0.0,1.0,0.0,0,6,0.0,19,0.5,0,0.0,0.0,2,0,0,0,0.0,19,0.0,0.0,0,0.0,1.0,0.0,0.0,0.0,0.0,6
2019-04,0,0.0,0.0,0.0,37,0,0,0,0,16,0,0,0.0,0.0,8,0.0,0.0,0.0,0,21,0,0,0.5,0.0,3,0.0,0.0,0.0,1.0,9,0,0,0,0.0,2,0.0,0.0,0.0,0,21,0,0,0,0,21,0,0.0,0.0,0,21,8,21,0.0,0.0,0.0,0.0,21,0.0,0.5,0.0,0.0,1.0,0.5,0.0,0.0,0.0,1.0,0.0,0,5,0.0,21,0.5,0,0.0,0.0,2,0,0,0,0.0,21,0.0,0.0,0,0.0,1.0,0.0,0.0,0.0,0.0,7
2019-05,0,0.0,0.0,0.0,45,0,0,0,0,19,0,0,0.0,0.0,10,0.0,0.0,0.0,0,26,0,0,0.0,0.0,3,0.0,0.0,0.0,0.0,11,0,0,0,0.0,3,0.0,0.0,0.0,0,26,0,0,0,0,26,0,0.0,0.0,0,26,8,26,0.0,0.0,0.0,0.0,26,0.0,0.5,0.0,0.0,1.0,0.0,0.0,0.0,0.5,1.0,0.0,0,6,0.0,26,0.5,0,0.0,0.0,3,0,0,0,0.0,26,0.0,0.0,0,0.0,1.0,0.0,0.0,0.0,0.0,9
2019-06,0,0.0,0.0,0.0,34,0,0,0,0,14,0,0,0.0,0.0,7,0.0,0.0,0.0,0,20,0,0,0.0,0.0,3,0.0,0.0,0.0,1.0,8,0,0,0,0.0,2,0.0,0.0,0.0,0,20,0,0,0,0,20,0,0.0,0.0,0,20,9,20,0.0,0.0,0.0,0.0,20,0.0,0.5,0.0,0.0,1.0,0.0,0.0,0.0,0.0,1.0,0.0,0,3,0.0,20,0.5,0,0.0,0.0,2,0,0,0,0.0,20,0.0,0.0,0,0.0,1.0,0.0,0.0,0.0,0.0,7
2019-07,0,0.0,0.0,0.0,37,0,0,0,0,15,0,0,0.0,1.0,8,2.0,0.0,0.0,0,21,0,0,1.0,0.0,3,0.0,0.0,0.0,0.0,9,0,0,0,0.0,2,0.0,0.0,0.0,0,21,0,0,0,2,21,0,0.0,0.0,0,21,7,21,0.0,0.0,0.0,0.0,21,0.0,0.5,0.0,0.0,1.0,0.0,0.5,0.0,0.0,1.0,0.0,0,4,0.0,21,0.5,0,0.0,0.0,2,0,0,0,0.0,21,0.0,0.0,0,0.0,1.0,0.0,0.0,0.0,0.0,7
2019-08,0,0.0,0.0,0.0,35,0,0,0,0,14,0,0,1.0,0.0,7,0.0,0.0,0.0,0,19,0,0,0.5,0.0,2,0.0,1.0,0.0,0.0,8,0,0,0,0.0,2,0.0,0.0,0.0,0,19,0,0,0,0,19,0,0.0,0.0,0,19,8,19,0.0,0.0,0.0,0.0,19,0.0,0.5,0.0,0.0,1.0,0.0,0.0,0.0,0.0,1.0,0.0,0,6,0.0,19,0.5,0,0.0,0.0,2,0,0,0,0.0,19,0.0,0.0,0,0.0,1.0,0.0,0.0,0.0,0.0,6
2019-09,4,0.0,0.0,0.0,34,0,0,0,0,13,0,0,0.0,0.0,6,0.0,0.0,0.0,0,18,0,0,0.0,0.0,2,1.0,0.0,0.0,1.0,8,0,0,0,0.0,2,0.0,0.0,0.0,0,18,0,0,0,0,18,0,0.0,0.0,0,18,9,18,0.0,0.0,0.0,0.0,18,0.0,0.5,0.0,0.0,1.0,0.0,0.0,0.0,0.0,1.0,0.0,0,5,0.0,18,0.5,0,0.0,0.0,2,0,0,0,0.0,18,0.0,0.0,0,0.0,1.0,0.0,0.0,0.0,0.0,6
2019-10,3,0.0,0.0,0.0,33,0,0,0,0,14,0,0,1.0,0.0,7,0.0,0.0,0.0,0,19,0,0,0.0,0.0,2,0.0,0.0,0.0,0.0,8,0,0,0,0.0,2,0.0,0.0,0.0,0,19,0,0,0,2,19,0,0.0,0.0,0,19,9,19,0.0,0.0,0.0,0.0,19,0.0,0.5,0.0,0.0,1.0,0.0,0.0,0.0,0.0,1.0,0.0,0,4,0.0,19,1.0,0,0.0,0.0,2,0,0,0,0.0,19,0.0,0.0,0,0.0,1.0,0.0,0.0,0.0,0.0,6
2019-11,3,0.0,0.0,0.0,33,0,0,0,0,14,0,0,0.0,1.0,7,2.0,0.0,0.0,0,19,0,0,0.0,0.0,2,1.0,0.0,0.0,1.0,8,0,0,0,0.0,2,0.0,0.0,0.0,0,19,0,0,0,3,19,0,0.0,0.0,0,19,10,19,0.0,0.0,0.0,0.0,19,0.0,0.5,0.0,0.0,1.0,0.0,0.0,0.0,0.0,1.0,0.0,0,4,0.0,19,1.0,0,0.0,0.0,2,0,0,0,0.0,19,0.0,0.0,0,0.0,1.0,0.0,0.0,0.0,0.0,6
2019-12,0,0.0,0.0,0.0,27,0,0,0,0,11,0,0,1.0,1.0,6,2.0,0.0,0.0,0,15,0,0,0.5,0.0,2,0.0,0.0,0.0,1.0,7,0,0,0,0.0,2,0.0,0.0,0.0,0,15,0,0,0,2,15,0,0.0,0.0,0,15,9,15,0.0,0.0,0.0,0.0,15,0.0,0.5,0.0,0.5,1.0,0.0,0.0,0.0,0.0,1.0,0.0,0,3,0.0,15,0.5,0,0.0,0.0,2,0,0,0,0.0,15,0.0,0.0,0,0.0,1.0,0.0,0.0,0.0,0.0,5
2020-01,2,0.0,0.0,0.0,30,0,0,0,0,12,0,0,0.0,0.0,6,0.0,0.0,0.0,0,17,0,0,0.5,0.0,2,0.0,0.0,0.0,1.0,7,0,0,0,0.0,2,0.0,0.0,0.0,0,17,0,0,0,2,17,0,0.0,0.0,0,17,8,17,0.0,0.0,0.0,0.0,17,0.0,0.5,0.0,0.0,1.0,0.0,0.0,0.0,0.0,1.0,0.0,0,5,0.0,17,0.5,0,0.0,0.0,2,0,0,0,0.0,17,0.0,0.0,0,0.0,1.0,0.0,0.5,0.0,0.0,6
2020-02,4,0.0,0.0,0.0,34,0,0,0,0,14,0,0,1.0,1.0,7,2.0,0.0,0.0,0,19,0,0,0.5,0.0,2,0.0,0.0,0.0,1.0,8,0,0,0,0.0,2,0.0,0.0,0.0,0,19,0,0,0,1,19,0,0.0,0.0,0,19,9,19,0.0,0.0,0.0,0.0,19,0.0,0.5,0.0,0.0,1.0,0.0,0.0,0.0,0.0,1.0,0.0,0,5,0.0,19,0.5,0,0.0,0.0,2,0,0,0,0.0,19,0.0,0.0,0,0.0,1.0,0.0,0.0,0.0,0.0,6
2020-03,0,0.0,0.0,0.0,34,0,0,0,0,15,0,0,1.0,0.0,7,0.0,0.0,0.0,0,20,0,0,0.5,0.0,3,0.0,0.0,0.0,1.0,9,0,0,0,0.0,2,0.0,0.0,0.0,0,20,0,0,0,1,20,0,0.0,0.0,0,20,9,20,0.0,0.0,0.0,0.0,20,0.0,0.5,0.0,0.0,1.0,0.0,0.0,0.0,0.0,1.0,0.0,0,5,0.0,20,0.5,0,0.0,0.0,2,0,0,0,0.0,20,0.0,0.0,0,0.0,1.0,0.0,0.0,0.0,0.0,7
2020-04,0,0.0,0.0,0.0,32,0,0,0,0,13,0,0,1.0,0.0,7,0.0,0.0,0.0,0,18,0,0,0.0,0.0,2,0.0,0.0,0.0,1.0,8,0,0,0,0.0,2,0.0,0.0,0.0,0,18,0,0,0,0,18,0,0.0,0.0,0,18,12,18,0.0,0.0,0.0,0.0,18,0.0,0.5,0.0,0.0,1.0,0.0,0.0,0.0,0.0,1.0,2.0,0,6,0.0,18,0.5,0,0.0,0.0,2,0,0,0,0.0,18,0.0,0.0,0,0.0,1.0,0.0,0.0,0.0,0.0,6
2020-05,0,0.0,0.0,0.0,32,0,0,0,0,13,0,0,1.0,0.0,7,0.0,0.0,0.0,0,18,0,0,0.0,0.0,2,0.0,0.0,0.0,1.0,8,0,0,0,0.0,2,0.0,0.0,0.0,0,18,0,0,0,0,18,0,0.0,0.0,0,18,15,18,0.0,0.0,0.0,0.0,18,0.0,0.5,0.0,0.0,1.0,0.0,0.0,0.0,0.0,1.0,0.0,0,6,0.0,18,0.5,0,0.0,0.0,2,0,0,0,0.0,18,0.0,0.0,0,0.0,1.0,0.0,0.0,0.0,0.0,6
2020-06,0,0.0,0.0,0.0,39,0,0,0,0,16,0,0,1.0,0.0,8,0.0,0.0,0.0,0,22,0,0,0.0,0.0,3,0.0,0.0,0.0,1.0,10,0,0,0,0.0,2,0.0,0.0,0.0,0,22,0,0,0,0,22,0,0.0,0.0,0,22,11,22,0.0,0.0,0.0,0.0,22,0.0,0.5,0.0,0.0,1.0,0.0,0.0,0.0,0.0,1.0,1.0,0,6,0.0,22,0.5,0,0.0,0.0,2,0,0,0,0.0,22,0.0,0.0,0,0.0,1.0,0.0,0.0,0.0,0.0,7
2020-07,0,0.0,0.0,0.0,41,0,0,0,0,17,0,0,1.0,0.0,9,0.0,0.0,0.0,0,23,0,0,0.0,0.0,3,1.0,0.0,0.0,1.0,10,0,0,0,0.0,2,0.0,0.0,0.0,0,23,0,0,0,2,23,0,0.0,0.0,0,23,15,23,0.0,0.0,0.0,0.0,23,0.0,0.5,0.0,0.0,1.0,0.0,0.0,0.0,0.0,1.0,0.0,0,6,0.0,23,0.5,0,0.0,0.0,3,0,0,0,0.0,23,0.0,0.0,0,0.0,1.0,0.0,0.0,0.0,0.0,8
2020-08,0,0.0,0.0,0.0,34,0,0,0,0,15,0,0,1.0,0.5,7,1.0,0.0,0.0,0,20,0,0,0.0,0.0,3,1.0,0.0,0.0,1.0,9,0,0,0,0.0,2,0.0,0.0,0.0,0,20,0,0,0,2,20,0,0.0,0.0,0,20,12,20,0.0,0.0,0.0,0.0,20,0.0,0.5,0.0,0.5,1.0,0.0,0.0,0.0,0.0,1.0,0.0,0,8,0.0,20,0.5,0,0.5,0.0,2,0,0,0,0.0,20,0.0,0.0,0,0.0,1.0,0.0,0.0,0.0,0.0,7
2020-09,2,0.0,0.0,0.0,35,0,0,0,0,15,0,0,1.0,0.5,7,1.0,0.0,0.0,0,20,0,0,0.0,0.0,3,0.0,0.0,0.0,2.0,9,0,0,0,0.0,2,0.0,0.0,0.0,0,20,0,0,0,2,20,0,0.0,0.0,0,20,14,20,0.0,0.0,0.0,1.0,20,0.0,0.5,0.0,0.0,1.0,0.0,0.0,0.0,0.0,1.0,0.0,0,7,0.0,20,0.5,0,0.0,0.0,2,0,0,0,0.0,20,0.0,0.0,0,0.5,1.0,0.0,0.0,0.5,0.0,7
2020-10,2,0.0,0.0,0.0,34,0,0,0,0,15,0,0,1.0,0.0,8,0.0,0.0,0.0,0,21,0,0,0.0,0.0,3,0.0,0.0,0.0,1.0,9,0,0,0,0.0,2,0.0,0.0,0.0,0,21,0,0,0,2,21,0,0.0,0.0,0,21,12,21,0.0,1.0,0.0,0.0,21,0.0,0.5,0.0,0.0,1.0,0.0,0.0,0.0,0.0,1.0,0.0,0,7,0.0,21,0.5,0,0.5,0.0,2,0,0,0,0.0,21,0.0,0.0,0,0.5,1.0,0.0,0.0,0.0,0.5,7
2020-11,0,0.0,0.0,0.0,30,0,0,0,0,13,0,0,1.0,0.0,6,0.0,0.0,0.0,0,17,0,0,0.0,0.0,2,0.0,0.0,0.0,2.0,7,0,0,0,0.0,2,0.0,0.0,0.0,0,17,0,0,0,2,17,0,0.0,0.0,0,17,12,17,0.0,1.0,0.0,0.0,17,0.0,0.5,0.0,0.0,1.0,0.0,0.0,0.0,0.0,1.0,1.0,0,6,0.0,17,7.0,0,0.5,0.0,2,0,0,0,0.0,17,0.0,0.0,0,0.0,1.0,0.0,0.0,0.0,0.0,6
2020-12,0,0.0,0.0,0.0,33,0,0,0,0,13,0,0,0.5,0.5,7,1.0,0.0,0.0,0,18,0,0,0.0,0.0,2,1.0,0.0,0.0,1.0,8,0,0,0,0.5,2,0.0,0.0,0.0,0,18,0,0,0,3,18,0,0.0,0.0,0,18,14,18,0.0,0.0,0.0,0.0,18,0.0,0.5,0.0,0.5,1.0,0.0,0.0,0.0,0.0,1.0,0.0,0,6,0.0,18,2.0,0,0.5,0.5,2,0,0,0,0.0,18,0.0,0.0,0,0.0,1.0,0.0,0.0,0.0,0.5,6
2021-01,3,0.0,0.0,0.0,28,0,0,0,0,12,0,0,1.0,0.0,6,0.0,0.0,0.0,0,16,0,0,0.0,0.0,2,1.0,0.0,0.0,1.0,7,0,0,0,0.0,2,0.0,0.0,0.0,0,16,0,0,0,1,16,0,0.0,0.0,0,16,14,16,0.0,1.0,0.0,0.0,16,0.0,0.5,0.0,0.0,1.0,0.0,0.0,0.0,0.0,1.0,0.0,0,8,0.0,16,1.0,0,0.0,0.0,2,0,0,0,0.0,16,0.0,0.0,0,0.0,1.0,0.0,0.0,0.0,0.0,5
2021-02,3,0.0,0.0,0.0,29,0,0,0,0,12,0,0,1.0,0.5,6,1.0,0.0,0.0,0,16,0,0,0.0,0.0,2,1.0,0.0,0.0,1.0,7,0,0,0,0.5,2,0.0,0.0,0.0,0,16,0,0,0,2,16,0,0.0,0.0,0,16,14,16,0.0,1.0,0.0,0.0,16,0.0,0.5,0.0,0.0,1.0,0.0,0.0,0.0,0.0,1.0,0.0,0,6,0.0,16,1.0,0,0.0,0.0,2,0,0,0,0.0,16,0.0,0.0,0,0.0,1.0,0.0,0.0,0.0,0.0,5
2021-03,2,0.0,0.0,0.0,29,0,0,0,0,12,0,0,1.0,0.5,6,1.0,0.0,0.0,0,16,0,0,0.5,0.0,2,1.0,0.0,0.0,1.0,7,0,0,0,0.0,2,0.0,0.0,0.0,0,16,0,0,0,2,16,0,0.0,0.0,0,16,15,16,0.0,0.0,0.0,0.0,16,0.0,0.5,0.0,0.0,1.0,0.0,0.0,0.0,0.0,1.0,1.0,0,7,0.0,16,1.0,0,0.5,0.0,2,0,0,0,0.0,16,0.0,0.0,0,0.0,1.0,0.0,0.0,0.0,0.0,5
2021-04,0,0.0,0.0,0.0,24,0,0,0,0,10,0,0,1.0,0.0,5,0.0,0.0,0.0,0,14,0,0,0.0,0.0,2,0.0,0.0,0.0,1.0,6,0,0,0,0.5,1,0.0,0.0,0.0,0,14,0,0,0,1,14,0,0.0,0.0,0,14,15,14,0.0,0.0,0.0,0.0,14,0.0,0.5,0.0,0.0,1.0,0.5,0.0,0.0,0.0,1.0,0.0,0,5,0.0,14,1.0,0,0.5,0.0,1,0,0,0,0.0,14,0.0,0.0,0,0.0,1.0,0.0,0.0,0.5,0.0,5
2021-05,0,0.0,0.0,0.0,25,0,0,0,0,10,0,0,1.0,0.5,5,1.0,0.0,0.0,0,14,0,0,0.0,0.0,2,0.0,0.0,0.0,1.0,6,0,0,0,0.0,1,0.0,0.0,0.0,0,14,0,0,0,0,14,0,0.0,0.0,0,14,17,14,0.0,0.0,0.0,0.0,14,0.0,0.5,0.0,0.0,1.0,0.0,0.0,0.0,0.0,1.0,0.0,0,6,0.0,14,1.0,0,0.5,0.0,2,0,0,0,0.0,14,0.0,0.0,0,0.0,1.0,0.0,0.0,0.0,0.0,5
2021-06,7,0.0,0.0,0.0,29,0,0,0,0,12,0,0,1.0,0.5,6,1.0,0.0,0.0,0,16,0,0,0.0,0.0,2,0.5,0.0,0.0,1.0,7,0,0,0,0.0,2,0.0,0.0,0.0,0,16,0,0,0,1,16,0,0.0,0.0,0,16,14,16,0.0,2.0,0.0,0.0,16,0.0,0.5,0.0,0.5,1.0,0.0,0.0,0.0,0.0,1.0,1.0,0,7,0.0,16,1.0,0,0.5,0.0,2,0,0,0,0.0,16,0.0,0.0,0,0.0,1.0,0.0,0.0,0.0,0.0,5
2021-07,3,0.0,0.0,0.0,23,0,0,0,0,9,0,0,1.0,0.5,5,1.0,0.0,0.0,0,13,0,0,0.0,0.0,2,0.0,0.0,0.0,1.0,6,0,0,0,0.5,1,0.0,0.0,0.0,0,13,0,0,0,1,13,0,0.0,0.0,0,13,14,13,0.0,0.0,0.0,0.0,13,0.0,0.5,0.0,0.5,1.0,0.5,0.0,0.0,0.0,1.0,1.0,0,6,0.0,13,1.0,0,0.5,0.0,1,0,0,0,0.0,13,0.0,0.0,0,0.0,1.0,0.0,0.0,0.0,0.5,4
2021-08,13,0.0,0.0,0.0,25,0,0,0,0,11,0,0,1.0,0.0,5,0.0,0.0,0.0,0,15,0,0,0.0,0.0,2,0.5,0.0,0.0,1.0,6,0,0,0,0.5,1,0.0,0.0,0.0,0,15,0,0,0,2,15,0,0.0,0.0,0,15,18,15,0.0,1.0,0.0,0.0,15,0.0,0.5,0.0,0.5,1.0,0.0,0.0,0.0,0.0,1.0,1.0,0,7,0.0,15,1.0,0,0.5,0.0,2,0,0,0,0.0,15,0.0,0.0,0,0.0,1.0,0.0,0.0,0.0,0.0,5
2021-09,7,0.0,0.0,0.0,24,0,0,0,0,10,0,0,1.0,0.5,5,1.0,0.0,0.0,0,14,0,0,0.0,0.0,2,0.0,0.0,0.0,1.0,6,0,0,0,0.0,1,0.0,0.0,0.0,0,14,0,0,0,2,14,0,0.0,0.0,0,14,15,14,0.0,0.0,0.0,1.0,14,0.0,0.5,0.0,0.5,1.0,0.0,0.0,0.0,0.0,1.0,0.0,0,7,0.0,14,1.0,0,0.5,0.0,2,0,0,0,0.0,14,0.0,0.0,0,0.0,1.0,0.0,0.0,0.0,0.0,5
2021-10,5,0.0,0.0,0.0,23,0,0,0,0,9,0,0,1.0,0.5,5,1.0,0.0,0.0,0,13,0,0,0.0,0.0,2,0.5,0.0,0.0,1.0,5,0,0,0,0.5,1,0.0,0.0,0.0,0,13,0,0,0,2,13,0,0.0,1.0,0,13,13,13,0.0,1.0,0.0,0.0,13,0.0,0.5,0.0,0.0,1.0,0.0,0.0,0.0,0.0,1.0,1.0,0,7,0.0,13,1.0,0,0.5,0.0,1,0,0,0,0.0,13,0.0,0.0,0,0.0,1.0,0.0,0.0,0.0,0.0,4
2021-11,5,0.0,0.0,0.0,26,0,0,0,0,11,0,0,1.0,0.5,6,1.0,0.0,0.0,0,15,0,0,0.0,0.0,2,0.0,0.0,0.0,1.0,6,0,0,0,0.5,1,0.0,0.0,0.0,0,15,0,0,0,2,15,0,0.0,0.0,0,15,14,15,0.0,1.0,0.0,0.0,15,0.0,0.5,0.0,0.0,1.0,0.0,0.5,0.0,0.0,1.0,1.0,0,6,0.0,15,1.0,0,0.0,0.0,2,0,0,0,0.0,15,0.0,0.0,0,0.0,1.0,0.0,0.5,0.0,0.0,5
2021-12,4,0.0,0.0,0.0,23,0,0,0,0,9,0,0,1.0,0.5,5,1.0,0.0,0.0,0,12,0,0,0.0,0.0,2,0.0,0.0,0.0,1.0,5,0,0,0,0.5,1,0.0,0.0,0.0,0,12,0,0,0,2,12,0,0.0,0.0,0,12,16,12,0.0,1.0,0.0,0.0,12,0.5,0.5,0.0,0.5,1.0,0.0,0.0,0.5,0.0,1.0,1.0,0,7,0.0,12,1.0,0,0.0,0.0,1,0,0,0,0.0,12,0.5,0.0,0,0.0,1.0,0.0,0.0,0.0,0.0,4
2022-01,4,0.0,0.0,0.0,24,0,0,0,0,10,0,0,1.0,0.5,5,1.0,0.0,0.0,0,14,0,0,0.5,0.0,2,0.5,0.0,0.0,1.0,6,0,0,0,0.5,1,0.0,0.0,0.0,0,14,0,0,0,1,14,0,0.0,0.0,0,14,18,14,0.0,1.0,0.0,1.0,14,0.0,0.5,0.0,0.5,1.0,0.0,0.0,0.0,0.0,1.0,1.0,0,6,0.0,14,1.0,0,0.5,0.0,2,0,0,0,0.0,14,0.0,0.0,0,0.0,1.0,0.0,0.5,0.0,0.0,5
2022-02,4,0.0,0.0,0.0,26,0,0,0,0,10,0,0,1.0,0.5,5,1.0,0.0,0.0,0,14,0,0,0.5,0.0,2,0.5,0.0,0.0,1.0,6,0,0,0,0.5,1,0.0,0.0,0.0,0,14,0,0,0,2,14,0,0.0,1.0,0,14,19,14,0.0,1.0,0.0,0.0,14,0.0,0.5,0.0,0.0,1.0,0.0,0.0,0.0,0.0,1.0,1.0,0,6,0.0,14,1.0,0,0.5,0.5,2,0,0,0,0.0,14,0.0,0.0,0,0.0,1.0,0.0,0.0,0.0,0.0,5
2022-03,5,0.0,0.0,0.0,27,0,0,0,0,11,0,0,1.0,0.5,6,1.0,0.0,0.0,0,16,0,0,0.5,0.0,2,0.5,0.0,0.0,1.0,7,0,0,0,0.5,2,0.0,0.0,0.0,0,16,0,0,0,2,16,0,0.0,1.0,0,16,21,16,0.0,1.0,0.0,1.0,16,0.0,0.5,0.0,0.5,1.0,0.5,0.0,0.0,0.5,1.0,1.0,0,7,0.0,16,1.0,0,0.5,0.5,2,0,0,0,0.0,16,0.0,0.0,0,0.5,1.0,0.5,0.5,0.0,0.5,5
2022-04,4,0.0,0.0,0.0,27,0,0,0,0,11,0,0,1.0,0.5,6,1.0,0.0,0.0,0,16,0,0,0.0,0.0,2,0.5,0.0,0.0,1.0,7,0,0,0,0.5,2,0.0,0.0,0.0,0,16,0,0,0,1,16,0,0.0,1.0,0,16,19,16,0.0,1.0,0.0,0.0,16,0.0,0.5,0.0,0.5,1.0,0.5,0.0,0.0,0.0,1.0,1.0,0,7,0.0,16,1.0,0,0.5,0.0,2,0,0,0,0.0,16,0.0,0.0,0,0.0,1.0,0.5,0.5,0.0,0.5,5
2022-05,4,0.0,0.0,0.0,28,0,0,0,0,12,0,0,1.0,0.5,6,1.0,0.0,0.0,0,16,0,0,0.5,0.0,2,1.0,0.0,0.0,1.0,7,0,0,0,0.5,2,0.0,0.5,0.0,0,16,0,0,0,1,16,0,0.5,0.5,0,16,18,16,0.0,1.0,0.0,0.0,16,0.0,0.5,0.0,0.0,1.0,0.0,0.0,0.0,0.5,1.0,1.0,0,7,0.0,16,1.0,0,0.5,0.5,2,0,0,0,0.0,16,0.0,0.0,0,0.5,1.0,0.5,0.0,0.0,0.0,5
2022-06,5,0.0,0.0,0.0,31,0,0,0,0,13,0,0,1.0,0.5,6,1.0,0.0,0.0,0,17,0,0,0.5,0.0,2,0.5,0.0,0.0,1.0,7,0,0,0,0.5,2,0.0,0.0,1.0,0,17,0,0,0,1,17,0,0.5,1.0,0,17,23,17,0.0,1.0,0.0,0.0,17,0.0,0.5,0.0,0.5,1.0,0.0,0.0,0.0,0.0,1.0,1.0,0,7,0.0,17,1.0,0,0.5,0.5,2,0,0,0,0.0,17,0.0,0.0,0,0.0,1.0,0.5,0.0,0.0,0.0,6
2022-07,2,0.0,0.0,0.0,27,0,0,0,0,11,0,0,1.0,0.5,6,1.0,0.0,0.0,0,15,0,0,0.5,0.0,2,0.5,0.0,0.0,1.0,7,0,0,0,0.5,1,0.0,0.0,0.0,0,15,0,0,0,2,15,0,0.0,1.0,0,15,23,15,0.0,1.0,0.0,0.0,15,0.0,0.5,0.0,0.0,1.0,0.5,0.0,0.0,0.0,1.0,1.0,0,7,0.0,15,1.0,0,0.5,0.0,2,0,0,0,0.0,15,0.0,0.0,0,0.0,1.0,0.0,0.0,0.0,0.0,5
2022-08,3,0.0,0.0,0.0,29,0,0,0,0,12,0,0,1.0,0.5,6,1.0,0.0,0.0,0,17,0,0,0.5,0.0,2,0.5,0.0,0.0,1.0,7,0,0,0,0.5,2,0.5,0.0,0.0,0,17,0,0,0,2,17,0,0.0,1.0,0,17,26,17,0.0,1.0,0.0,0.0,17,0.0,0.5,0.0,0.5,1.0,0.5,0.0,0.0,0.0,1.0,1.0,0,7,0.0,17,1.0,0,0.5,0.5,2,0,0,0,0.5,17,0.0,0.0,0,0.5,1.0,0.0,0.0,0.0,0.0,6
2022-09,4,1.0,0.0,0.0,35,0,0,0,0,14,0,0,1.0,0.5,7,1.0,0.5,0.0,0,19,0,0,0.5,0.0,3,0.5,0.0,0.0,1.0,8,0,0,0,0.5,2,0.0,0.0,0.0,0,19,0,0,0,2,19,0,0.0,1.0,0,19,24,19,0.0,1.0,0.0,0.0,19,0.0,0.5,0.0,0.0,1.0,0.5,0.0,0.0,0.0,1.0,1.0,0,6,0.0,19,1.0,0,0.5,0.0,2,0,0,0,0.0,19,0.0,0.0,0,0.0,1.0,0.0,0.0,0.0,0.0,6
2022-10,4,0.0,0.0,0.0,31,0,0,0,0,13,0,0,1.0,0.5,7,1.0,0.0,0.0,0,18,0,0,0.5,0.0,2,0.5,0.0,0.0,1.0,8,0,0,0,0.5,2,0.0,0.0,0.0,0,18,0,0,0,2,18,0,0.0,0.5,0,18,24,18,0.0,1.0,0.0,0.5,18,0.0,0.5,0.0,0.0,1.0,0.5,0.0,0.0,0.0,1.0,1.0,0,7,0.0,18,1.0,0,0.5,0.0,2,0,0,0,0.0,18,0.0,0.0,0,0.0,1.0,0.0,0.0,0.0,0.0,6
2022-11,6,0.0,0.0,0.0,31,0,0,0,0,14,0,0,1.0,0.5,7,1.0,0.0,0.0,0,19,0,0,0.5,0.0,2,0.5,0.0,0.0,1.0,8,0,0,0,0.5,2,0.5,0.0,0.0,0,19,0,0,0,2,19,0,0.5,1.0,0,19,21,19,0.0,1.0,0.0,0.0,19,0.0,0.5,0.0,0.0,1.0,0.5,0.0,0.0,0.0,1.0,1.0,0,6,0.5,19,1.0,0,0.5,0.5,2,0,0,0,0.0,19,0.0,0.0,0,0.5,1.0,0.0,0.0,0.0,0.0,6
2022-12,2,0.0,0.0,0.0,18,0,0,0,0,8,0,0,1.0,0.5,4,1.0,0.0,0.0,0,11,0,0,0.5,0.0,1,0.5,0.0,0.0,0.5,5,0,0,0,0.5,1,0.0,0.0,0.0,0,11,0,0,0,1,11,0,1.0,1.0,0,11,21,11,0.5,1.0,0.0,0.0,11,0.0,0.5,0.0,0.5,1.0,0.5,0.0,0.0,0.0,1.0,1.0,0,5,0.0,11,1.0,0,0.5,0.5,1,0,0,0,0.0,11,0.0,0.0,0,0.0,1.0,0.0,0.0,0.0,0.0,4
2023-01,3,0.0,0.0,0.0,21,0,0,0,0,9,0,0,1.0,0.5,4,1.0,0.0,0.0,0,12,0,0,0.0,0.0,2,1.0,0.0,0.0,1.0,5,0,0,0,0.5,1,0.0,0.0,0.0,0,12,0,0,0,2,12,0,0.0,0.5,0,12,23,12,0.0,1.0,0.0,0.0,12,0.0,0.5,0.0,0.5,1.0,0.5,0.0,0.0,0.0,1.0,1.0,0,6,0.0,12,1.0,0,0.5,0.0,1,0,0,0,0.0,12,0.0,0.0,0,0.0,1.0,0.0,0.5,0.0,0.0,4
2023-02,5,0.0,0.0,0.0,24,0,0,0,0,10,0,0,1.0,0.5,5,1.0,0.0,0.0,0,14,0,0,0.0,0.0,2,0.5,0.0,0.0,1.0,6,0,0,0,0.5,1,1.0,0.0,0.0,0,14,0,0,0,2,14,0,1.0,1.0,0,14,23,14,0.0,1.0,0.0,1.0,14,0.0,0.5,0.0,0.0,1.0,0.0,0.0,0.0,0.0,1.0,1.0,0,7,0.0,14,2.0,0,0.5,0.0,1,0,0,0,0.0,14,0.0,0.0,0,0.0,1.0,0.0,0.5,0.0,0.0,5
2023-03,2,0.0,0.0,0.0,23,0,0,0,0,10,0,0,1.0,0.5,5,1.0,0.0,0.0,0,13,0,0,0.0,0.0,2,0.5,0.0,0.5,1.0,6,0,0,0,0.5,1,0.0,0.0,0.0,0,13,0,0,0,1,13,0,0.5,1.0,0,13,25,13,0.0,1.0,0.0,0.0,13,0.0,0.5,0.0,0.5,1.0,0.5,0.0,0.0,0.0,1.0,1.0,0,8,0.0,13,2.0,0,0.5,0.0,1,0,0,0,0.0,13,0.0,0.0,0,0.0,1.0,0.5,0.5,0.0,0.5,5
2023-04,1,0.0,0.0,0.0,20,0,0,0,0,8,0,0,1.0,0.5,4,1.0,0.0,0.0,0,11,0,0,0.5,0.0,1,0.5,0.0,0.0,1.0,5,0,0,0,0.5,1,0.0,0.0,0.0,0,11,0,0,0,2,11,0,0.0,1.0,0,11,27,11,0.0,1.0,0.0,0.0,11,0.0,0.5,0.0,0.0,1.0,0.5,0.0,0.0,0.5,1.0,1.0,0,6,0.0,11,1.0,0,0.5,0.0,1,0,0,0,0.0,11,0.0,0.0,0,0.0,1.0,0.0,0.0,0.0,0.0,4
2023-05,5,0.0,0.0,0.0,29,0,0,0,0,12,0,0,1.0,0.5,6,1.0,0.0,0.0,0,16,0,0,0.0,0.0,2,0.5,0.0,0.0,1.0,7,0,0,0,0.5,2,0.5,0.0,0.0,0,16,0,0,0,2,16,0,0.0,1.0,0,16,25,16,0.0,1.0,0.0,0.0,16,0.0,0.5,0.0,0.5,1.0,0.5,0.0,0.0,0.0,1.0,1.0,0,7,0.0,16,1.0,0,0.5,0.5,2,0,0,0,0.0,16,0.0,0.5,0,0.5,1.0,0.0,0.5,0.0,0.5,5
2023-06,5,0.0,0.0,0.0,29,0,0,0,0,12,0,0,1.0,0.5,6,1.0,0.0,0.0,0,16,0,0,0.5,0.0,2,0.5,0.0,0.0,1.0,7,0,0,0,0.5,2,1.0,0.0,0.0,0,16,0,0,0,2,16,0,0.0,1.0,0,16,29,16,0.0,1.0,0.0,1.0,16,0.0,0.5,0.0,0.5,1.0,0.5,0.0,0.0,0.0,1.0,1.0,0,8,0.0,16,2.0,0,0.5,0.5,2,0,0,0,0.0,16,0.0,0.0,0,0.5,1.0,0.5,0.5,0.0,0.5,5
2023-07,3,0.0,0.0,0.0,23,0,0,0,0,9,0,0,1.0,0.5,5,1.0,0.0,0.0,0,13,0,0,0.5,0.0,2,0.5,0.0,0.0,1.0,6,0,0,0,0.5,1,0.0,0.0,0.0,0,13,0,0,0,2,13,0,0.0,1.0,0,13,30,13,0.0,1.0,0.0,1.0,13,0.0,0.5,0.0,0.5,1.0,0.5,0.0,0.0,0.0,1.0,1.0,0,7,0.0,13,1.0,0,0.5,0.0,1,0,0,0,0.5,13,0.0,0.0,0,0.0,1.0,0.0,0.0,0.0,0.0,4
2023-08,4,0.0,0.0,0.0,26,0,0,0,0,11,0,0,1.0,0.5,6,1.0,0.0,0.0,0,15,0,0,0.5,0.0,2,0.5,0.0,0.0,1.0,7,0,0,0,0.5,1,1.0,0.0,0.0,0,15,0,0,0,3,15,0,0.5,1.0,0,15,27,15,0.0,1.0,0.0,0.0,15,0.0,0.5,0.0,0.5,1.0,0.5,0.0,0.0,0.0,1.0,1.0,0,6,0.0,15,1.0,0,0.5,0.5,2,0,0,0,0.0,15,0.0,0.0,0,0.5,1.0,0.5,0.5,0.0,0.0,5
2023-09,9,0.0,0.0,0.0,26,0,0,0,0,11,0,0,1.0,0.5,5,1.0,0.0,0.0,0,15,0,0,0.5,0.0,2,0.5,0.0,0.0,1.0,6,0,0,0,0.5,1,0.5,0.0,0.0,0,15,0,0,0,2,15,0,0.0,1.0,0,15,24,15,0.0,1.0,0.0,1.0,15,0.5,0.5,0.0,0.5,1.0,0.0,0.0,0.5,0.0,1.0,1.0,0,7,0.0,15,1.0,0,0.5,0.5,2,0,0,0,0.0,15,0.5,0.0,0,0.0,1.0,0.5,0.5,0.5,0.0,5
2023-10,4,1.0,0.0,0.0,24,0,0,0,0,10,0,0,1.0,0.5,5,1.0,0.0,0.0,0,13,0,0,0.5,0.0,2,0.5,0.0,0.0,1.0,6,0,0,0,0.5,1,0.0,0.0,0.0,0,13,0,0,0,2,13,0,0.5,1.0,0,13,22,13,0.0,1.0,0.0,0.5,13,0.0,0.5,0.0,0.5,1.0,0.5,0.0,0.0,0.0,1.0,1.0,0,6,0.0,13,2.0,0,0.5,0.5,1,0,0,0,0.0,13,0.0,0.0,0,0.0,1.0,0.5,0.5,0.0,0.0,4
2023-11,4,1.0,0.0,1.0,25,0,0,0,0,11,0,0,1.0,0.5,5,1.0,0.0,0.0,0,15,0,0,0.5,0.0,2,0.5,0.0,0.0,1.0,6,0,0,0,0.5,1,0.5,0.0,0.0,0,15,0,0,0,2,15,0,0.0,2.0,0,15,25,15,0.0,1.0,0.0,0.5,15,0.0,0.5,0.0,0.5,1.0,0.5,0.0,0.0,0.0,1.0,1.0,0,7,0.0,15,2.0,0,0.5,0.5,2,0,0,0,0.0,15,0.0,0.0,0,0.0,1.0,0.0,0.0,0.0,0.0,5
2023-12,3,0.0,0.0,0.0,20,0,0,0,0,9,0,0,1.0,0.5,4,1.0,0.0,0.0,0,12,0,0,0.5,0.0,2,0.5,0.0,0.0,1.0,5,0,0,0,0.5,1,0.5,0.0,0.0,0,12,0,0,0,2,12,0,0.0,1.0,0,12,24,12,0.0,1.0,0.0,0.0,12,0.0,0.5,0.0,0.5,1.0,0.0,0.0,0.0,0.0,1.0,0.5,0,7,0.0,12,1.0,0,0.5,0.0,1,0,0,0,0.0,12,0.0,0.0,0,0.5,1.0,0.0,0.5,0.0,0.0,4
2024-01,3,0.0,0.0,0.0,21,0,0,0,0,9,0,0,1.0,0.5,4,1.0,0.0,0.0,0,12,0,0,0.5,0.0,2,0.5,0.5,0.0,1.0,5,0,0,0,0.5,1,0.0,0.0,0.0,0,12,0,0,0,2,12,0,0.5,1.0,0,12,24,12,0.0,0.0,0.0,0.0,12,0.0,0.5,0.0,0.5,1.0,0.5,0.0,0.0,0.0,1.0,0.5,0,7,0.0,12,1.0,0,0.5,0.5,1,0,0,0,0.0,12,0.0,0.0,0,0.5,1.0,0.0,0.5,0.0,0.0,4
2024-02,3,0.0,0.0,0.0,24,0,0,0,0,10,0,0,1.0,0.5,5,1.0,0.0,0.0,0,13,0,0,0.0,0.0,2,0.5,0.0,0.0,1.0,6,0,0,0,0.5,1,0.0,0.0,0.0,0,13,0,0,0,2,13,0,1.0,1.0,0,13,23,13,0.0,1.0,0.0,1.0,13,0.0,0.5,0.0,0.5,1.0,0.5,0.0,0.0,0.0,1.0,1.0,0,7,0.0,13,1.0,0,0.5,0.0,1,0,0,0,0.0,13,0.0,0.0,0,0.0,1.0,0.5,0.5,0.0,0.0,4
2024-03,5,0.0,0.0,0.0,22,0,0,0,0,9,0,0,1.0,0.5,4,1.0,0.0,0.0,0,12,0,0,0.5,0.0,2,0.5,0.0,0.0,1.0,5,0,0,0,0.5,1,0.0,0.0,0.0,0,12,0,0,0,2,12,0,0.0,1.0,0,12,26,12,0.0,0.5,0.0,0.0,12,0.0,0.5,0.0,0.0,1.0,0.5,0.0,0.0,0.0,1.0,1.0,0,7,0.0,12,1.0,0,0.5,0.0,1,0,0,0,0.0,12,0.0,0.0,0,0.0,1.0,0.0,0.0,0.0,0.5,4
2024-04,2,0.0,0.0,0.0,20,0,0,0,0,8,0,0,1.0,0.5,4,1.0,0.0,0.0,0,11,0,0,0.0,0.0,1,0.5,0.0,0.0,1.0,5,0,0,0,0.5,1,0.0,0.0,0.0,0,11,0,0,0,2,11,0,0.0,1.0,0,11,25,11,0.0,1.0,0.0,0.0,11,0.0,0.5,0.0,0.0,1.0,0.0,0.0,0.0,0.0,1.0,1.0,0,7,0.0,11,1.0,0,0.5,0.0,1,0,0,0,0.0,11,0.0,0.0,0,0.0,1.0,0.5,0.0,0.0,0.0,4
2024-05,3,0.0,0.0,1.0,21,0,0,0,0,9,0,0,1.0,0.5,4,1.0,0.0,0.0,0,12,0,0,0.5,0.0,2,0.5,0.0,0.0,0.5,5,0,0,0,0.5,1,0.0,0.0,0.0,0,12,0,0,0,3,12,0,0.0,1.0,0,12,22,12,0.0,1.0,0.0,0.5,12,0.0,0.5,0.0,0.5,1.0,0.0,0.0,0.0,0.0,1.0,1.0,0,7,0.0,12,1.0,0,0.5,0.5,1,0,0,0,0.0,12,0.0,0.0,0,0.0,1.0,0.0,0.0,0.0,0.0,4
2024-06,2,1.0,0.0,0.0,18,0,0,0,0,8,0,0,1.0,0.5,4,1.0,0.0,0.0,0,10,0,0,0.0,0.0,1,0.5,0.0,0.0,1.0,4,0,0,0,0.5,1,0.0,0.0,0.0,0,10,0,0,0,2,10,0,0.0,1.0,0,10,24,10,0.0,1.0,0.0,1.0,10,0.0,0.5,0.0,0.5,0.5,0.0,0.0,0.0,0.5,0.5,0.5,0,7,0.0,10,1.0,0,0.5,0.0,1,0,0,0,0.0,10,0.0,0.0,0,0.0,0.5,0.0,0.0,0.0,0.0,3
2024-07,3,1.0,0.0,0.0,21,0,0,0,0,9,0,0,1.0,0.5,4,1.0,0.0,0.0,0,12,0,0,0.5,0.0,2,0.5,0.0,0.0,1.0,5,0,0,0,0.5,1,0.0,0.0,0.0,0,12,0,0,0,2,12,0,0.0,1.0,0,12,22,12,0.0,1.0,0.0,1.0,12,0.0,0.5,0.0,0.0,1.0,0.0,0.0,0.0,0.5,1.0,0.0,0,6,0.0,12,1.0,0,0.5,0.0,1,0,0,0,0.0,12,0.0,0.0,0,0.0,1.0,0.0,0.0,0.0,0.5,4
2024-08,2,1.0,0.0,0.0,20,0,0,0,0,8,0,0,1.0,0.5,4,1.0,0.0,0.0,0,12,0,0,0.5,0.0,1,1.0,0.5,0.0,1.0,5,0,0,0,0.5,1,0.0,0.0,0.0,0,12,0,0,0,2,12,0,0.0,1.0,0,12,28,12,0.0,1.0,0.0,0.0,12,0.0,0.5,0.0,0.0,1.0,0.5,0.0,0.0,0.0,1.0,1.0,0,8,0.0,12,1.0,0,0.5,0.0,1,0,0,0,0.0,12,0.0,0.0,0,0.0,1.0,0.0,0.0,0.0,0.0,4
2024-09,3,0.0,0.0,0.0,23,0,0,0,0,9,0,0,1.0,0.5,5,1.0,0.0,0.0,0,13,0,0,0.5,0.0,2,0.5,0.5,0.0,1.0,6,0,0,0,0.5,1,0.5,0.0,0.0,0,13,0,0,0,3,13,0,0.0,1.0,0,13,27,13,0.0,1.0,0.0,0.5,13,0.0,0.5,0.0,0.0,1.0,0.5,0.0,0.0,0.5,1.0,1.0,0,7,0.0,13,1.0,0,0.5,0.0,1,0,0,0,0.0,13,0.0,0.0,0,0.0,1.0,0.5,0.5,0.0,0.0,4
2024-10,4,0.0,0.0,0.0,21,0,0,0,0,9,0,0,1.0,0.5,5,1.0,0.0,0.0,0,12,0,0,0.5,0.0,2,0.5,0.0,0.0,1.0,5,0,0,0,0.5,1,0.0,0.0,0.0,0,12,0,0,0,2,12,0,0.0,2.0,0,12,26,12,0.0,1.0,0.0,1.0,12,0.0,0.5,0.0,0.0,1.0,0.5,0.0,0.0,0.0,1.0,1.0,0,8,0.0,12,2.0,0,0.5,0.5,1,0,0,0,0.0,12,0.0,0.0,0,0.0,1.0,0.0,0.0,0.0,0.0,4
2024-11,4,0.0,0.0,0.0,22,0,0,0,0,9,0,0,1.0,1.0,5,1.0,0.0,0.0,0,13,0,0,0.5,0.0,2,0.5,0.0,0.0,1.0,6,0,0,0,0.5,1,0.5,0.0,0.0,0,13,0,0,0,3,13,0,0.5,1.0,0,13,25,13,0.0,2.0,0.0,0.0,13,0.0,0.5,0.0,0.5,1.0,0.5,0.0,0.0,0.0,1.0,1.0,0,8,0.0,13,3.0,0,0.5,0.5,1,0,0,0,0.0,13,0.0,0.0,0,0.0,1.0,0.5,0.5,0.5,0.0,4
2024-12,3,0.0,1.0,0.0,22,0,0,0,0,9,0,0,1.0,0.5,5,1.0,0.0,0.0,0,12,0,0,0.5,0.0,2,0.5,0.0,0.0,1.0,5,0,0,0,0.5,1,0.0,0.0,0.0,0,12,0,0,0,2,12,0,0.5,2.0,0,12,24,12,0.0,2.0,0.0,0.5,12,0.0,0.5,0.0,0.5,1.0,0.5,0.0,0.0,0.0,1.0,1.0,0,7,0.0,12,1.0,0,0.5,0.5,1,0,0,0,0.0,12,0.0,0.0,0,0.5,1.0,0.5,0.5,0.0,0.5,4
2025-01,3,0.0,0.0,0.0,24,0,0,0,0,10,0,0,1.0,0.5,5,1.0,0.0,0.0,0,14,0,0,0.0,0.0,2,0.5,0.0,0.0,1.0,6,0,0,0,0.5,1,0.5,0.0,0.0,0,14,0,0,0,2,14,0,0.0,1.0,0,14,24,14,0.0,0.5,0.0,0.0,14,0.0,0.5,0.0,0.0,1.0,0.5,0.0,0.0,0.0,1.0,1.0,0,7,0.0,14,1.0,0,0.5,0.0,2,0,0,0,0.0,14,0.0,0.0,0,0.0,1.0,0.5,0.5,0.0,0.0,5
2025-02,4,0.0,0.0,0.0,19,0,0,0,0,8,0,0,1.0,0.5,4,1.0,0.0,0.0,0,10,0,0,0.5,0.0,1,0.5,0.0,0.0,1.0,4,0,0,0,0.5,1,0.0,0.0,0.0,0,10,0,0,0,2,10,0,1.0,1.0,0,10,24,10,0.0,1.0,0.0,0.0,10,0.0,0.5,0.0,0.0,0.5,0.5,0.0,0.0,0.0,0.5,1.0,0,8,0.0,10,2.0,0,0.5,0.0,1,0,0,0,0.0,10,0.0,0.0,0,0.0,0.5,0.5,0.5,0.0,0.5,3
2025-03,1,0.0,0.0,0.0,19,0,0,0,0,8,0,0,1.0,0.5,4,1.0,0.5,0.0,0,11,0,0,0.0,0.0,1,0.0,0.0,0.0,1.0,5,0,0,0,0.5,1,0.0,0.0,0.0,0,11,0,0,0,2,11,0,0.0,1.0,0,11,29,11,0.0,0.5,0.5,0.0,11,0.0,0.5,0.0,0.0,1.0,0.0,0.0,0.0,0.0,1.0,1.0,0,8,0.0,11,1.0,0,0.5,0.0,1,0,0,0,0.0,11,0.0,0.0,0,0.5,1.0,0.0,0.0,0.0,0.0,4
2025-04,3,0.0,1.0,0.0,19,0,0,0,0,8,0,0,1.0,0.5,4,1.0,0.0,0.0,0,11,0,0,0.5,0.0,1,0.5,0.0,0.0,1.0,5,0,0,0,0.5,1,0.0,0.0,1.0,0,11,0,0,0,2,11,0,0.0,1.0,0,11,24,11,0.0,1.0,0.0,0.0,11,0.0,0.5,0.0,0.5,0.5,0.5,0.0,0.0,0.0,0.5,1.0,0,7,0.0,11,1.0,0,0.5,0.0,1,0,0,0,0.0,11,0.0,0.0,0,0.0,0.5,0.0,0.0,0.0,0.5,4
2025-05,3,0.0,0.0,0.0,20,0,0,0,0,8,0,0,1.0,0.5,4,1.0,0.0,0.0,0,11,0,0,0.5,0.0,1,0.5,0.0,0.0,0.5,5,0,0,0,0.5,1,0.0,0.0,0.0,0,11,0,0,0,2,11,0,0.5,1.0,0,11,25,11,0.0,1.0,0.0,0.5,11,0.0,0.5,0.0,0.5,1.0,0.5,0.0,0.0,0.0,1.0,1.0,0,8,0.0,11,1.0,0,0.5,0.5,1,0,0,0,0.0,11,0.0,0.0,0,0.5,1.0,0.5,0.5,0.0,0.5,4
2025-06,2,0.0,0.0,0.0,21,0,0,0,0,9,0,0,1.0,0.5,4,0.5,0.0,0.0,0,12,0,0,0.5,0.0,2,0.5,0.0,0.0,0.5,5,0,0,0,0.5,1,1.0,0.0,0.0,0,12,0,0,0,2,12,0,0.0,1.0,0,12,28,12,0.0,1.0,0.0,0.0,12,0.0,0.5,0.0,0.0,1.0,0.5,0.0,0.0,0.0,1.0,1.0,0,7,0.0,12,1.0,0,0.5,0.0,1,0,0,0,0.0,12,0.0,0.0,0,0.0,1.0,0.0,0.0,0.0,0.5,4
2025-07,6,0.0,0.0,0.0,20,0,0,0,0,8,0,0,1.0,0.5,4,1.0,0.0,0.0,0,11,0,0,0.5,0.0,1,0.5,0.0,0.0,1.0,5,0,0,0,0.5,1,0.0,0.0,0.5,0,11,0,0,0,2,11,0,0.5,2.0,0,11,31,11,0.0,1.0,0.0,1.0,11,0.0,0.5,0.0,0.0,1.0,0.5,0.0,0.0,0.0,1.0,1.0,0,9,0.0,11,2.0,0,0.5,0.0,1,0,0,0,0.0,11,0.0,0.0,0,0.5,1.0,0.5,0.5,0.0,0.5,4
2025-08,5,0.0,0.0,0.0,19,0,0,0,0,8,0,0,1.0,0.5,4,1.0,0.0,0.0,0,11,0,0,0.5,0.0,1,0.5,0.0,0.0,1.0,5,0,0,0,0.5,1,0.0,0.0,0.0,0,11,0,0,0,3,11,0,0.5,1.0,0,11,31,11,0.0,1.0,0.0,0.5,11,0.0,0.5,0.0,0.5,0.5,0.5,0.0,0.0,0.0,0.5,0.5,0,9,0.0,11,2.0,0,0.5,0.5,1,0,0,0,0.0,11,0.0,0.0,0,0.0,0.5,0.0,0.5,0.0,0.5,4
2025-09,3,0.5,0.5,0.5,18,0,0,0,0,7,0,0,1.0,0.5,4,1.0,0.5,0.5,0,10,0,0,0.5,0.5,1,0.5,0.5,0.0,1.0,4,0,0,0,0.5,1,0.5,0.0,0.5,0,10,0,0,0,2,10,0,0.5,1.0,0,10,33,10,0.0,1.0,0.5,0.5,10,0.5,0.5,0.5,0.5,0.5,0.5,0.0,0.5,0.5,0.5,1.0,0,8,0.5,10,2.0,0,0.5,0.5,1,0,0,0,0.0,10,0.5,0.0,0,0.5,0.5,0.5,0.5,0.0,0.5,3
