Month,ত্রাণ কার্যক্রম,দুর্যোগ,জরুরি পরিস্থিতি,জটিল মানবিক জরুরি পরিস্থিতি,Email,পোলিও,কলেরা,অপারেশন,অভিযান,Email_file1,অস্ত্রোপচার,পুষ্টি,অপুষ্টি,পুষ্টিহীনতা,Email_file2,পুনর্গঠন,সরবরাহ,চিকিৎসা,অনুদান,Email_file3,কারিগরি প্রশিক্ষণ,রেশনিং,পিডিএস,রেশন বিতরণ পদ্ধতি,Email_file4,দান সংস্থা,মানবিক দান সংস্থা,সংগঠন,আশ্রয়,Email_file5,পানাহ,আশ্রয়_file6,অস্থায়ী,স্বল্পমেয়াদি,Email_file6,মৃত্যু,টিকাদান,সুরক্ষা,মল,Email_file7,নগদ সহায়তা,ঔষধ,ঔষধ(2),ওষুধ,Email_file8,কষ্ট,গর্ভবতী,ঝুড়ি,ধারক,Email_file9,জার,বাক্স,প্যাকেট,পোশাক,Email_file10,মানবিক সংস্থাসমূহ,এনজিও সংস্থা,আন্তর্জাতিক এনজিও,মানবিক সংস্থাগুলি,Email_file11,জরুরি অবস্থা,খাবারের প্যাকেট,অর্থ,ভাউচার,Email_file12,কুপন,জলশূন্যতা,পুষ্টিহীনতা_file13,নগদ অনুদান,Email_file13,নগদ সহায়তা_file14,আর্থিক সহায়তা,সেনাবাহিনী,Email_file14,এনজিও সংস্থা_file15,আন্তর্জাতিক এনজিও_file15,শরণার্থী শিবির,তাঁবু,Email_file15,স্বাগতিক সম্প্রদায়,শরণার্থী শিবিরসমূহ,তাঁবু_file16,স্বাগতিক সম্প্রদায়সমূহ,Email_file16,মোকাবেলার কৌশল,মানিয়ে নেবার কৌশল,সহায়তা,জরুরি সহায়তা,Email_file17,ত্রাণ সহায়তা,ত্রাণ,প্রাদুর্ভাব,সংক্রমণের বিস্তার,Email_file18,সংক্রামক রোগ,মহামারি,রোগ,সংক্রামক,Email_file19,দাতা,সংস্থা,দাতা ব্যক্তি,টিকাদান_file20,Email_file20,টিকা কার্যক্রম,অভিযান_file21,ক্যাম্পেইন,প্রচারাভিযান,Email_file21
2004-01,0,0.0,0.0,0,0,0,0.0,0.0,0.0,0,0,0.0,0,0,0,0,0.0,0,0.0,0,0.0,0,0,0,0,0,0,0.0,0.0,0,0,0.0,0.0,0,0,0,0.0,0.0,0.0,0,0,0.0,0.0,0.0,0,0,0,0.0,0,0,0.0,0.0,0.0,0.0,0,0,0.0,0,0,0,0,0.0,0.0,0.0,0,0.0,0,0,0,0,0,0.0,0.0,0,0.0,0,0,0,0,0,0.0,0,0,0,0,0,0.0,0,0,0,0.0,0,0,0,0.0,0,0,0.0,0,0.0,0.0,0,0.0,0,0,0.0,0.0,0,0
2004-02,0,0.0,0.0,0,0,0,0.0,0.0,0.0,0,0,0.0,0,0,0,0,0.0,0,0.0,0,0.0,0,0,0,0,0,0,0.0,0.0,0,0,0.0,0.0,0,0,0,0.0,0.0,0.0,0,0,0.0,0.0,0.0,0,0,0,0.0,0,0,0.0,0.0,0.0,0.0,0,0,0.0,0,0,0,0,0.0,0.0,0.0,0,0.0,0,0,0,0,0,0.0,0.0,0,0.0,0,0,0,0,0,0.0,0,0,0,0,0,0.0,0,0,0,0.0,0,0,0,0.0,0,0,0.0,0,0.0,0.0,0,0.0,0,0,0.0,0.0,0,0
2004-03,0,0.0,0.0,0,0,0,0.0,0.0,0.0,0,0,0.0,0,0,0,0,0.0,0,0.0,0,0.0,0,0,0,0,0,0,0.0,0.0,0,0,0.0,0.0,0,0,0,0.0,0.0,0.0,0,0,0.0,0.0,0.0,0,0,0,0.0,0,0,0.0,0.0,0.0,0.0,0,0,0.0,0,0,0,0,0.0,0.0,0.0,0,0.0,0,0,0,0,0,0.0,0.0,0,0.0,0,0,0,0,0,0.0,0,0,0,0,0,0.0,0,0,0,0.0,0,0,0,0.0,0,0,0.0,0,0.0,0.0,0,0.0,0,0,0.0,0.0,0,0
2004-04,0,0.0,0.0,0,0,0,0.0,0.0,0.0,0,0,0.0,0,0,0,0,0.0,0,0.0,0,0.0,0,0,0,0,0,0,0.0,0.0,0,0,0.0,0.0,0,0,0,0.0,0.0,0.0,0,0,0.0,0.0,0.0,0,0,0,0.0,0,0,0.0,0.0,0.0,0.0,0,0,0.0,0,0,0,0,0.0,0.0,0.0,0,0.0,0,0,0,0,0,0.0,0.0,0,0.0,0,0,0,0,0,0.0,0,0,0,0,0,0.0,0,0,0,0.0,0,0,0,0.0,0,0,0.0,0,0.0,0.0,0,0.0,0,0,0.0,0.0,0,0
2004-05,0,0.0,0.0,0,0,0,0.0,0.0,0.0,0,0,0.0,0,0,0,0,0.0,0,0.0,0,0.0,0,0,0,0,0,0,0.0,0.0,0,0,0.0,0.0,0,0,0,0.0,0.0,0.0,0,0,0.0,0.0,0.0,0,0,0,0.0,0,0,0.0,0.0,0.0,0.0,0,0,0.0,0,0,0,0,0.0,0.0,0.0,0,0.0,0,0,0,0,0,0.0,0.0,0,0.0,0,0,0,0,0,0.0,0,0,0,0,0,0.0,0,0,0,0.0,0,0,0,0.0,0,0,0.0,0,0.0,0.0,0,0.0,0,0,0.0,0.0,0,0
2004-06,0,0.0,0.0,0,0,0,0.0,0.0,0.0,0,0,0.0,0,0,0,0,0.0,0,0.0,0,0.0,0,0,0,0,0,0,0.0,0.0,0,0,0.0,0.0,0,0,0,0.0,0.0,0.0,0,0,0.0,0.0,0.0,0,0,0,0.0,0,0,0.0,0.0,0.0,0.0,0,0,0.0,0,0,0,0,0.0,0.0,0.0,0,0.0,0,0,0,0,0,0.0,0.0,0,0.0,0,0,0,0,0,0.0,0,0,0,0,0,0.0,0,0,0,0.0,0,0,0,0.0,0,0,0.0,0,0.0,0.0,0,0.0,0,0,0.0,0.0,0,0
2004-07,0,0.0,0.0,0,0,0,0.0,0.0,0.0,0,0,0.0,0,0,0,0,0.0,0,0.0,0,0.0,0,0,0,0,0,0,0.0,0.0,0,0,0.0,0.0,0,0,0,0.0,0.0,0.0,0,0,0.0,0.0,0.0,0,0,0,0.0,0,0,0.0,0.0,0.0,0.0,0,0,0.0,0,0,0,0,0.0,0.0,0.0,0,0.0,0,0,0,0,0,0.0,0.0,0,0.0,0,0,0,0,0,0.0,0,0,0,0,0,0.0,0,0,0,0.0,0,0,0,0.0,0,0,0.0,0,0.0,0.0,0,0.0,0,0,0.0,0.0,0,0
2004-08,0,0.0,0.0,0,0,0,0.0,0.0,0.0,0,0,0.0,0,0,0,0,0.0,0,0.0,0,0.0,0,0,0,0,0,0,0.0,0.0,0,0,0.0,0.0,0,0,0,0.0,0.0,0.0,0,0,0.0,0.0,0.0,0,0,0,0.0,0,0,0.0,0.0,0.0,0.0,0,0,0.0,0,0,0,0,0.0,0.0,0.0,0,0.0,0,0,0,0,0,0.0,0.0,0,0.0,0,0,0,0,0,0.0,0,0,0,0,0,0.0,0,0,0,0.0,0,0,0,0.0,0,0,0.0,0,0.0,0.0,0,0.0,0,0,0.0,0.0,0,0
2004-09,0,0.0,0.0,0,0,0,0.0,0.0,0.0,0,0,0.0,0,0,0,0,0.0,0,0.0,0,0.0,0,0,0,0,0,0,0.0,0.0,0,0,0.0,0.0,0,0,0,0.0,0.0,0.0,0,0,0.0,0.0,0.0,0,0,0,0.0,0,0,0.0,0.0,0.0,0.0,0,0,0.0,0,0,0,0,0.0,0.0,0.0,0,0.0,0,0,0,0,0,0.0,0.0,0,0.0,0,0,0,0,0,0.0,0,0,0,0,0,0.0,0,0,0,0.0,0,0,0,0.0,0,0,0.0,0,0.0,0.0,0,0.0,0,0,0.0,0.0,0,0
2004-10,0,0.0,0.0,0,0,0,0.0,0.0,0.0,0,0,0.0,0,0,0,0,0.0,0,0.0,0,0.0,0,0,0,0,0,0,0.0,0.0,0,0,0.0,0.0,0,0,0,0.0,0.0,0.0,0,0,0.0,0.0,0.0,0,0,0,0.0,0,0,0.0,0.0,0.0,0.0,0,0,0.0,0,0,0,0,0.0,0.0,0.0,0,0.0,0,0,0,0,0,0.0,0.0,0,0.0,0,0,0,0,0,0.0,0,0,0,0,0,0.0,0,0,0,0.0,0,0,0,0.0,0,0,0.0,0,0.0,0.0,0,0.0,0,0,0.0,0.0,0,0
2004-11,0,0.0,0.0,0,0,0,0.0,0.0,0.0,0,0,0.0,0,0,0,0,0.0,0,0.0,0,0.0,0,0,0,0,0,0,0.0,0.0,0,0,0.0,0.0,0,0,0,0.0,0.0,0.0,0,0,0.0,0.0,0.0,0,0,0,0.0,0,0,0.0,0.0,0.0,0.0,0,0,0.0,0,0,0,0,0.0,0.0,0.0,0,0.0,0,0,0,0,0,0.0,0.0,0,0.0,0,0,0,0,0,0.0,0,0,0,0,0,0.0,0,0,0,0.0,0,0,0,0.0,0,0,0.0,0,0.0,0.0,0,0.0,0,0,0.0,0.0,0,0
2004-12,0,0.0,0.0,0,0,0,0.0,0.0,0.0,0,0,0.0,0,0,0,0,0.0,0,0.0,0,0.0,0,0,0,0,0,0,0.0,0.0,0,0,0.0,0.0,0,0,0,0.0,0.0,0.0,0,0,0.0,0.0,0.0,0,0,0,0.0,0,0,0.0,0.0,0.0,0.0,0,0,0.0,0,0,0,0,0.0,0.0,0.0,0,0.0,0,0,0,0,0,0.0,0.0,0,0.0,0,0,0,0,0,0.0,0,0,0,0,0,0.0,0,0,0,0.0,0,0,0,0.0,0,0,0.0,0,0.0,0.0,0,0.0,0,0,0.0,0.0,0,0
2005-01,0,0.0,0.0,0,0,0,0.0,0.0,0.0,0,0,0.0,0,0,0,0,0.0,0,0.0,0,0.0,0,0,0,0,0,0,0.0,0.0,0,0,0.0,0.0,0,0,0,0.0,0.0,0.0,0,0,0.0,0.0,0.0,0,0,0,0.0,0,0,0.0,0.0,0.0,0.0,0,0,0.0,0,0,0,0,0.0,0.0,0.0,0,0.0,0,0,0,0,0,0.0,0.0,0,0.0,0,0,0,0,0,0.0,0,0,0,0,0,0.0,0,0,0,0.0,0,0,0,0.0,0,0,0.0,0,0.0,0.0,0,0.0,0,0,0.0,0.0,0,0
2005-02,0,0.0,0.0,0,0,0,0.0,0.0,0.0,0,0,0.0,0,0,0,0,0.0,0,0.0,0,0.0,0,0,0,0,0,0,0.0,0.0,0,0,0.0,0.0,0,0,0,0.0,0.0,0.0,0,0,0.0,0.0,0.0,0,0,0,0.0,0,0,0.0,0.0,0.0,0.0,0,0,0.0,0,0,0,0,0.0,0.0,0.0,0,0.0,0,0,0,0,0,0.0,0.0,0,0.0,0,0,0,0,0,0.0,0,0,0,0,0,0.0,0,0,0,0.0,0,0,0,0.0,0,0,0.0,0,0.0,0.0,0,0.0,0,0,0.0,0.0,0,0
2005-03,0,0.0,0.0,0,0,0,0.0,0.0,0.0,0,0,0.0,0,0,0,0,0.0,0,0.0,0,0.0,0,0,0,0,0,0,0.0,0.0,0,0,0.0,0.0,0,0,0,0.0,0.0,0.0,0,0,0.0,0.0,0.0,0,0,0,0.0,0,0,0.0,0.0,0.0,0.0,0,0,0.0,0,0,0,0,0.0,0.0,0.0,0,0.0,0,0,0,0,0,0.0,0.0,0,0.0,0,0,0,0,0,0.0,0,0,0,0,0,0.0,0,0,0,0.0,0,0,0,0.0,0,0,0.0,0,0.0,0.0,0,0.0,0,0,0.0,0.0,0,0
2005-04,0,0.0,0.0,0,0,0,0.0,0.0,0.0,0,0,0.0,0,0,0,0,0.0,0,0.0,0,0.0,0,0,0,0,0,0,0.0,0.0,0,0,0.0,0.0,0,0,0,0.0,0.0,0.0,0,0,0.0,0.0,0.0,0,0,0,0.0,0,0,0.0,0.0,0.0,0.0,0,0,0.0,0,0,0,0,0.0,0.0,0.0,0,0.0,0,0,0,0,0,0.0,0.0,0,0.0,0,0,0,0,0,0.0,0,0,0,0,0,0.0,0,0,0,0.0,0,0,0,0.0,0,0,0.0,0,0.0,0.0,0,0.0,0,0,0.0,0.0,0,0
2005-05,0,0.0,0.0,0,0,0,0.0,0.0,0.0,0,0,0.0,0,0,0,0,0.0,0,0.0,0,0.0,0,0,0,0,0,0,0.0,0.0,0,0,0.0,0.0,0,0,0,0.0,0.0,0.0,0,0,0.0,0.0,0.0,0,0,0,0.0,0,0,0.0,0.0,0.0,0.0,0,0,0.0,0,0,0,0,0.0,0.0,0.0,0,0.0,0,0,0,0,0,0.0,0.0,0,0.0,0,0,0,0,0,0.0,0,0,0,0,0,0.0,0,0,0,0.0,0,0,0,0.0,0,0,0.0,0,0.0,0.0,0,0.0,0,0,0.0,0.0,0,0
2005-06,0,0.0,0.0,0,0,0,0.0,0.0,0.0,0,0,0.0,0,0,0,0,0.0,0,0.0,0,0.0,0,0,0,0,0,0,0.0,0.0,0,0,0.0,0.0,0,0,0,0.0,0.0,0.0,0,0,0.0,0.0,0.0,0,0,0,0.0,0,0,0.0,0.0,0.0,0.0,0,0,0.0,0,0,0,0,0.0,0.0,0.0,0,0.0,0,0,0,0,0,0.0,0.0,0,0.0,0,0,0,0,0,0.0,0,0,0,0,0,0.0,0,0,0,0.0,0,0,0,0.0,0,0,0.0,0,0.0,0.0,0,0.0,0,0,0.0,0.0,0,0
2005-07,0,0.0,0.0,0,0,0,0.0,0.0,0.0,0,0,0.0,0,0,0,0,0.0,0,0.0,0,0.0,0,0,0,0,0,0,0.0,0.0,0,0,0.0,0.0,0,0,0,0.0,0.0,0.0,0,0,0.0,0.0,0.0,0,0,0,0.0,0,0,0.0,0.0,0.0,0.0,0,0,0.0,0,0,0,0,0.0,0.0,0.0,0,0.0,0,0,0,0,0,0.0,0.0,0,0.0,0,0,0,0,0,0.0,0,0,0,0,0,0.0,0,0,0,0.0,0,0,0,0.0,0,0,0.0,0,0.0,0.0,0,0.0,0,0,0.0,0.0,0,0
2005-08,0,0.0,0.0,0,0,0,0.0,0.0,0.0,0,0,0.0,0,0,0,0,0.0,0,0.0,0,0.0,0,0,0,0,0,0,0.0,0.0,0,0,0.0,0.0,0,0,0,0.0,0.0,0.0,0,0,0.0,0.0,0.0,0,0,0,0.0,0,0,0.0,0.0,0.0,0.0,0,0,0.0,0,0,0,0,0.0,0.0,0.0,0,0.0,0,0,0,0,0,0.0,0.0,0,0.0,0,0,0,0,0,0.0,0,0,0,0,0,0.0,0,0,0,0.0,0,0,0,0.0,0,0,0.0,0,0.0,0.0,0,0.0,0,0,0.0,0.0,0,0
2005-09,0,0.0,0.0,0,0,0,0.0,0.0,0.0,0,0,0.0,0,0,0,0,0.0,0,0.0,0,0.0,0,0,0,0,0,0,0.0,0.0,0,0,0.0,0.0,0,0,0,0.0,0.0,0.0,0,0,0.0,0.0,0.0,0,0,0,0.0,0,0,0.0,0.0,0.0,0.0,0,0,0.0,0,0,0,0,0.0,0.0,0.0,0,0.0,0,0,0,0,0,0.0,0.0,0,0.0,0,0,0,0,0,0.0,0,0,0,0,0,0.0,0,0,0,0.0,0,0,0,0.0,0,0,0.0,0,0.0,0.0,0,0.0,0,0,0.0,0.0,0,0
2005-10,0,0.0,0.0,0,0,0,0.0,0.0,0.0,0,0,0.0,0,0,0,0,0.0,0,0.0,0,0.0,0,0,0,0,0,0,0.0,0.0,0,0,0.0,0.0,0,0,0,0.0,0.0,0.0,0,0,0.0,0.0,0.0,0,0,0,0.0,0,0,0.0,0.0,0.0,0.0,0,0,0.0,0,0,0,0,0.0,0.0,0.0,0,0.0,0,0,0,0,0,0.0,0.0,0,0.0,0,0,0,0,0,0.0,0,0,0,0,0,0.0,0,0,0,0.0,0,0,0,0.0,0,0,0.0,0,0.0,0.0,0,0.0,0,0,0.0,0.0,0,0
2005-11,0,0.0,0.0,0,0,0,0.0,0.0,0.0,0,0,0.0,0,0,0,0,0.0,0,0.0,0,0.0,0,0,0,0,0,0,0.0,0.0,0,0,0.0,0.0,0,0,0,0.0,0.0,0.0,0,0,0.0,0.0,0.0,0,0,0,0.0,0,0,0.0,0.0,0.0,0.0,0,0,0.0,0,0,0,0,0.0,0.0,0.0,0,0.0,0,0,0,0,0,0.0,0.0,0,0.0,0,0,0,0,0,0.0,0,0,0,0,0,0.0,0,0,0,0.0,0,0,0,0.0,0,0,0.0,0,0.0,0.0,0,0.0,0,0,0.0,0.0,0,0
2005-12,0,0.0,0.0,0,0,0,0.0,0.0,0.0,0,0,0.0,0,0,0,0,0.0,0,0.0,0,0.0,0,0,0,0,0,0,0.0,0.0,0,0,0.0,0.0,0,0,0,0.0,0.0,0.0,0,0,0.0,0.0,0.0,0,0,0,0.0,0,0,0.0,0.0,0.0,0.0,0,0,0.0,0,0,0,0,0.0,0.0,0.0,0,0.0,0,0,0,0,0,0.0,0.0,0,0.0,0,0,0,0,0,0.0,0,0,0,0,0,0.0,0,0,0,0.0,0,0,0,0.0,0,0,0.0,0,0.0,0.0,0,0.0,0,0,0.0,0.0,0,0
2006-01,0,0.0,0.0,0,0,0,0.0,0.0,0.0,0,0,0.0,0,0,0,0,0.0,0,0.0,0,0.0,0,0,0,0,0,0,0.0,0.0,0,0,0.0,0.0,0,0,0,0.0,0.0,0.0,0,0,0.0,0.0,0.0,0,0,0,0.0,0,0,0.0,0.0,0.0,0.0,0,0,0.0,0,0,0,0,0.0,0.0,0.0,0,0.0,0,0,0,0,0,0.0,0.0,0,0.0,0,0,0,0,0,0.0,0,0,0,0,0,0.0,0,0,0,0.0,0,0,0,0.0,0,0,0.0,0,0.0,0.0,0,0.0,0,0,0.0,0.0,0,0
2006-02,0,0.0,0.0,0,0,0,0.0,0.0,0.0,0,0,0.0,0,0,0,0,0.0,0,0.0,0,0.0,0,0,0,0,0,0,0.0,0.0,0,0,0.0,0.0,0,0,0,0.0,0.0,0.0,0,0,0.0,0.0,0.0,0,0,0,0.0,0,0,0.0,0.0,0.0,0.0,0,0,0.0,0,0,0,0,0.0,0.0,0.0,0,0.0,0,0,0,0,0,0.0,0.0,0,0.0,0,0,0,0,0,0.0,0,0,0,0,0,0.0,0,0,0,0.0,0,0,0,0.0,0,0,0.0,0,0.0,0.0,0,0.0,0,0,0.0,0.0,0,0
2006-03,0,0.0,0.0,0,0,0,0.0,0.0,0.0,0,0,0.0,0,0,0,0,0.0,0,0.0,0,0.0,0,0,0,0,0,0,0.0,0.0,0,0,0.0,0.0,0,0,0,0.0,0.0,0.0,0,0,0.0,0.0,0.0,0,0,0,0.0,0,0,0.0,0.0,0.0,0.0,0,0,0.0,0,0,0,0,0.0,0.0,0.0,0,0.0,0,0,0,0,0,0.0,0.0,0,0.0,0,0,0,0,0,0.0,0,0,0,0,0,0.0,0,0,0,0.0,0,0,0,0.0,0,0,0.0,0,0.0,0.0,0,0.0,0,0,0.0,0.0,0,0
2006-04,0,0.0,0.0,0,0,0,0.0,0.0,0.0,0,0,0.0,0,0,0,0,0.0,0,0.0,0,0.0,0,0,0,0,0,0,0.0,0.0,0,0,0.0,0.0,0,0,0,0.0,0.0,0.0,0,0,0.0,0.0,0.0,0,0,0,0.0,0,0,0.0,0.0,0.0,0.0,0,0,0.0,0,0,0,0,0.0,0.0,0.0,0,0.0,0,0,0,0,0,0.0,0.0,0,0.0,0,0,0,0,0,0.0,0,0,0,0,0,0.0,0,0,0,0.0,0,0,0,0.0,0,0,0.0,0,0.0,0.0,0,0.0,0,0,0.0,0.0,0,0
2006-05,0,0.0,0.0,0,0,0,0.0,0.0,0.0,0,0,0.0,0,0,0,0,0.0,0,0.0,0,0.0,0,0,0,0,0,0,0.0,0.0,0,0,0.0,0.0,0,0,0,0.0,0.0,0.0,0,0,0.0,0.0,0.0,0,0,0,0.0,0,0,0.0,0.0,0.0,0.0,0,0,0.0,0,0,0,0,0.0,0.0,0.0,0,0.0,0,0,0,0,0,0.0,0.0,0,0.0,0,0,0,0,0,0.0,0,0,0,0,0,0.0,0,0,0,0.0,0,0,0,0.0,0,0,0.0,0,0.0,0.0,0,0.0,0,0,0.0,0.0,0,0
2006-06,0,0.0,0.0,0,0,0,0.0,0.0,0.0,0,0,0.0,0,0,0,0,0.0,0,0.0,0,0.0,0,0,0,0,0,0,0.0,0.0,0,0,0.0,0.0,0,0,0,0.0,0.0,0.0,0,0,0.0,0.0,0.0,0,0,0,0.0,0,0,0.0,0.0,0.0,0.0,0,0,0.0,0,0,0,0,0.0,0.0,0.0,0,0.0,0,0,0,0,0,0.0,0.0,0,0.0,0,0,0,0,0,0.0,0,0,0,0,0,0.0,0,0,0,0.0,0,0,0,0.0,0,0,0.0,0,0.0,0.0,0,0.0,0,0,0.0,0.0,0,0
2006-07,0,0.0,0.0,0,0,0,0.0,0.0,0.0,0,0,0.0,0,0,0,0,0.0,0,0.0,0,0.0,0,0,0,0,0,0,0.0,0.0,0,0,0.0,0.0,0,0,0,0.0,0.0,0.0,0,0,0.0,0.0,0.0,0,0,0,0.0,0,0,0.0,0.0,0.0,0.0,0,0,0.0,0,0,0,0,0.0,0.0,0.0,0,0.0,0,0,0,0,0,0.0,0.0,0,0.0,0,0,0,0,0,0.0,0,0,0,0,0,0.0,0,0,0,0.0,0,0,0,0.0,0,0,0.0,0,0.0,0.0,0,0.0,0,0,0.0,0.0,0,0
2006-08,0,0.0,0.0,0,0,0,0.0,0.0,0.0,0,0,0.0,0,0,0,0,0.0,0,0.0,0,0.0,0,0,0,0,0,0,0.0,0.0,0,0,0.0,0.0,0,0,0,0.0,0.0,0.0,0,0,0.0,0.0,0.0,0,0,0,0.0,0,0,0.0,0.0,0.0,0.0,0,0,0.0,0,0,0,0,0.0,0.0,0.0,0,0.0,0,0,0,0,0,0.0,0.0,0,0.0,0,0,0,0,0,0.0,0,0,0,0,0,0.0,0,0,0,0.0,0,0,0,0.0,0,0,0.0,0,0.0,0.0,0,0.0,0,0,0.0,0.0,0,0
2006-09,0,0.0,0.0,0,0,0,0.0,0.0,0.0,0,0,0.0,0,0,0,0,0.0,0,0.0,0,0.0,0,0,0,0,0,0,0.0,0.0,0,0,0.0,0.0,0,0,0,0.0,0.0,0.0,0,0,0.0,0.0,0.0,0,0,0,0.0,0,0,0.0,0.0,0.0,0.0,0,0,0.0,0,0,0,0,0.0,0.0,0.0,0,0.0,0,0,0,0,0,0.0,0.0,0,0.0,0,0,0,0,0,0.0,0,0,0,0,0,0.0,0,0,0,0.0,0,0,0,0.0,0,0,0.0,0,0.0,0.0,0,0.0,0,0,0.0,0.0,0,0
2006-10,0,0.0,0.0,0,0,0,0.0,0.0,0.0,0,0,0.0,0,0,0,0,0.0,0,0.0,0,0.0,0,0,0,0,0,0,0.0,0.0,0,0,0.0,0.0,0,0,0,0.0,0.0,0.0,0,0,0.0,0.0,0.0,0,0,0,0.0,0,0,0.0,0.0,0.0,0.0,0,0,0.0,0,0,0,0,0.0,0.0,0.0,0,0.0,0,0,0,0,0,0.0,0.0,0,0.0,0,0,0,0,0,0.0,0,0,0,0,0,0.0,0,0,0,0.0,0,0,0,0.0,0,0,0.0,0,0.0,0.0,0,0.0,0,0,0.0,0.0,0,0
2006-11,0,0.0,0.0,0,0,0,0.0,0.0,0.0,0,0,0.0,0,0,0,0,0.0,0,0.0,0,0.0,0,0,0,0,0,0,0.0,0.0,0,0,0.0,0.0,0,0,0,0.0,0.0,0.0,0,0,0.0,0.0,0.0,0,0,0,0.0,0,0,0.0,0.0,0.0,0.0,0,0,0.0,0,0,0,0,0.0,0.0,0.0,0,0.0,0,0,0,0,0,0.0,0.0,0,0.0,0,0,0,0,0,0.0,0,0,0,0,0,0.0,0,0,0,0.0,0,0,0,0.0,0,0,0.0,0,0.0,0.0,0,0.0,0,0,0.0,0.0,0,0
2006-12,0,0.0,0.0,0,0,0,0.0,0.0,0.0,0,0,0.0,0,0,0,0,0.0,0,0.0,0,0.0,0,0,0,0,0,0,0.0,0.0,0,0,0.0,0.0,0,0,0,0.0,0.0,0.0,0,0,0.0,0.0,0.0,0,0,0,0.0,0,0,0.0,0.0,0.0,0.0,0,0,0.0,0,0,0,0,0.0,0.0,0.0,0,0.0,0,0,0,0,0,0.0,0.0,0,0.0,0,0,0,0,0,0.0,0,0,0,0,0,0.0,0,0,0,0.0,0,0,0,0.0,0,0,0.0,0,0.0,0.0,0,0.0,0,0,0.0,0.0,0,0
2007-01,0,0.0,0.0,0,0,0,0.0,0.0,0.0,0,0,0.0,0,0,0,0,0.0,0,0.0,0,0.0,0,0,0,0,0,0,0.0,0.0,0,0,0.0,0.0,0,0,0,0.0,0.0,0.0,0,0,0.0,0.0,0.0,0,0,0,0.0,0,0,0.0,0.0,0.0,0.0,0,0,0.0,0,0,0,0,0.0,0.0,0.0,0,0.0,0,0,0,0,0,0.0,0.0,0,0.0,0,0,0,0,0,0.0,0,0,0,0,0,0.0,0,0,0,0.0,0,0,0,0.0,0,0,0.0,0,0.0,0.0,0,0.0,0,0,0.0,0.0,0,0
2007-02,0,0.0,0.0,0,0,0,0.0,0.0,0.0,0,0,0.0,0,0,0,0,0.0,0,0.0,0,0.0,0,0,0,0,0,0,0.0,0.0,0,0,0.0,0.0,0,0,0,0.0,0.0,0.0,0,0,0.0,0.0,0.0,0,0,0,0.0,0,0,0.0,0.0,0.0,0.0,0,0,0.0,0,0,0,0,0.0,0.0,0.0,0,0.0,0,0,0,0,0,0.0,0.0,0,0.0,0,0,0,0,0,0.0,0,0,0,0,0,0.0,0,0,0,0.0,0,0,0,0.0,0,0,0.0,0,0.0,0.0,0,0.0,0,0,0.0,0.0,0,0
2007-03,0,0.0,0.0,0,0,0,0.0,0.0,0.0,0,0,0.0,0,0,0,0,0.0,0,0.0,0,0.0,0,0,0,0,0,0,0.0,0.0,0,0,0.0,0.0,0,0,0,0.0,0.0,0.0,0,0,0.0,0.0,0.0,0,0,0,0.0,0,0,0.0,0.0,0.0,0.0,0,0,0.0,0,0,0,0,0.0,0.0,0.0,0,0.0,0,0,0,0,0,0.0,0.0,0,0.0,0,0,0,0,0,0.0,0,0,0,0,0,0.0,0,0,0,0.0,0,0,0,0.0,0,0,0.0,0,0.0,0.0,0,0.0,0,0,0.0,0.0,0,0
2007-04,0,0.0,0.0,0,0,0,0.0,0.0,0.0,0,0,0.0,0,0,0,0,0.0,0,0.0,0,0.0,0,0,0,0,0,0,0.0,0.0,0,0,0.0,0.0,0,0,0,0.0,0.0,0.0,0,0,0.0,0.0,0.0,0,0,0,0.0,0,0,0.0,0.0,0.0,0.0,0,0,0.0,0,0,0,0,0.0,0.0,0.0,0,0.0,0,0,0,0,0,0.0,0.0,0,0.0,0,0,0,0,0,0.0,0,0,0,0,0,0.0,0,0,0,0.0,0,0,0,0.0,0,0,0.0,0,0.0,0.0,0,0.0,0,0,0.0,0.0,0,0
2007-05,0,0.0,0.0,0,0,0,0.0,0.0,0.0,0,0,0.0,0,0,0,0,0.0,0,0.0,0,0.0,0,0,0,0,0,0,0.0,0.0,0,0,0.0,0.0,0,0,0,0.0,0.0,0.0,0,0,0.0,0.0,0.0,0,0,0,0.0,0,0,0.0,0.0,0.0,0.0,0,0,0.0,0,0,0,0,0.0,0.0,0.0,0,0.0,0,0,0,0,0,0.0,0.0,0,0.0,0,0,0,0,0,0.0,0,0,0,0,0,0.0,0,0,0,0.0,0,0,0,0.0,0,0,0.0,0,0.0,0.0,0,0.0,0,0,0.0,0.0,0,0
2007-06,0,0.0,0.0,0,0,0,0.0,0.0,0.0,0,0,0.0,0,0,0,0,0.0,0,0.0,0,0.0,0,0,0,0,0,0,0.0,0.0,0,0,0.0,0.0,0,0,0,0.0,0.0,0.0,0,0,0.0,0.0,0.0,0,0,0,0.0,0,0,0.0,0.0,0.0,0.0,0,0,0.0,0,0,0,0,0.0,0.0,0.0,0,0.0,0,0,0,0,0,0.0,0.0,0,0.0,0,0,0,0,0,0.0,0,0,0,0,0,0.0,0,0,0,0.0,0,0,0,0.0,0,0,0.0,0,0.0,0.0,0,0.0,0,0,0.0,0.0,0,0
2007-07,0,0.0,0.0,0,0,0,0.0,0.0,0.0,0,0,0.0,0,0,0,0,0.0,0,0.0,0,0.0,0,0,0,0,0,0,0.0,0.0,0,0,0.0,0.0,0,0,0,0.0,0.0,0.0,0,0,0.0,0.0,0.0,0,0,0,0.0,0,0,0.0,0.0,0.0,0.0,0,0,0.0,0,0,0,0,0.0,0.0,0.0,0,0.0,0,0,0,0,0,0.0,0.0,0,0.0,0,0,0,0,0,0.0,0,0,0,0,0,0.0,0,0,0,0.0,0,0,0,0.0,0,0,0.0,0,0.0,0.0,0,0.0,0,0,0.0,0.0,0,0
2007-08,0,0.0,0.0,0,0,0,0.0,0.0,0.0,0,0,0.0,0,0,0,0,0.0,0,0.0,0,0.0,0,0,0,0,0,0,0.0,0.0,0,0,0.0,0.0,0,0,0,0.0,0.0,0.0,0,0,0.0,0.0,0.0,0,0,0,0.0,0,0,0.0,0.0,0.0,0.0,0,0,0.0,0,0,0,0,0.0,0.0,0.0,0,0.0,0,0,0,0,0,0.0,0.0,0,0.0,0,0,0,0,0,0.0,0,0,0,0,0,0.0,0,0,0,0.0,0,0,0,0.0,0,0,0.0,0,0.0,0.0,0,0.0,0,0,0.0,0.0,0,0
2007-09,0,0.0,0.0,0,0,0,0.0,0.0,0.0,0,0,0.0,0,0,0,0,0.0,0,0.0,0,0.0,0,0,0,0,0,0,0.0,0.0,0,0,0.0,0.0,0,0,0,0.0,0.0,0.0,0,0,0.0,0.0,0.0,0,0,0,0.0,0,0,0.0,0.0,0.0,0.0,0,0,0.0,0,0,0,0,0.0,0.0,0.0,0,0.0,0,0,0,0,0,0.0,0.0,0,0.0,0,0,0,0,0,0.0,0,0,0,0,0,0.0,0,0,0,0.0,0,0,0,0.0,0,0,0.0,0,0.0,0.0,0,0.0,0,0,0.0,0.0,0,0
2007-10,0,0.0,0.0,0,0,0,0.0,0.0,0.0,0,0,0.0,0,0,0,0,0.0,0,0.0,0,0.0,0,0,0,0,0,0,0.0,0.0,0,0,0.0,0.0,0,0,0,0.0,0.0,0.0,0,0,0.0,0.0,0.0,0,0,0,0.0,0,0,0.0,0.0,0.0,0.0,0,0,0.0,0,0,0,0,0.0,0.0,0.0,0,0.0,0,0,0,0,0,0.0,0.0,0,0.0,0,0,0,0,0,0.0,0,0,0,0,0,0.0,0,0,0,0.0,0,0,0,0.0,0,0,0.0,0,0.0,0.0,0,0.0,0,0,0.0,0.0,0,0
2007-11,0,0.0,0.0,0,0,0,0.0,0.0,0.0,0,0,0.0,0,0,0,0,0.0,0,0.0,0,0.0,0,0,0,0,0,0,0.0,0.0,0,0,0.0,0.0,0,0,0,0.0,0.0,0.0,0,0,0.0,0.0,0.0,0,0,0,0.0,0,0,0.0,0.0,0.0,0.0,0,0,0.0,0,0,0,0,0.0,0.0,0.0,0,0.0,0,0,0,0,0,0.0,0.0,0,0.0,0,0,0,0,0,0.0,0,0,0,0,0,0.0,0,0,0,0.0,0,0,0,0.0,0,0,0.0,0,0.0,0.0,0,0.0,0,0,0.0,0.0,0,0
2007-12,0,0.0,0.0,0,0,0,0.0,0.0,0.0,0,0,0.0,0,0,0,0,0.0,0,0.0,0,0.0,0,0,0,0,0,0,0.0,0.0,0,0,0.0,0.0,0,0,0,0.0,0.0,0.0,0,0,0.0,0.0,0.0,0,0,0,0.0,0,0,0.0,0.0,0.0,0.0,0,0,0.0,0,0,0,0,0.0,0.0,0.0,0,0.0,0,0,0,0,0,0.0,0.0,0,0.0,0,0,0,0,0,0.0,0,0,0,0,0,0.0,0,0,0,0.0,0,0,0,0.0,0,0,0.0,0,0.0,0.0,0,0.0,0,0,0.0,0.0,0,0
2008-01,0,0.0,0.0,0,0,0,0.0,0.0,0.0,0,0,0.0,0,0,0,0,0.0,0,0.0,0,0.0,0,0,0,0,0,0,0.0,0.0,0,0,0.0,0.0,0,0,0,0.0,0.0,0.0,0,0,0.0,0.0,0.0,0,0,0,0.0,0,0,0.0,0.0,0.0,0.0,0,0,0.0,0,0,0,0,0.0,0.0,0.0,0,0.0,0,0,0,0,0,0.0,0.0,0,0.0,0,0,0,0,0,0.0,0,0,0,0,0,0.0,0,0,0,0.0,0,0,0,0.0,0,0,0.0,0,0.0,0.0,0,0.0,0,0,0.0,0.0,0,0
2008-02,0,0.0,0.0,0,0,0,0.0,0.0,0.0,0,0,0.0,0,0,0,0,0.0,0,0.0,0,0.0,0,0,0,0,0,0,0.0,0.0,0,0,0.0,0.0,0,0,0,0.0,0.0,0.0,0,0,0.0,0.0,0.0,0,0,0,0.0,0,0,0.0,0.0,0.0,0.0,0,0,0.0,0,0,0,0,0.0,0.0,0.0,0,0.0,0,0,0,0,0,0.0,0.0,0,0.0,0,0,0,0,0,0.0,0,0,0,0,0,0.0,0,0,0,0.0,0,0,0,0.0,0,0,0.0,0,0.0,0.0,0,0.0,0,0,0.0,0.0,0,0
2008-03,0,0.0,0.0,0,0,0,0.0,0.0,0.0,0,0,0.0,0,0,0,0,0.0,0,0.0,0,0.0,0,0,0,0,0,0,0.0,0.0,0,0,0.0,0.0,0,0,0,0.0,0.0,0.0,0,0,0.0,0.0,0.0,0,0,0,0.0,0,0,0.0,0.0,0.0,0.0,0,0,0.0,0,0,0,0,0.0,0.0,0.0,0,0.0,0,0,0,0,0,0.0,0.0,0,0.0,0,0,0,0,0,0.0,0,0,0,0,0,0.0,0,0,0,0.0,0,0,0,0.0,0,0,0.0,0,0.0,0.0,0,0.0,0,0,0.0,0.0,0,0
2008-04,0,0.0,0.0,0,0,0,0.0,0.0,0.0,0,0,0.0,0,0,0,0,0.0,0,0.0,0,0.0,0,0,0,0,0,0,0.0,0.0,0,0,0.0,0.0,0,0,0,0.0,0.0,0.0,0,0,0.0,0.0,0.0,0,0,0,0.0,0,0,0.0,0.0,0.0,0.0,0,0,0.0,0,0,0,0,0.0,0.0,0.0,0,0.0,0,0,0,0,0,0.0,0.0,0,0.0,0,0,0,0,0,0.0,0,0,0,0,0,0.0,0,0,0,0.0,0,0,0,0.0,0,0,0.0,0,0.0,0.0,0,0.0,0,0,0.0,0.0,0,0
2008-05,0,0.0,0.0,0,0,0,0.0,0.0,0.0,0,0,0.0,0,0,0,0,0.0,0,0.0,0,0.0,0,0,0,0,0,0,0.0,0.0,0,0,0.0,0.0,0,0,0,0.0,0.0,0.0,0,0,0.0,0.0,0.0,0,0,0,0.0,0,0,0.0,0.0,0.0,0.0,0,0,0.0,0,0,0,0,0.0,0.0,0.0,0,0.0,0,0,0,0,0,0.0,0.0,0,0.0,0,0,0,0,0,0.0,0,0,0,0,0,0.0,0,0,0,0.0,0,0,0,0.0,0,0,0.0,0,0.0,0.0,0,0.0,0,0,0.0,0.0,0,0
2008-06,0,0.0,0.0,0,0,0,0.0,0.0,0.0,0,0,0.0,0,0,0,0,0.0,0,0.0,0,0.0,0,0,0,0,0,0,0.0,0.0,0,0,0.0,0.0,0,0,0,0.0,0.0,0.0,0,0,0.0,0.0,0.0,0,0,0,0.0,0,0,0.0,0.0,0.0,0.0,0,0,0.0,0,0,0,0,0.0,0.0,0.0,0,0.0,0,0,0,0,0,0.0,0.0,0,0.0,0,0,0,0,0,0.0,0,0,0,0,0,0.0,0,0,0,0.0,0,0,0,0.0,0,0,0.0,0,0.0,0.0,0,0.0,0,0,0.0,0.0,0,0
2008-07,0,0.0,0.0,0,0,0,0.0,0.0,0.0,0,0,0.0,0,0,0,0,0.0,0,0.0,0,0.0,0,0,0,0,0,0,0.0,0.0,0,0,0.0,0.0,0,0,0,0.0,0.0,0.0,0,0,0.0,0.0,0.0,0,0,0,0.0,0,0,0.0,0.0,0.0,0.0,0,0,0.0,0,0,0,0,0.0,0.0,0.0,0,0.0,0,0,0,0,0,0.0,0.0,0,0.0,0,0,0,0,0,0.0,0,0,0,0,0,0.0,0,0,0,0.0,0,0,0,0.0,0,0,0.0,0,0.0,0.0,0,0.0,0,0,0.0,0.0,0,0
2008-08,0,0.0,0.0,0,0,0,0.0,0.0,0.0,0,0,0.0,0,0,0,0,0.0,0,0.0,0,0.0,0,0,0,0,0,0,0.0,0.0,0,0,0.0,0.0,0,0,0,0.0,0.0,0.0,0,0,0.0,0.0,0.0,0,0,0,0.0,0,0,0.0,0.0,0.0,0.0,0,0,0.0,0,0,0,0,0.0,0.0,0.0,0,0.0,0,0,0,0,0,0.0,0.0,0,0.0,0,0,0,0,0,0.0,0,0,0,0,0,0.0,0,0,0,0.0,0,0,0,0.0,0,0,0.0,0,0.0,0.0,0,0.0,0,0,0.0,0.0,0,0
2008-09,0,0.0,0.0,0,0,0,0.0,0.0,0.0,0,0,0.0,0,0,0,0,0.0,0,0.0,0,0.0,0,0,0,0,0,0,0.0,0.0,0,0,0.0,0.0,0,0,0,0.0,0.0,0.0,0,0,0.0,0.0,0.0,0,0,0,0.0,0,0,0.0,0.0,0.0,0.0,0,0,0.0,0,0,0,0,0.0,0.0,0.0,0,0.0,0,0,0,0,0,0.0,0.0,0,0.0,0,0,0,0,0,0.0,0,0,0,0,0,0.0,0,0,0,0.0,0,0,0,0.0,0,0,0.0,0,0.0,0.0,0,0.0,0,0,0.0,0.0,0,0
2008-10,0,0.0,0.0,0,0,0,0.0,0.0,0.0,0,0,0.0,0,0,0,0,0.0,0,0.0,0,0.0,0,0,0,0,0,0,0.0,0.0,0,0,0.0,0.0,0,0,0,0.0,0.0,0.0,0,0,0.0,0.0,0.0,0,0,0,0.0,0,0,0.0,0.0,0.0,0.0,0,0,0.0,0,0,0,0,0.0,0.0,0.0,0,0.0,0,0,0,0,0,0.0,0.0,0,0.0,0,0,0,0,0,0.0,0,0,0,0,0,0.0,0,0,0,0.0,0,0,0,0.0,0,0,0.0,0,0.0,0.0,0,0.0,0,0,0.0,0.0,0,0
2008-11,0,0.0,0.0,0,0,0,0.0,0.0,0.0,0,0,0.0,0,0,0,0,0.0,0,0.0,0,0.0,0,0,0,0,0,0,0.0,0.0,0,0,0.0,0.0,0,0,0,0.0,0.0,0.0,0,0,0.0,0.0,0.0,0,0,0,0.0,0,0,0.0,0.0,0.0,0.0,0,0,0.0,0,0,0,0,0.0,0.0,0.0,0,0.0,0,0,0,0,0,0.0,0.0,0,0.0,0,0,0,0,0,0.0,0,0,0,0,0,0.0,0,0,0,0.0,0,0,0,0.0,0,0,0.0,0,0.0,0.0,0,0.0,0,0,0.0,0.0,0,0
2008-12,0,0.0,0.0,0,0,0,0.0,0.0,0.0,0,0,0.0,0,0,0,0,0.0,0,0.0,0,0.0,0,0,0,0,0,0,0.0,0.0,0,0,0.0,0.0,0,0,0,0.0,0.0,0.0,0,0,0.0,0.0,0.0,0,0,0,0.0,0,0,0.0,0.0,0.0,0.0,0,0,0.0,0,0,0,0,0.0,0.0,0.0,0,0.0,0,0,0,0,0,0.0,0.0,0,0.0,0,0,0,0,0,0.0,0,0,0,0,0,0.0,0,0,0,0.0,0,0,0,0.0,0,0,0.0,0,0.0,0.0,0,0.0,0,0,0.0,0.0,0,0
2009-01,0,0.0,0.0,0,0,0,0.0,0.0,0.0,0,0,0.0,0,0,0,0,0.0,0,0.0,0,0.0,0,0,0,0,0,0,0.0,0.0,0,0,0.0,0.0,0,0,0,0.0,0.0,0.0,0,0,0.0,0.0,0.0,0,0,0,0.0,0,0,0.0,0.0,0.0,0.0,0,0,0.0,0,0,0,0,0.0,0.0,0.0,0,0.0,0,0,0,0,0,0.0,0.0,0,0.0,0,0,0,0,0,0.0,0,0,0,0,0,0.0,0,0,0,0.0,0,0,0,0.0,0,0,0.0,0,0.0,0.0,0,0.0,0,0,0.0,0.0,0,0
2009-02,0,0.0,0.0,0,0,0,0.0,0.0,0.0,0,0,0.0,0,0,0,0,0.0,0,0.0,0,0.0,0,0,0,0,0,0,0.0,0.0,0,0,0.0,0.0,0,0,0,0.0,0.0,0.0,0,0,0.0,0.0,0.0,0,0,0,0.0,0,0,0.0,0.0,0.0,0.0,0,0,0.0,0,0,0,0,0.0,0.0,0.0,0,0.0,0,0,0,0,0,0.0,0.0,0,0.0,0,0,0,0,0,0.0,0,0,0,0,0,0.0,0,0,0,0.0,0,0,0,0.0,0,0,0.0,0,0.0,0.0,0,0.0,0,0,0.0,0.0,0,0
2009-03,0,0.0,0.0,0,0,0,0.0,0.0,0.0,0,0,0.0,0,0,0,0,0.0,0,0.0,0,0.0,0,0,0,0,0,0,0.0,0.0,0,0,0.0,0.0,0,0,0,0.0,0.0,0.0,0,0,0.0,0.0,0.0,0,0,0,0.0,0,0,0.0,0.0,0.0,0.0,0,0,0.0,0,0,0,0,0.0,0.0,0.0,0,0.0,0,0,0,0,0,0.0,0.0,0,0.0,0,0,0,0,0,0.0,0,0,0,0,0,0.0,0,0,0,0.0,0,0,0,0.0,0,0,0.0,0,0.0,0.0,0,0.0,0,0,0.0,0.0,0,0
2009-04,0,0.0,0.0,0,0,0,0.0,0.0,0.0,0,0,0.0,0,0,0,0,0.0,0,0.0,0,0.0,0,0,0,0,0,0,0.0,0.0,0,0,0.0,0.0,0,0,0,0.0,0.0,0.0,0,0,0.0,0.0,0.0,0,0,0,0.0,0,0,0.0,0.0,0.0,0.0,0,0,0.0,0,0,0,0,0.0,0.0,0.0,0,0.0,0,0,0,0,0,0.0,0.0,0,0.0,0,0,0,0,0,0.0,0,0,0,0,0,0.0,0,0,0,0.0,0,0,0,0.0,0,0,0.0,0,0.0,0.0,0,0.0,0,0,0.0,0.0,0,0
2009-05,0,0.0,0.0,0,0,0,0.0,0.0,0.0,0,0,0.0,0,0,0,0,0.0,0,0.0,0,0.0,0,0,0,0,0,0,0.0,0.0,0,0,0.0,0.0,0,0,0,0.0,0.0,0.0,0,0,0.0,0.0,0.0,0,0,0,0.0,0,0,0.0,0.0,0.0,0.0,0,0,0.0,0,0,0,0,0.0,0.0,0.0,0,0.0,0,0,0,0,0,0.0,0.0,0,0.0,0,0,0,0,0,0.0,0,0,0,0,0,0.0,0,0,0,0.0,0,0,0,0.0,0,0,0.0,0,0.0,0.0,0,0.0,0,0,0.0,0.0,0,0
2009-06,0,0.0,0.0,0,0,0,0.0,0.0,0.0,0,0,0.0,0,0,0,0,0.0,0,0.0,0,0.0,0,0,0,0,0,0,0.0,0.0,0,0,0.0,0.0,0,0,0,0.0,0.0,0.0,0,0,0.0,0.0,0.0,0,0,0,0.0,0,0,0.0,0.0,0.0,0.0,0,0,0.0,0,0,0,0,0.0,0.0,0.0,0,0.0,0,0,0,0,0,0.0,0.0,0,0.0,0,0,0,0,0,0.0,0,0,0,0,0,0.0,0,0,0,0.0,0,0,0,0.0,0,0,0.0,0,0.0,0.0,0,0.0,0,0,0.0,0.0,0,0
2009-07,0,0.0,0.0,0,0,0,0.0,0.0,0.0,0,0,0.0,0,0,0,0,0.0,0,0.0,0,0.0,0,0,0,0,0,0,0.0,0.0,0,0,0.0,0.0,0,0,0,0.0,0.0,0.0,0,0,0.0,0.0,0.0,0,0,0,0.0,0,0,0.0,0.0,0.0,0.0,0,0,0.0,0,0,0,0,0.0,0.0,0.0,0,0.0,0,0,0,0,0,0.0,0.0,0,0.0,0,0,0,0,0,0.0,0,0,0,0,0,0.0,0,0,0,0.0,0,0,0,0.0,0,0,0.0,0,0.0,0.0,0,0.0,0,0,0.0,0.0,0,0
2009-08,0,0.0,0.0,0,0,0,0.0,0.0,0.0,0,0,0.0,0,0,0,0,0.0,0,0.0,0,0.0,0,0,0,0,0,0,0.0,0.0,0,0,0.0,0.0,0,0,0,0.0,0.0,0.0,0,0,0.0,0.0,0.0,0,0,0,0.0,0,0,0.0,0.0,0.0,0.0,0,0,0.0,0,0,0,0,0.0,0.0,0.0,0,0.0,0,0,0,0,0,0.0,0.0,0,0.0,0,0,0,0,0,0.0,0,0,0,0,0,0.0,0,0,0,0.0,0,0,0,0.0,0,0,0.0,0,0.0,0.0,0,0.0,0,0,0.0,0.0,0,0
2009-09,0,0.0,0.0,0,0,0,0.0,0.0,0.0,0,0,0.0,0,0,0,0,0.0,0,0.0,0,0.0,0,0,0,0,0,0,0.0,0.0,0,0,0.0,0.0,0,0,0,0.0,0.0,0.0,0,0,0.0,0.0,0.0,0,0,0,0.0,0,0,0.0,0.0,0.0,0.0,0,0,0.0,0,0,0,0,0.0,0.0,0.0,0,0.0,0,0,0,0,0,0.0,0.0,0,0.0,0,0,0,0,0,0.0,0,0,0,0,0,0.0,0,0,0,0.0,0,0,0,0.0,0,0,0.0,0,0.0,0.0,0,0.0,0,0,0.0,0.0,0,0
2009-10,0,0.0,0.0,0,0,0,0.0,0.0,0.0,0,0,0.0,0,0,0,0,0.0,0,0.0,0,0.0,0,0,0,0,0,0,0.0,0.0,0,0,0.0,0.0,0,0,0,0.0,0.0,0.0,0,0,0.0,0.0,0.0,0,0,0,0.0,0,0,0.0,0.0,0.0,0.0,0,0,0.0,0,0,0,0,0.0,0.0,0.0,0,0.0,0,0,0,0,0,0.0,0.0,0,0.0,0,0,0,0,0,0.0,0,0,0,0,0,0.0,0,0,0,0.0,0,0,0,0.0,0,0,0.0,0,0.0,0.0,0,0.0,0,0,0.0,0.0,0,0
2009-11,0,0.0,0.0,0,0,0,0.0,0.0,0.0,0,0,0.0,0,0,0,0,0.0,0,0.0,0,0.0,0,0,0,0,0,0,0.0,0.0,0,0,0.0,0.0,0,0,0,0.0,0.0,0.0,0,0,0.0,0.0,0.0,0,0,0,0.0,0,0,0.0,0.0,0.0,0.0,0,0,0.0,0,0,0,0,0.0,0.0,0.0,0,0.0,0,0,0,0,0,0.0,0.0,0,0.0,0,0,0,0,0,0.0,0,0,0,0,0,0.0,0,0,0,0.0,0,0,0,0.0,0,0,0.0,0,0.0,0.0,0,0.0,0,0,0.0,0.0,0,0
2009-12,0,0.0,0.0,0,0,0,0.0,0.0,0.0,0,0,0.0,0,0,0,0,0.0,0,0.0,0,0.0,0,0,0,0,0,0,0.0,0.0,0,0,0.0,0.0,0,0,0,0.0,0.0,0.0,0,0,0.0,0.0,0.0,0,0,0,0.0,0,0,0.0,0.0,0.0,0.0,0,0,0.0,0,0,0,0,0.0,0.0,0.0,0,0.0,0,0,0,0,0,0.0,0.0,0,0.0,0,0,0,0,0,0.0,0,0,0,0,0,0.0,0,0,0,0.0,0,0,0,0.0,0,0,0.0,0,0.0,0.0,0,0.0,0,0,0.0,0.0,0,0
2010-01,0,0.0,0.0,0,0,0,0.0,0.0,0.0,0,0,0.0,0,0,0,0,0.0,0,0.0,0,0.0,0,0,0,0,0,0,0.0,0.0,0,0,0.0,0.0,0,0,0,0.0,0.0,0.0,0,0,0.0,0.0,0.0,0,0,0,0.0,0,0,0.0,0.0,0.0,0.0,0,0,0.0,0,0,0,0,0.0,0.0,0.0,0,0.0,0,0,0,0,0,0.0,0.0,0,0.0,0,0,0,0,0,0.0,0,0,0,0,0,0.0,0,0,0,0.0,0,0,0,0.0,0,0,0.0,0,0.0,0.0,0,0.0,0,0,0.0,0.0,0,0
2010-02,0,0.0,0.0,0,0,0,0.0,0.0,0.0,0,0,0.0,0,0,0,0,0.0,0,0.0,0,0.0,0,0,0,0,0,0,0.0,0.0,0,0,0.0,0.0,0,0,0,0.0,0.0,0.0,0,0,0.0,0.0,0.0,0,0,0,0.0,0,0,0.0,0.0,0.0,0.0,0,0,0.0,0,0,0,0,0.0,0.0,0.0,0,0.0,0,0,0,0,0,0.0,0.0,0,0.0,0,0,0,0,0,0.0,0,0,0,0,0,0.0,0,0,0,0.0,0,0,0,0.0,0,0,0.0,0,0.0,0.0,0,0.0,0,0,0.0,0.0,0,0
2010-03,0,0.0,0.0,0,0,0,0.0,0.0,0.0,0,0,0.0,0,0,0,0,0.0,0,0.0,0,0.0,0,0,0,0,0,0,0.0,0.0,0,0,0.0,0.0,0,0,0,0.0,0.0,0.0,0,0,0.0,0.0,0.0,0,0,0,0.0,0,0,0.0,0.0,0.0,0.0,0,0,0.0,0,0,0,0,0.0,0.0,0.0,0,0.0,0,0,0,0,0,0.0,0.0,0,0.0,0,0,0,0,0,0.0,0,0,0,0,0,0.0,0,0,0,0.0,0,0,0,0.0,0,0,0.0,0,0.0,0.0,0,0.0,0,0,0.0,0.0,0,0
2010-04,0,0.0,0.0,0,0,0,0.0,0.0,0.0,0,0,0.0,0,0,0,0,0.0,0,0.0,0,0.0,0,0,0,0,0,0,0.0,0.0,0,0,0.0,0.0,0,0,0,0.0,0.0,0.0,0,0,0.0,0.0,0.0,0,0,0,0.0,0,0,0.0,0.0,0.0,0.0,0,0,0.0,0,0,0,0,0.0,0.0,0.0,0,0.0,0,0,0,0,0,0.0,0.0,0,0.0,0,0,0,0,0,0.0,0,0,0,0,0,0.0,0,0,0,0.0,0,0,0,0.0,0,0,0.0,0,0.0,0.0,0,0.0,0,0,0.0,0.0,0,0
2010-05,0,0.0,0.0,0,0,0,0.0,0.0,0.0,0,0,0.0,0,0,0,0,0.0,0,0.0,0,0.0,0,0,0,0,0,0,0.0,0.0,0,0,0.0,0.0,0,0,0,0.0,0.0,0.0,0,0,0.0,0.0,0.0,0,0,0,0.0,0,0,0.0,0.0,0.0,0.0,0,0,0.0,0,0,0,0,0.0,0.0,0.0,0,0.0,0,0,0,0,0,0.0,0.0,0,0.0,0,0,0,0,0,0.0,0,0,0,0,0,0.0,0,0,0,0.0,0,0,0,0.0,0,0,0.0,0,0.0,0.0,0,0.0,0,0,0.0,0.0,0,0
2010-06,0,0.0,0.0,0,0,0,0.0,0.0,0.0,0,0,0.0,0,0,0,0,0.0,0,0.0,0,0.0,0,0,0,0,0,0,0.0,0.0,0,0,0.0,0.0,0,0,0,0.0,0.0,0.0,0,0,0.0,0.0,0.0,0,0,0,0.0,0,0,0.0,0.0,0.0,0.0,0,0,0.0,0,0,0,0,0.0,0.0,0.0,0,0.0,0,0,0,0,0,0.0,0.0,0,0.0,0,0,0,0,0,0.0,0,0,0,0,0,0.0,0,0,0,0.0,0,0,0,0.0,0,0,0.0,0,0.0,0.0,0,0.0,0,0,0.0,0.0,0,0
2010-07,0,0.0,0.0,0,0,0,0.0,0.0,0.0,0,0,0.0,0,0,0,0,0.0,0,0.0,0,0.0,0,0,0,0,0,0,0.0,0.0,0,0,0.0,0.0,0,0,0,0.0,0.0,0.0,0,0,0.0,0.0,0.0,0,0,0,0.0,0,0,0.0,0.0,0.0,0.0,0,0,0.0,0,0,0,0,0.0,0.0,0.0,0,0.0,0,0,0,0,0,0.0,0.0,0,0.0,0,0,0,0,0,0.0,0,0,0,0,0,0.0,0,0,0,0.0,0,0,0,0.0,0,0,0.0,0,0.0,0.0,0,0.0,0,0,0.0,0.0,0,0
2010-08,0,0.0,0.0,0,0,0,0.0,0.0,0.0,0,0,0.0,0,0,0,0,0.0,0,0.0,0,0.0,0,0,0,0,0,0,0.0,0.0,0,0,0.0,0.0,0,0,0,0.0,0.0,0.0,0,0,0.0,0.0,0.0,0,0,0,0.0,0,0,0.0,0.0,0.0,0.0,0,0,0.0,0,0,0,0,0.0,0.0,0.0,0,0.0,0,0,0,0,0,0.0,0.0,0,0.0,0,0,0,0,0,0.0,0,0,0,0,0,0.0,0,0,0,0.0,0,0,0,0.0,0,0,0.0,0,0.0,0.0,0,0.0,0,0,0.0,0.0,0,0
2010-09,0,0.0,0.0,0,0,0,0.0,0.0,0.0,0,0,0.0,0,0,0,0,0.0,0,0.0,0,0.0,0,0,0,0,0,0,0.0,0.0,0,0,0.0,0.0,0,0,0,0.0,0.0,0.0,0,0,0.0,0.0,0.0,0,0,0,0.0,0,0,0.0,0.0,0.0,0.0,0,0,0.0,0,0,0,0,0.0,0.0,0.0,0,0.0,0,0,0,0,0,0.0,0.0,0,0.0,0,0,0,0,0,0.0,0,0,0,0,0,0.0,0,0,0,0.0,0,0,0,0.0,0,0,0.0,0,0.0,0.0,0,0.0,0,0,0.0,0.0,0,0
2010-10,0,0.0,0.0,0,0,0,0.0,0.0,0.0,0,0,0.0,0,0,0,0,0.0,0,0.0,0,0.0,0,0,0,0,0,0,0.0,0.0,0,0,0.0,0.0,0,0,0,0.0,0.0,0.0,0,0,0.0,0.0,0.0,0,0,0,0.0,0,0,0.0,0.0,0.0,0.0,0,0,0.0,0,0,0,0,0.0,0.0,0.0,0,0.0,0,0,0,0,0,0.0,0.0,0,0.0,0,0,0,0,0,0.0,0,0,0,0,0,0.0,0,0,0,0.0,0,0,0,0.0,0,0,0.0,0,0.0,0.0,0,0.0,0,0,0.0,0.0,0,0
2010-11,0,0.0,0.0,0,0,0,0.0,0.0,0.0,0,0,0.0,0,0,0,0,0.0,0,0.0,0,0.0,0,0,0,0,0,0,0.0,0.0,0,0,0.0,0.0,0,0,0,0.0,0.0,0.0,0,0,0.0,0.0,0.0,0,0,0,0.0,0,0,0.0,0.0,0.0,0.0,0,0,0.0,0,0,0,0,0.0,0.0,0.0,0,0.0,0,0,0,0,0,0.0,0.0,0,0.0,0,0,0,0,0,0.0,0,0,0,0,0,0.0,0,0,0,0.0,0,0,0,0.0,0,0,0.0,0,0.0,0.0,0,0.0,0,0,0.0,0.0,0,0
2010-12,0,0.0,0.0,0,0,0,0.0,0.0,0.0,0,0,0.0,0,0,0,0,0.0,0,0.0,0,0.0,0,0,0,0,0,0,0.0,0.0,0,0,0.0,0.0,0,0,0,0.0,0.0,0.0,0,0,0.0,0.0,0.0,0,0,0,0.0,0,0,0.0,0.0,0.0,0.0,0,0,0.0,0,0,0,0,0.0,0.0,0.0,0,0.0,0,0,0,0,0,0.0,0.0,0,0.0,0,0,0,0,0,0.0,0,0,0,0,0,0.0,0,0,0,0.0,0,0,0,0.0,0,0,0.0,0,0.0,0.0,0,0.0,0,0,0.0,0.0,0,0
2011-01,0,0.0,0.0,0,0,0,0.0,0.0,0.0,0,0,0.0,0,0,0,0,0.0,0,0.0,0,0.0,0,0,0,0,0,0,0.0,0.0,0,0,0.0,0.0,0,0,0,0.0,0.0,0.0,0,0,0.0,0.0,0.0,0,0,0,0.0,0,0,0.0,0.0,0.0,0.0,0,0,0.0,0,0,0,0,0.0,0.0,0.0,0,0.0,0,0,0,0,0,0.0,0.0,0,0.0,0,0,0,0,0,0.0,0,0,0,0,0,0.0,0,0,0,0.0,0,0,0,0.0,0,0,0.0,0,0.0,0.0,0,0.0,0,0,0.0,0.0,0,0
2011-02,0,0.0,0.0,0,0,0,0.0,0.0,0.0,0,0,0.0,0,0,0,0,0.0,0,0.0,0,0.0,0,0,0,0,0,0,0.0,0.0,0,0,0.0,0.0,0,0,0,0.0,0.0,0.0,0,100,0.0,0.0,0.0,0,0,0,0.0,0,0,0.0,0.0,0.0,0.0,0,0,0.0,0,0,0,0,0.0,0.0,0.0,0,0.0,0,0,0,0,100,0.0,0.0,0,0.0,0,0,0,0,0,0.0,0,0,0,0,0,0.0,0,0,0,0.0,0,0,0,0.0,0,0,0.0,0,0.0,0.0,0,0.0,0,0,0.0,0.0,0,0
2011-03,0,0.0,0.0,0,0,0,0.0,0.0,0.0,0,0,0.0,0,0,0,0,0.0,0,0.0,0,0.0,0,0,0,0,0,0,0.0,0.0,0,0,0.0,0.0,0,0,0,0.0,0.0,0.0,0,0,0.0,0.0,0.0,0,0,0,0.0,0,0,0.0,0.0,0.0,0.0,0,0,0.0,0,0,0,0,0.0,0.0,0.0,0,0.0,0,0,0,0,0,0.0,0.0,0,0.0,0,0,0,0,0,0.0,0,0,0,0,0,0.0,0,0,0,0.0,0,0,0,0.0,0,0,0.0,0,0.0,0.0,0,0.0,0,0,0.0,0.0,0,0
2011-04,0,0.0,0.0,0,0,0,0.0,0.0,0.0,0,0,0.0,0,0,0,0,0.0,0,0.0,0,0.0,0,0,0,0,0,0,0.0,0.0,0,0,0.0,0.0,0,0,0,0.0,0.0,0.0,0,0,0.0,0.0,0.0,0,0,0,0.0,0,0,0.0,0.0,0.0,0.0,0,0,0.0,0,0,0,0,0.0,0.0,0.0,0,0.0,0,0,0,0,0,0.0,0.0,0,0.0,0,0,0,0,0,0.0,0,0,0,0,0,0.0,0,0,0,0.0,0,0,0,0.0,0,0,0.0,0,0.0,0.0,0,0.0,0,0,0.0,0.0,0,0
2011-05,0,0.0,0.0,0,0,0,0.0,0.0,0.0,0,0,0.0,0,0,0,0,0.0,0,0.0,0,0.0,0,0,0,0,0,0,0.0,0.0,0,0,0.0,0.0,0,0,0,0.0,0.0,0.0,0,0,0.0,0.0,0.0,0,0,0,0.0,0,0,0.0,0.0,0.0,0.0,0,0,0.0,0,0,0,0,0.0,0.0,0.0,0,0.0,0,0,0,0,0,0.0,0.0,0,0.0,0,0,100,0,0,0.0,100,0,0,0,0,0.0,0,0,0,0.0,0,0,0,0.0,0,0,0.0,0,0.0,0.0,0,0.0,0,0,0.0,0.0,0,0
2011-06,0,0.0,0.0,0,0,0,0.0,0.0,0.0,0,0,0.0,0,0,0,0,0.0,0,0.0,0,0.0,0,0,0,0,0,0,0.0,0.0,0,0,0.0,0.0,0,0,0,0.0,0.0,0.0,0,0,0.0,0.0,0.0,0,0,0,0.0,0,0,0.0,0.0,0.0,0.0,0,0,0.0,0,0,0,0,0.0,0.0,0.0,0,0.0,0,0,0,0,0,0.0,0.0,0,0.0,0,0,78,0,0,0.0,78,0,0,0,0,0.0,0,0,0,0.0,0,0,0,0.0,0,0,0.0,0,0.0,0.0,0,0.0,0,0,0.0,0.0,0,0
2011-07,0,0.0,0.0,0,0,0,0.0,0.0,0.0,0,0,0.0,0,0,0,0,0.0,0,0.0,0,0.0,0,0,0,0,0,0,0.0,0.0,0,0,0.0,0.0,0,0,0,0.0,0.0,0.0,0,0,0.0,0.0,0.0,0,0,0,0.0,0,0,0.0,0.0,0.0,0.0,0,0,0.0,0,0,0,0,0.0,0.0,0.0,0,0.0,0,0,0,0,0,0.0,0.0,0,0.0,0,0,0,0,0,0.0,0,0,0,0,0,0.0,0,0,0,0.0,0,0,0,0.0,0,0,0.0,0,0.0,0.0,0,0.0,0,0,0.0,0.0,0,0
2011-08,0,0.0,0.0,0,0,0,0.0,0.0,0.0,0,0,0.0,0,0,0,0,0.0,0,0.0,0,0.0,0,0,0,0,0,0,0.0,0.0,0,0,0.0,0.0,0,0,0,0.0,0.0,0.0,0,0,0.0,0.0,0.0,0,0,0,0.0,0,0,0.0,0.0,0.0,0.0,0,0,0.0,0,0,0,100,0.0,0.0,0.0,0,0.0,0,0,0,0,0,0.0,0.0,0,0.0,0,0,0,0,0,0.0,0,0,0,0,0,0.0,0,0,0,0.0,0,0,0,0.0,0,0,0.0,0,0.0,0.0,0,0.0,0,0,0.0,0.0,0,0
2011-09,0,0.0,0.0,0,0,0,0.0,0.0,0.0,0,0,0.0,0,0,0,0,0.0,0,0.0,0,0.0,0,0,0,0,0,0,0.0,0.0,0,0,0.0,0.0,0,0,0,0.0,0.0,0.0,0,0,0.0,0.0,0.0,0,0,0,0.0,0,0,0.0,0.0,0.0,0.0,0,0,0.0,0,0,0,0,0.0,0.0,0.0,0,0.0,0,0,0,0,0,0.0,0.0,0,0.0,0,0,0,0,0,0.0,0,0,0,0,0,0.0,0,0,0,0.0,0,0,0,0.0,0,0,0.0,0,0.0,0.0,0,0.0,0,0,0.0,0.0,0,0
2011-10,0,0.0,0.0,0,0,0,0.0,0.0,0.0,0,0,0.0,0,0,0,0,0.0,0,0.0,0,0.0,0,0,0,0,0,0,0.0,0.0,0,0,0.0,0.0,0,0,0,0.0,0.0,0.0,0,0,0.0,0.0,0.0,0,0,0,0.0,0,0,0.0,0.0,0.0,0.0,0,0,0.0,0,0,0,0,0.0,0.0,0.0,0,0.0,0,0,0,0,0,0.0,0.0,0,0.0,0,0,0,0,0,0.0,0,0,0,0,0,0.0,0,0,0,0.0,0,0,0,0.0,0,0,0.0,0,0.0,0.0,0,0.0,0,0,0.0,0.0,0,0
2011-11,0,0.0,0.0,0,0,0,0.0,0.0,0.0,0,0,0.0,0,0,0,0,0.0,0,0.0,0,0.0,0,0,0,0,0,0,0.0,0.0,0,0,0.0,0.0,0,0,0,0.0,0.0,0.0,0,0,0.0,0.0,0.0,0,0,0,0.0,0,0,0.0,0.0,0.0,0.0,0,0,0.0,0,0,0,0,0.0,0.0,0.0,0,0.0,0,0,0,0,0,0.0,0.0,0,0.0,0,0,0,0,0,0.0,0,0,0,0,0,0.0,0,0,0,0.0,0,0,0,0.0,0,0,0.0,0,0.0,0.0,0,0.0,0,0,0.0,0.0,0,0
2011-12,0,0.0,0.0,0,0,0,0.0,0.0,0.0,0,0,0.0,0,0,0,0,0.0,0,0.0,0,0.0,0,0,0,0,0,0,0.0,0.0,0,0,0.0,0.0,0,0,0,0.0,0.0,0.0,0,0,0.0,0.0,0.0,0,0,0,0.0,0,0,0.0,0.0,0.0,0.0,0,0,0.0,0,0,0,0,0.0,0.0,0.0,0,0.0,0,0,0,0,0,0.0,0.0,0,0.0,0,0,0,0,0,0.0,0,0,0,0,0,0.0,0,0,0,0.0,0,0,0,0.0,0,0,0.0,0,0.0,0.0,0,0.0,0,0,0.0,0.0,0,0
2012-01,0,0.0,0.0,0,0,0,0.0,0.0,0.0,0,0,0.0,0,0,0,0,0.0,0,0.0,0,0.0,0,0,0,0,0,0,0.0,0.0,0,0,0.0,0.0,0,0,0,0.0,0.0,0.0,0,0,0.0,0.0,0.0,0,0,0,0.0,0,0,0.0,0.0,0.0,0.0,0,0,0.0,0,0,0,0,0.0,0.0,0.0,0,0.0,0,0,0,0,0,0.0,0.0,0,0.0,0,0,0,0,0,0.0,0,0,0,0,0,0.0,0,0,0,0.0,0,0,0,0.0,0,0,0.0,0,100.0,0.0,0,0.0,0,0,0.0,0.0,0,0
2012-02,0,0.0,0.0,0,0,0,0.0,0.0,0.0,0,0,0.0,0,0,0,0,0.0,0,0.0,0,0.0,0,0,0,0,0,0,0.0,0.0,0,0,0.0,0.0,0,0,0,0.0,0.0,0.0,0,0,0.0,0.0,0.0,0,0,0,0.0,0,0,0.0,0.0,0.0,0.0,0,100,0.0,0,0,0,0,0.0,0.0,0.0,0,0.0,0,0,0,0,0,0.0,0.0,0,0.0,0,0,0,0,0,0.0,0,0,0,0,0,0.0,0,0,0,0.0,0,0,0,0.0,0,0,0.0,0,0.0,0.0,0,0.0,0,0,0.0,0.0,0,0
2012-03,0,0.0,0.0,0,0,0,100.0,0.0,0.0,0,0,0.0,0,0,0,0,0.0,0,0.0,0,0.0,0,0,0,0,0,0,0.0,0.0,0,0,0.0,0.0,0,0,0,0.0,0.0,0.0,0,0,0.0,0.0,0.0,0,0,0,0.0,0,0,0.0,0.0,0.0,0.0,0,0,0.0,0,0,0,0,0.0,0.0,0.0,0,0.0,0,0,0,0,0,0.0,0.0,0,0.0,0,0,0,0,0,0.0,0,0,0,0,0,0.0,0,0,0,0.0,0,0,0,0.0,0,0,0.0,0,0.0,0.0,0,0.0,0,0,0.0,0.0,0,0
2012-04,0,0.0,0.0,0,0,0,0.0,0.0,0.0,0,0,0.0,0,0,0,0,0.0,0,0.0,0,0.0,0,0,0,0,0,0,0.0,0.0,0,0,0.0,0.0,0,0,0,0.0,0.0,0.0,0,0,0.0,0.0,0.0,0,0,0,0.0,0,0,0.0,0.0,0.0,0.0,0,0,0.0,0,0,0,0,0.0,0.0,0.0,0,0.0,0,0,0,0,0,0.0,0.0,0,0.0,0,0,0,0,0,0.0,0,0,0,0,0,0.0,0,0,0,0.0,0,0,0,0.0,0,0,0.0,0,0.0,0.0,0,0.0,0,0,0.0,0.0,0,0
2012-05,0,0.0,0.0,0,0,0,0.0,0.0,0.0,0,0,0.0,0,0,0,0,0.0,0,0.0,0,0.0,0,0,0,0,0,0,0.0,0.0,0,0,0.0,0.0,0,0,0,0.0,0.0,0.0,0,0,0.0,0.0,0.0,0,0,0,0.0,0,0,0.0,0.0,0.0,0.0,0,0,0.0,0,0,0,0,0.0,0.0,0.0,0,0.0,0,0,0,0,0,0.0,0.0,0,0.0,0,0,0,0,0,0.0,0,0,0,0,0,0.0,0,0,0,0.0,0,0,0,0.0,0,0,0.0,0,0.0,0.0,0,0.0,0,0,0.0,0.0,0,0
2012-06,0,0.0,0.0,0,0,0,0.0,0.0,0.0,0,0,0.0,0,0,0,0,0.0,0,0.0,0,0.0,0,0,0,0,0,0,0.0,0.0,0,0,0.0,0.0,0,0,0,0.0,0.0,0.0,0,0,0.0,0.0,0.0,0,0,0,0.0,0,0,0.0,0.0,0.0,0.0,0,0,0.0,0,0,0,0,0.0,0.0,0.0,0,0.0,0,0,0,0,0,0.0,0.0,0,0.0,0,0,0,0,0,0.0,0,0,0,0,0,0.0,0,0,0,0.0,0,0,0,0.0,0,0,0.0,0,0.0,0.0,0,0.0,0,0,0.0,0.0,0,0
2012-07,0,0.0,0.0,0,0,0,0.0,0.0,0.0,0,0,0.0,0,0,0,0,0.0,0,0.0,0,0.0,0,0,0,0,0,0,0.0,0.0,0,0,0.0,0.0,0,0,0,0.0,0.0,0.0,0,0,0.0,0.0,0.0,0,0,0,0.0,0,0,0.0,0.0,0.0,0.0,0,0,0.0,0,0,0,0,0.0,0.0,0.0,0,0.0,0,0,0,0,0,0.0,0.0,0,0.0,0,0,0,0,0,0.0,0,0,0,0,0,0.0,0,0,0,0.0,0,0,0,0.0,0,0,0.0,0,0.0,0.0,0,0.0,0,0,0.0,0.0,0,0
2012-08,0,0.0,0.0,0,0,0,0.0,0.0,0.0,0,0,0.0,0,0,0,0,0.0,0,0.0,0,0.0,0,0,0,0,0,0,0.0,0.0,0,0,0.0,0.0,0,0,0,0.0,0.0,0.0,0,0,0.0,0.0,0.0,0,0,0,0.0,0,0,0.0,0.0,0.0,0.0,0,0,0.0,0,0,0,0,0.0,0.0,0.0,0,0.0,0,0,0,0,0,0.0,0.0,0,0.0,0,0,0,0,0,0.0,0,0,0,0,0,0.0,0,0,0,0.0,0,0,0,0.0,0,0,0.0,0,0.0,0.0,0,0.0,0,0,0.0,0.0,0,0
2012-09,0,0.0,0.0,0,0,0,0.0,0.0,0.0,0,0,0.0,0,0,0,0,0.0,0,0.0,0,0.0,0,0,0,0,0,0,0.0,0.0,0,0,0.0,0.0,0,0,0,0.0,0.0,0.0,0,0,0.0,0.0,0.0,0,0,0,0.0,0,0,0.0,0.0,0.0,0.0,0,0,0.0,0,0,0,0,0.0,0.0,0.0,0,0.0,0,0,0,0,0,0.0,0.0,0,0.0,0,0,0,0,0,0.0,0,0,0,0,0,0.0,0,0,0,0.0,0,0,0,0.0,0,0,0.0,0,0.0,0.0,0,0.0,0,0,0.0,0.0,0,0
2012-10,0,0.0,0.0,0,0,0,0.0,0.0,0.0,0,0,0.0,0,0,0,0,0.0,0,0.0,0,0.0,0,0,0,0,0,0,0.0,0.0,0,0,0.0,0.0,0,0,0,0.0,0.0,0.0,0,0,0.0,0.0,0.0,0,0,0,0.0,0,0,0.0,0.0,0.0,0.0,0,0,0.0,0,0,0,0,0.0,0.0,0.0,0,0.0,0,0,0,0,0,0.0,0.0,0,0.0,0,0,0,0,0,0.0,0,0,0,0,0,0.0,0,0,0,0.0,0,0,0,0.0,0,0,0.0,0,0.0,0.0,0,0.0,0,0,0.0,0.0,0,0
2012-11,0,0.0,0.0,0,0,0,0.0,0.0,0.0,0,0,0.0,0,0,0,0,0.0,0,0.0,0,0.0,0,0,0,0,0,0,0.0,0.0,0,0,0.0,0.0,0,0,0,0.0,0.0,0.0,0,0,0.0,0.0,0.0,0,0,0,0.0,0,0,0.0,0.0,0.0,0.0,0,0,0.0,0,0,0,0,0.0,0.0,0.0,0,0.0,0,0,0,0,0,0.0,0.0,0,0.0,0,0,0,0,0,0.0,0,0,0,0,0,0.0,0,0,0,0.0,0,0,0,0.0,0,0,0.0,0,0.0,0.0,0,0.0,0,0,0.0,0.0,0,0
2012-12,0,0.0,0.0,0,0,0,0.0,0.0,0.0,0,0,0.0,0,0,0,0,0.0,0,0.0,0,0.0,0,0,0,0,0,0,0.0,0.0,0,0,0.0,0.0,0,0,0,0.0,0.0,0.0,0,0,0.0,0.0,0.0,0,0,0,0.0,0,0,0.0,0.0,0.0,0.0,0,0,0.0,0,0,0,0,0.0,0.0,0.0,0,0.0,0,0,0,0,0,0.0,0.0,0,0.0,0,0,0,0,0,0.0,0,0,0,0,0,0.0,0,0,0,0.0,0,0,0,0.0,0,0,0.0,0,0.0,0.0,0,0.0,0,0,0.0,0.0,0,0
2013-01,0,0.0,0.0,0,0,0,0.0,0.0,0.0,0,0,0.0,0,0,0,0,0.0,0,0.0,0,0.0,0,0,0,0,0,0,0.0,0.0,0,0,0.0,0.0,0,0,0,0.0,0.0,0.0,0,13,0.0,0.0,0.0,0,0,0,0.0,0,0,0.0,0.0,0.0,0.0,0,0,0.0,0,0,0,0,0.0,0.0,0.0,0,0.0,0,0,0,0,13,0.0,0.0,0,0.0,0,0,0,0,0,0.0,0,0,0,0,0,0.0,0,0,0,0.0,0,0,0,0.0,0,0,0.0,0,0.0,0.0,0,0.0,0,0,0.0,0.0,0,0
2013-02,0,0.0,0.0,0,0,0,0.0,0.0,0.0,0,0,0.0,0,0,0,0,0.0,0,0.0,0,0.0,0,0,0,0,0,0,0.0,0.0,0,0,0.0,0.0,0,0,0,0.0,0.0,0.0,0,0,0.0,0.0,0.0,0,0,0,0.0,0,0,0.0,0.0,0.0,0.0,0,0,0.0,0,0,0,0,0.0,0.0,0.0,0,0.0,0,0,0,0,0,0.0,0.0,0,0.0,0,0,0,0,0,0.0,0,0,0,0,0,0.0,0,0,0,0.0,0,0,0,0.0,0,0,0.0,0,0.0,0.0,0,0.0,0,0,0.0,0.0,0,0
2013-03,0,0.0,0.0,0,0,0,0.0,0.0,0.0,0,0,0.0,0,0,0,93,0.0,0,0.0,0,0.0,0,0,0,0,0,0,0.0,0.0,0,0,0.0,0.0,0,0,0,0.0,0.0,0.0,0,0,0.0,0.0,0.0,0,0,0,0.0,0,0,0.0,0.0,0.0,0.0,0,0,0.0,0,0,0,0,0.0,0.0,0.0,0,0.0,0,0,0,0,0,0.0,0.0,0,0.0,0,0,0,0,0,0.0,0,0,0,0,0,0.0,0,0,0,0.0,0,0,0,0.0,0,0,0.0,0,0.0,0.0,0,0.0,0,0,0.0,0.0,0,0
2013-04,0,0.0,0.0,0,0,0,0.0,0.0,0.0,0,0,0.0,0,0,0,0,0.0,0,0.0,0,95.0,0,0,0,0,0,0,0.0,0.0,0,0,0.0,0.0,0,0,0,0.0,0.0,0.0,0,0,0.0,0.0,0.0,0,0,0,0.0,0,0,0.0,0.0,0.0,0.0,0,0,0.0,0,0,0,0,0.0,0.0,0.0,0,0.0,0,0,0,0,0,0.0,0.0,0,0.0,0,0,0,0,0,0.0,0,0,0,0,0,0.0,0,0,0,0.0,0,0,0,0.0,0,0,0.0,0,0.0,0.0,0,0.0,0,0,0.0,0.0,0,0
2013-05,0,0.0,0.0,0,0,0,0.0,0.0,0.0,0,0,0.0,0,0,0,0,0.0,0,0.0,0,0.0,0,0,0,0,0,0,0.0,0.0,0,0,0.0,0.0,0,0,0,0.0,0.0,0.0,0,0,0.0,0.0,0.0,0,0,0,0.0,0,0,0.0,0.0,0.0,0.0,0,0,0.0,0,0,0,0,0.0,0.0,0.0,0,0.0,0,0,0,0,0,0.0,0.0,0,0.0,0,0,0,0,0,0.0,0,0,0,0,0,0.0,0,0,0,0.0,0,0,0,0.0,0,0,0.0,0,0.0,0.0,0,0.0,0,0,0.0,0.0,0,0
2013-06,0,0.0,0.0,0,0,47,0.0,0.0,0.0,0,0,0.0,0,0,0,0,0.0,0,0.0,0,0.0,0,0,0,0,0,0,0.0,0.0,0,0,0.0,0.0,0,0,0,0.0,0.0,0.0,0,0,0.0,0.0,0.0,0,0,0,0.0,0,0,0.0,0.0,0.0,0.0,0,0,0.0,0,0,0,0,0.0,0.0,0.0,0,0.0,0,0,0,0,0,0.0,0.0,0,0.0,0,0,0,0,0,0.0,0,0,0,0,0,0.0,0,0,0,0.0,0,0,0,0.0,0,0,0.0,0,0.0,0.0,0,0.0,0,0,0.0,0.0,0,0
2013-07,0,0.0,0.0,0,0,0,0.0,0.0,0.0,0,0,0.0,0,0,0,0,0.0,0,0.0,0,0.0,0,0,0,0,0,0,0.0,0.0,0,0,0.0,0.0,0,0,0,0.0,0.0,0.0,0,0,0.0,0.0,0.0,0,0,0,0.0,0,0,0.0,0.0,0.0,0.0,0,0,0.0,0,0,0,0,0.0,0.0,0.0,0,0.0,0,0,0,0,0,0.0,0.0,0,0.0,0,0,0,0,0,0.0,0,0,0,0,0,0.0,0,0,0,0.0,0,0,0,0.0,0,0,0.0,0,0.0,0.0,0,0.0,0,0,0.0,0.0,0,0
2013-08,0,0.0,0.0,0,100,0,0.0,0.0,0.0,44,0,0.0,0,0,100,0,0.0,0,0.0,100,0.0,0,0,0,100,0,0,0.0,0.0,100,0,0.0,0.0,0,100,0,0.0,0.0,0.0,100,0,0.0,0.0,0.0,9,0,0,0.0,0,100,0.0,0.0,0.0,0.0,100,0,0.0,0,0,42,0,0.0,0.0,0.0,11,0.0,0,0,0,100,0,0.0,0.0,9,0.0,0,0,0,8,0,0.0,0,0,8,0,0,0.0,0,100,0,0.0,0,0,100,0.0,0,0,0.0,100,0.0,0.0,0,0.0,42,0,0.0,0.0,0,100
2013-09,0,0.0,0.0,0,0,0,0.0,0.0,0.0,0,0,0.0,0,0,0,0,0.0,0,0.0,0,0.0,0,0,0,0,0,0,0.0,0.0,0,0,0.0,0.0,0,0,0,0.0,0.0,0.0,0,0,0.0,0.0,0.0,0,0,0,0.0,0,0,0.0,0.0,0.0,0.0,0,0,0.0,0,0,0,0,0.0,0.0,0.0,0,0.0,0,0,0,0,0,0.0,0.0,0,0.0,0,0,0,0,0,0.0,0,0,0,0,0,0.0,0,0,0,0.0,0,0,0,0.0,0,0,0.0,0,0.0,0.0,0,0.0,0,0,0.0,0.0,0,0
2013-10,0,0.0,0.0,0,0,0,0.0,0.0,0.0,0,0,0.0,0,0,0,0,0.0,0,0.0,0,0.0,0,0,0,0,0,0,0.0,0.0,0,0,0.0,0.0,0,0,0,0.0,0.0,0.0,0,0,0.0,0.0,0.0,0,0,0,0.0,0,0,0.0,0.0,0.0,0.0,0,0,0.0,0,0,0,0,0.0,0.0,0.0,0,0.0,0,0,0,0,0,0.0,0.0,0,0.0,0,0,0,0,0,0.0,0,0,0,0,0,0.0,0,0,0,0.0,0,0,0,0.0,0,0,0.0,0,0.0,0.0,0,0.0,0,0,0.0,0.0,0,0
2013-11,0,0.0,0.0,0,0,0,0.0,0.0,0.0,0,0,0.0,0,0,0,0,0.0,0,0.0,0,0.0,0,0,0,0,0,0,0.0,0.0,0,0,0.0,0.0,0,0,0,0.0,0.0,0.0,0,8,0.0,0.0,0.0,0,0,0,0.0,0,0,0.0,0.0,0.0,0.0,0,0,0.0,0,0,0,0,0.0,0.0,0.0,0,0.0,0,0,0,0,8,0.0,0.0,0,0.0,0,0,0,0,0,0.0,0,0,0,0,0,0.0,0,0,0,0.0,0,0,0,0.0,0,0,0.0,0,0.0,0.0,0,0.0,0,0,0.0,0.0,0,0
2013-12,0,0.0,0.0,0,0,0,0.0,0.0,0.0,0,0,0.0,0,0,0,0,0.0,0,0.0,0,0.0,0,0,0,0,0,0,0.0,0.0,0,0,0.0,0.0,0,0,0,0.0,0.0,0.0,0,0,0.0,0.0,0.0,0,0,0,0.0,0,0,0.0,0.0,0.0,0.0,0,0,0.0,0,0,0,0,0.0,0.0,0.0,0,0.0,0,0,0,0,0,0.0,0.0,0,0.0,0,0,0,0,0,0.0,0,0,0,0,0,0.0,0,0,0,0.0,0,0,0,0.0,0,0,0.0,0,0.0,0.0,0,0.0,0,0,0.0,0.0,0,0
2014-01,0,0.0,0.0,0,0,0,0.0,0.0,0.0,0,0,0.0,0,0,0,0,0.0,0,0.0,0,0.0,0,0,0,0,0,0,0.0,0.0,0,0,0.0,0.0,0,0,0,0.0,0.0,0.0,0,0,0.0,0.0,0.0,0,0,0,0.0,0,0,0.0,0.0,0.0,0.0,0,0,0.0,0,0,0,0,0.0,0.0,0.0,0,0.0,0,0,0,0,0,0.0,0.0,0,0.0,0,0,0,0,0,0.0,0,0,0,0,0,0.0,0,0,0,0.0,0,0,0,0.0,0,0,0.0,0,0.0,0.0,0,0.0,0,0,0.0,0.0,0,0
2014-02,0,0.0,0.0,0,0,0,0.0,0.0,0.0,0,0,0.0,0,0,0,0,0.0,0,0.0,0,0.0,0,0,0,0,0,0,0.0,0.0,0,42,0.0,0.0,0,0,0,0.0,0.0,0.0,0,0,0.0,0.0,0.0,0,0,0,0.0,0,0,0.0,0.0,0.0,0.0,0,0,0.0,0,0,0,0,0.0,0.0,0.0,0,0.0,0,0,0,0,0,0.0,0.0,0,0.0,0,0,0,0,0,0.0,0,0,0,0,0,0.0,0,0,0,0.0,0,0,0,0.0,0,0,0.0,0,0.0,0.0,0,0.0,0,42,0.0,0.0,0,0
2014-03,0,0.0,0.0,0,0,0,0.0,0.0,0.0,0,0,0.0,0,0,0,0,0.0,0,0.0,0,0.0,0,0,0,0,0,0,0.0,0.0,0,0,0.0,0.0,0,0,0,0.0,0.0,0.0,0,0,0.0,0.0,0.0,0,0,0,0.0,0,0,0.0,0.0,0.0,0.0,0,0,0.0,0,0,0,0,0.0,0.0,0.0,0,0.0,0,0,0,0,0,0.0,0.0,0,0.0,0,0,0,0,0,0.0,0,0,0,0,0,0.0,0,0,0,0.0,0,0,0,0.0,0,0,0.0,0,0.0,0.0,0,0.0,0,0,0.0,0.0,0,0
2014-04,0,0.0,0.0,0,0,0,0.0,0.0,0.0,0,0,0.0,0,0,0,0,0.0,0,0.0,0,0.0,0,0,0,0,0,0,0.0,0.0,0,0,0.0,36.0,0,0,0,0.0,0.0,0.0,0,0,0.0,0.0,0.0,0,0,0,0.0,0,0,0.0,0.0,0.0,0.0,0,0,0.0,0,0,0,0,0.0,0.0,0.0,0,0.0,0,0,0,0,0,0.0,0.0,0,0.0,0,0,0,0,0,0.0,0,0,0,0,0,0.0,47,0,0,0.0,0,0,0,0.0,0,0,0.0,0,0.0,0.0,0,0.0,0,0,0.0,0.0,0,0
2014-05,0,0.0,0.0,0,0,0,0.0,0.0,0.0,0,0,0.0,0,0,0,0,0.0,0,0.0,0,0.0,0,0,0,0,0,0,0.0,0.0,0,0,0.0,0.0,0,0,0,0.0,0.0,0.0,0,0,0.0,0.0,0.0,0,0,0,0.0,0,0,0.0,0.0,0.0,0.0,0,0,0.0,0,0,0,0,0.0,0.0,0.0,0,0.0,0,0,0,0,0,0.0,0.0,0,0.0,0,0,0,0,0,0.0,0,0,0,0,0,0.0,0,0,0,0.0,0,0,0,0.0,0,0,0.0,0,0.0,0.0,0,0.0,0,0,0.0,0.0,0,0
2014-06,0,0.0,0.0,0,38,0,0.0,0.0,0.0,17,0,0.0,0,0,38,0,0.0,0,0.0,38,0.0,0,0,0,38,0,0,0.0,0.0,38,0,0.0,0.0,0,38,0,0.0,0.0,0.0,38,0,0.0,0.0,0.0,3,0,0,0.0,0,38,0.0,0.0,0.0,0.0,38,0,0.0,0,0,16,0,0.0,0.0,0.0,4,0.0,0,0,0,38,0,0.0,0.0,3,0.0,0,0,0,3,0,0.0,0,0,3,0,0,0.0,0,38,0,0.0,0,0,38,0.0,0,0,0.0,38,0.0,0.0,0,0.0,16,0,0.0,0.0,0,38
2014-07,0,0.0,0.0,0,0,0,0.0,0.0,0.0,0,0,0.0,0,0,0,0,0.0,0,0.0,0,0.0,0,0,0,0,0,0,0.0,0.0,0,0,0.0,0.0,0,0,0,0.0,0.0,0.0,0,0,0.0,0.0,0.0,0,0,0,0.0,0,0,0.0,0.0,0.0,0.0,0,0,0.0,0,0,0,0,0.0,0.0,0.0,0,0.0,0,0,0,0,0,0.0,0.0,0,0.0,0,0,0,0,0,0.0,0,0,0,0,0,0.0,0,0,0,0.0,0,0,0,0.0,0,0,0.0,0,0.0,0.0,0,0.0,0,0,0.0,0.0,0,0
2014-08,0,0.0,0.0,0,25,0,0.0,0.0,0.0,11,0,0.0,0,0,25,0,0.0,0,0.0,25,0.0,0,0,0,25,0,0,0.0,0.0,25,0,0.0,0.0,0,25,0,0.0,0.0,0.0,25,0,0.0,0.0,0.0,2,0,0,0.0,0,25,0.0,0.0,0.0,0.0,25,0,0.0,0,0,10,0,0.0,0.0,0.0,3,0.0,0,0,0,25,0,0.0,0.0,2,0.0,0,0,0,2,0,0.0,0,0,2,0,0,0.0,0,25,0,0.0,0,0,25,0.0,0,0,0.0,25,0.0,0.0,0,0.0,10,0,0.0,0.0,0,25
2014-09,0,0.0,0.0,0,25,0,0.0,0.0,0.0,11,0,0.0,0,0,25,0,0.0,0,0.0,25,0.0,0,0,0,25,0,0,0.0,0.0,25,0,0.0,0.0,0,25,0,0.0,0.0,0.0,25,0,0.0,0.0,0.0,2,0,0,0.0,0,25,0.0,0.0,0.0,0.0,25,0,0.0,0,0,10,0,0.0,0.0,0.0,3,0.0,0,0,0,25,0,0.0,0.0,2,0.0,0,0,0,2,0,0.0,0,0,2,0,0,0.0,0,25,0,0.0,0,0,25,0.0,0,0,0.0,25,0.0,0.0,0,0.0,10,0,0.0,0.0,0,25
2014-10,0,0.0,0.0,0,9,0,0.0,0.0,0.0,4,0,0.0,3,0,9,0,0.0,0,0.0,9,0.0,0,0,0,9,0,0,0.0,0.0,9,0,0.0,0.0,0,9,0,0.0,0.0,0.0,9,0,0.0,0.0,0.0,1,0,0,0.0,0,9,0.0,0.0,0.0,0.0,9,0,0.0,0,0,4,0,0.0,0.0,0.0,1,0.0,0,0,0,9,0,0.0,0.0,1,0.0,0,0,0,1,0,0.0,0,0,1,0,0,0.0,0,9,0,0.0,0,0,9,0.0,0,0,0.0,9,0.0,0.0,0,0.0,4,0,0.0,0.0,0,9
2014-11,0,0.0,0.0,0,13,0,0.0,0.0,0.0,6,0,0.0,0,0,13,0,0.0,0,0.0,13,0.0,0,0,0,13,0,0,0.0,0.0,13,0,0.0,0.0,0,13,0,0.0,0.0,0.0,13,0,0.0,0.0,0.0,1,0,0,0.0,0,13,0.0,0.0,0.0,0.0,13,0,0.0,0,0,5,0,0.0,0.5,0.0,1,0.0,0,0,0,13,0,0.0,0.0,1,0.0,0,0,0,1,0,0.0,0,0,1,0,0,0.0,0,13,0,0.0,0,0,13,0.0,0,0,0.0,13,0.0,0.0,0,0.0,5,0,0.0,0.0,0,13
2014-12,0,0.0,0.0,0,13,0,0.0,0.0,0.0,6,0,0.0,0,0,13,0,0.0,0,0.0,13,0.0,0,0,0,13,0,0,0.0,0.0,13,0,0.0,0.0,0,13,0,0.0,0.0,0.0,13,0,0.0,0.0,0.0,1,0,0,0.0,0,13,0.0,0.0,0.0,0.0,13,0,0.0,0,0,6,0,0.0,0.5,0.0,2,0.0,0,0,0,13,0,0.0,0.0,1,0.0,0,0,0,1,0,0.0,0,0,1,0,0,0.0,0,13,0,0.0,0,0,13,0.0,0,0,0.0,13,0.0,0.0,1,0.0,6,0,0.0,0.0,0,13
2015-01,0,0.0,5.0,0,12,0,0.0,0.0,0.0,5,0,0.0,0,0,12,0,0.0,0,0.0,12,0.0,0,0,0,12,0,0,0.0,0.0,12,0,0.0,0.0,0,12,0,0.0,0.0,0.0,12,0,0.0,0.0,0.0,1,0,0,0.0,0,12,0.0,0.0,0.0,0.0,12,0,0.0,0,0,5,0,0.0,0.0,0.0,1,0.0,0,0,0,12,0,0.0,0.0,1,0.0,0,0,0,1,0,0.0,0,0,1,0,0,0.0,0,12,0,0.0,5,0,12,0.0,0,0,0.0,12,0.0,0.0,0,0.0,5,0,0.0,0.0,0,12
2015-02,0,0.0,0.0,0,15,0,0.0,0.0,0.0,7,0,0.0,0,0,15,0,0.0,0,0.0,15,0.0,0,0,0,15,0,0,0.0,0.0,15,0,0.0,0.0,0,15,0,0.0,0.0,0.0,15,0,0.0,0.5,0.0,1,0,0,0.0,0,15,0.0,0.0,0.0,0.0,15,0,0.0,0,0,6,0,0.0,0.0,0.0,2,0.0,0,0,0,15,0,0.0,0.0,1,0.0,0,0,0,1,0,0.0,0,0,1,0,0,0.0,0,15,0,0.0,0,0,15,0.0,0,0,0.0,15,0.0,0.0,0,0.0,6,0,0.0,0.0,0,15
2015-03,0,0.0,0.0,0,11,0,0.0,0.0,0.0,5,0,0.0,0,0,11,0,0.0,0,0.0,11,0.0,0,0,0,11,0,0,0.0,0.0,11,0,0.0,0.0,0,11,0,0.0,0.0,0.0,11,0,0.0,0.0,0.0,1,0,0,0.0,0,11,0.0,0.0,0.0,0.0,11,0,0.0,0,0,4,0,0.0,0.0,0.0,1,0.0,0,0,0,11,0,0.0,0.0,1,0.0,0,0,0,1,0,0.0,0,0,1,0,0,0.0,0,11,0,0.0,0,0,11,0.0,0,0,0.0,11,0.0,0.0,0,0.0,4,0,0.0,0.0,0,11
2015-04,0,0.0,0.0,0,11,0,0.0,0.0,0.0,5,0,0.0,0,0,11,0,0.0,0,0.0,11,0.0,0,0,0,11,0,0,0.0,0.0,11,0,0.0,0.0,0,11,0,0.0,0.0,0.0,11,0,0.0,0.0,0.0,1,0,0,0.0,0,11,0.0,0.0,0.0,0.0,11,0,0.0,0,0,5,0,0.0,0.5,0.0,1,0.0,0,0,0,11,0,0.0,0.0,1,0.0,0,0,0,1,0,0.0,0,0,1,0,0,0.0,0,11,0,0.0,0,0,11,0.0,0,0,0.0,11,0.0,0.0,0,0.0,5,0,0.0,0.0,0,11
2015-05,0,0.0,0.0,0,10,0,0.0,0.0,0.0,5,0,0.0,0,0,10,0,0.0,0,0.0,10,0.0,0,0,0,10,0,0,0.0,0.0,10,0,0.0,0.0,0,10,0,0.0,0.0,0.0,10,0,0.5,0.0,0.0,1,0,0,0.0,0,10,0.0,0.0,0.0,0.0,10,0,0.0,0,0,4,0,0.0,0.0,0.0,1,0.0,0,0,0,10,0,0.0,0.0,1,0.0,0,0,0,1,0,0.0,0,0,1,0,0,0.0,0,10,0,0.0,0,0,10,0.0,0,0,0.0,10,0.0,0.0,0,0.0,4,0,0.0,0.0,0,10
2015-06,0,0.0,0.0,0,16,0,0.0,0.0,0.0,7,0,0.0,0,0,16,0,0.0,0,0.0,16,0.0,0,0,0,16,0,0,0.0,0.0,16,0,0.0,0.0,0,16,0,4.0,0.0,0.0,16,0,0.0,0.0,0.0,1,0,0,0.0,0,16,0.0,0.0,0.0,0.0,16,0,0.0,0,0,7,0,0.0,1.0,0.0,2,0.0,0,0,0,16,0,0.0,0.0,1,0.0,0,0,0,1,0,0.0,0,0,1,0,0,0.0,0,16,0,0.0,0,0,16,0.0,0,0,0.0,16,0.0,0.0,0,2.0,7,0,0.0,0.0,0,16
2015-07,0,0.0,0.0,0,0,0,0.0,0.0,0.0,0,0,0.0,0,0,0,0,0.0,0,0.0,0,0.0,0,0,0,0,0,0,0.0,0.0,0,0,0.0,0.0,0,0,0,0.0,0.0,0.0,0,0,0.0,0.0,0.0,0,0,0,0.0,0,0,0.0,0.0,0.0,0.0,0,0,0.0,0,0,0,0,0.0,0.0,0.0,0,0.0,0,0,0,0,0,0.0,0.0,0,0.0,0,0,0,0,0,0.0,0,0,0,0,0,0.0,0,0,0,0.0,0,0,0,0.0,0,0,0.0,0,0.0,0.0,0,0.0,0,0,0.0,0.0,0,0
2015-08,0,0.0,0.0,0,19,0,0.0,0.0,0.0,8,0,0.0,0,0,19,0,0.0,0,0.0,19,0.0,0,0,0,19,0,0,0.0,0.0,19,0,0.0,0.0,0,19,0,0.0,0.0,0.0,19,0,0.0,0.0,0.0,2,0,0,0.0,0,19,0.0,0.0,0.0,0.0,19,0,0.0,0,0,8,0,0.0,0.0,0.0,2,0.0,0,0,0,19,0,0.0,0.0,2,0.0,0,0,0,1,0,0.0,0,0,1,0,0,0.0,0,19,0,0.0,0,0,19,0.0,0,0,0.0,19,0.0,0.0,0,0.0,8,0,0.0,0.0,0,19
2015-09,0,0.0,0.0,0,17,0,0.0,0.0,0.0,8,0,0.0,0,0,17,0,0.0,0,0.0,17,0.0,0,0,0,17,0,0,0.0,0.0,17,0,0.0,0.0,0,17,0,0.0,0.0,0.0,17,0,0.0,0.0,0.0,2,0,0,0.0,0,17,0.0,0.0,0.0,0.0,17,0,0.0,0,0,7,0,0.0,0.0,0.0,2,0.0,0,0,0,17,0,0.0,0.0,2,0.0,0,0,0,1,0,0.0,0,0,1,0,0,0.0,0,17,0,0.0,0,0,17,0.0,0,0,0.0,17,0.0,0.0,0,0.0,7,0,0.0,0.0,0,17
2015-10,0,0.0,0.0,0,28,0,0.0,0.0,0.0,12,0,0.0,0,0,28,0,0.0,0,0.0,28,0.0,0,28,0,28,0,0,0.0,0.0,28,0,0.0,0.0,0,28,0,0.0,0.0,0.0,28,0,0.0,0.0,0.0,2,0,0,0.0,0,28,0.0,0.0,0.0,0.0,28,0,0.0,0,0,12,0,0.0,0.0,0.0,3,0.0,0,0,0,28,0,0.0,0.0,2,0.0,0,0,0,2,0,0.0,0,0,2,0,0,0.0,0,28,0,0.0,0,0,28,0.0,0,0,0.0,28,0.0,0.0,0,0.0,12,0,0.0,0.0,25,28
2015-11,0,0.0,0.0,0,27,0,0.0,0.0,0.0,12,0,0.0,0,0,27,0,0.0,0,0.0,27,0.0,0,0,0,27,0,0,0.0,0.0,27,0,0.0,0.0,0,27,0,0.0,0.0,0.0,27,0,0.0,0.0,0.0,2,0,0,0.0,0,27,0.0,0.0,0.0,0.0,27,0,0.0,0,0,11,0,0.0,0.0,0.0,3,0.0,0,0,0,27,0,0.0,0.0,2,0.0,0,0,0,2,0,0.0,0,0,2,0,0,0.0,0,27,0,0.0,0,0,27,0.0,0,0,0.0,27,0.0,0.0,0,0.0,11,0,0.0,0.0,0,27
2015-12,0,0.0,0.0,0,39,0,0.0,0.0,0.0,17,0,0.0,0,0,39,0,0.0,0,0.0,39,0.0,0,0,0,39,0,0,0.0,0.0,39,0,0.0,0.0,0,39,0,0.0,0.0,0.0,39,0,0.0,0.0,0.0,3,0,0,0.0,0,39,0.0,0.0,0.0,0.0,39,0,0.0,0,0,17,0,0.0,0.0,0.0,4,0.0,0,0,0,39,0,0.0,0.0,3,0.0,0,0,0,3,0,0.0,0,0,3,0,0,0.0,0,39,0,0.0,0,0,39,0.0,0,0,0.0,39,0.0,0.0,0,0.0,16,0,0.0,0.0,0,39
2016-01,0,0.0,0.0,0,25,0,0.0,0.0,0.0,11,0,0.0,0,0,25,0,0.0,0,0.0,25,0.0,0,0,0,25,0,0,0.0,0.0,25,0,0.0,0.0,0,25,0,0.0,0.0,0.0,25,0,0.0,0.0,0.0,2,0,0,0.0,0,25,0.0,0.0,0.0,0.0,25,0,0.0,0,0,11,0,0.0,0.0,0.0,3,0.0,0,0,0,25,0,0.0,0.0,2,0.0,0,0,0,2,0,0.0,0,0,2,0,0,0.0,0,25,0,0.0,0,0,25,0.0,0,0,0.0,25,0.0,0.0,0,0.0,11,0,0.0,0.0,0,25
2016-02,0,0.0,0.0,0,17,0,0.0,0.0,0.0,7,0,0.0,0,0,17,0,0.0,0,0.0,17,0.0,0,0,0,17,0,0,0.0,0.0,17,0,0.0,0.0,0,17,0,0.0,0.0,0.0,17,0,0.0,0.0,0.0,1,0,0,0.0,0,17,0.0,0.0,0.0,0.0,17,0,0.0,0,0,7,0,0.0,0.0,0.0,2,0.0,0,0,0,17,0,0.0,0.0,1,0.0,0,0,0,1,0,0.0,0,0,1,0,0,0.0,0,17,0,0.0,0,0,17,0.0,0,0,0.0,17,0.0,0.0,0,0.0,7,0,0.0,0.0,0,17
2016-03,0,0.0,0.0,0,20,0,0.0,0.0,0.0,9,0,0.0,0,0,20,0,0.0,0,0.0,20,0.0,0,0,0,20,0,0,0.0,0.0,20,0,0.0,0.0,0,20,0,0.0,0.0,0.0,20,0,0.0,0.0,0.0,2,0,0,0.0,0,20,0.0,0.0,0.0,0.0,20,0,0.0,0,0,9,0,0.0,0.0,0.0,2,0.0,0,0,0,20,0,0.0,0.0,2,0.0,0,0,0,2,0,0.0,0,0,2,0,0,0.0,0,20,0,0.0,0,0,20,0.0,0,0,0.0,20,0.0,0.0,0,0.0,9,0,0.0,0.0,0,20
2016-04,0,0.0,0.0,0,16,0,0.0,0.0,0.0,7,0,0.0,0,0,16,0,0.0,0,0.0,16,0.0,0,0,0,16,0,0,0.0,0.0,16,0,0.0,0.0,0,16,0,0.0,0.0,0.0,16,0,0.0,0.0,0.0,1,0,0,0.0,0,16,0.0,0.0,0.0,0.0,16,0,0.0,0,0,7,0,0.0,1.0,0.0,2,0.0,0,0,0,16,0,0.0,0.0,1,0.0,0,0,0,1,0,0.0,0,0,1,0,0,0.0,0,16,0,0.0,0,0,16,0.0,0,0,0.0,16,0.0,0.0,0,0.0,7,0,0.0,0.0,0,16
2016-05,0,0.0,0.0,0,24,0,0.0,0.0,0.0,10,0,0.0,0,0,24,0,0.0,0,0.0,24,0.0,0,0,0,24,0,0,0.0,0.0,24,0,0.0,0.0,0,24,0,0.0,0.0,0.0,24,0,0.0,0.0,0.0,2,0,0,0.0,0,24,0.0,0.0,0.0,0.0,24,0,0.0,0,0,10,0,0.0,0.0,0.0,3,0.0,0,0,0,24,0,0.0,0.0,2,0.0,0,0,0,2,0,0.0,0,0,2,0,0,0.0,0,24,0,0.0,0,0,24,0.0,0,0,0.0,24,0.0,3.0,0,0.0,10,0,0.0,0.0,0,24
2016-06,0,0.0,0.0,0,17,0,0.0,0.0,0.0,8,0,0.0,0,0,17,0,0.0,0,0.0,17,0.0,0,0,0,17,0,0,0.0,0.0,17,0,0.0,0.0,0,17,0,0.0,0.0,0.0,17,0,0.0,0.0,0.0,2,0,0,0.0,0,17,0.0,0.0,0.0,0.0,17,0,0.0,0,0,7,0,0.0,0.0,0.0,2,0.0,0,0,0,17,0,0.0,0.0,2,0.0,0,0,0,1,0,0.0,0,0,1,0,0,0.0,0,17,0,0.0,0,0,17,0.0,0,0,0.0,17,0.0,0.0,0,0.0,7,0,0.0,0.0,0,17
2016-07,0,0.0,0.0,0,20,0,0.0,0.0,0.0,9,0,0.0,0,0,20,0,0.0,0,0.0,20,0.0,0,0,0,20,0,0,0.0,0.0,20,0,0.0,0.0,0,20,0,0.0,0.0,0.0,20,0,0.0,0.0,0.0,2,0,0,0.0,0,20,0.0,0.0,0.0,0.0,20,0,0.0,0,0,8,0,0.0,0.0,0.0,2,0.0,0,0,0,20,0,0.0,0.0,2,0.0,0,0,0,2,0,0.0,0,0,2,0,0,0.0,0,20,0,0.0,0,0,20,0.0,0,0,0.0,20,0.0,0.0,0,0.0,8,0,0.0,0.0,0,20
2016-08,0,0.0,0.0,0,19,0,0.0,0.0,0.0,9,6,0.0,0,0,19,0,0.0,0,0.0,19,0.0,0,0,0,19,0,0,0.0,0.0,19,0,0.0,0.0,0,19,0,0.0,0.0,0.0,19,0,0.0,0.0,0.0,2,0,0,0.0,0,19,0.0,0.0,0.0,0.0,19,0,0.0,0,0,8,0,0.0,0.0,0.0,2,0.0,0,0,0,19,0,0.0,0.0,2,0.0,0,0,0,2,0,0.0,0,0,2,0,0,0.0,0,19,0,0.0,0,0,19,0.0,0,0,0.0,19,0.0,0.0,0,0.0,8,0,0.0,0.0,0,19
2016-09,0,0.0,0.0,0,11,0,0.0,0.0,0.0,5,0,0.0,0,0,11,0,0.0,0,0.0,11,0.0,0,0,0,11,0,0,0.0,0.0,11,0,0.0,0.0,0,11,0,0.0,0.0,0.0,11,0,0.0,0.0,0.0,1,0,0,0.0,0,11,0.0,0.0,0.0,0.0,11,0,0.0,0,0,5,0,0.0,0.0,0.0,1,0.0,0,0,0,11,0,0.0,0.0,1,0.0,0,0,0,1,0,0.0,0,0,1,0,0,0.0,0,11,0,0.0,0,0,11,0.0,0,0,0.0,11,0.0,0.0,0,0.0,4,0,0.0,0.0,0,11
2016-10,0,0.0,0.0,0,23,0,0.0,0.0,0.0,10,0,0.0,0,0,23,0,0.0,0,0.0,23,0.0,0,0,0,23,0,0,0.0,0.0,23,0,0.0,0.0,0,23,0,0.0,0.0,0.0,23,0,0.0,0.0,0.0,2,0,0,0.0,0,23,0.0,0.0,0.0,0.0,23,0,0.0,0,0,10,0,0.0,1.0,0.0,3,0.0,0,0,0,23,0,0.0,0.0,2,0.0,0,0,0,2,0,0.0,0,0,2,0,0,0.0,0,23,0,0.0,0,0,23,0.0,0,0,0.0,23,0.0,0.0,0,0.0,10,0,0.0,0.0,0,23
2016-11,0,0.0,0.0,0,23,0,0.0,0.0,0.0,10,0,0.0,0,0,23,0,0.0,0,0.0,23,0.0,0,0,0,23,0,0,0.0,0.0,23,0,0.0,0.0,0,23,0,0.0,0.0,0.0,23,0,0.0,0.0,0.0,2,0,0,0.0,0,23,0.0,0.0,0.0,0.0,23,0,0.0,0,0,10,0,0.0,0.0,0.0,3,0.0,0,0,0,23,0,0.0,0.0,2,0.0,0,0,0,2,0,0.0,0,0,2,0,0,0.0,0,23,0,0.0,0,0,23,0.0,0,0,0.0,23,0.0,0.0,0,0.0,10,0,0.0,0.0,0,23
2016-12,0,0.0,0.0,0,18,0,0.0,0.0,0.0,8,0,0.0,0,0,18,0,0.0,0,0.0,18,0.0,0,0,0,18,0,0,0.0,0.0,18,0,0.0,0.0,0,18,0,0.0,0.0,0.0,18,0,0.0,0.0,0.0,2,0,0,0.0,0,18,0.0,8.0,0.0,0.0,18,0,0.0,0,0,7,0,0.0,1.0,0.0,2,0.0,0,0,0,18,0,0.0,0.0,2,0.0,0,0,0,1,0,0.0,0,0,1,0,0,0.0,0,18,0,0.0,0,0,18,0.0,0,0,0.0,18,0.0,0.0,0,0.0,7,0,0.0,0.0,0,18
2017-01,0,0.0,0.0,0,19,0,0.0,0.0,0.0,8,0,0.0,0,0,19,0,0.0,0,0.0,19,0.0,0,0,0,19,0,0,0.0,0.0,19,0,0.0,0.0,0,19,0,0.0,0.0,0.0,19,0,0.0,0.0,0.0,2,0,0,0.0,0,19,0.0,0.0,0.0,0.0,19,0,0.0,0,0,8,0,0.0,1.0,0.0,2,0.0,0,0,0,19,0,0.0,0.0,2,0.0,0,0,0,1,0,0.0,0,0,1,0,0,0.0,0,19,0,0.0,0,0,19,0.0,0,0,0.0,19,0.0,0.0,0,0.0,8,0,0.0,0.0,0,19
2017-02,0,0.0,0.0,0,20,0,0.0,0.0,0.0,9,0,0.0,0,0,20,0,0.0,0,0.0,20,0.0,0,0,0,20,0,0,0.0,0.0,20,0,0.0,0.0,0,20,0,0.0,0.0,0.0,20,0,0.0,0.0,0.0,2,0,0,0.0,0,20,0.0,0.0,0.0,0.0,20,0,0.0,0,0,9,0,0.0,1.0,0.0,2,0.0,0,0,0,20,0,0.0,0.0,2,0.0,0,0,0,2,0,0.0,0,0,2,0,0,0.0,0,20,0,0.0,0,0,20,0.0,0,0,0.0,20,0.0,0.0,0,0.0,9,0,0.0,0.0,0,20
2017-03,0,0.0,0.0,0,15,0,0.0,0.0,0.0,7,0,0.0,0,0,15,0,0.0,0,0.0,15,0.0,0,0,0,15,0,0,0.0,0.0,15,0,0.0,0.0,0,15,0,0.0,0.0,0.0,15,0,0.0,0.0,0.0,1,0,0,0.0,0,15,0.0,0.0,0.0,0.0,15,0,0.0,0,0,7,0,0.0,1.0,0.0,2,0.0,0,0,0,15,0,0.0,0.0,1,0.0,0,0,0,1,0,0.0,0,0,1,0,0,0.0,0,15,0,0.0,0,0,15,0.0,0,0,0.0,15,0.0,0.0,0,0.0,7,0,0.0,0.0,0,15
2017-04,0,0.0,0.0,0,17,0,0.0,0.0,0.0,8,0,0.0,0,0,17,0,0.0,0,0.0,17,5.0,0,0,0,17,0,0,0.0,0.0,17,0,0.0,0.0,0,17,0,0.0,0.0,0.0,17,0,0.0,0.0,0.0,2,0,0,0.0,0,17,0.0,0.0,0.0,0.0,17,0,0.0,0,0,7,0,0.0,1.0,0.0,2,0.0,0,0,0,17,0,0.0,0.0,2,0.0,0,0,0,1,0,0.0,0,0,1,0,0,0.0,0,17,0,0.0,0,0,17,0.0,0,0,0.0,17,0.0,0.0,0,0.0,7,0,0.0,0.0,0,17
2017-05,0,0.0,0.0,0,19,0,0.0,0.0,0.0,8,0,0.0,0,0,19,0,0.0,0,0.0,19,0.0,0,0,0,19,0,0,0.0,0.0,19,0,0.0,0.0,0,19,0,0.0,0.0,0.0,19,0,0.0,0.0,0.0,2,0,0,0.0,0,19,0.0,0.0,0.0,0.0,19,0,0.0,0,0,8,0,0.0,2.0,0.0,2,0.0,0,0,0,19,0,0.0,0.0,2,0.0,0,0,0,1,0,0.0,0,0,1,0,0,0.0,0,19,0,0.0,0,0,19,0.0,0,0,0.0,19,0.0,0.0,0,0.0,8,0,0.0,0.0,0,19
2017-06,0,0.0,0.0,0,12,0,0.0,0.0,0.0,5,0,0.0,0,0,12,0,0.0,0,0.0,12,0.0,0,0,0,12,0,0,0.0,0.0,12,0,0.0,0.0,0,12,0,0.0,0.0,0.0,12,0,0.0,0.0,0.0,1,0,0,0.0,0,12,0.0,0.0,0.0,0.0,12,0,0.0,0,0,5,0,0.0,2.0,0.0,1,0.0,0,0,0,12,0,0.0,0.0,1,0.0,0,0,0,1,0,0.0,0,0,1,0,0,0.0,0,12,0,0.0,0,0,12,0.0,0,6,0.0,12,0.0,0.0,0,0.0,5,0,0.0,0.0,0,12
2017-07,0,0.0,0.0,0,18,0,0.0,0.0,0.0,8,0,0.0,0,0,18,0,0.0,4,0.0,18,0.0,0,0,0,18,0,0,0.0,0.0,18,0,0.0,0.0,0,18,0,0.0,0.0,0.0,18,0,0.5,0.0,0.0,2,0,0,0.0,0,18,0.0,0.0,0.0,0.0,18,0,0.0,0,0,8,0,0.0,2.0,0.0,2,0.0,0,0,0,18,0,0.0,0.0,2,0.0,0,0,0,1,0,0.0,0,0,1,0,0,0.0,0,18,0,0.0,0,0,18,0.0,0,0,0.0,18,0.0,0.0,0,0.0,8,0,0.0,0.0,0,18
2017-08,0,0.0,0.0,0,19,0,0.0,0.0,0.0,8,0,0.0,0,0,19,0,0.0,0,0.0,19,0.0,0,0,0,19,0,0,0.0,0.0,19,0,0.0,0.0,0,19,0,0.0,0.0,0.0,19,0,0.0,0.0,0.0,2,0,0,0.0,0,19,0.0,0.0,0.0,0.0,19,0,0.0,0,0,8,0,0.0,2.0,0.0,2,0.0,0,0,0,19,0,0.0,0.0,2,0.0,0,0,0,1,0,0.0,0,0,1,0,0,0.0,0,19,0,0.0,0,0,19,0.0,0,0,0.0,19,0.0,0.0,0,0.0,8,0,0.0,0.0,0,19
2017-09,0,0.0,0.0,0,13,0,0.0,0.0,0.0,6,0,0.0,0,0,13,0,0.0,0,0.0,13,0.0,0,0,0,13,0,0,0.0,0.0,13,0,0.0,0.0,0,13,0,0.0,0.0,0.0,13,0,0.0,0.5,0.0,1,0,0,0.0,0,13,0.0,0.0,0.0,0.0,13,0,0.0,0,0,6,0,0.0,1.0,0.0,2,0.0,0,0,0,13,0,0.0,0.0,1,0.0,0,0,0,1,0,0.0,0,0,1,0,0,0.0,0,13,0,0.0,0,0,13,0.0,0,0,0.0,13,0.0,0.0,0,0.0,6,0,0.0,0.0,0,13
2017-10,0,0.0,0.0,0,15,0,0.0,0.0,0.0,7,0,0.0,0,0,15,0,0.0,0,0.0,15,0.0,0,0,0,15,0,0,0.0,0.0,15,0,0.0,0.0,0,15,3,0.0,0.0,0.0,15,0,0.5,0.0,0.0,1,0,0,0.0,0,15,0.0,0.0,0.0,0.0,15,0,0.0,0,0,6,0,0.0,2.0,0.0,2,0.0,0,0,0,15,0,0.0,0.0,1,0.0,0,0,0,1,0,0.0,0,0,1,0,0,0.0,0,15,0,0.0,0,0,15,0.0,0,0,0.0,15,0.0,0.0,0,0.0,6,0,0.0,0.0,0,15
2017-11,0,0.0,0.0,0,18,0,0.0,0.0,0.0,8,0,0.0,0,0,18,0,0.0,0,0.0,18,0.0,0,0,0,18,0,0,0.0,0.0,18,0,0.0,0.0,0,18,0,0.0,0.0,0.0,18,0,0.0,0.5,0.0,2,0,0,0.0,0,18,0.0,0.0,0.0,0.0,18,0,0.0,0,0,8,0,0.0,2.0,0.0,2,0.0,0,0,0,18,0,0.0,0.0,2,0.0,0,0,0,1,0,0.0,0,0,1,0,0,0.0,0,18,0,0.0,0,0,18,0.0,0,0,0.0,18,0.0,0.0,0,0.0,8,0,0.0,0.0,0,18
2017-12,0,0.0,0.0,0,17,0,0.0,0.0,0.0,8,0,0.0,0,0,17,0,0.0,0,0.0,17,0.0,0,0,0,17,0,0,0.0,0.0,17,0,0.0,0.0,0,17,4,0.0,0.0,0.0,17,0,0.0,0.5,0.0,2,0,0,2.0,0,17,0.0,0.0,0.0,0.0,17,0,0.0,0,0,7,0,0.0,1.0,0.0,2,0.0,0,0,0,17,0,0.0,0.0,2,0.0,0,0,0,1,0,0.0,0,0,1,0,0,0.0,0,17,0,0.0,0,0,17,0.0,0,0,0.0,17,0.0,0.0,0,0.0,7,0,0.0,0.0,0,17
2018-01,0,0.0,0.0,0,14,0,0.0,0.0,0.0,6,0,0.0,0,0,14,0,0.0,2,0.0,14,0.0,0,3,0,14,0,0,0.0,0.0,14,0,0.0,0.0,0,14,2,0.0,0.0,0.0,14,0,0.5,0.5,0.0,1,2,0,0.0,0,14,0.0,0.0,0.0,0.0,14,0,0.0,0,0,6,0,0.0,2.0,0.0,2,0.0,0,0,0,14,0,0.0,0.5,1,0.0,0,0,0,1,0,0.0,0,0,1,0,0,0.0,0,14,0,0.0,0,0,14,0.0,0,0,0.0,14,0.0,0.0,0,0.0,6,0,0.0,0.0,0,14
2018-02,0,0.0,0.0,0,13,0,0.0,0.0,0.0,6,0,0.0,0,0,13,0,0.0,3,0.0,13,0.0,0,0,0,13,0,0,0.0,0.0,13,0,0.0,0.0,0,13,2,0.0,0.0,0.0,13,0,0.5,0.5,0.0,1,0,0,0.0,0,13,0.0,0.0,0.0,0.0,13,0,0.0,0,0,6,0,0.0,2.0,0.0,2,0.0,0,0,0,13,0,0.0,0.5,1,0.0,0,0,0,1,0,0.0,0,0,1,0,0,0.0,0,13,0,0.0,0,0,13,0.0,0,3,0.0,13,0.0,0.0,0,0.0,6,0,0.0,0.0,0,13
2018-03,0,0.0,0.0,0,20,0,0.0,0.0,0.0,9,0,0.0,0,0,20,0,0.0,3,0.0,20,0.0,0,0,0,20,0,0,0.0,0.0,20,0,0.0,0.0,0,20,0,0.0,0.0,0.0,20,0,0.5,0.0,0.0,2,0,0,0.0,0,20,0.0,0.0,0.0,0.0,20,0,0.0,0,0,9,0,0.0,2.0,0.0,2,0.0,0,0,0,20,0,0.0,0.0,2,0.0,0,0,0,2,0,0.0,0,0,2,0,0,0.0,0,20,0,0.0,0,0,20,0.0,0,0,0.0,20,0.0,0.0,0,0.0,9,0,0.0,0.0,0,20
2018-04,0,0.0,0.0,0,18,0,0.0,0.0,0.0,8,0,0.0,0,0,18,0,0.0,0,0.0,18,0.0,0,0,0,18,0,0,0.0,0.0,18,0,0.0,0.0,0,18,0,0.0,0.0,0.0,18,0,0.5,0.5,0.0,2,0,0,0.0,0,18,0.0,0.0,0.0,0.0,18,0,0.0,0,0,8,0,0.0,2.0,0.0,2,0.0,0,0,0,18,0,0.0,0.0,2,0.0,0,0,0,1,0,0.0,0,0,1,0,0,0.0,0,18,0,0.0,0,0,18,0.0,0,0,0.0,18,0.0,0.0,0,0.0,8,0,0.0,0.0,0,18
2018-05,0,0.0,0.0,0,15,0,0.0,0.0,0.0,7,0,0.0,0,0,15,0,0.0,3,0.0,15,0.0,0,0,0,15,0,0,0.0,0.0,15,0,0.0,0.0,0,15,4,0.0,0.0,0.0,15,0,0.5,0.0,0.0,1,0,0,0.0,0,15,0.0,0.0,0.0,0.0,15,0,0.0,0,0,6,0,0.0,3.0,0.0,2,0.0,0,0,0,15,0,0.0,0.0,1,0.0,0,0,0,1,0,0.0,0,0,1,0,0,0.0,0,15,0,0.0,0,0,15,0.0,0,0,0.0,15,0.0,0.0,0,0.0,6,0,0.0,0.0,0,15
2018-06,0,0.0,0.0,0,15,0,0.0,0.0,0.0,7,0,0.0,0,0,15,0,0.0,0,0.0,15,0.0,0,0,0,15,0,0,0.0,0.0,15,0,0.0,0.0,0,15,0,0.0,0.0,0.0,15,0,0.5,0.5,0.0,1,0,0,0.0,0,15,0.0,0.0,0.0,0.0,15,0,0.0,0,0,6,0,0.0,2.0,0.0,2,0.0,0,0,0,15,0,0.0,0.0,1,0.0,0,0,0,1,0,0.0,0,0,1,0,0,0.0,0,15,0,0.0,0,0,15,0.0,0,3,0.0,15,0.0,0.0,0,0.0,6,0,0.0,0.0,0,15
2018-07,0,0.0,0.0,0,18,0,0.0,0.0,0.0,8,0,0.0,0,0,18,0,0.0,2,0.0,18,0.0,0,0,0,18,0,0,0.0,0.0,18,0,0.0,0.0,0,18,0,0.0,0.0,0.0,18,0,0.5,0.5,0.0,2,0,0,0.0,0,18,0.0,0.0,0.0,0.0,18,0,0.0,0,0,8,0,0.0,3.0,0.0,2,0.0,0,0,0,18,0,0.0,0.0,2,0.0,0,0,0,1,0,0.0,0,0,1,0,0,0.0,0,18,0,0.0,0,0,18,0.0,0,0,0.0,18,0.0,0.0,0,0.0,8,0,0.0,0.0,0,18
2018-08,0,0.0,0.0,0,19,0,0.0,0.0,0.0,8,0,0.0,0,0,19,0,0.0,0,0.0,19,0.0,0,0,0,19,0,0,0.0,0.0,19,0,0.0,0.0,0,19,0,0.0,0.0,0.0,19,0,0.5,0.5,0.0,2,0,0,0.0,0,19,0.0,0.0,0.0,0.0,19,0,0.0,0,0,8,0,0.0,3.0,0.0,2,0.0,0,0,0,19,0,0.0,0.0,2,0.0,0,0,0,1,0,0.0,0,0,1,0,0,0.0,0,19,0,0.0,0,0,19,0.0,0,0,0.0,19,0.0,0.0,0,0.0,8,0,0.0,0.0,0,19
2018-09,0,0.0,0.0,0,16,0,0.0,0.0,0.0,7,0,0.0,0,0,16,0,0.0,0,0.0,16,0.0,0,0,0,16,0,0,0.0,0.0,16,0,0.0,0.0,0,16,3,0.0,0.0,0.0,16,0,0.5,0.5,0.0,1,0,0,0.0,0,16,0.0,0.0,0.0,0.0,16,0,0.0,0,0,7,0,0.0,3.0,0.0,2,0.0,0,0,0,16,0,0.0,0.5,1,0.0,0,0,0,1,0,0.0,0,0,1,0,0,0.0,0,16,0,0.0,0,0,16,0.0,0,4,0.0,16,0.0,0.0,0,0.0,7,0,0.0,0.0,0,16
2018-10,0,0.0,0.0,0,16,0,0.0,0.0,0.0,7,0,0.0,0,0,16,0,0.0,2,0.0,16,0.0,0,0,0,16,0,0,0.0,0.0,16,0,0.0,0.0,0,16,0,0.0,0.0,0.0,16,0,0.5,0.5,0.0,1,0,0,0.0,0,16,0.0,0.0,0.0,0.0,16,0,0.0,0,0,7,0,0.0,3.0,0.0,2,0.0,0,0,0,16,0,0.0,0.0,1,0.0,0,0,0,1,0,0.0,0,0,1,0,0,0.0,0,16,0,0.0,0,0,16,0.0,0,4,0.0,16,0.0,0.0,0,0.0,7,0,0.0,0.0,0,16
2018-11,0,0.0,0.0,0,17,0,0.0,0.0,0.0,7,0,0.0,0,0,17,0,0.0,3,0.0,17,0.0,0,0,0,17,0,0,0.0,0.0,17,0,0.0,0.0,0,17,3,0.0,0.0,0.0,17,0,0.5,0.5,0.0,1,0,0,0.0,0,17,0.0,0.0,0.0,0.0,17,0,0.0,0,0,7,0,0.0,3.0,0.0,2,0.0,0,0,0,17,0,0.0,0.0,1,0.0,0,0,0,1,0,0.0,0,0,1,0,0,0.0,0,17,2,0.0,0,0,17,0.0,0,0,0.0,17,0.0,0.0,0,0.0,7,0,0.0,0.0,0,17
2018-12,0,0.0,0.0,0,13,0,0.0,0.0,0.0,6,0,0.0,0,0,13,0,0.0,3,0.0,13,0.0,0,0,0,13,0,0,0.0,0.0,13,0,0.0,0.0,0,13,3,0.0,0.0,0.0,13,0,0.5,0.5,0.0,1,0,2,0.0,0,13,0.0,0.0,0.0,0.0,13,0,0.0,0,0,6,0,0.0,3.0,0.0,1,0.0,0,0,0,13,0,0.0,0.5,1,0.0,0,0,0,1,0,0.0,0,0,1,0,0,0.0,0,13,0,0.0,0,0,13,0.0,0,0,0.0,13,0.0,0.0,0,0.0,5,0,0.0,0.0,0,13
2019-01,0,0.0,0.0,0,14,0,0.0,0.0,0.0,6,0,0.0,0,0,14,0,0.0,0,0.0,14,0.0,0,0,0,14,0,0,0.0,0.0,14,0,0.0,0.0,0,14,3,0.0,0.0,0.0,14,0,0.5,0.5,0.0,1,0,0,0.0,0,14,0.0,0.0,0.0,0.0,14,0,0.0,0,0,6,0,0.0,3.0,0.0,2,0.0,0,0,0,14,0,0.0,0.0,1,0.0,0,0,0,1,0,0.0,0,0,1,0,0,0.0,0,14,0,0.0,0,0,14,0.0,0,3,0.0,14,0.0,0.0,0,0.0,6,0,0.0,0.0,0,14
2019-02,0,0.0,0.0,0,20,0,0.0,0.0,0.0,9,0,0.0,0,0,20,0,0.0,3,0.0,20,0.0,0,0,0,20,0,0,0.0,0.0,20,0,0.0,0.0,0,20,3,0.0,0.0,0.0,20,0,0.5,0.5,0.0,2,2,0,0.0,0,20,0.0,0.0,0.0,0.0,20,0,0.0,0,0,8,0,0.0,4.0,0.0,2,0.0,0,0,0,20,0,0.0,0.0,2,0.0,0,0,0,2,0,0.0,0,0,2,0,0,0.0,0,20,0,0.0,0,0,20,0.0,0,3,0.0,20,0.0,0.0,0,0.0,8,0,0.0,0.0,0,20
2019-03,0,0.0,3.0,0,19,0,0.0,0.0,0.0,8,0,0.0,0,0,19,0,0.0,3,0.0,19,0.0,0,0,0,19,0,0,0.0,0.0,19,0,0.0,0.0,0,19,4,0.0,0.0,0.0,19,0,0.5,0.5,0.5,2,0,0,0.0,0,19,0.0,0.0,0.0,0.0,19,0,0.0,0,0,8,0,0.0,4.0,0.0,2,0.0,0,0,0,19,0,0.0,0.0,2,0.0,0,0,0,2,0,0.0,0,0,2,0,0,0.0,0,19,0,0.0,0,0,19,0.0,0,2,0.0,19,0.0,0.0,0,0.0,8,0,0.0,0.0,0,19
2019-04,0,0.0,0.0,0,21,0,0.0,0.0,0.0,9,0,0.0,0,0,21,0,0.0,4,0.0,21,0.0,0,0,0,21,0,0,0.0,0.0,21,0,0.0,0.0,0,21,3,0.0,0.0,0.0,21,0,0.5,0.5,0.0,2,0,0,0.0,0,21,0.0,0.0,0.0,0.0,21,0,0.0,0,0,9,0,0.0,4.0,0.0,2,0.0,0,0,0,21,0,0.0,0.0,2,0.0,0,0,0,2,0,0.0,0,0,2,0,0,0.0,0,21,0,0.0,0,0,21,0.0,0,4,0.0,21,0.0,0.0,0,0.0,9,0,0.0,0.0,0,21
2019-05,0,0.0,0.0,0,26,0,0.0,0.0,0.0,11,0,0.0,0,0,26,0,0.0,3,0.0,26,0.0,0,0,0,26,0,0,0.0,0.0,26,0,0.0,0.0,0,26,3,0.0,0.0,0.0,26,0,0.5,0.5,0.0,2,0,2,0.0,0,26,0.0,0.0,0.0,0.0,26,0,0.0,0,0,11,0,0.0,4.0,0.0,3,0.0,0,0,0,26,0,0.0,0.0,2,0.0,0,0,0,2,0,0.0,0,0,2,0,0,0.0,0,26,0,0.0,0,0,26,0.0,0,0,0.0,26,0.0,0.0,0,0.0,11,0,0.0,0.0,0,26
2019-06,0,0.0,0.0,0,20,0,0.0,0.0,0.0,9,0,0.0,0,0,20,0,0.0,3,0.0,20,0.0,0,0,0,20,0,0,0.0,0.0,20,0,0.0,0.0,0,20,0,0.0,0.0,0.0,20,0,0.5,0.5,0.0,2,0,0,0.0,0,20,0.0,0.0,0.0,0.0,20,0,0.0,0,1,8,0,0.0,3.0,0.0,2,0.0,0,0,0,20,0,0.0,0.5,2,0.0,0,0,0,2,0,0.0,0,0,2,0,0,0.0,0,20,0,0.0,0,0,20,0.0,0,2,0.0,20,0.0,0.0,0,0.0,8,0,0.0,0.0,0,20
2019-07,0,0.0,0.0,0,21,0,0.0,0.0,0.0,9,0,0.0,0,0,21,0,0.0,4,0.0,21,0.0,0,0,0,21,0,0,0.0,0.0,21,0,0.0,0.0,0,21,3,0.0,0.0,0.0,21,0,0.5,0.5,0.0,2,2,2,0.0,0,21,0.0,0.0,0.0,0.0,21,0,0.0,0,0,9,0,0.0,4.0,0.0,2,0.0,0,0,0,21,0,0.0,0.0,2,0.0,0,0,0,2,0,0.0,0,0,2,0,0,0.0,0,21,0,0.0,0,0,21,0.0,0,2,0.0,21,0.0,0.0,0,0.0,9,0,0.0,0.0,0,21
2019-08,0,0.0,0.0,0,19,0,0.0,0.0,0.0,8,0,0.0,0,0,19,0,0.0,4,0.0,19,0.0,0,0,0,19,0,0,0.0,0.0,19,0,0.0,0.0,0,19,3,0.0,0.0,0.0,19,0,0.5,0.5,0.0,2,2,0,0.0,0,19,0.0,0.0,0.0,0.0,19,0,0.0,0,0,8,0,0.0,4.0,0.0,2,0.0,0,0,0,19,0,0.0,0.0,2,0.0,0,0,0,2,0,0.0,0,0,2,0,0,0.0,0,19,0,0.0,0,2,19,0.0,0,4,0.0,19,0.0,0.0,0,0.0,8,0,0.0,0.0,0,19
2019-09,0,0.0,0.0,0,18,0,0.0,0.0,0.0,8,0,0.0,0,0,18,0,0.0,4,0.0,18,0.0,0,0,0,18,0,0,0.0,0.0,18,0,0.0,0.0,0,18,3,0.0,0.0,0.0,18,0,0.5,0.5,0.0,2,2,0,0.0,0,18,0.0,0.0,0.0,0.0,18,0,0.0,0,0,7,0,0.0,5.0,0.0,2,0.0,0,0,0,18,0,0.0,0.5,2,0.0,0,0,0,1,0,0.0,0,0,1,0,0,0.0,0,18,0,0.0,0,0,18,0.0,0,4,0.0,18,0.0,0.0,0,0.0,7,0,0.0,0.0,0,18
2019-10,0,0.0,0.0,0,19,0,0.0,0.0,0.0,8,0,0.0,0,0,19,0,0.0,4,0.0,19,0.0,0,0,0,19,0,0,0.0,0.0,19,0,0.0,0.0,0,19,3,0.0,0.0,0.0,19,0,0.5,0.5,0.5,2,2,2,0.0,0,19,0.0,0.0,0.0,0.0,19,0,0.0,0,0,8,0,0.0,6.0,0.0,2,0.0,0,0,0,19,0,0.0,0.5,2,0.0,0,0,0,1,0,0.0,0,0,1,0,0,0.0,0,19,0,0.0,0,0,19,0.0,0,4,0.0,19,0.0,0.0,0,0.0,8,0,0.0,0.0,0,19
2019-11,0,0.0,0.0,0,19,0,0.0,0.0,0.0,8,0,0.0,0,0,19,0,0.0,2,0.0,19,0.0,0,0,0,19,0,0,2.0,0.0,19,0,0.0,0.0,0,19,3,0.0,0.0,0.0,19,0,0.5,0.5,0.5,2,2,0,0.0,0,19,0.0,0.0,0.0,0.0,19,0,0.0,0,0,8,0,0.0,5.0,0.0,2,0.0,0,0,0,19,0,0.0,0.5,2,0.0,0,0,0,2,0,0.0,0,0,2,0,0,0.0,0,19,0,0.0,0,0,19,0.0,0,2,0.0,19,0.0,1.0,0,0.0,8,0,0.0,0.0,0,19
2019-12,0,0.0,0.0,0,15,0,0.0,0.0,0.0,7,0,0.0,0,0,15,0,0.0,4,0.0,15,0.0,0,0,0,15,0,0,0.0,0.0,15,0,0.0,0.0,0,15,3,0.0,0.0,0.0,15,0,0.5,0.5,0.0,1,0,1,0.0,0,15,0.0,0.0,0.0,0.0,15,0,0.0,0,0,7,0,0.0,5.0,0.0,2,0.0,0,0,0,15,0,0.0,0.5,1,0.0,0,0,0,1,0,0.0,0,0,1,0,0,0.0,0,15,0,0.0,0,0,15,0.0,0,2,0.0,15,0.0,0.0,0,0.0,6,0,0.0,0.0,0,15
2020-01,0,0.0,0.0,0,17,0,0.0,0.0,0.0,8,0,0.0,0,0,17,0,0.0,3,0.0,17,0.0,0,0,0,17,0,0,0.0,0.0,17,0,0.0,0.0,0,17,3,0.0,0.0,0.0,17,0,0.5,0.5,0.5,2,0,0,0.0,0,17,0.0,0.0,0.0,0.0,17,0,0.0,0,0,7,0,0.0,5.0,0.0,2,0.0,0,0,0,17,0,0.0,0.5,2,0.0,0,0,0,1,0,0.0,0,0,1,0,0,0.0,0,17,0,0.0,0,0,17,0.0,0,3,0.0,17,0.0,0.0,0,0.0,7,0,0.0,0.0,0,17
2020-02,0,0.0,0.0,0,19,0,0.0,0.0,0.0,8,0,0.0,0,0,19,0,0.0,4,0.0,19,0.0,0,0,0,19,0,0,0.0,0.0,19,0,0.0,0.0,0,19,3,0.0,0.0,0.0,19,0,0.5,0.5,0.5,2,2,0,0.0,0,19,0.0,0.0,0.0,0.0,19,0,0.0,0,0,8,0,0.0,6.0,0.0,2,0.0,0,0,0,19,0,0.0,0.0,2,0.0,0,0,0,2,0,0.0,0,0,2,0,0,0.0,0,19,0,0.0,0,0,19,0.0,0,5,0.0,19,0.0,0.0,0,0.0,8,0,0.0,0.0,0,19
2020-03,0,0.0,0.0,0,20,0,0.0,0.0,0.0,9,0,0.0,0,0,20,0,0.0,4,0.0,20,0.0,0,0,0,20,0,0,2.0,0.0,20,0,0.0,2.0,0,20,5,0.0,0.0,0.0,20,0,1.0,1.0,0.5,2,2,2,0.0,0,20,0.0,0.0,0.0,0.0,20,0,0.0,0,0,9,0,0.0,5.0,0.0,2,0.0,0,0,0,20,0,0.0,0.0,2,0.0,0,0,0,2,0,0.0,0,0,2,0,0,0.0,0,20,0,0.0,0,0,20,0.0,0,4,0.0,20,0.0,0.0,0,0.0,8,0,0.0,0.0,0,20
2020-04,0,0.0,0.0,0,18,0,0.0,0.0,0.0,8,0,0.0,0,0,18,0,0.0,6,0.0,18,0.0,0,0,0,18,0,0,0.0,0.0,18,0,0.0,0.0,0,18,6,0.0,0.0,0.0,18,0,1.0,1.0,0.5,2,2,2,0.0,0,18,0.0,0.0,0.0,0.0,18,0,0.0,0,0,8,0,0.0,7.0,0.0,2,0.0,0,0,0,18,0,0.0,0.5,2,0.0,0,0,0,1,0,0.0,0,0,1,0,0,2.0,0,18,1,3.0,0,0,18,0.0,0,4,0.0,18,0.0,0.0,0,0.0,8,0,0.0,0.0,0,18
2020-05,0,0.0,0.0,0,18,0,0.0,0.0,0.0,8,0,0.0,0,0,18,0,0.0,7,0.0,18,0.0,0,0,0,18,0,0,0.0,0.0,18,0,0.0,0.0,0,18,5,0.0,0.0,0.0,18,0,1.0,1.0,0.5,2,3,3,0.0,0,18,0.0,0.0,0.0,0.0,18,0,0.0,0,0,8,0,0.0,7.0,0.0,2,0.0,0,0,0,18,0,0.0,0.0,2,0.0,0,0,0,1,0,0.0,0,0,1,0,0,0.0,0,18,0,0.0,0,0,18,0.0,0,5,0.0,18,0.0,0.0,0,0.0,8,0,0.0,0.0,0,18
2020-06,0,0.0,0.0,0,22,0,0.0,0.0,0.0,10,0,0.0,0,0,22,0,0.0,6,0.0,22,0.0,0,0,0,22,0,0,1.0,0.0,22,0,0.0,0.0,0,22,6,0.0,0.0,0.0,22,0,1.0,1.0,0.5,2,2,2,0.0,0,22,0.0,0.0,0.0,0.0,22,0,0.0,0,0,10,0,0.0,7.0,0.0,3,0.0,0,0,0,22,0,0.0,0.5,2,0.0,0,0,0,2,0,0.0,0,0,2,0,0,0.0,0,22,0,0.0,0,0,22,0.0,0,4,0.0,22,0.0,0.0,0,0.0,9,0,0.0,0.0,0,22
2020-07,0,0.0,0.0,0,23,0,0.0,1.0,0.0,10,0,0.0,0,0,23,0,0.0,6,0.0,23,0.0,0,0,0,23,1,0,2.0,0.0,23,0,0.0,0.0,0,23,5,0.0,0.0,0.0,23,0,1.0,1.0,0.5,2,1,2,0.0,0,23,0.0,0.0,0.0,0.0,23,0,0.0,0,0,10,0,0.0,6.0,0.0,3,0.0,0,0,0,23,0,0.0,0.5,2,0.0,0,0,0,2,0,0.0,0,0,2,0,0,0.0,0,23,0,0.0,0,0,23,0.0,0,4,0.0,23,0.0,0.0,0,0.0,10,0,0.0,0.0,0,23
2020-08,0,0.0,0.0,0,20,0,0.0,0.0,0.0,9,0,0.0,0,0,20,0,0.0,4,0.0,20,0.0,0,0,0,20,0,0,0.0,0.0,20,0,0.0,0.0,0,20,5,0.0,0.0,0.0,20,0,1.0,1.0,0.5,2,2,2,0.0,0,20,0.0,0.0,0.0,0.0,20,0,0.0,0,0,9,0,0.0,6.0,0.0,2,0.0,0,0,0,20,0,0.0,0.5,2,0.0,0,0,0,2,0,0.0,0,0,2,0,0,0.0,0,20,0,0.0,0,0,20,0.0,0,3,0.0,20,0.0,0.0,0,0.0,9,0,0.0,0.0,0,20
2020-09,0,0.0,0.0,0,20,0,0.0,0.0,0.0,9,0,0.0,0,0,20,0,0.0,5,0.0,20,0.0,0,0,0,20,0,0,0.0,0.0,20,0,0.0,0.0,0,20,5,0.0,0.0,0.0,20,0,1.0,1.0,0.5,2,2,2,0.0,0,20,1.0,0.0,1.0,0.0,20,0,0.0,0,0,9,0,0.0,6.0,0.0,2,0.0,0,0,0,20,0,0.0,0.5,2,0.0,0,0,0,2,0,0.0,0,0,2,0,0,0.0,0,20,0,0.0,0,0,20,0.0,0,4,0.0,20,0.0,0.5,0,0.0,9,0,0.0,0.0,0,20
2020-10,0,0.0,0.0,0,21,0,0.0,0.0,0.0,9,0,0.0,0,0,21,0,0.0,5,0.0,21,0.0,0,0,0,21,0,0,1.0,0.0,21,0,0.0,0.0,0,21,4,0.0,0.0,0.0,21,0,1.0,1.0,0.5,2,1,4,0.0,0,21,0.0,0.0,0.0,1.0,21,0,0.0,0,0,9,0,0.0,7.0,0.0,2,0.0,0,0,0,21,0,0.0,0.5,2,0.0,0,0,0,2,0,0.5,0,0,2,0,0,0.0,0,21,0,0.0,0,0,21,0.0,0,4,0.0,21,0.0,0.0,0,0.0,9,0,0.0,0.0,0,21
2020-11,0,0.0,0.0,0,17,0,0.0,0.0,0.0,8,0,2.0,0,0,17,0,0.0,4,0.0,17,0.0,0,0,0,17,0,0,1.0,0.0,17,0,0.0,0.0,0,17,4,0.0,0.0,0.0,17,0,1.0,1.0,0.5,2,2,3,0.0,0,17,0.0,0.0,0.0,0.0,17,0,0.0,0,0,7,0,0.0,7.0,0.0,2,0.0,0,0,0,17,0,0.0,0.5,2,0.0,0,0,0,1,0,0.0,0,0,1,0,0,0.0,0,17,0,0.0,0,0,17,0.0,0,9,0.0,17,0.0,1.0,0,0.0,7,0,0.0,0.0,0,17
2020-12,0,0.0,0.0,0,18,0,0.0,1.0,0.0,8,0,1.0,0,0,18,0,0.0,5,0.0,18,0.0,0,0,0,18,0,0,2.0,0.0,18,0,0.0,0.0,0,18,4,0.0,0.0,0.0,18,0,1.0,1.0,0.5,2,2,2,0.0,0,18,0.0,0.0,0.0,1.0,18,0,0.0,0,0,8,0,0.0,7.0,0.0,2,0.0,0,0,0,18,0,0.0,0.5,2,0.0,0,0,0,1,0,0.0,0,0,1,0,0,0.0,0,18,0,0.0,0,0,18,0.0,0,4,0.0,18,0.0,1.0,0,0.0,8,0,0.0,0.0,0,18
2021-01,0,0.0,0.0,0,16,0,0.0,1.0,0.0,7,0,0.0,0,0,16,0,0.0,4,0.0,16,0.0,0,0,0,16,0,0,0.0,0.0,16,0,0.0,0.0,0,16,5,0.0,0.0,0.0,16,0,1.0,1.0,0.5,1,2,2,0.0,0,16,0.0,0.0,0.0,1.0,16,0,0.0,0,0,7,0,0.0,7.0,0.0,2,0.0,0,0,0,16,0,0.0,0.5,1,0.0,0,0,0,1,0,0.0,0,0,1,0,0,0.0,0,16,0,0.0,0,0,16,0.0,0,3,0.0,16,0.0,0.5,0,0.0,7,0,0.0,0.0,0,16
2021-02,0,0.0,0.0,0,16,0,0.0,0.0,0.0,7,0,0.0,0,0,16,0,0.0,4,0.0,16,0.0,0,0,0,16,0,0,2.0,0.0,16,0,0.0,0.0,0,16,5,0.0,19.0,0.0,16,0,1.0,1.0,0.5,1,2,0,0.0,0,16,0.0,0.0,0.0,0.0,16,0,0.0,0,0,7,0,0.0,7.0,0.0,2,0.0,0,0,0,16,0,0.0,0.5,1,0.0,0,0,0,1,0,0.0,0,0,1,0,0,0.0,0,16,0,0.0,0,0,16,0.0,0,4,0.0,16,0.0,0.5,0,0.0,7,0,0.0,0.0,0,16
2021-03,0,1.0,0.0,0,16,0,0.0,1.0,0.0,7,0,0.0,0,0,16,0,0.0,5,7.0,16,0.0,0,0,0,16,0,0,0.0,0.0,16,0,0.0,0.0,0,16,3,0.0,7.0,0.0,16,0,1.0,1.0,0.5,1,2,2,0.0,0,16,0.0,0.0,0.0,0.0,16,0,0.0,0,0,7,0,0.0,7.0,0.0,2,0.0,0,0,0,16,0,0.0,0.0,1,0.0,0,0,0,1,0,0.0,0,0,1,0,0,0.0,0,16,0,0.0,0,0,16,0.0,0,4,0.0,16,0.0,0.5,0,0.0,7,0,0.0,0.0,0,16
2021-04,0,0.0,0.0,0,14,0,0.0,0.5,0.0,6,0,1.0,0,0,14,0,0.0,4,1.0,14,0.0,0,0,0,14,0,0,0.0,0.0,14,0,0.0,0.0,0,14,4,0.0,6.0,0.0,14,0,1.0,1.0,0.5,1,2,2,0.0,0,14,0.0,0.0,0.0,0.0,14,0,0.0,0,0,6,0,0.0,7.0,0.0,2,0.0,0,0,0,14,0,0.0,0.0,1,0.0,0,0,0,1,0,0.0,0,0,1,0,0,0.0,0,14,0,0.0,0,0,14,0.0,0,4,1.0,14,0.0,0.0,0,0.0,6,0,0.0,0.0,0,14
2021-05,0,0.0,0.0,0,14,0,0.0,0.5,0.0,6,0,0.0,0,0,14,0,0.0,3,1.0,14,0.0,0,0,0,14,0,0,1.0,0.0,14,0,0.0,0.0,0,14,4,0.0,4.0,0.0,14,0,1.0,1.0,0.5,1,2,2,0.0,0,14,0.0,0.0,0.0,0.0,14,0,0.0,0,0,6,0,0.0,7.0,0.0,2,0.0,0,0,0,14,0,0.0,0.0,1,0.0,0,0,0,1,0,0.0,0,0,1,0,0,1.0,0,14,0,0.0,0,0,14,0.0,0,3,0.0,14,0.0,0.0,0,0.0,6,0,0.0,0.0,0,14
2021-06,0,1.0,0.0,0,16,0,0.0,0.5,0.0,7,0,0.0,0,0,16,0,0.0,4,0.0,16,0.0,0,0,0,16,0,0,0.0,0.0,16,0,0.0,0.0,0,16,5,0.0,5.0,0.0,16,0,1.0,1.0,0.5,1,2,2,0.0,0,16,0.0,0.0,0.0,1.0,16,0,0.0,0,0,7,0,0.0,7.0,0.0,2,0.0,0,0,0,16,0,0.0,0.0,1,0.0,0,0,0,1,0,0.0,0,0,1,0,0,0.0,0,16,0,0.0,0,0,16,0.0,0,4,0.0,16,0.0,1.0,0,0.0,7,0,0.0,0.0,0,16
2021-07,0,0.0,0.0,0,13,0,0.0,0.0,0.0,6,0,0.0,0,0,13,0,0.0,5,1.0,13,0.0,0,0,0,13,0,0,1.0,0.0,13,0,0.0,0.0,0,13,5,0.0,48.0,0.0,13,0,1.0,1.0,0.5,1,1,2,0.0,0,13,0.0,0.0,0.0,1.0,13,0,0.0,0,0,5,0,0.0,7.0,0.0,1,0.0,0,0,0,13,0,0.0,0.5,1,0.0,0,0,0,1,0,0.0,0,0,1,0,0,1.0,0,13,0,0.0,0,0,13,0.0,0,4,0.0,13,0.0,0.0,0,0.0,5,0,0.0,0.0,0,13
2021-08,0,0.0,0.0,0,15,0,0.0,0.5,0.5,6,0,0.0,0,0,15,0,0.0,5,0.0,15,0.0,0,0,0,15,0,0,4.0,0.0,15,0,0.0,0.0,0,15,6,1.0,77.0,0.0,15,0,1.0,1.0,0.5,1,2,2,0.0,0,15,0.0,0.0,0.0,1.0,15,0,0.0,0,0,6,0,0.0,7.0,0.0,2,0.0,0,0,0,15,0,0.0,0.5,1,0.0,0,0,0,1,0,0.0,0,0,1,0,0,0.0,0,15,0,0.0,0,0,15,0.0,0,3,0.0,15,0.0,0.5,0,0.5,6,0,1.0,0.0,0,15
2021-09,0,0.0,0.0,0,14,0,0.0,0.5,0.0,6,0,0.0,0,0,14,0,0.0,5,0.0,14,0.0,0,0,0,14,0,0,2.0,0.0,14,0,0.0,0.0,0,14,5,0.0,44.0,0.0,14,0,1.0,1.0,0.5,1,2,2,0.0,0,14,0.0,0.0,0.0,1.0,14,0,0.0,0,0,6,0,0.0,8.0,0.0,2,0.0,0,0,0,14,0,0.0,0.5,1,0.0,0,0,0,1,0,0.0,0,0,1,0,0,0.0,0,14,0,0.0,0,0,14,0.0,0,3,0.0,14,0.0,0.5,0,0.0,6,0,0.0,0.0,0,14
2021-10,0,0.0,0.0,0,13,0,0.0,0.5,0.0,6,0,0.0,0,0,13,0,0.0,4,0.0,13,0.0,0,0,0,13,0,0,1.0,0.0,13,0,0.0,0.0,0,13,4,0.0,27.0,0.0,13,0,1.0,1.0,0.5,1,1,2,0.0,0,13,0.0,0.0,0.0,1.0,13,0,0.0,0,0,5,0,0.0,7.0,0.0,1,0.0,0,0,0,13,0,0.0,0.5,1,0.0,0,0,0,1,0,0.0,0,0,1,0,0,0.0,0,13,0,0.0,0,0,13,0.0,0,3,0.0,13,0.0,1.0,0,0.0,5,0,0.0,0.0,0,13
2021-11,0,0.0,0.0,0,15,0,0.0,1.0,0.0,7,0,0.0,0,0,15,0,0.0,4,0.0,15,0.0,0,0,0,15,0,0,1.0,0.0,15,0,0.0,1.0,0,15,4,0.0,28.0,0.0,15,0,1.0,1.0,0.5,1,2,2,0.0,0,15,0.0,0.0,0.0,1.0,15,0,0.0,0,0,6,0,0.0,8.0,0.0,2,0.0,0,0,0,15,0,0.0,0.5,1,0.0,0,0,0,1,0,0.0,0,0,1,0,0,0.0,0,15,0,0.0,0,0,15,0.0,0,2,0.0,15,0.0,0.5,0,0.0,6,0,0.0,0.0,0,15
2021-12,0,0.0,0.0,0,12,0,0.0,0.5,0.0,5,0,0.0,0,0,12,0,0.0,4,0.0,12,1.0,0,0,0,12,0,0,1.0,0.0,12,0,0.0,0.0,0,12,3,0.0,22.0,0.0,12,0,1.0,1.0,0.5,1,2,2,0.0,0,12,0.0,0.0,0.0,1.0,12,0,0.0,0,0,5,0,0.0,8.0,0.0,1,0.0,0,0,0,12,0,0.0,0.5,1,0.0,0,0,0,1,0,0.0,0,0,1,0,0,0.0,0,12,0,0.0,0,0,12,0.0,0,3,0.0,12,0.0,0.5,0,0.0,5,0,0.0,0.0,0,12
2022-01,0,0.0,0.0,0,14,0,0.0,0.5,0.0,6,0,0.0,0,0,14,0,0.0,3,0.0,14,0.0,0,0,0,14,0,0,1.0,0.0,14,0,0.0,0.0,0,14,3,0.0,43.0,0.0,14,0,1.0,1.0,0.5,1,3,1,0.0,0,14,0.0,0.0,0.0,1.0,14,0,0.0,0,0,6,0,0.0,8.0,0.0,2,0.0,0,0,0,14,0,0.0,0.5,1,0.0,0,0,0,1,0,0.0,0,0,1,0,0,1.0,0,14,0,0.0,0,0,14,0.0,0,3,0.0,14,0.0,0.5,0,0.0,6,0,0.0,0.0,0,14
2022-02,0,0.0,0.0,0,14,0,0.0,0.5,0.0,6,0,0.0,0,0,14,0,0.0,4,1.0,14,0.0,0,0,0,14,0,0,2.0,0.0,14,0,0.0,0.0,0,14,6,0.0,36.0,0.0,14,0,1.0,1.0,0.5,1,3,2,0.0,0,14,0.0,0.0,0.0,1.0,14,0,0.0,0,0,6,0,0.0,9.0,0.0,2,0.0,0,0,0,14,0,0.0,0.5,1,0.0,0,0,0,1,0,0.0,0,0,1,0,0,1.0,0,14,0,0.0,0,0,14,0.0,0,3,0.0,14,0.0,0.5,0,0.0,6,0,0.0,0.0,0,14
2022-03,0,0.0,0.0,0,16,0,0.0,1.0,0.0,7,0,1.0,0,0,16,0,0.0,4,1.0,16,0.5,0,0,0,16,0,0,2.0,0.5,16,0,0.5,0.5,0,16,4,0.0,16.0,0.0,16,0,1.0,1.0,0.5,1,2,2,0.0,0,16,0.0,0.0,0.0,1.0,16,0,0.0,0,0,7,0,0.0,8.0,0.0,2,0.0,0,0,0,16,0,0.0,0.5,1,0.0,0,0,0,1,0,0.0,0,0,1,0,0,1.0,0,16,0,0.0,0,0,16,0.0,0,4,0.0,16,0.5,0.5,0,0.0,7,0,0.0,0.0,0,16
2022-04,0,0.5,0.0,0,16,0,0.0,0.5,0.0,7,0,1.0,0,0,16,0,0.0,4,0.0,16,0.0,0,0,0,16,0,0,1.0,0.0,16,0,0.0,0.5,0,16,5,0.0,8.0,0.0,16,0,1.0,1.0,0.5,1,3,3,0.0,0,16,0.5,0.0,0.0,1.0,16,0,0.0,0,0,7,0,0.0,9.0,0.0,2,0.0,0,0,0,16,0,0.0,0.5,1,0.0,0,0,0,1,0,0.0,0,0,1,0,0,1.0,0,16,0,0.0,0,0,16,0.0,0,4,0.0,16,0.0,0.5,0,0.0,7,0,0.0,0.0,0,16
2022-05,0,1.0,0.0,0,16,0,0.0,0.5,0.0,7,0,0.5,0,0,16,0,0.0,3,0.0,16,0.0,0,0,0,16,0,0,1.0,0.0,16,0,0.0,0.0,0,16,5,0.0,6.0,0.0,16,0,1.0,1.0,0.5,1,3,3,0.0,0,16,0.0,0.0,0.0,1.0,16,0,0.0,0,0,7,0,0.0,8.0,0.0,2,0.0,0,0,0,16,0,0.0,0.5,1,0.0,0,0,0,1,0,0.0,0,0,1,0,0,1.0,0,16,0,1.0,0,0,16,0.0,0,4,0.0,16,0.0,0.5,0,0.0,7,0,0.0,0.0,0,16
2022-06,0,2.0,0.0,0,17,0,0.0,0.5,0.0,8,0,0.5,0,0,17,0,0.0,3,0.0,17,0.0,0,0,0,17,0,0,1.0,0.0,17,0,0.0,0.0,0,17,4,0.0,9.0,0.0,17,0,1.0,1.0,0.5,2,3,3,0.0,0,17,0.0,0.0,0.0,1.0,17,0,0.0,0,0,7,0,0.0,9.0,0.0,2,0.0,0,0,0,17,0,0.0,0.5,2,0.0,0,0,0,1,0,0.0,0,0,1,0,0,1.0,0,17,0,2.0,0,0,17,0.0,0,4,0.0,17,0.0,1.0,0,0.0,7,0,0.0,0.0,0,17
2022-07,0,0.0,0.0,0,15,0,0.0,0.5,0.0,7,0,1.0,0,0,15,0,0.0,4,0.0,15,1.0,0,0,0,15,0,0,1.0,0.0,15,0,0.0,0.0,0,15,5,0.0,7.0,0.0,15,0,1.0,1.0,0.5,1,3,2,0.0,0,15,0.0,0.0,0.0,1.0,15,0,0.0,0,0,6,0,0.0,8.0,0.0,2,0.0,0,0,0,15,0,0.0,0.5,1,0.0,0,0,0,1,0,0.0,0,0,1,0,0,0.5,0,15,0,1.0,0,0,15,0.0,0,4,0.0,15,0.0,0.5,0,0.0,6,0,0.0,0.0,0,15
2022-08,0,0.0,0.0,0,17,0,0.0,0.5,0.0,7,0,1.0,0,0,17,0,0.0,4,0.0,17,1.0,0,0,0,17,0,0,1.0,0.0,17,0,0.0,0.0,0,17,5,0.0,13.0,0.5,17,0,1.0,1.0,0.5,1,3,2,0.0,0,17,0.0,0.0,0.0,1.0,17,0,0.0,0,0,7,0,0.0,8.0,0.0,2,0.0,0,0,0,17,0,0.0,0.5,1,0.0,0,0,0,1,0,0.0,0,0,1,0,0,1.0,0,17,0,0.0,0,0,17,0.0,0,5,0.0,17,0.0,0.5,0,0.0,7,0,0.0,0.0,0,17
2022-09,0,0.0,0.0,0,19,0,0.0,1.0,0.0,9,0,1.0,0,0,19,0,0.0,4,0.0,19,1.0,0,0,0,19,0,0,1.0,0.0,19,0,0.0,0.0,0,19,5,0.0,11.0,0.0,19,0,1.0,1.0,0.5,2,3,2,0.0,0,19,0.0,0.0,0.5,1.0,19,0,0.0,0,0,8,0,0.0,9.0,0.0,2,0.0,0,0,0,19,0,0.0,0.5,2,0.0,0,0,0,2,0,0.0,0,0,2,0,0,1.0,0,19,0,0.0,0,0,19,0.0,0,4,0.0,19,0.0,0.5,0,0.0,8,0,0.0,0.0,0,19
2022-10,0,1.0,0.0,0,18,0,0.0,1.0,0.0,8,0,1.0,0,0,18,0,0.0,4,0.0,18,0.0,0,0,0,18,0,0,1.0,0.0,18,0,0.0,0.0,0,18,5,0.0,12.0,0.0,18,0,1.0,1.0,0.5,2,3,3,0.0,0,18,0.0,0.0,0.0,1.0,18,0,0.0,0,0,8,0,0.0,9.0,0.0,2,0.0,0,0,0,18,0,0.0,0.5,2,0.0,0,0,0,1,0,0.0,0,0,1,0,0,0.0,0,18,0,0.0,0,0,18,0.0,0,5,0.0,18,0.0,0.5,0,0.0,8,0,0.0,0.0,0,18
2022-11,0,0.0,0.0,0,19,0,0.0,1.0,0.0,8,0,0.5,0,0,19,0,0.0,3,0.0,19,0.5,0,0,0,19,0,0,1.0,0.0,19,0,0.0,0.0,0,19,5,0.0,7.0,0.0,19,0,1.0,1.0,0.5,2,3,2,0.0,0,19,0.0,0.0,0.0,1.0,19,0,0.0,0,0,8,0,0.0,9.0,0.0,2,0.0,0,0,0,19,0,0.0,0.5,2,0.0,0,0,0,1,0,0.0,0,0,1,0,0,0.0,0,19,0,0.0,0,0,19,0.0,0,4,0.0,19,0.0,0.5,0,0.0,8,0,0.0,0.0,0,19
2022-12,0,0.0,0.0,0,11,0,0.0,0.5,0.0,5,0,1.0,0,0,11,0,0.0,3,0.0,11,0.5,0,0,0,11,0,0,1.0,0.0,11,0,0.0,0.0,0,11,4,0.0,4.0,0.0,11,0,1.0,1.0,0.5,1,3,1,0.0,0,11,0.0,0.0,0.0,1.0,11,0,0.0,0,0,5,0,0.0,8.0,0.0,1,0.0,0,0,0,11,0,0.0,0.5,1,0.0,0,0,0,1,0,0.0,0,0,1,0,0,0.5,0,11,0,0.0,0,0,11,0.0,0,4,0.0,11,0.5,0.5,0,0.0,5,0,0.0,0.0,0,11
2023-01,0,0.0,0.0,0,12,0,0.0,1.0,0.0,5,0,0.5,0,0,12,0,0.5,3,0.0,12,0.0,0,0,0,12,0,0,1.0,0.0,12,0,0.0,0.0,0,12,4,0.0,5.0,0.0,12,0,1.0,1.0,0.5,1,3,2,0.0,0,12,0.0,0.0,0.0,1.0,12,0,0.0,0,0,5,0,0.0,8.0,0.0,1,0.0,0,0,0,12,0,0.0,0.5,1,0.0,0,0,0,1,0,0.0,0,0,1,0,0,1.0,0,12,0,0.0,0,0,12,0.0,0,4,0.0,12,0.0,0.5,0,0.0,5,0,0.0,0.0,0,12
2023-02,0,1.0,0.0,0,14,0,0.0,1.0,0.0,6,0,1.0,0,0,14,0,0.0,4,1.0,14,0.0,0,0,0,14,0,0,1.0,0.0,14,0,0.0,0.0,0,14,4,0.0,6.0,0.5,14,0,1.0,1.0,0.5,1,3,2,0.0,0,14,0.0,0.0,0.0,1.0,14,0,0.0,0,0,6,0,0.0,9.0,0.0,2,0.0,0,0,0,14,0,0.0,0.5,1,0.0,0,0,0,1,0,0.0,0,0,1,0,0,1.0,0,14,0,0.0,0,0,14,0.0,0,5,0.0,14,0.0,0.5,0,0.0,6,0,0.0,0.0,0,14
2023-03,0,0.5,0.0,0,13,0,0.0,1.0,0.5,6,0,1.0,0,0,13,0,0.0,4,0.0,13,0.5,0,0,0,13,0,0,1.0,0.0,13,0,0.0,0.0,0,13,4,0.0,3.0,0.0,13,0,1.0,1.0,0.5,1,3,2,0.0,0,13,0.0,0.0,0.0,1.0,13,0,0.0,0,0,6,0,0.0,9.0,0.0,2,0.0,0,0,0,13,0,0.0,0.5,1,0.0,0,0,0,1,0,0.0,0,0,1,0,0,1.0,0,13,0,0.0,0,0,13,0.0,0,4,0.0,13,0.0,0.5,0,0.0,6,0,0.5,0.0,0,13
2023-04,0,0.0,0.0,0,11,0,0.0,0.5,0.0,5,0,1.0,0,0,11,0,0.0,4,0.0,11,0.0,0,0,0,11,0,0,0.5,0.0,11,0,0.0,0.0,0,11,5,0.0,2.0,0.0,11,0,1.0,1.0,0.5,1,3,2,0.0,0,11,0.0,0.0,0.0,1.0,11,0,0.5,0,0,5,0,0.0,8.0,0.0,1,0.0,0,0,0,11,0,0.0,0.5,1,0.5,0,0,0,1,0,0.0,0,0,1,0,0,1.0,0,11,0,0.0,0,0,11,0.0,0,3,0.0,11,0.0,0.5,0,0.0,5,0,0.0,0.0,0,11
2023-05,0,1.0,0.0,0,16,0,0.0,1.0,0.5,7,0,1.0,0,0,16,0,0.0,4,0.0,16,0.0,0,0,0,16,0,0,1.0,0.0,16,0,0.0,0.5,0,16,5,0.0,2.0,0.0,16,0,1.0,1.0,0.5,1,3,3,0.0,0,16,0.5,0.0,0.0,1.0,16,0,0.0,0,0,7,0,0.0,9.0,0.0,2,0.0,0,0,0,16,0,0.0,0.5,1,0.0,0,0,0,1,0,0.0,0,0,1,0,0,1.0,0,16,0,0.0,0,0,16,0.0,0,5,0.0,16,0.0,0.5,0,0.0,7,0,0.5,0.0,0,16
2023-06,0,0.5,0.0,0,16,0,0.0,1.0,0.5,7,0,2.0,0,0,16,0,0.0,4,0.0,16,0.0,0,0,0,16,0,0,1.0,0.0,16,0,0.0,0.0,0,16,4,0.0,3.0,0.5,16,0,1.0,1.0,0.5,1,3,2,0.0,0,16,0.0,0.0,0.0,1.0,16,0,0.0,0,0,7,0,0.0,9.0,0.0,2,0.0,0,0,0,16,0,0.0,0.5,1,0.0,0,0,0,1,0,0.0,0,0,1,0,0,1.0,0,16,0,0.0,0,0,16,0.0,0,5,0.0,16,0.0,0.5,0,0.0,7,0,0.5,0.0,0,16
2023-07,0,0.0,0.0,0,13,0,0.0,0.5,0.0,6,0,0.5,0,0,13,0,0.0,3,0.0,13,0.5,0,0,0,13,0,0,1.0,0.0,13,0,0.0,0.0,0,13,4,0.0,4.0,0.5,13,0,1.0,1.0,0.5,1,2,2,0.0,0,13,0.0,0.0,0.0,1.0,13,0,0.0,0,0,6,0,0.0,8.0,0.0,1,0.0,0,0,0,13,0,0.0,0.5,1,0.0,0,0,0,1,0,0.0,0,0,1,0,0,0.0,0,13,0,0.0,0,0,13,0.0,0,4,0.0,13,0.0,0.5,0,0.0,5,0,0.0,0.0,0,13
2023-08,0,1.0,0.0,0,15,0,0.0,1.0,0.5,7,0,0.5,0,0,15,0,0.0,3,0.0,15,0.5,0,0,0,15,0,0,1.0,0.0,15,0,0.0,0.0,0,15,6,0.0,5.0,0.0,15,0,1.0,1.0,0.5,1,2,2,0.0,0,15,0.0,0.0,0.0,1.0,15,0,0.0,0,0,6,0,0.0,9.0,0.0,2,0.0,0,0,0,15,0,0.0,0.5,1,0.0,0,0,0,1,0,0.0,0,0,1,0,0,1.0,0,15,0,0.0,0,0,15,1.0,0,5,0.0,15,0.0,0.5,0,0.0,6,0,0.5,0.0,0,15
2023-09,0,1.0,0.0,0,15,0,0.0,1.0,0.5,6,0,0.5,0,0,15,0,0.0,4,0.0,15,0.5,0,0,0,15,0,0,2.0,0.0,15,0,0.0,0.0,0,15,5,0.0,2.0,0.0,15,0,1.0,1.0,0.5,1,2,3,0.0,0,15,0.0,0.0,0.0,1.0,15,0,0.0,0,0,6,0,0.0,8.0,0.0,2,0.0,0,0,0,15,0,0.0,0.5,1,0.0,0,0,0,1,0,0.0,0,0,1,0,0,1.0,0,15,0,0.0,0,0,15,0.0,0,6,0.0,15,0.0,1.0,0,0.0,6,0,0.5,0.0,0,15
2023-10,0,1.0,0.0,0,13,0,0.0,1.0,0.0,6,0,0.5,0,0,13,0,0.0,3,0.0,13,0.0,0,0,0,13,0,0,1.0,0.0,13,0,0.0,0.0,0,13,4,0.0,2.0,0.0,13,0,1.0,1.0,0.5,1,1,2,0.0,0,13,0.0,0.0,0.0,1.0,13,0,0.0,0,0,6,0,0.0,8.0,0.0,2,0.0,0,0,0,13,0,0.0,0.5,1,0.0,0,0,0,1,0,0.0,0,0,1,0,0,1.0,0,13,0,0.0,0,0,13,0.0,0,5,0.0,13,0.0,0.5,0,0.0,6,0,0.0,0.0,0,13
2023-11,0,2.0,0.5,0,15,0,0.0,0.5,0.0,6,0,1.0,0,0,15,0,0.0,4,0.0,15,0.5,0,0,0,15,0,0,1.0,0.0,15,0,0.0,0.0,0,15,4,0.0,5.0,0.0,15,0,1.0,1.0,0.5,1,2,2,0.0,0,15,0.0,0.0,1.0,1.0,15,0,0.0,0,0,6,0,0.0,9.0,0.0,2,0.0,0,0,0,15,0,0.0,0.5,1,0.0,0,0,0,1,0,0.0,0,0,1,0,0,1.0,0,15,0,0.0,0,0,15,0.0,0,4,0.0,15,0.0,0.5,0,0.0,6,0,0.0,0.0,0,15
2023-12,0,0.5,0.0,0,12,0,0.0,0.5,0.0,5,0,0.5,0,0,12,0,0.0,3,0.0,12,0.5,0,0,0,12,0,0,1.0,0.0,12,0,0.0,0.0,0,12,4,0.0,1.0,0.0,12,0,1.0,1.0,0.5,1,3,2,0.5,0,12,0.0,0.0,0.0,1.0,12,0,0.0,0,0,5,0,0.0,8.0,0.0,1,0.0,0,0,0,12,0,0.0,0.5,1,0.0,0,0,0,1,0,0.0,0,0,1,0,0,1.0,0,12,0,0.0,0,0,12,0.0,0,3,0.0,12,0.0,0.5,0,0.0,5,0,0.0,0.5,0,12
2024-01,0,0.0,0.0,0,12,0,0.0,0.5,0.0,5,0,0.0,0,0,12,0,0.0,4,0.0,12,0.0,0,0,0,12,0,0,1.0,0.0,12,0,0.0,0.0,0,12,4,0.0,2.0,0.0,12,0,1.0,1.0,0.5,1,2,1,0.0,0,12,0.0,0.0,0.0,1.0,12,0,0.0,0,0,5,0,0.5,8.0,0.0,1,0.0,0,0,0,12,0,0.0,0.5,1,0.0,0,0,0,1,0,0.0,0,0,1,0,0,1.0,0,12,0,0.0,0,0,12,0.0,0,4,0.0,12,0.0,0.5,0,0.0,5,0,0.0,0.0,0,12
2024-02,0,0.5,0.0,0,13,0,0.0,1.0,0.0,6,0,1.0,0,0,13,0,0.0,3,1.0,13,0.0,0,0,0,13,0,0,1.0,0.0,13,0,0.0,0.0,0,13,4,0.0,3.0,0.0,13,0,1.0,1.0,0.5,1,2,2,0.0,0,13,0.0,0.0,0.0,1.0,13,0,0.0,0,0,6,0,0.0,8.0,0.0,1,0.0,0,0,0,13,0,0.0,0.5,1,0.0,0,0,0,1,0,0.0,0,0,1,0,0,1.0,0,13,0,0.0,0,0,13,0.0,0,4,0.0,13,0.0,0.5,0,0.0,6,0,0.0,0.0,0,13
2024-03,0,0.5,0.0,0,12,0,0.0,1.0,0.0,5,0,1.0,0,0,12,0,0.0,3,1.0,12,1.0,0,0,0,12,0,0,1.0,0.0,12,0,0.0,0.0,0,12,4,0.0,2.0,0.0,12,0,1.0,1.0,0.5,1,2,2,0.0,0,12,0.0,0.0,0.5,1.0,12,0,0.0,0,0,5,0,0.0,7.0,0.0,1,0.0,0,0,0,12,0,0.0,0.5,1,0.0,0,0,0,1,0,0.0,0,0,1,0,0,1.0,0,12,0,0.0,0,0,12,0.0,0,4,0.0,12,0.0,0.5,0,0.0,5,0,0.0,0.0,0,12
2024-04,0,0.0,0.0,0,11,0,0.0,0.5,0.0,5,0,0.0,0,0,11,0,0.0,3,0.0,11,1.0,0,0,0,11,0,0,1.0,0.0,11,0,0.0,0.0,0,11,4,0.0,2.0,0.0,11,0,1.0,1.0,0.5,1,2,2,0.0,0,11,0.0,0.0,0.0,1.0,11,0,0.0,0,0,5,0,0.0,6.0,0.5,1,0.0,0,0,0,11,0,0.0,0.5,1,0.0,0,0,0,1,0,0.0,0,0,1,0,0,1.0,0,11,0,0.0,0,0,11,0.0,0,4,0.0,11,0.0,0.5,0,0.0,5,0,0.0,0.0,0,11
2024-05,0,0.5,0.0,0,12,0,0.0,1.0,0.0,5,0,1.0,0,0,12,0,0.0,3,0.0,12,1.0,0,0,0,12,0,0,1.0,0.0,12,0,0.0,0.0,0,12,4,0.0,5.0,0.0,12,0,1.0,1.0,0.5,1,2,2,0.0,0,12,0.0,0.0,0.0,1.0,12,0,0.0,0,0,5,0,0.0,7.0,0.0,1,0.0,0,0,0,12,0,0.0,0.5,1,0.0,0,0,0,1,0,0.0,0,0,1,0,0,2.0,0,12,0,0.0,0,0,12,0.0,0,4,0.0,12,0.5,0.5,0,0.0,5,0,0.0,0.0,0,12
2024-06,0,0.5,0.0,0,10,0,0.0,0.5,0.0,5,0,0.5,0,0,10,0,0.0,3,0.0,10,1.0,0,0,0,10,0,0,0.5,0.0,10,0,0.0,0.0,0,10,3,0.0,4.0,0.0,10,0,1.0,1.0,0.5,1,3,2,0.0,0,10,0.0,0.0,0.0,0.5,10,0,0.0,0,0,4,0,0.0,6.0,0.0,1,0.0,0,0,0,10,0,0.0,0.5,1,0.0,0,0,0,1,0,0.0,0,0,1,0,0,1.0,0,10,0,0.5,0,0,10,0.0,0,3,0.0,10,0.0,0.5,0,0.0,4,0,0.0,0.0,0,10
2024-07,0,1.0,0.0,0,12,0,0.0,0.5,0.0,5,0,0.0,0,0,12,0,0.0,3,0.0,12,1.0,0,0,0,12,0,0,0.0,1.0,12,0,1.0,0.0,0,12,4,0.0,6.0,0.5,12,0,1.0,1.0,0.5,1,2,2,0.0,0,12,0.0,0.0,0.0,1.0,12,0,0.0,0,0,5,0,0.0,5.0,0.0,1,0.0,0,0,0,12,0,0.0,0.5,1,0.0,0,0,0,1,0,0.0,0,0,1,0,0,1.0,0,12,0,0.0,0,0,12,0.0,0,3,0.0,12,0.0,0.5,0,0.0,5,0,0.0,0.0,0,12
2024-08,0,0.5,0.0,0,12,0,0.0,0.5,0.5,5,0,0.0,0,0,12,0,0.0,3,1.0,12,1.0,0,0,0,12,0,0,1.0,0.0,12,0,0.0,0.0,0,12,4,0.0,1.0,0.0,12,0,1.0,1.0,0.5,1,2,2,0.0,0,12,0.0,0.0,0.0,1.0,12,0,0.0,0,0,5,0,0.0,6.0,0.0,1,0.0,0,0,0,12,0,0.0,0.5,1,0.0,0,0,0,1,0,0.0,0,0,1,0,0,0.5,0,12,0,1.0,0,0,12,0.0,0,4,0.0,12,0.0,0.5,0,0.0,5,0,1.0,0.5,0,12
2024-09,0,1.0,0.0,0,13,0,0.0,1.0,0.5,6,0,0.5,0,0,13,0,0.0,3,0.0,13,1.0,0,0,0,13,0,0,1.0,0.0,13,0,0.0,0.0,0,13,5,0.0,2.0,0.5,13,0,1.0,1.0,0.5,1,2,2,0.0,0,13,0.5,0.0,1.0,1.0,13,0,0.0,0,0,5,0,0.0,7.0,0.0,1,0.0,0,0,0,13,0,0.0,0.5,1,0.0,0,0,0,1,0,0.0,0,0,1,0,0,0.5,0,13,0,0.0,0,0,13,0.5,0,5,0.5,13,0.0,0.5,0,0.0,5,0,0.5,0.0,0,13
2024-10,0,1.0,0.0,0,12,0,0.0,1.0,0.0,5,0,1.0,0,0,12,0,0.0,3,0.5,12,0.0,0,0,0,12,0,0,1.0,0.5,12,0,0.5,0.0,0,12,4,0.0,2.0,0.0,12,0,1.0,1.0,0.5,1,3,2,0.0,0,12,0.0,0.0,1.0,1.0,12,0,0.0,0,0,5,0,0.0,7.0,0.0,1,0.0,0,0,0,12,0,0.0,0.5,1,0.0,0,0,0,1,0,0.0,0,0,1,0,0,1.0,0,12,0,0.0,0,0,12,0.0,0,4,1.0,12,0.0,0.5,0,0.0,5,0,0.0,0.0,0,12
2024-11,0,1.0,0.0,0,13,0,0.0,1.0,0.0,6,0,0.5,0,0,13,0,0.0,3,0.0,13,0.0,0,0,0,13,0,0,2.0,0.0,13,0,0.0,0.0,0,13,4,0.0,2.0,0.0,13,0,1.0,1.0,0.5,1,2,2,0.0,0,13,0.0,0.0,0.0,1.0,13,0,0.0,0,0,5,0,0.0,8.0,0.0,1,0.0,0,0,0,13,0,0.0,0.5,1,0.0,0,0,0,1,0,0.0,0,0,1,0,0,1.0,0,13,0,0.0,0,0,13,0.0,0,6,0.0,13,0.0,1.0,0,0.0,5,0,0.0,0.0,0,13
2024-12,0,1.0,0.0,0,12,0,0.0,1.0,0.0,5,0,1.0,0,0,12,0,0.0,3,0.0,12,1.0,0,0,0,12,0,0,1.0,0.0,12,0,0.0,0.0,0,12,4,0.0,2.0,0.0,12,0,1.0,1.0,0.5,1,2,2,0.0,0,12,0.0,0.0,0.0,2.0,12,0,0.0,0,0,5,0,0.0,7.0,0.0,1,0.0,0,0,0,12,0,0.0,0.5,1,0.0,0,0,0,1,0,0.0,0,0,1,0,0,1.0,0,12,0,0.0,0,0,12,0.0,0,5,0.0,12,0.0,0.5,0,0.0,5,0,0.0,0.0,0,12
2025-01,0,0.0,0.0,0,14,0,0.0,0.5,0.5,6,0,1.0,0,0,14,0,0.0,3,0.0,14,0.0,0,0,0,14,0,0,1.0,0.0,14,0,0.0,0.0,0,14,3,0.0,1.0,0.0,14,0,1.0,1.0,0.5,1,2,2,0.0,0,14,0.0,0.0,0.5,2.0,14,0,0.0,0,0,6,0,0.0,7.0,0.0,2,0.0,0,0,0,14,0,0.0,0.5,1,0.0,0,0,0,1,0,0.0,0,0,1,0,0,1.0,0,14,0,0.0,0,0,14,0.0,0,4,0.0,14,0.0,0.5,0,0.0,6,0,0.5,0.0,0,14
2025-02,0,0.0,0.0,0,10,0,0.0,1.0,0.0,5,0,0.5,0,0,10,0,0.0,3,0.0,10,0.0,0,0,0,10,0,0,2.0,0.0,10,0,0.0,0.0,0,10,3,0.0,0.0,0.0,10,0,1.0,1.0,0.5,1,2,2,0.0,0,10,0.5,0.0,0.0,1.0,10,0,0.0,0,0,4,0,0.0,7.0,0.0,1,0.0,0,0,0,10,0,0.0,0.5,1,0.0,0,0,0,1,0,0.0,0,0,1,0,0,1.0,0,10,0,0.0,0,0,10,0.0,0,4,0.0,10,0.0,0.5,0,0.0,4,0,0.0,0.0,0,10
2025-03,0,0.5,0.0,0,11,0,0.0,0.5,0.0,5,0,0.5,0,0,11,0,0.0,3,0.0,11,0.0,0,0,0,11,0,0,1.0,0.0,11,0,0.0,0.0,0,11,3,0.0,0.5,0.0,11,0,1.0,1.0,0.5,1,2,2,0.0,0,11,0.0,0.0,0.0,1.0,11,0,0.0,0,0,5,0,0.0,6.0,0.0,1,0.0,0,0,0,11,0,0.0,0.5,1,0.0,0,0,0,1,0,0.0,0,0,1,0,0,1.0,0,11,0,0.0,0,0,11,0.0,0,4,0.0,11,0.0,0.5,0,0.0,5,0,0.0,0.0,0,11
2025-04,0,0.5,0.0,0,11,0,0.0,0.5,0.0,5,0,1.0,0,0,11,0,0.0,3,0.0,11,1.0,0,0,0,11,0,0,1.0,0.0,11,0,0.0,0.0,0,11,3,0.0,0.0,0.0,11,0,1.0,1.0,0.5,1,3,2,0.0,0,11,0.0,0.0,0.0,1.0,11,0,0.0,0,0,5,0,0.0,6.0,0.0,1,0.0,0,0,0,11,0,0.0,0.5,1,0.0,0,0,0,1,0,0.0,0,0,1,0,0,1.0,0,11,0,0.0,0,0,11,0.0,0,4,0.0,11,0.0,0.5,0,0.0,5,0,0.0,0.0,0,11
2025-05,0,1.0,0.0,0,11,0,0.0,1.0,0.0,5,0,1.0,0,0,11,0,0.0,2,0.0,11,0.0,0,0,0,11,0,0,1.0,0.5,11,0,0.5,0.0,0,11,3,0.0,0.0,0.0,11,0,1.0,1.0,0.5,1,2,2,0.0,0,11,0.5,0.0,0.0,1.0,11,0,0.0,0,0,5,0,0.0,6.0,0.0,1,0.0,0,0,0,11,0,0.0,0.5,1,0.0,0,0,0,1,0,0.0,0,0,1,0,0,1.0,0,11,0,0.0,0,0,11,0.0,0,4,0.0,11,0.0,0.5,0,0.0,5,0,0.0,0.0,0,11
2025-06,0,1.0,0.0,0,12,0,0.0,0.5,0.0,5,0,0.0,0,0,12,0,0.0,3,0.5,12,0.5,0,0,0,12,0,0,1.0,0.0,12,0,0.0,0.0,0,12,3,0.0,0.0,0.5,12,0,1.0,1.0,0.5,1,2,2,0.0,0,12,0.0,0.0,0.5,1.0,12,0,0.0,0,0,5,0,0.0,5.0,0.0,1,0.0,0,0,0,12,0,0.0,0.5,1,0.0,0,0,0,1,0,0.0,0,0,1,0,0,1.0,0,12,0,0.0,0,0,12,0.0,0,3,0.0,12,0.0,0.5,0,0.0,5,0,0.0,0.0,0,12
2025-07,0,0.0,0.0,0,11,0,0.0,1.0,0.5,5,0,1.0,0,0,11,0,0.5,3,0.0,11,1.0,0,0,0,11,0,0,1.0,0.0,11,0,0.0,0.0,0,11,4,0.0,0.5,0.0,11,0,1.0,1.0,0.5,1,2,2,0.0,0,11,0.0,0.0,0.5,1.0,11,0,0.0,0,0,5,0,0.0,6.0,0.0,1,0.0,0,0,0,11,0,0.0,0.5,1,0.0,0,0,0,1,0,0.0,0,0,1,0,0,1.0,0,11,0,0.0,0,0,11,0.0,0,4,0.0,11,0.5,0.5,0,0.0,5,0,1.0,0.0,0,11
2025-08,0,1.0,0.0,0,11,0,0.0,1.0,0.5,5,0,1.0,0,0,11,0,0.0,3,0.0,11,0.5,0,0,0,11,0,0,1.0,0.0,11,0,0.0,0.0,0,11,4,0.0,0.0,0.5,11,0,1.0,1.0,0.5,1,2,2,0.0,0,11,0.0,0.0,0.0,1.0,11,0,0.0,0,0,5,0,0.0,6.0,0.0,1,0.0,0,0,0,11,0,0.0,0.5,1,0.0,0,0,0,1,0,0.0,0,0,1,0,0,1.0,0,11,0,0.0,0,0,11,0.0,0,4,0.0,11,0.0,0.5,0,0.0,5,0,0.5,0.0,0,11
2025-09,0,1.0,0.0,0,10,0,0.5,1.0,0.5,4,0,0.5,0,0,10,0,0.5,3,0.5,10,1.0,0,0,0,10,0,0,1.0,0.5,10,0,0.5,0.5,0,10,4,0.5,0.5,0.5,10,0,1.0,1.0,0.5,1,2,3,0.5,0,10,0.5,0.5,0.5,1.0,10,0,0.0,0,0,4,0,0.0,7.0,0.5,1,0.5,0,0,0,10,0,0.5,0.5,1,0.0,0,0,0,1,0,0.5,0,0,1,0,0,1.0,0,10,0,0.5,0,0,10,0.0,0,4,0.5,10,0.5,0.5,0,0.5,4,0,0.5,0.5,0,10
