Month,Kurd,Faili Kurd,Fayli Kurd,Christian,Email,elderly,elderly(2),pilgrim,pilgrims,Email_file1,sectarian,discrimination,marginalisation,threat,Email_file2,threats,harassment,identity,priest,Email_file3,priest_file4,priest(2),priest(3),persecution,Email_file4,civilian,civilian(2),sheikh,ayatollah,Email_file5,imam,tribe,clan,clan(2),Email_file6,teacher,lawyer,businessman,professor,Email_file7,officer,officers,judge,judge(2),Email_file8,ethnic,ethnic(2),sunni,shia,Email_file9,minister,employee,employee(2),worker,Email_file10,Christian_file11,Yezidi,Turkmen,Shabak,Email_file11,doctor,nurse,nurse(2),engineer,Email_file12,director,journalist,human rights,children,Email_file13,children_file14,child,security guard,security guard(2),Email_file14,children_file15,child_file15,security guard_file15,security guard(2)_file15,Email_file15,Mandean,Armenian,Chaldeans,Chaldeans(2),Email_file16,Syriacs,Assyrian,Circassian,Baha'i,Email_file17,Roma,Roma(2),Marsh Arabs,Jews,Email_file18,Sabeans,Gypsy,Black Iraqis,religion,Email_file19,sect,minorit,shrine,mosque,Email_file20,temple,procession,funeral,funeral(2),Email_file21,church,men,women,young men,Email_file22,shias,alawi,alawi(2),shiite,Email_file23
2004-01,0,0,0,0.0,0,0,0,0.0,0,0,0,0.0,0,0,0,0,0.0,0,0.0,0,0.0,0.0,0.0,0,0,0,0,0,0,0,0,0.0,0,0.0,0,0,0.0,0.0,0,0,0,0,0.0,0,0,0,0,0,0,0,0,0,0,0,0,0.0,0,0,0,0,0,0,0,0,0,0,0,0,0,0,0.0,0,0.0,0.0,0,0.0,0,0.0,0.0,0,0,0,0,0,0,0,0,0,0,0,0,0,0,0,0,0,0.0,0,0,0,0,0,0,0.0,0,0.0,0,0,0,0,0.0,0,0,0,0,0,0,0,0,0
2004-02,0,0,0,0.0,0,0,0,0.0,0,0,0,0.0,0,0,0,0,0.0,0,0.0,0,0.0,0.0,0.0,0,0,0,0,0,0,0,0,0.0,0,0.0,0,0,0.0,0.0,0,0,0,0,0.0,0,0,0,0,0,0,0,0,0,0,0,0,0.0,0,0,0,0,0,0,0,0,0,0,0,0,0,0,0.0,0,0.0,0.0,0,0.0,0,0.0,0.0,0,0,0,0,0,0,0,0,0,0,0,0,0,0,0,0,0,0.0,0,0,0,0,0,0,0.0,0,0.0,0,0,0,0,0.0,0,0,0,0,0,0,0,0,0
2004-03,0,0,0,0.0,0,0,0,0.0,0,0,0,0.0,0,0,0,0,0.0,0,0.0,0,0.0,0.0,0.0,0,0,0,0,0,0,0,0,0.0,0,0.0,0,0,0.0,0.0,0,0,0,0,0.0,0,0,0,0,0,0,0,0,0,0,0,0,0.0,0,0,0,0,0,0,0,0,0,0,0,0,0,0,0.0,0,0.0,0.0,0,0.0,0,0.0,0.0,0,0,0,0,0,0,0,0,0,0,0,0,0,0,0,0,0,0.0,0,0,0,0,0,0,0.0,0,0.0,0,0,0,0,0.0,0,0,0,0,0,0,0,0,0
2004-04,0,0,0,0.0,0,0,0,0.0,0,0,0,0.0,0,0,0,0,0.0,0,0.0,0,0.0,0.0,0.0,0,0,0,0,0,0,0,0,0.0,0,0.0,0,0,0.0,0.0,0,0,0,0,0.0,0,0,0,0,0,0,0,0,0,0,0,0,0.0,0,0,0,0,0,0,0,0,0,0,0,0,0,0,0.0,0,0.0,0.0,0,0.0,0,0.0,0.0,0,0,0,0,0,0,0,0,0,0,0,0,0,0,0,0,0,0.0,0,0,0,0,0,0,0.0,0,0.0,0,0,0,0,0.0,0,0,0,0,0,0,0,0,0
2004-05,0,0,0,0.0,0,0,0,0.0,0,0,0,0.0,0,0,0,0,0.0,0,0.0,0,0.0,0.0,0.0,0,0,0,0,0,0,0,0,0.0,0,0.0,0,0,0.0,0.0,0,0,0,0,0.0,0,0,0,0,0,0,0,0,0,0,0,0,0.0,0,0,0,0,0,0,0,0,0,0,0,0,0,0,0.0,0,0.0,0.0,0,0.0,0,0.0,0.0,0,0,0,0,0,0,0,0,0,0,0,0,0,0,0,0,0,0.0,0,0,0,0,0,0,0.0,0,0.0,0,0,0,0,0.0,0,0,0,0,0,0,0,0,0
2004-06,0,0,0,0.0,0,0,0,0.0,0,0,0,0.0,0,0,0,0,0.0,0,0.0,0,0.0,0.0,0.0,0,0,0,0,0,0,0,0,0.0,0,0.0,0,0,0.0,0.0,0,0,0,0,0.0,0,0,0,0,0,0,0,0,0,0,0,0,0.0,0,0,0,0,0,0,0,0,0,0,0,0,0,0,0.0,0,0.0,0.0,0,0.0,0,0.0,0.0,0,0,0,0,0,0,0,0,0,0,0,0,0,0,0,0,0,0.0,0,0,0,0,0,0,0.0,0,0.0,0,0,0,0,0.0,0,0,0,0,0,0,0,0,0
2004-07,0,0,0,0.0,0,0,0,0.0,0,0,0,0.0,0,0,0,0,0.0,0,0.0,0,0.0,0.0,0.0,0,0,0,0,0,0,0,0,0.0,0,0.0,0,0,0.0,0.0,0,0,0,0,0.0,0,0,0,0,0,0,0,0,0,0,0,0,0.0,0,0,0,0,0,0,0,0,0,0,0,0,0,0,0.0,0,0.0,0.0,0,0.0,0,0.0,0.0,0,0,0,0,0,0,0,0,0,0,0,0,0,0,0,0,0,0.0,0,0,0,0,0,0,0.0,0,0.0,0,0,0,0,0.0,0,0,0,0,0,0,0,0,0
2004-08,0,0,0,0.0,0,0,0,0.0,0,0,0,0.0,0,0,0,0,0.0,0,0.0,0,0.0,0.0,0.0,0,0,0,0,0,0,0,0,0.0,0,0.0,0,0,0.0,0.0,0,0,0,0,0.0,0,0,0,0,0,0,0,0,0,0,0,0,0.0,0,0,0,0,0,0,0,0,0,0,0,0,0,0,0.0,0,0.0,0.0,0,0.0,0,0.0,0.0,0,0,0,0,0,0,0,0,0,0,0,0,0,0,0,0,0,0.0,0,0,0,0,0,0,0.0,0,0.0,0,0,0,0,0.0,0,0,0,0,0,0,0,0,0
2004-09,0,0,0,0.0,0,0,0,0.0,0,0,0,0.0,0,0,0,0,0.0,0,0.0,0,0.0,0.0,0.0,0,0,0,0,0,0,0,0,0.0,0,0.0,0,0,0.0,0.0,0,0,0,0,0.0,0,0,0,0,0,0,0,0,0,0,0,0,0.0,0,0,0,0,0,0,0,0,0,0,0,0,0,0,0.0,0,0.0,0.0,0,0.0,0,0.0,0.0,0,0,0,0,0,0,0,0,0,0,0,0,0,0,0,0,0,0.0,0,0,0,0,0,0,0.0,0,0.0,0,0,0,0,0.0,0,0,0,0,0,0,0,0,0
2004-10,0,0,0,0.0,0,0,0,0.0,0,0,0,0.0,0,0,0,0,0.0,0,0.0,0,0.0,0.0,0.0,0,0,0,0,0,0,0,0,0.0,0,0.0,0,0,0.0,0.0,0,0,0,0,0.0,0,0,0,0,0,0,0,0,0,0,0,0,0.0,0,0,0,0,0,0,0,0,0,0,0,0,0,0,0.0,0,0.0,0.0,0,0.0,0,0.0,0.0,0,0,0,0,0,0,0,0,0,0,0,0,0,0,0,0,0,0.0,0,0,0,0,0,0,0.0,0,0.0,0,0,0,0,0.0,0,0,0,0,0,0,0,0,0
2004-11,0,0,0,0.0,0,0,0,0.0,0,0,0,0.0,0,0,0,0,0.0,0,0.0,0,0.0,0.0,0.0,0,0,0,0,0,0,0,0,0.0,0,0.0,0,0,0.0,0.0,0,0,0,0,0.0,0,0,0,0,0,0,0,0,0,0,0,0,0.0,0,0,0,0,0,0,0,0,0,0,0,0,0,0,0.0,0,0.0,0.0,0,0.0,0,0.0,0.0,0,0,0,0,0,0,0,0,0,0,0,0,0,0,0,0,0,0.0,0,0,0,0,0,0,0.0,0,0.0,0,0,0,0,0.0,0,0,0,0,0,0,0,0,0
2004-12,0,0,0,0.0,0,0,0,0.0,0,0,0,0.0,0,0,0,0,0.0,0,0.0,0,0.0,0.0,0.0,0,0,0,0,0,0,0,0,0.0,0,0.0,0,0,0.0,0.0,0,0,0,0,0.0,0,0,0,0,0,0,0,0,0,0,0,0,0.0,0,0,0,0,0,0,0,0,0,0,0,0,0,0,0.0,0,0.0,0.0,0,0.0,0,0.0,0.0,0,0,0,0,0,0,0,0,0,0,0,0,0,0,0,0,0,0.0,0,0,0,0,0,0,0.0,0,0.0,0,0,0,0,0.0,0,0,0,0,0,0,0,0,0
2005-01,0,0,0,0.0,0,0,0,0.0,0,0,0,0.0,0,0,0,0,0.0,0,0.0,0,0.0,0.0,0.0,0,0,0,0,0,0,0,0,0.0,0,0.0,0,0,0.0,0.0,0,0,0,0,0.0,0,0,0,0,0,0,0,0,0,0,0,0,0.0,0,0,0,0,0,0,0,0,0,0,0,0,0,0,0.0,0,0.0,0.0,0,0.0,0,0.0,0.0,0,0,0,0,0,0,0,0,0,0,0,0,0,0,0,0,0,0.0,0,0,0,0,0,0,0.0,0,0.0,0,0,0,0,0.0,0,0,0,0,0,0,0,0,0
2005-02,0,0,0,0.0,0,0,0,0.0,0,0,0,0.0,0,0,0,0,0.0,0,0.0,0,0.0,0.0,0.0,0,0,0,0,0,0,0,0,0.0,0,0.0,0,0,0.0,0.0,0,0,0,0,0.0,0,0,0,0,0,0,0,0,0,0,0,0,0.0,0,0,0,0,0,0,0,0,0,0,0,0,0,0,0.0,0,0.0,0.0,0,0.0,0,0.0,0.0,0,0,0,0,0,0,0,0,0,0,0,0,0,0,0,0,0,0.0,0,0,0,0,0,0,0.0,0,0.0,0,0,0,0,0.0,0,0,0,0,0,0,0,0,0
2005-03,0,0,0,0.0,0,0,0,0.0,0,0,0,0.0,0,0,0,0,0.0,0,0.0,0,0.0,0.0,0.0,0,0,0,0,0,0,0,0,0.0,0,0.0,0,0,0.0,0.0,0,0,0,0,0.0,0,0,0,0,0,0,0,0,0,0,0,0,0.0,0,0,0,0,0,0,0,0,0,0,0,0,0,0,0.0,0,0.0,0.0,0,0.0,0,0.0,0.0,0,0,0,0,0,0,0,0,0,0,0,0,0,0,0,0,0,0.0,0,0,0,0,0,0,0.0,0,0.0,0,0,0,0,0.0,0,0,0,0,0,0,0,0,0
2005-04,0,0,0,0.0,0,0,0,0.0,0,0,0,0.0,0,0,0,0,0.0,0,0.0,0,0.0,0.0,0.0,0,0,0,0,0,0,0,0,0.0,0,0.0,0,0,0.0,0.0,0,0,0,0,0.0,0,0,0,0,0,0,0,0,0,0,0,0,0.0,0,0,0,0,0,0,0,0,0,0,0,0,0,0,0.0,0,0.0,0.0,0,0.0,0,0.0,0.0,0,0,0,0,0,0,0,0,0,0,0,0,0,0,0,0,0,0.0,0,0,0,0,0,0,0.0,0,0.0,0,0,0,0,0.0,0,0,0,0,0,0,0,0,0
2005-05,0,0,0,0.0,0,0,0,0.0,0,0,0,0.0,0,0,0,0,0.0,0,0.0,0,0.0,0.0,0.0,0,0,0,0,0,0,0,0,0.0,0,0.0,0,0,0.0,0.0,0,0,0,0,0.0,0,0,0,0,0,0,0,0,0,0,0,0,0.0,0,0,0,0,0,0,0,0,0,0,0,0,0,0,0.0,0,0.0,0.0,0,0.0,0,0.0,0.0,0,0,0,0,0,0,0,0,0,0,0,0,0,0,0,0,0,0.0,0,0,0,0,0,0,0.0,0,0.0,0,0,0,0,0.0,0,0,0,0,0,0,0,0,0
2005-06,0,0,0,0.0,0,0,0,0.0,0,0,0,0.0,0,0,0,0,0.0,0,0.0,0,0.0,0.0,0.0,0,0,0,0,0,0,0,0,0.0,0,0.0,0,0,0.0,0.0,0,0,0,0,0.0,0,0,0,0,0,0,0,0,0,0,0,0,0.0,0,0,0,0,0,0,0,0,0,0,0,0,0,0,0.0,0,0.0,0.0,0,0.0,0,0.0,0.0,0,0,0,0,0,0,0,0,0,0,0,0,0,0,0,0,0,0.0,0,0,0,0,0,0,0.0,0,0.0,0,0,0,0,0.0,0,0,0,0,0,0,0,0,0
2005-07,0,0,0,0.0,0,0,0,0.0,0,0,0,0.0,0,0,0,0,0.0,0,0.0,0,0.0,0.0,0.0,0,0,0,0,0,0,0,0,0.0,0,0.0,0,0,0.0,0.0,0,0,0,0,0.0,0,0,0,0,0,0,0,0,0,0,0,0,0.0,0,0,0,0,0,0,0,0,0,0,0,0,0,0,0.0,0,0.0,0.0,0,0.0,0,0.0,0.0,0,0,0,0,0,0,0,0,0,0,0,0,0,0,0,0,0,0.0,0,0,0,0,0,0,0.0,0,0.0,0,0,0,0,0.0,0,0,0,0,0,0,0,0,0
2005-08,0,0,0,0.0,0,0,0,0.0,0,0,0,0.0,0,0,0,0,0.0,0,0.0,0,0.0,0.0,0.0,0,0,0,0,0,0,0,0,0.0,0,0.0,0,0,0.0,0.0,0,0,0,0,0.0,0,0,0,0,0,0,0,0,0,0,0,0,0.0,0,0,0,0,0,0,0,0,0,0,0,0,0,0,0.0,0,0.0,0.0,0,0.0,0,0.0,0.0,0,0,0,0,0,0,0,0,0,0,0,0,0,0,0,0,0,0.0,0,0,0,0,0,0,0.0,0,0.0,0,0,0,0,0.0,0,0,0,0,0,0,0,0,0
2005-09,0,0,0,0.0,0,0,0,0.0,0,0,0,0.0,0,0,0,0,0.0,0,0.0,0,0.0,0.0,0.0,0,0,0,0,0,0,0,0,0.0,0,0.0,0,0,0.0,0.0,0,0,0,0,0.0,0,0,0,0,0,0,0,0,0,0,0,0,0.0,0,0,0,0,0,0,0,0,0,0,0,0,0,0,0.0,0,0.0,0.0,0,0.0,0,0.0,0.0,0,0,0,0,0,0,0,0,0,0,0,0,0,0,0,0,0,0.0,0,0,0,0,0,0,0.0,0,0.0,0,0,0,0,0.0,0,0,0,0,0,0,0,0,0
2005-10,0,0,0,0.0,0,0,0,0.0,0,0,0,0.0,0,0,0,0,0.0,0,0.0,0,0.0,0.0,0.0,0,0,0,0,0,0,0,0,0.0,0,0.0,0,0,0.0,0.0,0,0,0,0,0.0,0,0,0,0,0,0,0,0,0,0,0,0,0.0,0,0,0,0,0,0,0,0,0,0,0,0,0,0,0.0,0,0.0,0.0,0,0.0,0,0.0,0.0,0,0,0,0,0,0,0,0,0,0,0,0,0,0,0,0,0,0.0,0,0,0,0,0,0,0.0,0,0.0,0,0,0,0,0.0,0,0,0,0,0,0,0,0,0
2005-11,0,0,0,0.0,0,0,0,0.0,0,0,0,0.0,0,0,0,0,0.0,0,0.0,0,0.0,0.0,0.0,0,0,0,0,0,0,0,0,0.0,0,0.0,0,0,0.0,0.0,0,0,0,0,0.0,0,0,0,0,0,0,0,0,0,0,0,0,0.0,0,0,0,0,0,0,0,0,0,0,0,0,0,0,0.0,0,0.0,0.0,0,0.0,0,0.0,0.0,0,0,0,0,0,0,0,0,0,0,0,0,0,0,0,0,0,0.0,0,0,0,0,0,0,0.0,0,0.0,0,0,0,0,0.0,0,0,0,0,0,0,0,0,0
2005-12,0,0,0,0.0,0,0,0,0.0,0,0,0,0.0,0,0,0,0,0.0,0,0.0,0,0.0,0.0,0.0,0,0,0,0,0,0,0,0,0.0,0,0.0,0,0,0.0,0.0,0,0,0,0,0.0,0,0,0,0,0,0,0,0,0,0,0,0,0.0,0,0,0,0,0,0,0,0,0,0,0,0,0,0,0.0,0,0.0,0.0,0,0.0,0,0.0,0.0,0,0,0,0,0,0,0,0,0,0,0,0,0,0,0,0,0,0.0,0,0,0,0,0,0,0.0,0,0.0,0,0,0,0,0.0,0,0,0,0,0,0,0,0,0
2006-01,0,0,0,0.0,0,0,0,0.0,0,0,0,0.0,0,0,0,0,0.0,0,0.0,0,0.0,0.0,0.0,0,0,0,0,0,0,0,0,0.0,0,0.0,0,0,0.0,0.0,0,0,0,0,0.0,0,0,0,0,0,0,0,0,0,0,0,0,0.0,0,0,0,0,0,0,0,0,0,0,0,0,0,0,0.0,0,0.0,0.0,0,0.0,0,0.0,0.0,0,0,0,0,0,0,0,0,0,0,0,0,0,0,0,0,0,0.0,0,0,0,0,0,0,0.0,0,0.0,0,0,0,0,0.0,0,0,0,0,0,0,0,0,0
2006-02,0,0,0,0.0,0,0,0,0.0,0,0,0,0.0,0,0,0,0,0.0,0,0.0,0,0.0,0.0,0.0,0,0,0,0,0,0,0,0,0.0,0,0.0,0,0,0.0,0.0,0,0,0,0,0.0,0,0,0,0,0,0,0,0,0,0,0,0,0.0,0,0,0,0,0,0,0,0,0,0,0,0,0,0,0.0,0,0.0,0.0,0,0.0,0,0.0,0.0,0,0,0,0,0,0,0,0,0,0,0,0,0,0,0,0,0,0.0,0,0,0,0,0,0,0.0,0,0.0,0,0,0,0,0.0,0,0,0,0,0,0,0,0,0
2006-03,0,0,0,0.0,0,0,0,0.0,0,0,0,0.0,0,0,0,0,0.0,0,0.0,0,0.0,0.0,0.0,0,0,0,0,0,0,0,0,0.0,0,0.0,0,0,0.0,0.0,0,0,0,0,0.0,0,0,0,0,0,0,0,0,0,0,0,0,0.0,0,0,0,0,0,0,0,0,0,0,0,0,0,0,0.0,0,0.0,0.0,0,0.0,0,0.0,0.0,0,0,0,0,0,0,0,0,0,0,0,0,0,0,0,0,0,0.0,0,0,0,0,0,0,0.0,0,0.0,0,0,0,0,0.0,0,0,0,0,0,0,0,0,0
2006-04,0,0,0,0.0,0,0,0,0.0,0,0,0,0.0,0,0,0,0,0.0,0,0.0,0,0.0,0.0,0.0,0,0,0,0,0,0,0,0,0.0,0,0.0,0,0,0.0,0.0,0,0,0,0,0.0,0,0,0,0,0,0,0,0,0,0,0,0,0.0,0,0,0,0,0,0,0,0,0,0,0,0,0,0,0.0,0,0.0,0.0,0,0.0,0,0.0,0.0,0,0,0,0,0,0,0,0,0,0,0,0,0,0,0,0,0,0.0,0,0,0,0,0,0,0.0,0,0.0,0,0,0,0,0.0,0,0,0,0,0,0,0,0,0
2006-05,0,0,0,0.0,0,0,0,0.0,0,0,0,0.0,0,0,0,0,0.0,0,0.0,0,0.0,0.0,0.0,0,0,0,0,0,0,0,0,0.0,0,0.0,0,0,0.0,0.0,0,0,0,0,0.0,0,0,0,0,0,0,0,0,0,0,0,0,0.0,0,0,0,0,0,0,0,0,0,0,0,0,0,0,0.0,0,0.0,0.0,0,0.0,0,0.0,0.0,0,0,0,0,0,0,0,0,0,0,0,0,0,0,0,0,0,0.0,0,0,0,0,0,0,0.0,0,0.0,0,0,0,0,0.0,0,0,0,0,0,0,0,0,0
2006-06,0,0,0,0.0,0,0,0,0.0,0,0,0,0.0,0,0,0,0,0.0,0,0.0,0,0.0,0.0,0.0,0,0,0,0,0,0,0,0,0.0,0,0.0,0,0,0.0,0.0,0,0,0,0,0.0,0,0,0,0,0,0,0,0,0,0,0,0,0.0,0,0,0,0,0,0,0,0,0,0,0,0,0,0,0.0,0,0.0,0.0,0,0.0,0,0.0,0.0,0,0,0,0,0,0,0,0,0,0,0,0,0,0,0,0,0,0.0,0,0,0,0,0,0,0.0,0,0.0,0,0,0,0,0.0,0,0,0,0,0,0,0,0,0
2006-07,0,0,0,0.0,0,0,0,0.0,0,0,0,0.0,0,0,0,0,0.0,0,0.0,0,0.0,0.0,0.0,0,0,0,0,0,0,0,0,0.0,0,0.0,0,0,0.0,0.0,0,0,0,0,0.0,0,0,0,0,0,0,0,0,0,0,0,0,0.0,0,0,0,0,0,0,0,0,0,0,0,0,0,0,0.0,0,0.0,0.0,0,0.0,0,0.0,0.0,0,0,0,0,0,0,0,0,0,0,0,0,0,0,0,0,0,0.0,0,0,0,0,0,0,0.0,0,0.0,0,0,0,0,0.0,0,0,0,0,0,0,0,0,0
2006-08,0,0,0,0.0,0,0,0,0.0,0,0,0,0.0,0,0,0,0,0.0,0,0.0,0,0.0,0.0,0.0,0,0,0,0,0,0,0,0,0.0,0,0.0,0,0,0.0,0.0,0,0,0,0,0.0,0,0,0,0,0,0,0,0,0,0,0,0,0.0,0,0,0,0,0,0,0,0,0,0,0,0,0,0,0.0,0,0.0,0.0,0,0.0,0,0.0,0.0,0,0,0,0,0,0,0,0,0,0,0,0,0,0,0,0,0,0.0,0,0,0,0,0,0,0.0,0,0.0,0,0,0,0,0.0,0,0,0,0,0,0,0,0,0
2006-09,0,0,0,0.0,0,0,0,0.0,0,0,0,0.0,0,0,0,0,0.0,0,0.0,0,0.0,0.0,0.0,0,0,0,0,0,0,0,0,0.0,0,0.0,0,0,0.0,0.0,0,0,0,0,0.0,0,0,0,0,0,0,0,0,0,0,0,0,0.0,0,0,0,0,0,0,0,0,0,0,0,0,0,0,0.0,0,0.0,0.0,0,0.0,0,0.0,0.0,0,0,0,0,0,0,0,0,0,0,0,0,0,0,0,0,0,0.0,0,0,0,0,0,0,0.0,0,0.0,0,0,0,0,0.0,0,0,0,0,0,0,0,0,0
2006-10,0,0,0,0.0,0,0,0,0.0,0,0,0,0.0,0,0,0,0,0.0,0,0.0,0,0.0,0.0,0.0,0,0,0,0,0,0,0,0,0.0,0,0.0,0,0,0.0,0.0,0,0,0,0,0.0,0,0,0,0,0,0,0,0,0,0,0,0,0.0,0,0,0,0,0,0,0,0,0,0,0,0,0,0,0.0,0,0.0,0.0,0,0.0,0,0.0,0.0,0,0,0,0,0,0,0,0,0,0,0,0,0,0,0,0,0,0.0,0,0,0,0,0,0,0.0,0,0.0,0,0,0,0,0.0,0,0,0,0,0,0,0,0,0
2006-11,0,0,0,0.0,0,0,0,0.0,0,0,0,0.0,0,0,0,0,0.0,0,0.0,0,0.0,0.0,0.0,0,0,0,0,0,0,0,0,0.0,0,0.0,0,0,0.0,0.0,0,0,0,0,0.0,0,0,0,0,0,0,0,0,0,0,0,0,0.0,0,0,0,0,0,0,0,0,0,0,0,0,0,0,0.0,0,0.0,0.0,0,0.0,0,0.0,0.0,0,0,0,0,0,0,0,0,0,0,0,0,0,0,0,0,0,0.0,0,0,0,0,0,0,0.0,0,0.0,0,0,0,0,0.0,0,0,0,0,0,0,0,0,0
2006-12,0,0,0,0.0,0,0,0,0.0,0,0,0,0.0,0,0,0,0,0.0,0,0.0,0,0.0,0.0,0.0,0,0,0,0,0,0,0,0,0.0,0,0.0,0,0,0.0,0.0,0,0,0,0,0.0,0,0,0,0,0,0,0,0,0,0,0,0,0.0,0,0,0,0,0,0,0,0,0,0,0,0,0,0,0.0,0,0.0,0.0,0,0.0,0,0.0,0.0,0,0,0,0,0,0,0,0,0,0,0,0,0,0,0,0,0,0.0,0,0,0,0,0,0,0.0,0,0.0,0,0,0,0,0.0,0,0,0,0,0,0,0,0,0
2007-01,0,0,0,0.0,0,0,0,0.0,0,0,0,0.0,0,0,0,0,0.0,0,0.0,0,0.0,0.0,0.0,0,0,0,0,0,0,0,0,0.0,0,0.0,0,0,0.0,0.0,0,0,0,0,0.0,0,0,0,0,0,0,0,0,0,0,0,0,0.0,0,0,0,0,0,0,0,0,0,0,0,0,0,0,0.0,0,0.0,0.0,0,0.0,0,0.0,0.0,0,0,0,0,0,0,0,0,0,0,0,0,0,0,0,0,0,0.0,0,0,0,0,0,0,0.0,0,0.0,0,0,0,0,0.0,0,0,0,0,0,0,0,0,0
2007-02,0,0,0,0.0,0,0,0,0.0,0,0,0,0.0,0,0,0,0,0.0,0,0.0,0,0.0,0.0,0.0,0,0,0,0,0,0,0,0,0.0,0,0.0,0,0,0.0,0.0,0,0,0,0,0.0,0,0,0,0,0,0,0,0,0,0,0,0,0.0,0,0,0,0,0,0,0,0,0,0,0,0,0,0,0.0,0,0.0,0.0,0,0.0,0,0.0,0.0,0,0,0,0,0,0,0,0,0,0,0,0,0,0,0,0,0,0.0,0,0,0,0,0,0,0.0,0,0.0,0,0,0,0,0.0,0,0,0,0,0,0,0,0,0
2007-03,0,0,0,0.0,0,0,0,0.0,0,0,0,0.0,0,0,0,0,0.0,0,0.0,0,0.0,0.0,0.0,0,0,0,0,0,0,0,0,0.0,0,0.0,0,0,0.0,0.0,0,0,0,0,0.0,0,0,0,0,0,0,0,0,0,0,0,0,0.0,0,0,0,0,0,0,0,0,0,0,0,0,0,0,0.0,0,0.0,0.0,0,0.0,0,0.0,0.0,0,0,0,0,0,0,0,0,0,0,0,0,0,0,0,0,0,0.0,0,0,0,0,0,0,0.0,0,0.0,0,0,0,0,0.0,0,0,0,0,0,0,0,0,0
2007-04,0,0,0,0.0,0,0,0,0.0,0,0,0,0.0,0,0,0,0,0.0,0,0.0,0,0.0,0.0,0.0,0,0,0,0,0,0,0,0,0.0,0,0.0,0,0,0.0,0.0,0,0,0,0,0.0,0,0,0,0,0,0,0,0,0,0,0,0,0.0,0,0,0,0,0,0,0,0,0,0,0,0,0,0,0.0,0,0.0,0.0,0,0.0,0,0.0,0.0,0,0,0,0,0,0,0,0,0,0,0,0,0,0,0,0,0,0.0,0,0,0,0,0,0,0.0,0,0.0,0,0,0,0,0.0,0,0,0,0,0,0,0,0,0
2007-05,0,0,0,0.0,0,0,0,0.0,0,0,0,0.0,0,0,0,0,0.0,0,0.0,0,0.0,0.0,0.0,0,0,0,0,0,0,0,0,0.0,0,0.0,0,0,0.0,0.0,0,0,0,0,0.0,0,0,0,0,0,0,0,0,0,0,0,0,0.0,0,0,0,0,0,0,0,0,0,0,0,0,0,0,0.0,0,0.0,0.0,0,0.0,0,0.0,0.0,0,0,0,0,0,0,0,0,0,0,0,0,0,0,0,0,0,0.0,0,0,0,0,0,0,0.0,0,0.0,0,0,0,0,0.0,0,0,0,0,0,0,0,0,0
2007-06,0,0,0,0.0,0,0,0,0.0,0,0,0,0.0,0,0,0,0,0.0,0,0.0,0,0.0,0.0,0.0,0,0,0,0,0,0,0,0,0.0,0,0.0,0,0,0.0,0.0,0,0,0,0,0.0,0,0,0,0,0,0,0,0,0,0,0,0,0.0,0,0,0,0,0,0,0,0,0,0,0,0,0,0,0.0,0,0.0,0.0,0,0.0,0,0.0,0.0,0,0,0,0,0,0,0,0,0,0,0,0,0,0,0,0,0,0.0,0,0,0,0,0,0,0.0,0,0.0,0,0,0,0,0.0,0,0,0,0,0,0,0,0,0
2007-07,0,0,0,0.0,0,0,0,0.0,0,0,0,0.0,0,0,0,0,0.0,0,0.0,0,0.0,0.0,0.0,0,0,0,0,0,0,0,0,0.0,0,0.0,0,0,0.0,0.0,0,0,0,0,0.0,0,0,0,0,0,0,0,0,0,0,0,0,0.0,0,0,0,0,0,0,0,0,0,0,0,0,0,0,0.0,0,0.0,0.0,0,0.0,0,0.0,0.0,0,0,0,0,0,0,0,0,0,0,0,0,0,0,0,0,0,0.0,0,0,0,0,0,0,0.0,0,0.0,0,0,0,0,0.0,0,0,0,0,0,0,0,0,0
2007-08,0,0,0,0.0,0,0,0,0.0,0,0,0,0.0,0,0,0,0,0.0,0,0.0,0,0.0,0.0,0.0,0,0,0,0,0,0,0,0,0.0,0,0.0,0,0,0.0,0.0,0,0,0,0,0.0,0,0,0,0,0,0,0,0,0,0,0,0,0.0,0,0,0,0,0,0,0,0,0,0,0,0,0,0,0.0,0,0.0,0.0,0,0.0,0,0.0,0.0,0,0,0,0,0,0,0,0,0,0,0,0,0,0,0,0,0,0.0,0,0,0,0,0,0,0.0,0,0.0,0,0,0,0,0.0,0,0,0,0,0,0,0,0,0
2007-09,0,0,0,0.0,0,0,0,0.0,0,0,0,0.0,0,0,0,0,0.0,0,0.0,0,0.0,0.0,0.0,0,0,0,0,0,0,0,0,0.0,0,0.0,0,0,0.0,0.0,0,0,0,0,0.0,0,0,0,0,0,0,0,0,0,0,0,0,0.0,0,0,0,0,0,0,0,0,0,0,0,0,0,0,0.0,0,0.0,0.0,0,0.0,0,0.0,0.0,0,0,0,0,0,0,0,0,0,0,0,0,0,0,0,0,0,0.0,0,0,0,0,0,0,0.0,0,0.0,0,0,0,0,0.0,0,0,0,0,0,0,0,0,0
2007-10,0,0,0,0.0,0,0,0,0.0,0,0,0,0.0,0,0,0,0,0.0,0,0.0,0,0.0,0.0,0.0,0,0,0,0,0,0,0,0,0.0,0,0.0,0,0,0.0,0.0,0,0,0,0,0.0,0,0,0,0,0,0,0,0,0,0,0,0,0.0,0,0,0,0,0,0,0,0,0,0,0,0,0,0,0.0,0,0.0,0.0,0,0.0,0,0.0,0.0,0,0,0,0,0,0,0,0,0,0,0,0,0,0,0,0,0,0.0,0,0,0,0,0,0,0.0,0,0.0,0,0,0,0,0.0,0,0,0,0,0,0,0,0,0
2007-11,0,0,0,0.0,0,0,0,0.0,0,0,0,0.0,0,0,0,0,0.0,0,0.0,0,0.0,0.0,0.0,0,0,0,0,0,0,0,0,0.0,0,0.0,0,0,0.0,0.0,0,0,0,0,0.0,0,0,0,0,0,0,0,0,0,0,0,0,0.0,0,0,0,0,0,0,0,0,0,0,0,0,0,0,0.0,0,0.0,0.0,0,0.0,0,0.0,0.0,0,0,0,0,0,0,0,0,0,0,0,0,0,0,0,0,0,0.0,0,0,0,0,0,0,0.0,0,0.0,0,0,0,0,0.0,0,0,0,0,0,0,0,0,0
2007-12,0,0,0,0.0,0,0,0,0.0,0,0,0,0.0,0,0,0,0,0.0,0,0.0,0,0.0,0.0,0.0,0,0,0,0,0,0,0,0,0.0,0,0.0,0,0,0.0,0.0,0,0,0,0,0.0,0,0,0,0,0,0,0,0,0,0,0,0,0.0,0,0,0,0,0,0,0,0,0,0,0,0,0,0,0.0,0,0.0,0.0,0,0.0,0,0.0,0.0,0,0,0,0,0,0,0,0,0,0,0,0,0,0,0,0,0,0.0,0,0,0,0,0,0,0.0,0,0.0,0,0,0,0,0.0,0,0,0,0,0,0,0,0,0
2008-01,0,0,0,0.0,0,0,0,0.0,0,0,0,0.0,0,0,0,0,0.0,0,0.0,0,0.0,0.0,0.0,0,0,0,0,0,0,0,0,0.0,0,0.0,0,0,0.0,0.0,0,0,0,0,0.0,0,0,0,0,0,0,0,0,0,0,0,0,0.0,0,0,0,0,0,0,0,0,0,0,0,0,0,0,0.0,0,0.0,0.0,0,0.0,0,0.0,0.0,0,0,0,0,0,0,0,0,0,0,0,0,0,0,0,0,0,0.0,0,0,0,0,0,0,0.0,0,0.0,0,0,0,0,0.0,0,0,0,0,0,0,0,0,0
2008-02,0,0,0,0.0,0,0,0,0.0,0,0,0,0.0,0,0,0,0,0.0,0,0.0,0,0.0,0.0,0.0,0,0,0,0,0,0,0,0,0.0,0,0.0,0,0,0.0,0.0,0,0,0,0,0.0,0,0,0,0,0,0,0,0,0,0,0,0,0.0,0,0,0,0,0,0,0,0,0,0,0,0,0,0,0.0,0,0.0,0.0,0,0.0,0,0.0,0.0,0,0,0,0,0,0,0,0,0,0,0,0,0,0,0,0,0,0.0,0,0,0,0,0,0,0.0,0,0.0,0,0,0,0,0.0,0,0,0,0,0,0,0,0,0
2008-03,0,0,0,0.0,0,0,0,0.0,0,0,0,0.0,0,0,0,0,0.0,0,0.0,0,0.0,0.0,0.0,0,0,0,0,0,0,0,0,0.0,0,0.0,0,0,0.0,0.0,0,0,0,0,0.0,0,0,0,0,0,0,0,0,0,0,0,0,0.0,0,0,0,0,0,0,0,0,0,0,0,0,0,0,0.0,0,0.0,0.0,0,0.0,0,0.0,0.0,0,0,0,0,0,0,0,0,0,0,0,0,0,0,0,0,0,0.0,0,0,0,0,0,0,0.0,0,0.0,0,0,0,0,0.0,0,0,0,0,0,0,0,0,0
2008-04,0,0,0,0.0,0,0,0,0.0,0,0,0,0.0,0,0,0,0,0.0,0,0.0,0,0.0,0.0,0.0,0,0,0,0,0,0,0,0,0.0,0,0.0,0,0,0.0,0.0,0,0,0,0,0.0,0,0,0,0,0,0,0,0,0,0,0,0,0.0,0,0,0,0,0,0,0,0,0,0,0,0,0,0,0.0,0,0.0,0.0,0,0.0,0,0.0,0.0,0,0,0,0,0,0,0,0,0,0,0,0,0,0,0,0,0,0.0,0,0,0,0,0,0,0.0,0,0.0,0,0,0,0,0.0,0,0,0,0,0,0,0,0,0
2008-05,0,0,0,0.0,0,0,0,0.0,0,0,0,0.0,0,0,0,0,0.0,0,0.0,0,0.0,0.0,0.0,0,0,0,0,0,0,0,0,0.0,0,0.0,0,0,0.0,0.0,0,0,0,0,0.0,0,0,0,0,0,0,0,0,0,0,0,0,0.0,0,0,0,0,0,0,0,0,0,0,0,0,0,0,0.0,0,0.0,0.0,0,0.0,0,0.0,0.0,0,0,0,0,0,0,0,0,0,0,0,0,0,0,0,0,0,0.0,0,0,0,0,0,0,0.0,0,0.0,0,0,0,0,0.0,0,0,0,0,0,0,0,0,0
2008-06,0,0,0,0.0,0,0,0,0.0,0,0,0,0.0,0,0,0,0,0.0,0,0.0,0,0.0,0.0,0.0,0,0,0,0,0,0,0,0,0.0,0,0.0,0,0,0.0,0.0,0,0,0,0,0.0,0,0,0,0,0,0,0,0,0,0,0,0,0.0,0,0,0,0,0,0,0,0,0,0,0,0,0,0,0.0,0,0.0,0.0,0,0.0,0,0.0,0.0,0,0,0,0,0,0,0,0,0,0,0,0,0,0,0,0,0,0.0,0,0,0,0,0,0,0.0,0,0.0,0,0,0,0,0.0,0,0,0,0,0,0,0,0,0
2008-07,0,0,0,0.0,0,0,0,0.0,0,0,0,0.0,0,0,0,0,0.0,0,0.0,0,0.0,0.0,0.0,0,0,0,0,0,0,0,0,0.0,0,0.0,0,0,0.0,0.0,0,0,0,0,0.0,0,0,0,0,0,0,0,0,0,0,0,0,0.0,0,0,0,0,0,0,0,0,0,0,0,0,0,0,0.0,0,0.0,0.0,0,0.0,0,0.0,0.0,0,0,0,0,0,0,0,0,0,0,0,0,0,0,0,0,0,0.0,0,0,0,0,0,0,0.0,0,0.0,0,0,0,0,0.0,0,0,0,0,0,0,0,0,0
2008-08,0,0,0,0.0,0,0,0,0.0,0,0,0,0.0,0,0,0,0,0.0,0,0.0,0,0.0,0.0,0.0,0,0,0,0,0,0,0,0,0.0,0,0.0,0,0,0.0,0.0,0,0,0,0,0.0,0,0,0,0,0,0,0,0,0,0,0,0,0.0,0,0,0,0,0,0,0,0,0,0,0,0,0,0,0.0,0,0.0,0.0,0,0.0,0,0.0,0.0,0,0,0,0,0,0,0,0,0,0,0,0,0,0,0,0,0,0.0,0,0,0,0,0,0,0.0,0,0.0,0,0,0,0,0.0,0,0,0,0,0,0,0,0,0
2008-09,0,0,0,0.0,0,0,0,0.0,0,0,0,0.0,0,0,0,0,0.0,0,0.0,0,0.0,0.0,0.0,0,0,0,0,0,0,0,0,0.0,0,0.0,0,0,0.0,0.0,0,0,0,0,0.0,0,0,0,0,0,0,0,0,0,0,0,0,0.0,0,0,0,0,0,0,0,0,0,0,0,0,0,0,0.0,0,0.0,0.0,0,0.0,0,0.0,0.0,0,0,0,0,0,0,0,0,0,0,0,0,0,0,0,0,0,0.0,0,0,0,0,0,0,0.0,0,0.0,0,0,0,0,0.0,0,0,0,0,0,0,0,0,0
2008-10,0,0,0,0.0,0,0,0,0.0,0,0,0,0.0,0,0,0,0,0.0,0,0.0,0,0.0,0.0,0.0,0,0,0,0,0,0,0,0,0.0,0,0.0,0,0,0.0,0.0,0,0,0,0,0.0,0,0,0,0,0,0,0,0,0,0,0,0,0.0,0,0,0,0,0,0,0,0,0,0,0,0,0,0,0.0,0,0.0,0.0,0,0.0,0,0.0,0.0,0,0,0,0,0,0,0,0,0,0,0,0,0,0,0,0,0,0.0,0,0,0,0,0,0,0.0,0,0.0,0,0,0,0,0.0,0,0,0,0,0,0,0,0,0
2008-11,0,0,0,0.0,0,0,0,0.0,0,0,0,0.0,0,0,0,0,0.0,0,0.0,0,0.0,0.0,0.0,0,0,0,0,0,0,0,0,0.0,0,0.0,0,0,0.0,0.0,0,0,0,0,0.0,0,0,0,0,0,0,0,0,0,0,0,0,0.0,0,0,0,0,0,0,0,0,0,0,0,0,0,0,0.0,0,0.0,0.0,0,0.0,0,0.0,0.0,0,0,0,0,0,0,0,0,0,0,0,0,0,0,0,0,0,0.0,0,0,0,0,0,0,0.0,0,0.0,0,0,0,0,0.0,0,0,0,0,0,0,0,0,0
2008-12,0,0,0,0.0,0,0,0,0.0,0,0,0,0.0,0,0,0,0,0.0,0,0.0,0,0.0,0.0,0.0,0,0,0,0,0,0,0,0,0.0,0,0.0,0,0,0.0,0.0,0,0,0,0,0.0,0,0,0,0,0,0,0,0,0,0,0,0,0.0,0,0,0,0,0,0,0,0,0,0,0,0,0,0,0.0,0,0.0,0.0,0,0.0,0,0.0,0.0,0,0,0,0,0,0,0,0,0,0,0,0,0,0,0,0,0,0.0,0,0,0,0,0,0,0.0,0,0.0,0,0,0,0,0.0,0,0,0,0,0,0,0,0,0
2009-01,0,0,0,0.0,0,0,0,0.0,0,0,0,0.0,0,0,0,0,0.0,0,0.0,0,0.0,0.0,0.0,0,0,0,0,0,0,0,0,0.0,0,0.0,0,0,0.0,0.0,0,0,0,0,0.0,0,0,0,0,0,0,0,0,0,0,0,0,0.0,0,0,0,0,0,0,0,0,0,0,0,0,0,0,0.0,0,0.0,0.0,0,0.0,0,0.0,0.0,0,0,0,0,0,0,0,0,0,0,0,0,0,0,0,0,0,0.0,0,0,0,0,0,0,0.0,0,0.0,0,0,0,0,0.0,0,0,0,0,0,0,0,0,0
2009-02,0,0,0,0.0,0,0,0,0.0,0,0,0,0.0,0,0,0,0,0.0,0,0.0,0,0.0,0.0,0.0,0,0,0,0,0,0,0,0,0.0,0,0.0,0,0,0.0,0.0,0,0,0,0,0.0,0,0,0,0,0,0,0,0,0,0,0,0,0.0,0,0,0,0,0,0,0,0,0,0,0,0,0,0,0.0,0,0.0,0.0,0,0.0,0,0.0,0.0,0,0,0,0,0,0,0,0,0,0,0,0,0,0,0,0,0,0.0,0,0,0,0,0,0,0.0,0,0.0,0,0,0,0,0.0,0,0,0,0,0,0,0,0,0
2009-03,0,0,0,0.0,0,0,0,0.0,0,0,0,0.0,0,0,0,0,0.0,0,0.0,0,0.0,0.0,0.0,0,0,0,0,0,0,0,0,0.0,0,0.0,0,0,0.0,0.0,0,0,0,0,0.0,0,0,0,0,0,0,0,0,0,0,0,0,0.0,0,0,0,0,0,0,0,0,0,0,0,0,0,0,0.0,0,0.0,0.0,0,0.0,0,0.0,0.0,0,0,0,0,0,0,0,0,0,0,0,0,0,0,0,0,0,0.0,0,0,0,0,0,0,0.0,0,0.0,0,0,0,0,0.0,0,0,0,0,0,0,0,0,0
2009-04,0,0,0,0.0,0,0,0,0.0,0,0,0,0.0,0,0,0,0,0.0,0,0.0,0,0.0,0.0,0.0,0,0,0,0,0,0,0,0,0.0,0,0.0,0,0,0.0,0.0,0,0,0,0,0.0,0,0,0,0,0,0,0,0,0,0,0,0,0.0,0,0,0,0,0,0,0,0,0,0,0,0,0,0,0.0,0,0.0,0.0,0,0.0,0,0.0,0.0,0,0,0,0,0,0,0,0,0,0,0,0,0,0,0,0,0,0.0,0,0,0,0,0,0,0.0,0,0.0,0,0,0,0,0.0,0,0,0,0,0,0,0,0,0
2009-05,0,0,0,0.0,0,0,0,0.0,0,0,0,0.0,0,0,0,0,0.0,0,0.0,0,0.0,0.0,0.0,0,0,0,0,0,0,0,0,0.0,0,0.0,0,0,0.0,0.0,0,0,0,0,0.0,0,0,0,0,0,0,0,0,0,0,0,0,0.0,0,0,0,0,0,0,0,0,0,0,0,0,0,0,0.0,0,0.0,0.0,0,0.0,0,0.0,0.0,0,0,0,0,0,0,0,0,0,0,0,0,0,0,0,0,0,0.0,0,0,0,0,0,0,0.0,0,0.0,0,0,0,0,0.0,0,0,0,0,0,0,0,0,0
2009-06,0,0,0,0.0,0,0,0,0.0,0,0,0,0.0,0,0,0,0,0.0,0,0.0,0,0.0,0.0,0.0,0,0,0,0,0,0,0,0,0.0,0,0.0,0,0,0.0,0.0,0,0,0,0,0.0,0,0,0,0,0,0,0,0,0,0,0,0,0.0,0,0,0,0,0,0,0,0,0,0,0,0,0,0,0.0,0,0.0,0.0,0,0.0,0,0.0,0.0,0,0,0,0,0,0,0,0,0,0,0,0,0,0,0,0,0,0.0,0,0,0,0,0,0,0.0,0,0.0,0,0,0,0,0.0,0,0,0,0,0,0,0,0,0
2009-07,0,0,0,0.0,0,0,0,0.0,0,0,0,0.0,0,0,0,0,0.0,0,0.0,0,0.0,0.0,0.0,0,0,0,0,0,0,0,0,0.0,0,0.0,0,0,0.0,0.0,0,0,0,0,0.0,0,0,0,0,0,0,0,0,0,0,0,0,0.0,0,0,0,0,0,0,0,0,0,0,0,0,0,0,0.0,0,0.0,0.0,0,0.0,0,0.0,0.0,0,0,0,0,0,0,0,0,0,0,0,0,0,0,0,0,0,0.0,0,0,0,0,0,0,0.0,0,0.0,0,0,0,0,0.0,0,0,0,0,0,0,0,0,0
2009-08,0,0,0,0.0,0,0,0,0.0,0,0,0,0.0,0,0,0,0,0.0,0,0.0,0,0.0,0.0,0.0,0,0,0,0,0,0,0,0,0.0,0,0.0,0,0,0.0,0.0,0,0,0,0,0.0,0,0,0,0,0,0,0,0,0,0,0,0,0.0,0,0,0,0,0,0,0,0,0,0,0,0,0,0,0.0,0,0.0,0.0,0,0.0,0,0.0,0.0,0,0,0,0,0,0,0,0,0,0,0,0,0,0,0,0,0,0.0,0,0,0,0,0,0,0.0,0,0.0,0,0,0,0,0.0,0,0,0,0,0,0,0,0,0
2009-09,0,0,0,0.0,0,0,0,0.0,0,0,0,0.0,0,0,0,0,0.0,0,0.0,0,0.0,0.0,0.0,0,0,0,0,0,0,0,0,0.0,0,0.0,0,0,0.0,0.0,0,0,0,0,0.0,0,0,0,0,0,0,0,0,0,0,0,0,0.0,0,0,0,0,0,0,0,0,0,0,0,0,0,0,0.0,0,0.0,0.0,0,0.0,0,0.0,0.0,0,0,0,0,0,0,0,0,0,0,0,0,0,0,0,0,0,0.0,0,0,0,0,0,0,0.0,0,0.0,0,0,0,0,0.0,0,0,0,0,0,0,0,0,0
2009-10,0,0,0,0.0,0,0,0,0.0,0,0,0,0.0,0,0,0,0,0.0,0,0.0,0,0.0,0.0,0.0,0,0,0,0,0,0,0,0,0.0,0,0.0,0,0,0.0,0.0,0,0,0,0,0.0,0,0,0,0,0,0,0,0,0,0,0,0,0.0,0,0,0,0,0,0,0,0,0,0,0,0,0,0,0.0,0,0.0,0.0,0,0.0,0,0.0,0.0,0,0,0,0,0,0,0,0,0,0,0,0,0,0,0,0,0,0.0,0,0,0,0,0,0,0.0,0,0.0,0,0,0,0,0.0,0,0,0,0,0,0,0,0,0
2009-11,0,0,0,0.0,0,0,0,0.0,0,0,0,0.0,0,0,0,0,0.0,0,0.0,0,0.0,0.0,0.0,0,0,0,0,0,0,0,0,0.0,0,0.0,0,0,0.0,0.0,0,0,0,0,0.0,0,0,0,0,0,0,0,0,0,0,0,0,0.0,0,0,0,0,0,0,0,0,0,0,0,0,0,0,0.0,0,0.0,0.0,0,0.0,0,0.0,0.0,0,0,0,0,0,0,0,0,0,0,0,0,0,0,0,0,0,0.0,0,0,0,0,0,0,0.0,0,0.0,0,0,0,0,0.0,0,0,0,0,0,0,0,0,0
2009-12,0,0,0,0.0,0,0,0,0.0,0,0,0,0.0,0,0,0,0,0.0,0,0.0,0,0.0,0.0,0.0,0,0,0,0,0,0,0,0,0.0,0,0.0,0,0,0.0,0.0,0,0,0,0,0.0,0,0,0,0,0,0,0,0,0,0,0,0,0.0,0,0,0,0,0,0,0,0,0,0,0,0,0,0,0.0,0,0.0,0.0,0,0.0,0,0.0,0.0,0,0,0,0,0,0,0,0,0,0,0,0,0,0,0,0,0,0.0,0,0,0,0,0,0,0.0,0,0.0,0,0,0,0,0.0,0,0,0,0,0,0,0,0,0
2010-01,0,0,0,0.0,0,0,0,0.0,0,0,0,0.0,0,0,0,0,0.0,0,0.0,0,0.0,0.0,0.0,0,0,0,0,0,0,0,0,0.0,0,0.0,0,0,0.0,0.0,0,0,0,0,0.0,0,0,0,0,0,0,0,0,0,0,0,0,0.0,0,0,0,0,0,0,0,0,0,0,0,0,0,0,0.0,0,0.0,0.0,0,0.0,0,0.0,0.0,0,0,0,0,0,0,0,0,0,0,0,0,0,0,0,0,0,0.0,0,0,0,0,0,0,0.0,0,0.0,0,0,0,0,0.0,0,0,0,0,0,0,0,0,0
2010-02,0,0,0,0.0,0,0,0,0.0,0,0,0,0.0,0,0,0,0,0.0,0,0.0,0,0.0,0.0,0.0,0,0,0,0,0,0,0,0,0.0,0,0.0,0,0,0.0,0.0,0,0,0,0,0.0,0,0,0,0,0,0,0,0,0,0,0,0,0.0,0,0,0,0,0,0,0,0,0,0,0,0,0,0,0.0,0,0.0,0.0,0,0.0,0,0.0,0.0,0,0,0,0,0,0,0,0,0,0,0,0,0,0,0,0,0,0.0,0,0,0,0,0,0,0.0,0,0.0,0,0,0,0,0.0,0,0,0,0,0,0,0,0,0
2010-03,0,0,0,0.0,0,0,0,0.0,0,0,0,0.0,0,0,0,0,0.0,0,0.0,0,0.0,0.0,0.0,0,0,0,0,0,0,0,0,0.0,0,0.0,0,0,0.0,0.0,0,0,0,0,0.0,0,0,0,0,0,0,0,0,0,0,0,0,0.0,0,0,0,0,0,0,0,0,0,0,0,0,0,0,0.0,0,0.0,0.0,0,0.0,0,0.0,0.0,0,0,0,0,0,0,0,0,0,0,0,0,0,0,0,0,0,0.0,0,0,0,0,0,0,0.0,0,0.0,0,0,0,0,0.0,0,0,0,0,0,0,0,0,0
2010-04,0,0,0,0.0,0,0,0,0.0,0,0,0,0.0,0,0,0,0,0.0,0,0.0,0,0.0,0.0,0.0,0,0,0,0,0,0,0,0,0.0,0,0.0,0,0,0.0,0.0,0,0,0,0,0.0,0,0,0,0,0,0,0,0,0,0,0,0,0.0,0,0,0,0,0,0,0,0,0,0,0,0,0,0,0.0,0,0.0,0.0,0,0.0,0,0.0,0.0,0,0,0,0,0,0,0,0,0,0,0,0,0,0,0,0,0,0.0,0,0,0,0,0,0,0.0,0,0.0,0,0,0,0,0.0,0,0,0,0,0,0,0,0,0
2010-05,0,0,0,0.0,0,0,0,0.0,0,0,0,0.0,0,0,0,0,0.0,0,0.0,0,0.0,0.0,0.0,0,0,0,0,0,0,0,0,0.0,0,0.0,0,0,0.0,0.0,0,0,0,0,0.0,0,0,0,0,0,0,0,0,0,0,0,0,0.0,0,0,0,0,0,0,0,0,0,0,0,0,0,0,0.0,0,0.0,0.0,0,0.0,0,0.0,0.0,0,0,0,0,0,0,0,0,0,0,0,0,0,0,0,0,0,0.0,0,0,0,0,0,0,0.0,0,0.0,0,0,0,0,0.0,0,0,0,0,0,0,0,0,0
2010-06,0,0,0,0.0,0,0,0,0.0,0,0,0,0.0,0,0,0,0,0.0,0,0.0,0,0.0,0.0,0.0,0,0,0,0,0,0,0,0,0.0,0,0.0,0,0,0.0,0.0,0,0,0,0,0.0,0,0,0,0,0,0,0,0,0,0,0,0,0.0,0,0,0,0,0,0,0,0,0,0,0,0,0,0,0.0,0,0.0,0.0,0,0.0,0,0.0,0.0,0,0,0,0,0,0,0,0,0,0,0,0,0,0,0,0,0,0.0,0,0,0,0,0,0,0.0,0,0.0,0,0,0,0,0.0,0,0,0,0,0,0,0,0,0
2010-07,0,0,0,0.0,0,0,0,0.0,0,0,0,0.0,0,0,0,0,0.0,0,0.0,0,0.0,0.0,0.0,0,0,0,0,0,0,0,0,0.0,0,0.0,0,0,0.0,0.0,0,0,0,0,0.0,0,0,0,0,0,0,0,0,0,0,0,0,0.0,0,0,0,0,0,0,0,0,0,0,0,0,0,0,0.0,0,0.0,0.0,0,0.0,0,0.0,0.0,0,0,0,0,0,0,0,0,0,0,0,0,0,0,0,0,0,0.0,0,0,0,0,0,0,0.0,0,0.0,0,0,0,0,0.0,0,0,0,0,0,0,0,0,0
2010-08,0,0,0,0.0,0,0,0,0.0,0,0,0,0.0,0,0,0,0,0.0,0,0.0,0,0.0,0.0,0.0,0,0,0,0,0,0,0,0,0.0,0,0.0,0,0,0.0,0.0,0,0,0,0,0.0,0,0,0,0,0,0,0,0,0,0,0,0,0.0,0,0,0,0,0,0,0,0,0,0,0,0,0,0,0.0,0,0.0,0.0,0,0.0,0,0.0,0.0,0,0,0,0,0,0,0,0,0,0,0,0,0,0,0,0,0,0.0,0,0,0,0,0,0,0.0,0,0.0,0,0,0,0,0.0,0,0,0,0,0,0,0,0,0
2010-09,0,0,0,0.0,0,0,0,0.0,0,0,0,0.0,0,0,0,0,0.0,0,0.0,0,0.0,0.0,0.0,0,0,0,0,0,0,0,0,0.0,0,0.0,0,0,0.0,0.0,0,0,0,0,0.0,0,0,0,0,0,0,0,0,0,0,0,0,0.0,0,0,0,0,0,0,0,0,0,0,0,0,0,0,0.0,0,0.0,0.0,0,0.0,0,0.0,0.0,0,0,0,0,0,0,0,0,0,0,0,0,0,0,0,0,0,0.0,0,0,0,0,0,0,0.0,0,0.0,0,0,0,0,0.0,0,0,0,0,0,0,0,0,0
2010-10,0,0,0,0.0,0,0,0,0.0,0,0,0,0.0,0,0,0,0,0.0,0,0.0,0,0.0,0.0,0.0,0,0,0,0,0,0,0,0,0.0,0,0.0,0,0,0.0,0.0,0,0,0,0,0.0,0,0,0,0,0,0,0,0,0,0,0,0,0.0,0,0,0,0,0,0,0,0,0,0,0,0,0,0,0.0,0,0.0,0.0,0,0.0,0,0.0,0.0,0,0,0,0,0,0,0,0,0,0,0,0,0,0,0,0,0,0.0,0,0,0,0,0,0,0.0,0,0.0,0,0,0,0,0.0,0,0,0,0,0,0,0,0,0
2010-11,0,0,0,0.0,0,0,0,0.0,0,0,0,0.0,0,0,0,0,0.0,0,0.0,0,0.0,0.0,0.0,0,0,0,0,0,0,0,0,0.0,0,0.0,0,0,0.0,0.0,0,0,0,0,0.0,0,0,0,0,0,0,0,0,0,0,0,0,0.0,0,0,0,0,0,0,0,0,0,0,0,0,0,0,0.0,0,0.0,0.0,0,0.0,0,0.0,0.0,0,0,0,0,0,0,0,0,0,0,0,0,0,0,0,0,0,0.0,0,0,0,0,0,0,0.0,0,0.0,0,0,0,0,0.0,0,0,0,0,0,0,0,0,0
2010-12,0,0,0,0.0,0,0,0,0.0,0,0,0,0.0,0,0,0,0,0.0,0,0.0,0,0.0,0.0,0.0,0,0,0,0,0,0,0,0,0.0,0,0.0,0,0,0.0,0.0,0,0,0,0,0.0,0,0,0,0,0,0,0,0,0,0,0,0,0.0,0,0,0,0,0,0,0,0,0,0,0,0,0,0,0.0,0,0.0,0.0,0,0.0,0,0.0,0.0,0,0,0,0,0,0,0,0,0,0,0,0,0,0,0,0,0,0.0,0,0,0,0,0,0,0.0,0,0.0,0,0,0,0,0.0,0,0,0,0,0,0,0,0,0
2011-01,0,0,0,0.0,0,0,0,0.0,0,0,0,0.0,0,0,0,0,0.0,0,0.0,0,0.0,0.0,0.0,0,0,0,0,0,0,0,0,0.0,0,0.0,0,0,0.0,0.0,0,0,0,0,0.0,0,0,0,0,0,0,0,0,0,0,0,0,0.0,0,0,0,0,0,0,0,0,0,0,0,0,0,0,0.0,0,0.0,0.0,0,0.0,0,0.0,0.0,0,0,0,0,0,0,0,0,0,0,0,0,0,0,0,0,0,0.0,0,0,0,0,0,0,0.0,0,0.0,0,0,0,0,0.0,0,0,0,0,0,0,0,0,0
2011-02,0,0,0,0.0,0,0,0,0.0,0,0,0,0.0,0,0,0,0,0.0,0,0.0,0,0.0,0.0,0.0,0,0,0,0,0,0,0,0,0.0,0,0.0,0,0,0.0,0.0,0,0,0,0,0.0,0,0,0,0,0,0,0,0,0,0,0,0,0.0,0,0,0,0,0,0,0,0,0,0,0,0,0,0,0.0,0,0.0,0.0,0,0.0,0,0.0,0.0,0,0,0,0,0,0,0,0,0,0,0,0,0,0,0,0,0,0.0,0,0,0,0,0,0,0.0,0,0.0,0,0,0,0,0.0,0,0,0,0,0,0,0,0,0
2011-03,0,0,0,0.0,0,0,0,0.0,0,0,0,0.0,0,0,0,0,0.0,0,0.0,0,0.0,0.0,0.0,0,0,0,0,0,0,0,0,0.0,0,0.0,0,0,0.0,0.0,0,0,0,0,0.0,0,0,0,0,0,0,0,0,0,0,0,0,0.0,0,0,0,0,0,0,0,0,0,0,0,0,0,0,0.0,0,0.0,0.0,0,0.0,0,0.0,0.0,0,0,0,0,0,0,0,0,0,0,0,0,0,0,0,0,0,0.0,0,0,0,0,0,0,0.0,0,0.0,0,0,0,0,0.0,0,0,0,0,0,0,0,0,0
2011-04,0,0,0,0.0,0,0,0,0.0,0,0,0,0.0,0,0,0,0,0.0,0,0.0,0,0.0,0.0,0.0,0,0,0,0,0,0,0,0,0.0,0,0.0,0,0,0.0,0.0,0,0,0,0,0.0,0,0,0,0,0,0,0,0,0,0,0,0,0.0,0,0,0,0,0,0,0,0,0,0,0,0,0,0,0.0,0,0.0,0.0,0,0.0,0,0.0,0.0,0,0,0,0,0,0,0,0,0,0,0,0,0,0,0,0,0,0.0,0,0,0,0,0,0,0.0,0,0.0,0,0,0,0,0.0,0,0,0,0,0,0,0,0,0
2011-05,0,0,0,0.0,0,0,0,0.0,0,0,0,0.0,0,0,0,0,0.0,0,0.0,0,0.0,0.0,0.0,0,0,0,0,0,0,0,0,0.0,0,0.0,0,0,0.0,0.0,0,0,0,0,0.0,0,0,0,0,0,0,0,0,0,0,0,0,0.0,0,0,0,0,0,0,0,0,0,0,0,0,0,0,0.0,0,0.0,0.0,0,0.0,0,0.0,0.0,0,0,0,0,0,0,0,0,0,0,0,0,0,0,0,0,0,0.0,0,0,0,0,0,0,0.0,0,0.0,0,0,0,0,0.0,0,0,0,0,0,0,0,0,0
2011-06,0,0,0,0.0,0,0,0,0.0,0,0,0,0.0,0,0,0,0,0.0,0,0.0,0,0.0,0.0,0.0,0,0,0,0,0,0,0,0,0.0,0,0.0,0,0,0.0,0.0,0,0,0,0,0.0,0,0,0,0,0,0,0,0,0,0,0,0,0.0,0,0,0,0,0,0,0,0,0,0,0,0,0,0,0.0,0,0.0,0.0,0,0.0,0,0.0,0.0,0,0,0,0,0,0,0,0,0,0,0,0,0,0,0,0,0,0.0,0,0,0,0,0,0,0.0,0,0.0,0,0,0,0,0.0,0,0,0,0,0,0,0,0,0
2011-07,0,0,0,0.0,0,0,0,0.0,0,0,0,0.0,0,0,0,0,0.0,0,0.0,0,0.0,0.0,0.0,0,0,0,0,0,0,0,0,0.0,0,0.0,0,0,0.0,0.0,0,0,0,0,0.0,0,0,0,0,0,0,0,0,0,0,0,0,0.0,0,0,0,0,0,0,0,0,0,0,0,0,0,0,0.0,0,0.0,0.0,0,0.0,0,0.0,0.0,0,0,0,0,0,0,0,0,0,0,0,0,0,0,0,0,0,0.0,0,0,0,0,0,0,0.0,0,0.0,0,0,0,0,0.0,0,0,0,0,0,0,0,0,0
2011-08,0,0,0,0.0,0,0,0,0.0,0,0,0,0.0,0,0,0,0,0.0,0,0.0,0,0.0,0.0,0.0,0,0,0,0,0,0,0,0,0.0,0,0.0,0,0,0.0,0.0,0,0,0,0,0.0,0,0,0,0,0,0,0,0,0,0,0,0,0.0,0,0,0,0,0,0,0,0,0,0,0,0,0,0,0.0,0,0.0,0.0,0,0.0,0,0.0,0.0,0,0,0,0,0,0,0,0,0,0,0,0,0,0,0,0,0,0.0,0,0,0,0,0,0,0.0,0,0.0,0,0,0,0,0.0,0,0,0,0,0,0,0,0,0
2011-09,0,0,0,0.0,0,0,0,0.0,0,0,0,0.0,0,0,0,0,0.0,0,0.0,0,0.0,0.0,0.0,0,0,0,0,0,0,0,0,0.0,0,0.0,0,0,0.0,0.0,0,0,0,0,0.0,0,0,0,0,0,0,0,0,0,0,0,0,0.0,0,0,0,0,0,0,0,0,0,0,0,0,0,0,0.0,0,0.0,0.0,0,0.0,0,0.0,0.0,0,0,0,0,0,0,0,0,0,0,0,0,0,0,0,0,0,0.0,0,0,0,0,0,0,0.0,0,0.0,0,0,0,0,0.0,0,0,0,0,0,0,0,0,0
2011-10,0,0,0,0.0,0,0,0,0.0,0,0,0,0.0,0,0,0,0,0.0,0,0.0,0,0.0,0.0,0.0,0,0,0,0,0,0,0,0,0.0,0,0.0,0,0,0.0,0.0,0,0,0,0,0.0,0,0,0,0,0,0,0,0,0,0,0,0,0.0,0,0,0,0,0,0,0,0,0,0,0,0,0,0,0.0,0,0.0,0.0,0,0.0,0,0.0,0.0,0,0,0,0,0,0,0,0,0,0,0,0,0,0,0,0,0,0.0,0,0,0,0,0,0,0.0,0,0.0,0,0,0,0,0.0,0,0,0,0,0,0,0,0,0
2011-11,0,0,0,0.0,0,0,0,0.0,0,0,0,0.0,0,0,0,0,0.0,0,0.0,0,0.0,0.0,0.0,0,0,0,0,0,0,0,0,0.0,0,0.0,0,0,0.0,0.0,0,0,0,0,0.0,0,0,0,0,0,0,0,0,0,0,0,0,0.0,0,0,0,0,0,0,0,0,0,0,0,0,0,0,0.0,0,0.0,0.0,0,0.0,0,0.0,0.0,0,0,0,0,0,0,0,0,0,0,0,0,0,0,0,0,0,0.0,0,0,0,0,0,0,0.0,0,0.0,0,0,0,0,0.0,0,0,0,0,0,0,0,0,0
2011-12,0,0,0,0.0,0,0,0,0.0,0,0,0,0.0,0,0,0,0,0.0,0,0.0,0,0.0,0.0,0.0,0,0,0,0,0,0,0,0,0.0,0,0.0,0,0,0.0,0.0,0,0,0,0,0.0,0,0,0,0,0,0,0,0,0,0,0,0,0.0,0,0,0,0,0,0,0,0,0,0,0,0,0,0,0.0,0,0.0,0.0,0,0.0,0,0.0,0.0,0,0,0,0,0,0,0,0,0,0,0,0,0,0,0,0,0,0.0,0,0,0,0,0,0,0.0,0,0.0,0,0,0,0,0.0,0,0,0,0,0,0,0,0,0
2012-01,0,0,0,0.0,0,0,0,0.0,0,0,0,0.0,0,0,0,0,0.0,0,0.0,0,0.0,0.0,0.0,0,0,0,0,0,0,0,0,0.0,0,0.0,0,0,0.0,0.0,0,0,0,0,0.0,0,0,0,0,0,0,0,0,0,0,0,0,0.0,0,0,0,0,0,0,0,0,0,0,0,0,0,0,0.0,0,0.0,0.0,0,0.0,0,0.0,0.0,0,0,0,0,0,0,0,0,0,0,0,0,0,0,0,0,0,0.0,0,0,0,0,0,0,0.0,0,0.0,0,0,0,0,0.0,0,0,0,0,0,0,0,0,0
2012-02,0,0,0,0.0,0,0,0,0.0,0,0,0,0.0,0,0,0,0,0.0,0,0.0,0,0.0,0.0,0.0,0,0,0,0,0,0,0,0,0.0,0,0.0,0,0,0.0,0.0,0,0,0,0,0.0,0,0,0,0,0,0,0,0,0,0,0,0,0.0,0,0,0,0,0,0,0,0,0,0,0,0,0,0,0.0,0,0.0,0.0,0,0.0,0,0.0,0.0,0,0,0,0,0,0,0,0,0,0,0,0,0,0,0,0,0,0.0,0,0,0,0,0,0,0.0,0,0.0,0,0,0,0,0.0,0,0,0,0,0,0,0,0,0
2012-03,0,0,0,0.0,0,0,0,0.0,0,0,0,0.0,0,0,0,0,0.0,0,0.0,0,0.0,0.0,0.0,0,0,0,0,0,0,0,0,0.0,0,0.0,0,0,0.0,0.0,0,0,0,0,0.0,0,0,0,0,0,0,0,0,0,0,0,0,0.0,0,0,0,0,0,0,0,0,0,0,0,0,0,0,0.0,0,0.0,0.0,0,0.0,0,0.0,0.0,0,0,0,0,0,0,0,0,0,0,0,0,0,0,0,0,0,0.0,0,0,0,0,0,0,0.0,0,0.0,0,0,0,0,0.0,0,0,0,0,0,0,0,0,0
2012-04,0,0,0,0.0,0,0,0,0.0,0,0,0,0.0,0,0,0,0,0.0,0,0.0,0,0.0,0.0,0.0,0,0,0,0,0,0,0,0,0.0,0,0.0,0,0,0.0,0.0,0,0,0,0,0.0,0,0,0,0,0,0,0,0,0,0,0,0,0.0,0,0,0,0,0,0,0,0,0,0,0,0,0,0,0.0,0,0.0,0.0,0,0.0,0,0.0,0.0,0,0,0,0,0,0,0,0,0,0,0,0,0,0,0,0,0,0.0,0,0,0,0,0,0,0.0,0,0.0,0,0,0,0,0.0,0,0,0,0,0,0,0,0,0
2012-05,0,0,0,0.0,0,0,0,0.0,0,0,0,0.0,0,0,0,0,0.0,0,0.0,0,0.0,0.0,0.0,0,0,0,0,0,0,0,0,0.0,0,0.0,0,0,0.0,0.0,0,0,0,0,0.0,0,0,0,0,0,0,0,0,0,0,0,0,0.0,0,0,0,0,0,0,0,0,0,0,0,0,0,0,0.0,0,0.0,0.0,0,0.0,0,0.0,0.0,0,0,0,0,0,0,0,0,0,0,0,0,0,0,0,0,0,0.0,0,0,0,0,0,0,0.0,0,0.0,0,0,0,0,0.0,0,0,0,0,0,0,0,0,0
2012-06,0,0,0,0.0,0,0,0,0.0,0,0,0,0.0,0,0,0,0,0.0,0,0.0,0,0.0,0.0,0.0,0,0,0,0,0,0,0,0,0.0,0,0.0,0,0,0.0,0.0,0,0,0,0,0.0,0,0,0,0,0,0,0,0,0,0,0,0,0.0,0,0,0,0,0,0,0,0,0,0,0,0,0,0,0.0,0,0.0,0.0,0,0.0,0,0.0,0.0,0,0,0,0,0,0,0,0,0,0,0,0,0,0,0,0,0,0.0,0,0,0,0,0,0,0.0,0,0.0,0,0,0,0,0.0,0,0,0,0,0,0,0,0,0
2012-07,0,0,0,0.0,0,0,0,0.0,0,0,0,0.0,0,0,0,0,0.0,0,0.0,0,0.0,0.0,0.0,0,0,0,0,0,0,0,0,0.0,0,0.0,0,0,0.0,0.0,0,0,0,0,0.0,0,0,0,0,0,0,0,0,0,0,0,0,0.0,0,0,0,0,0,0,0,0,0,0,0,0,0,0,0.0,0,0.0,0.0,0,0.0,0,0.0,0.0,0,0,0,0,0,0,0,0,0,0,0,0,0,0,0,0,0,0.0,0,0,0,0,0,0,0.0,0,0.0,0,0,0,0,0.0,0,0,0,0,0,0,0,0,0
2012-08,0,0,0,0.0,0,0,0,0.0,0,0,0,0.0,0,0,0,0,0.0,0,0.0,0,0.0,0.0,0.0,0,0,0,0,0,0,0,0,0.0,0,0.0,0,0,0.0,0.0,0,0,0,0,0.0,0,0,0,0,0,0,0,0,0,0,0,0,0.0,0,0,0,0,0,0,0,0,0,0,0,0,0,0,0.0,0,0.0,0.0,0,0.0,0,0.0,0.0,0,0,0,0,0,0,0,0,0,0,0,0,0,0,0,0,0,0.0,0,0,0,0,0,0,0.0,0,0.0,0,0,0,0,0.0,0,0,0,0,0,0,0,0,0
2012-09,0,0,0,0.0,0,0,0,0.0,0,0,0,0.0,0,0,0,0,0.0,0,0.0,0,0.0,0.0,0.0,0,0,0,0,0,0,0,0,0.0,0,0.0,0,0,0.0,0.0,0,0,0,0,0.0,0,0,0,0,0,0,0,0,0,0,0,0,0.0,0,0,0,0,0,0,0,0,0,0,0,0,0,0,0.0,0,0.0,0.0,0,0.0,0,0.0,0.0,0,0,0,0,0,0,0,0,0,0,0,0,0,0,0,0,0,0.0,0,0,0,0,0,0,0.0,0,0.0,0,0,0,0,0.0,0,0,0,0,0,0,0,0,0
2012-10,0,0,0,0.0,0,0,0,0.0,0,0,0,0.0,0,0,0,0,0.0,0,0.0,0,0.0,0.0,0.0,0,0,0,0,0,0,0,0,0.0,0,0.0,0,0,0.0,0.0,0,0,0,0,0.0,0,0,0,0,0,0,0,0,0,0,0,0,0.0,0,0,0,0,0,0,0,0,0,0,0,0,0,0,0.0,0,0.0,0.0,0,0.0,0,0.0,0.0,0,0,0,0,0,0,0,0,0,0,0,0,0,0,0,0,0,0.0,0,0,0,0,0,0,0.0,0,0.0,0,0,0,0,0.0,0,0,0,0,0,0,0,0,0
2012-11,0,0,0,0.0,0,0,0,0.0,0,0,0,0.0,0,0,0,0,0.0,0,0.0,0,0.0,0.0,0.0,0,0,0,0,0,0,0,0,0.0,0,0.0,0,0,0.0,0.0,0,0,0,0,0.0,0,0,0,0,0,0,0,0,0,0,0,0,0.0,0,0,0,0,0,0,0,0,0,0,0,0,0,0,0.0,0,0.0,0.0,0,0.0,0,0.0,0.0,0,0,0,0,0,0,0,0,0,0,0,0,0,0,0,0,0,0.0,0,0,0,0,0,0,0.0,0,0.0,0,0,0,0,0.0,0,0,0,0,0,0,0,0,0
2012-12,0,0,0,0.0,0,0,0,0.0,0,0,0,0.0,0,0,0,0,0.0,0,0.0,0,0.0,0.0,0.0,0,0,0,0,0,0,0,0,0.0,0,0.0,0,0,0.0,0.0,0,0,0,0,0.0,0,0,0,0,0,0,0,0,0,0,0,0,0.0,0,0,0,0,0,0,0,0,0,0,0,0,0,0,0.0,0,0.0,0.0,0,0.0,0,0.0,0.0,0,0,0,0,0,0,0,0,0,0,0,0,0,0,0,0,0,0.0,0,0,0,0,0,0,0.0,0,0.0,0,0,0,0,0.0,0,0,0,0,0,0,0,0,0
2013-01,0,0,0,0.0,0,0,0,0.0,0,0,0,0.0,0,0,0,0,0.0,0,0.0,0,0.0,0.0,0.0,0,0,0,0,0,0,0,0,0.0,0,0.0,0,0,0.0,0.0,0,0,0,0,0.0,0,0,0,0,0,0,0,0,0,0,0,0,0.0,0,0,0,0,0,0,0,0,0,0,0,0,0,0,0.0,0,0.0,0.0,0,0.0,0,0.0,0.0,0,0,0,0,0,0,0,0,0,0,0,0,0,0,0,0,0,0.0,0,0,0,0,0,0,0.0,0,0.0,0,0,0,0,0.0,0,0,0,0,0,0,0,0,0
2013-02,0,0,0,0.0,0,0,0,0.0,0,0,0,0.0,0,0,0,0,0.0,0,0.0,0,0.0,0.0,0.0,0,0,0,0,0,0,0,0,0.0,0,0.0,0,0,0.0,0.0,0,0,0,0,0.0,0,0,0,0,0,0,0,0,0,0,0,0,0.0,0,0,0,0,0,0,0,0,0,0,0,0,0,0,0.0,0,0.0,0.0,0,0.0,0,0.0,0.0,0,0,0,0,0,0,0,0,0,0,0,0,0,0,0,0,0,0.0,0,0,0,0,0,0,0.0,0,0.0,0,0,0,0,0.0,0,0,0,0,0,0,0,0,0
2013-03,0,0,0,0.0,0,0,0,0.0,0,0,0,0.0,0,0,0,0,0.0,0,0.0,0,0.0,0.0,0.0,0,0,0,0,0,0,0,0,0.0,0,0.0,0,0,0.0,0.0,0,0,0,0,0.0,0,0,0,0,0,0,0,0,0,0,0,0,0.0,0,0,0,0,0,0,0,0,0,0,0,0,0,0,0.0,0,0.0,0.0,0,0.0,0,0.0,0.0,0,0,0,0,0,0,0,0,0,0,0,0,0,0,0,0,0,0.0,0,0,0,0,0,0,0.0,0,0.0,0,0,0,0,0.0,0,0,0,0,0,0,0,0,0
2013-04,0,0,0,0.0,0,0,0,0.0,0,0,0,0.0,0,0,0,0,0.0,0,0.0,0,0.0,0.0,0.0,0,0,0,0,0,0,0,0,0.0,0,0.0,0,0,0.0,0.0,0,0,0,0,0.0,0,0,0,0,0,0,0,0,0,0,0,0,0.0,0,0,0,0,0,0,0,0,0,0,0,0,0,0,0.0,0,0.0,0.0,0,0.0,0,0.0,0.0,0,0,0,0,0,0,0,0,0,0,0,0,0,0,0,0,0,0.0,0,0,0,0,0,0,0.0,0,0.0,0,0,0,0,0.0,0,0,0,0,0,0,0,0,0
2013-05,0,0,0,0.0,0,0,0,0.0,0,0,0,0.0,0,0,0,0,0.0,0,0.0,0,0.0,0.0,0.0,0,0,0,0,0,0,0,0,0.0,0,0.0,0,0,0.0,0.0,0,0,0,0,0.0,0,0,0,0,0,0,0,0,0,0,0,0,0.0,0,0,0,0,0,0,0,0,0,0,0,0,0,0,0.0,0,0.0,0.0,0,0.0,0,0.0,0.0,0,0,0,0,0,0,0,0,0,0,0,0,0,0,0,0,0,0.0,0,0,0,0,0,0,0.0,0,0.0,0,0,0,0,0.0,0,0,0,0,0,0,0,0,0
2013-06,0,0,0,0.0,0,0,0,0.0,0,0,0,0.0,0,0,0,0,0.0,0,0.0,0,0.0,0.0,0.0,0,0,0,0,0,0,0,0,0.0,0,0.0,0,0,0.0,0.0,0,0,0,0,0.0,0,0,0,0,0,0,0,0,0,0,0,0,0.0,0,0,0,0,0,0,0,0,0,0,0,0,0,0,0.0,0,0.0,0.0,0,0.0,0,0.0,0.0,0,0,0,0,0,0,0,0,0,0,0,0,0,0,0,0,0,0.0,0,0,0,0,0,0,0.0,0,0.0,0,0,0,0,0.0,0,0,0,0,0,0,0,0,0
2013-07,0,0,0,0.0,0,0,0,0.0,0,0,0,0.0,0,0,0,0,0.0,0,0.0,0,0.0,0.0,0.0,0,0,0,0,0,0,0,0,0.0,0,0.0,0,0,0.0,0.0,0,0,0,0,0.0,0,0,0,0,0,0,0,0,0,0,0,0,0.0,0,0,0,0,0,0,0,0,0,0,0,0,0,0,0.0,0,0.0,0.0,0,0.0,0,0.0,0.0,0,0,0,0,0,0,0,0,0,0,0,0,0,0,0,0,0,0.0,0,0,0,0,0,0,0.0,0,0.0,0,0,0,0,0.0,0,0,0,0,0,0,0,0,0
2013-08,0,0,0,0.0,0,0,0,0.0,0,0,0,0.0,0,0,0,0,0.0,0,0.0,0,0.0,0.0,0.0,0,0,0,0,0,0,0,0,0.0,0,0.0,0,0,0.0,0.0,0,0,0,0,0.0,0,0,0,0,0,0,0,0,0,0,0,0,0.0,0,0,0,0,0,0,0,0,0,0,0,0,0,0,0.0,0,0.0,0.0,0,0.0,0,0.0,0.0,0,0,0,0,0,0,0,0,0,0,0,0,0,0,0,0,0,0.0,0,0,0,0,0,0,0.0,0,0.0,0,0,0,0,0.0,0,0,0,0,0,0,0,0,0
2013-09,0,0,0,0.0,0,0,0,0.0,0,0,0,0.0,0,0,0,0,0.0,0,0.0,0,0.0,0.0,0.0,0,0,0,0,0,0,0,0,0.0,0,0.0,0,0,0.0,0.0,0,0,0,0,0.0,0,0,0,0,0,0,0,0,0,0,0,0,0.0,0,0,0,0,0,0,0,0,0,0,0,0,0,0,0.0,0,0.0,0.0,0,0.0,0,0.0,0.0,0,0,0,0,0,0,0,0,0,0,0,0,0,0,0,0,0,0.0,0,0,0,0,0,0,0.0,0,0.0,0,0,0,0,0.0,0,0,0,0,0,0,0,0,0
2013-10,0,0,0,0.0,0,0,0,0.0,0,0,0,0.0,0,0,0,0,0.0,0,0.0,0,0.0,0.0,0.0,0,0,0,0,0,0,0,0,0.0,0,0.0,0,0,0.0,0.0,0,0,0,0,0.0,0,0,0,0,0,0,0,0,0,0,0,0,0.0,0,0,0,0,0,0,0,0,0,0,0,0,0,0,0.0,0,0.0,0.0,0,0.0,0,0.0,0.0,0,0,0,0,0,0,0,0,0,0,0,0,0,0,0,0,0,0.0,0,0,0,0,0,0,0.0,0,0.0,0,0,0,0,0.0,0,0,0,0,0,0,0,0,0
2013-11,0,0,0,0.0,0,0,0,0.0,0,0,0,0.0,0,0,0,0,0.0,0,0.0,0,0.0,0.0,0.0,0,0,0,0,0,0,0,0,0.0,0,0.0,0,0,0.0,0.0,0,0,0,0,0.0,0,0,0,0,0,0,0,0,0,0,0,0,0.0,0,0,0,0,0,0,0,0,0,0,0,0,0,0,0.0,0,0.0,0.0,0,0.0,0,0.0,0.0,0,0,0,0,0,0,0,0,0,0,0,0,0,0,0,0,0,0.0,0,0,0,0,0,0,0.0,0,0.0,0,0,0,0,0.0,0,0,0,0,0,0,0,0,0
2013-12,0,0,0,0.0,0,0,0,0.0,0,0,0,0.0,0,0,0,0,0.0,0,0.0,0,0.0,0.0,0.0,0,0,0,0,0,0,0,0,0.0,0,0.0,0,0,0.0,0.0,0,0,0,0,0.0,0,0,0,0,0,0,0,0,0,0,0,0,0.0,0,0,0,0,0,0,0,0,0,0,0,0,0,0,0.0,0,0.0,0.0,0,0.0,0,0.0,0.0,0,0,0,0,0,0,0,0,0,0,0,0,0,0,0,0,0,0.0,0,0,0,0,0,0,0.0,0,0.0,0,0,0,0,0.0,0,0,0,0,0,0,0,0,0
2014-01,0,0,0,0.0,0,0,0,0.0,0,0,0,0.0,0,0,0,0,0.0,0,0.0,0,0.0,0.0,0.0,0,0,0,0,0,0,0,0,0.0,0,0.0,0,0,0.0,0.0,0,0,0,0,0.0,0,0,0,0,0,0,0,0,0,0,0,0,0.0,0,0,0,0,0,0,0,0,0,0,0,0,0,0,0.0,0,0.0,0.0,0,0.0,0,0.0,0.0,0,0,0,0,0,0,0,0,0,0,0,0,0,0,0,0,0,0.0,0,0,0,0,0,0,0.0,0,0.0,0,0,0,0,0.0,0,0,0,0,0,0,0,0,0
2014-02,0,0,0,0.0,0,0,0,0.0,0,0,0,0.0,0,0,0,0,0.0,0,0.0,0,0.0,0.0,0.0,0,0,0,0,0,0,0,0,0.0,0,0.0,0,0,0.0,0.0,0,0,0,0,0.0,0,0,0,0,0,0,0,0,0,0,0,0,0.0,0,0,0,0,0,0,0,0,0,0,0,0,0,0,0.0,0,0.0,0.0,0,0.0,0,0.0,0.0,0,0,0,0,0,0,0,0,0,0,0,0,0,0,0,0,0,0.0,0,0,0,0,0,0,0.0,0,0.0,0,0,0,0,0.0,0,0,0,0,0,0,0,0,0
2014-03,0,0,0,0.0,0,0,0,0.0,0,0,0,0.0,0,0,0,0,0.0,0,0.0,0,0.0,0.0,0.0,0,0,0,0,0,0,0,0,0.0,0,0.0,0,0,0.0,0.0,0,0,0,0,0.0,0,0,0,0,0,0,0,0,0,0,0,0,0.0,0,0,0,0,0,0,0,0,0,0,0,0,0,0,0.0,0,0.0,0.0,0,0.0,0,0.0,0.0,0,0,0,0,0,0,0,0,0,0,0,0,0,0,0,0,0,0.0,0,0,0,0,0,0,0.0,0,0.0,0,0,0,0,0.0,0,0,0,0,0,0,0,0,0
2014-04,0,0,0,0.0,0,0,0,0.0,0,0,0,0.0,0,0,0,0,0.0,0,0.0,0,0.0,0.0,0.0,0,0,0,0,0,0,0,0,0.0,0,0.0,0,0,0.0,0.0,0,0,0,0,0.0,0,0,0,0,0,0,0,0,0,0,0,0,0.0,0,0,0,0,0,0,0,0,0,0,0,0,0,0,0.0,0,0.0,0.0,0,0.0,0,0.0,0.0,0,0,0,0,0,0,0,0,0,0,0,0,0,0,0,0,0,0.0,0,0,0,0,0,0,0.0,0,0.0,0,0,0,0,0.0,0,0,0,0,0,0,0,0,0
2014-05,0,0,0,0.0,0,0,0,0.0,0,0,0,0.0,0,0,0,0,0.0,0,0.0,0,0.0,0.0,0.0,0,0,0,0,0,0,0,0,0.0,0,0.0,0,0,0.0,0.0,0,0,0,0,0.0,0,0,0,0,0,0,0,0,0,0,0,0,0.0,0,0,0,0,0,0,0,0,0,0,0,0,0,0,0.0,0,0.0,0.0,0,0.0,0,0.0,0.0,0,0,0,0,0,0,0,0,0,0,0,0,0,0,0,0,0,0.0,0,0,0,0,0,0,0.0,0,0.0,0,0,0,0,0.0,0,0,0,0,0,0,0,0,0
2014-06,0,0,0,0.0,0,0,0,0.0,0,0,0,0.0,0,0,0,0,0.0,0,0.0,0,0.0,0.0,0.0,0,0,0,0,0,0,0,0,0.0,0,0.0,0,0,0.0,0.0,0,0,0,0,0.0,0,0,0,0,0,0,0,0,0,0,0,0,0.0,0,0,0,0,0,0,0,0,0,0,0,0,0,0,0.0,0,0.0,0.0,0,0.0,0,0.0,0.0,0,0,0,0,0,0,0,0,0,0,0,0,0,0,0,0,0,0.0,0,0,0,0,0,0,0.0,0,0.0,0,0,0,0,0.0,0,0,0,0,0,0,0,0,0
2014-07,0,0,0,0.0,0,0,0,0.0,0,0,0,0.0,0,0,0,0,0.0,0,0.0,0,0.0,0.0,0.0,0,0,0,0,0,0,0,0,0.0,0,0.0,0,0,0.0,0.0,0,0,0,0,0.0,0,0,0,0,0,0,0,0,0,0,0,0,0.0,0,0,0,0,0,0,0,0,0,0,0,0,0,0,0.0,0,0.0,0.0,0,0.0,0,0.0,0.0,0,0,0,0,0,0,0,0,0,0,0,0,0,0,0,0,0,0.0,0,0,0,0,0,0,0.0,0,0.0,0,0,0,0,0.0,0,0,0,0,0,0,0,0,0
2014-08,0,0,0,0.0,84,0,0,0.0,0,84,0,0.0,0,0,84,0,0.0,0,0.0,84,0.0,0.0,0.0,0,84,0,0,0,0,84,0,0.0,0,0.0,47,0,0.0,0.0,0,39,0,0,0.0,0,84,0,0,0,0,84,0,0,0,0,84,0.0,0,0,0,10,0,0,0,0,73,0,0,0,78,73,0.0,0,0.0,0.0,7,0.0,0,0.0,0.0,7,0,0,0,0,84,0,0,0,0,3,0,0,0,0,73,0,0.0,0,0,84,0,0,0,0.0,84,0.0,0,0,0,73,0.0,0,64,0,41,0,0,0,0,84
2014-09,0,0,0,0.0,91,0,0,0.0,0,91,0,0.0,0,0,91,0,0.0,0,0.0,91,0.0,0.0,0.0,0,91,0,0,0,0,91,0,0.0,0,0.0,50,52,0.0,0.0,0,42,0,0,0.0,0,91,0,0,0,0,91,0,0,0,0,91,0.0,0,0,0,11,0,0,0,0,69,0,0,0,0,69,0.0,0,0.0,0.0,7,0.0,0,0.0,0.0,7,0,0,0,0,91,0,0,0,0,4,0,0,0,0,79,0,0.0,0,0,91,0,0,0,0.0,91,69.0,0,0,0,69,0.0,0,47,0,44,0,0,0,0,91
2014-10,0,0,0,0.0,79,0,0,0.0,0,79,0,0.0,0,0,79,0,0.0,0,0.0,79,0.0,0.0,0.0,0,79,0,0,0,0,79,0,0.0,0,0.0,44,32,0.0,0.0,0,37,91,0,0.0,0,79,0,0,0,0,79,0,0,0,0,79,0.0,0,0,0,9,0,0,0,0,80,0,0,0,0,80,0.0,6,0.0,0.0,6,0.0,6,0.0,0.0,6,0,0,0,0,79,0,3,0,0,3,0,0,0,0,69,0,0.0,0,0,79,0,0,0,0.0,79,0.0,0,0,0,80,0.0,41,61,0,38,0,0,0,0,79
2014-11,0,0,0,0.0,75,0,0,0.0,0,75,0,0.0,0,0,75,0,0.0,0,0.0,75,0.0,0.0,0.0,0,75,0,0,0,0,75,0,0.0,0,0.0,41,37,0.0,0.0,0,35,0,0,0.0,0,75,0,0,0,0,75,0,0,0,0,75,0.0,0,0,0,9,0,0,0,0,100,0,0,0,0,100,0.0,0,0.0,0.0,6,0.0,0,0.0,0.0,6,0,0,0,0,75,0,0,0,0,3,0,0,0,0,65,0,0.0,0,0,75,0,0,0,0.0,75,0.0,0,0,0,100,0.0,0,50,0,36,0,0,0,0,75
2014-12,0,0,0,0.0,100,0,0,0.0,0,100,0,0.0,0,0,100,0,0.0,0,0.0,100,0.0,0.0,0.0,0,100,0,0,0,0,100,0,0.0,0,0.0,55,34,0.0,0.0,0,46,0,0,0.0,0,100,0,0,0,0,100,0,0,0,0,100,0.0,0,0,0,12,0,0,0,0,93,0,0,0,0,93,0.0,0,0.0,0.0,8,0.0,0,0.0,0.0,8,0,0,0,0,100,0,0,0,0,4,0,0,0,0,87,0,0.0,0,0,100,0,0,0,0.0,100,0.0,0,0,0,93,0.0,0,32,0,48,0,0,0,0,100
2015-01,0,0,0,0.0,0,0,0,0.0,0,0,0,0.0,0,0,0,0,0.0,0,0.0,0,0.0,0.0,0.0,0,0,0,0,0,0,0,0,0.0,0,0.0,0,0,0.0,0.0,0,0,0,0,0.0,0,0,0,0,0,0,0,0,0,0,0,0,0.0,0,0,0,0,0,0,0,0,0,0,0,0,0,0,0.0,0,0.0,0.0,0,0.0,0,0.0,0.0,0,0,0,0,0,0,0,0,0,0,0,0,0,0,0,0,0,0.0,0,0,0,0,0,0,0.0,0,0.0,0,0,0,0,0.0,0,100,0,0,0,0,0,0,0
2015-02,0,0,0,0.0,0,0,0,0.0,0,0,0,0.0,0,0,0,0,0.0,0,0.0,0,0.0,0.0,0.0,0,0,0,0,0,0,0,0,0.0,0,0.0,0,0,0.0,0.0,0,0,0,0,0.0,0,0,0,0,0,0,0,0,0,0,0,0,0.0,0,0,0,0,0,0,0,0,0,0,0,0,0,0,0.0,0,0.0,0.0,0,0.0,0,0.0,0.0,0,0,0,0,0,0,0,0,0,0,0,0,0,0,0,0,0,0.0,0,0,0,0,0,0,0.0,0,0.0,0,0,0,0,0.0,0,0,0,0,0,0,0,0,0
2015-03,0,0,0,0.0,0,0,0,0.0,0,0,0,0.0,0,0,0,0,0.0,0,0.0,0,0.0,0.0,0.0,0,0,0,0,0,0,0,0,0.0,0,0.0,0,0,0.0,0.0,0,0,0,0,0.0,0,0,0,0,0,0,0,0,0,0,0,0,0.0,0,0,0,0,0,0,0,0,0,0,0,0,0,0,0.0,0,0.0,0.0,0,0.0,0,0.0,0.0,0,0,0,0,0,0,0,0,0,0,0,0,0,0,0,0,0,0.0,0,0,0,0,0,0,0.0,0,0.0,0,0,0,0,0.0,0,0,0,0,0,0,0,0,0
2015-04,0,0,0,0.0,0,0,0,0.0,0,0,0,0.0,0,0,0,0,0.0,0,0.0,0,0.0,0.0,0.0,0,0,0,0,0,0,0,0,0.0,0,0.0,0,0,0.0,0.0,0,0,0,0,0.0,0,0,0,0,0,0,0,0,0,0,0,0,0.0,0,0,0,0,0,0,0,0,0,0,0,0,0,0,0.0,0,0.0,0.0,0,0.0,0,0.0,0.0,0,0,0,0,0,0,0,0,0,0,0,0,0,0,0,0,0,0.0,0,0,0,0,0,0,0.0,0,0.0,0,0,0,0,0.0,0,0,0,0,0,0,0,0,0
2015-05,0,0,0,0.0,0,0,0,0.0,0,0,0,0.0,0,0,0,0,0.0,0,0.0,0,0.0,0.0,0.0,0,0,0,0,0,0,0,100,0.0,0,0.0,0,0,0.0,0.0,0,0,0,0,0.0,0,0,0,0,0,0,0,0,0,0,0,0,0.0,0,0,0,0,0,0,0,0,0,0,0,0,0,0,0.0,0,0.0,0.0,0,0.0,0,0.0,0.0,0,0,0,0,0,0,0,0,0,0,0,0,0,0,0,0,0,0.0,0,0,0,0,0,0,0.0,0,0.0,0,0,0,0,0.0,0,0,0,0,0,0,0,0,0
2015-06,0,0,0,0.0,0,0,0,0.0,0,0,0,0.0,0,0,0,0,0.0,0,0.0,0,0.0,0.0,0.0,0,0,0,0,0,0,0,0,0.0,0,0.0,0,0,0.0,0.0,0,0,0,0,0.0,0,0,0,0,0,0,0,0,0,0,0,0,0.0,0,0,0,0,0,0,0,0,0,0,0,0,0,0,0.0,0,0.0,0.0,0,0.0,0,0.0,0.0,0,0,0,0,0,0,0,0,0,0,0,0,0,0,0,0,0,0.0,0,0,0,0,0,0,0.0,0,0.0,0,0,0,0,0.0,0,0,0,0,0,0,0,0,0
2015-07,0,0,0,0.0,0,0,0,0.0,0,0,0,0.0,0,0,0,0,0.0,0,0.0,0,0.0,0.0,0.0,0,0,0,0,0,0,0,0,0.0,0,0.0,0,0,0.0,0.0,0,0,0,0,0.0,0,0,0,0,0,0,0,0,0,0,0,0,0.0,0,0,0,0,0,0,0,0,0,0,0,0,0,0,0.0,0,0.0,0.0,0,0.0,0,0.0,0.0,0,0,0,0,0,0,0,100,0,0,0,0,0,0,0,0,0,0.0,0,0,0,0,0,0,0.0,0,0.0,0,0,0,0,0.0,0,0,0,0,0,0,0,0,0
2015-08,0,0,0,0.0,0,0,0,0.0,0,0,0,0.0,0,0,0,0,0.0,0,0.0,0,0.0,0.0,0.0,0,0,0,0,0,0,0,0,0.0,0,0.0,0,0,0.0,0.0,0,0,0,0,0.0,0,0,0,0,0,0,0,0,0,0,0,0,0.0,0,0,0,0,0,0,0,0,0,0,0,0,0,0,0.0,0,0.0,0.0,0,0.0,0,0.0,0.0,0,0,0,0,0,0,0,0,0,0,0,0,0,0,0,0,0,0.0,0,0,0,0,0,0,0.0,0,0.0,0,0,0,0,0.0,0,0,0,0,0,0,0,0,0
2015-09,0,0,0,0.0,0,0,0,0.0,0,0,0,0.0,0,0,0,0,0.0,0,0.0,0,0.0,0.0,0.0,0,0,0,0,0,0,0,0,0.0,0,0.0,0,0,0.0,0.0,0,0,0,0,0.0,0,0,0,0,0,0,0,0,0,0,0,0,0.0,0,0,0,0,0,0,0,0,0,0,0,0,0,0,0.0,0,0.0,0.0,0,0.0,0,0.0,0.0,0,0,0,0,0,0,0,0,0,0,0,0,0,0,0,0,0,0.0,0,0,0,0,0,0,0.0,0,0.0,0,0,0,0,0.0,0,0,0,0,0,0,0,0,0
2015-10,0,0,0,0.0,0,0,0,0.0,0,0,0,0.0,0,0,0,0,0.0,0,0.0,0,0.0,0.0,0.0,0,0,0,0,0,0,0,0,0.0,0,0.0,0,0,0.0,0.0,0,0,0,0,0.0,0,0,0,0,0,0,0,0,0,0,0,0,0.0,0,0,0,0,0,0,0,0,0,0,0,0,0,0,0.0,0,0.0,0.0,0,0.0,0,0.0,0.0,0,0,0,0,0,0,0,0,0,0,0,0,0,0,0,0,0,0.0,0,0,0,0,0,0,0.0,0,0.0,0,0,0,0,0.0,0,0,0,0,0,0,0,0,0
2015-11,0,0,0,0.0,0,0,0,0.0,0,0,0,0.0,0,0,0,0,0.0,0,0.0,0,0.0,0.0,0.0,0,0,0,0,0,0,0,0,0.0,0,0.0,0,0,0.0,0.0,0,0,0,0,0.0,0,0,0,0,0,0,0,0,0,0,0,0,0.0,0,0,0,0,0,0,0,0,0,0,0,0,0,0,0.0,0,0.0,0.0,0,0.0,0,0.0,0.0,0,0,0,0,0,0,0,0,0,0,0,0,0,0,0,0,0,0.0,0,0,0,0,0,0,0.0,0,0.0,0,0,0,0,0.0,0,0,0,0,0,0,0,0,0
2015-12,0,0,0,0.0,0,0,0,0.0,0,0,0,0.0,0,0,0,0,0.0,0,0.0,0,0.0,0.0,0.0,0,0,0,0,0,0,0,0,0.0,0,0.0,0,0,0.0,0.0,0,0,0,0,0.0,0,0,0,0,0,0,0,0,0,0,0,0,0.0,0,0,100,0,0,0,0,0,0,0,0,0,0,0,0.0,0,0.0,100.0,0,0.0,0,0.0,100.0,0,0,0,0,0,0,0,0,0,0,0,0,0,0,0,0,0,0.0,0,0,0,0,0,0,0.0,0,0.0,0,0,0,0,0.0,0,0,0,0,0,0,0,0,0
2016-01,0,0,0,0.0,0,0,0,0.0,0,0,0,0.0,0,0,0,0,0.0,0,0.0,0,0.0,0.0,0.0,0,0,0,0,0,0,0,0,0.0,0,0.0,0,0,0.0,0.0,0,0,0,0,0.0,0,0,0,0,0,0,0,0,0,0,0,0,0.0,0,0,0,0,0,0,0,0,0,0,0,0,0,0,0.0,0,0.0,0.0,0,0.0,0,0.0,0.0,0,0,0,0,0,0,0,0,0,0,0,0,0,0,0,0,0,0.0,0,0,0,0,0,0,0.0,0,0.0,0,0,0,0,0.0,0,0,0,0,0,0,0,0,0
2016-02,0,0,0,0.0,0,0,0,0.0,0,0,0,0.0,0,0,0,0,0.0,0,0.0,0,0.0,0.0,0.0,0,0,0,0,0,0,0,0,0.0,0,0.0,0,0,0.0,0.0,0,0,0,0,0.0,0,0,0,0,0,0,0,0,0,0,0,0,0.0,0,0,0,0,0,0,0,0,0,0,0,0,0,0,0.0,0,0.0,0.0,0,0.0,0,0.0,0.0,0,0,0,0,0,0,0,0,0,0,0,0,0,0,0,0,0,0.0,0,0,0,0,0,0,0.0,0,0.0,0,0,0,0,0.0,0,0,0,0,0,0,0,0,0
2016-03,0,0,0,0.0,0,0,0,0.0,0,0,0,0.0,0,0,0,0,0.0,0,0.0,0,0.0,0.0,0.0,0,0,0,0,0,0,0,0,0.0,0,0.0,0,0,0.0,0.0,0,0,0,0,0.0,0,0,0,0,0,0,0,0,0,0,0,0,0.0,0,0,0,0,0,0,0,0,0,0,0,0,0,0,0.0,0,0.0,0.0,0,0.0,0,0.0,0.0,0,0,0,0,0,0,0,0,0,0,0,0,0,0,0,0,0,0.0,0,0,0,0,0,0,0.0,0,0.0,0,0,0,0,0.0,0,97,0,0,0,0,0,0,0
2016-04,0,0,0,0.0,0,0,0,0.0,0,0,0,0.0,0,0,0,0,0.0,0,0.0,0,0.0,0.0,0.0,0,0,0,0,0,0,0,0,0.0,0,0.0,0,0,0.0,0.0,0,0,0,0,0.0,0,0,0,0,0,0,0,0,0,0,0,0,0.0,0,0,0,0,0,0,0,0,0,0,0,0,0,0,0.0,0,0.0,0.0,0,0.0,0,0.0,0.0,0,0,0,0,0,0,0,0,0,0,0,0,0,0,0,0,0,0.0,0,0,0,0,0,0,0.0,0,0.0,0,0,0,0,0.0,0,0,0,0,0,0,0,0,0
2016-05,0,0,0,0.0,0,0,0,0.0,0,0,0,0.0,0,0,0,0,0.0,0,0.0,0,0.0,0.0,0.0,0,0,0,0,0,0,0,0,0.0,0,0.0,0,0,0.0,0.0,0,0,0,0,0.0,0,0,0,0,0,0,0,0,0,0,0,0,0.0,0,0,0,0,0,0,0,0,0,0,0,0,0,0,0.0,0,0.0,0.0,0,0.0,0,0.0,0.0,0,0,0,0,0,0,0,0,0,0,0,0,0,0,0,0,0,0.0,0,0,0,0,0,0,0.0,0,0.0,0,0,0,0,0.0,0,0,0,0,0,0,0,0,0
2016-06,0,0,0,0.0,0,0,0,0.0,0,0,0,0.0,0,0,0,0,0.0,0,0.0,0,0.0,0.0,0.0,0,0,0,0,0,0,0,0,0.0,0,0.0,0,100,0.0,0.0,0,0,0,0,0.0,0,0,0,0,0,0,0,0,0,0,0,0,0.0,0,0,0,0,0,0,0,0,0,0,0,0,0,0,0.0,0,0.0,0.0,0,0.0,0,0.0,0.0,0,0,0,0,0,0,0,0,0,0,0,0,0,0,0,0,0,0.0,0,0,0,0,0,0,0.0,0,0.0,0,0,0,0,0.0,0,0,0,0,0,0,0,0,0
2016-07,0,0,0,0.0,0,0,0,0.0,0,0,0,0.0,0,0,0,0,0.0,0,0.0,0,0.0,0.0,0.0,0,0,0,0,0,0,0,0,0.0,0,0.0,0,0,0.0,0.0,0,0,0,0,0.0,0,0,0,0,0,0,0,0,0,0,0,0,0.0,0,0,0,0,0,0,0,0,0,0,0,0,0,0,0.0,0,0.0,0.0,0,0.0,0,0.0,0.0,0,0,0,0,0,0,0,0,0,0,0,0,0,0,0,0,0,0.0,0,0,0,0,0,0,0.0,0,0.0,0,0,0,0,0.0,0,0,0,0,0,0,0,0,0
2016-08,0,0,0,0.0,0,0,0,0.0,0,0,0,0.0,0,0,0,0,0.0,0,0.0,0,0.0,0.0,0.0,0,0,0,0,0,0,0,0,0.0,0,0.0,0,0,0.0,0.0,0,0,0,0,0.0,0,0,0,0,0,0,0,0,0,0,0,0,0.0,0,0,0,0,0,0,0,0,0,0,0,0,0,0,0.0,0,0.0,0.0,0,0.0,0,0.0,0.0,0,0,0,0,0,0,0,0,0,0,0,0,0,0,0,0,0,0.0,0,0,0,0,0,0,0.0,0,0.0,0,0,0,0,0.0,0,0,0,0,0,0,0,0,0
2016-09,0,0,0,0.0,0,0,0,0.0,0,0,0,0.0,0,0,0,0,0.0,0,0.0,0,0.0,0.0,0.0,0,0,0,0,0,0,0,0,0.0,0,0.0,0,0,0.0,0.0,0,0,0,0,0.0,0,0,0,0,0,0,0,0,0,0,0,0,0.0,0,0,0,0,0,0,0,0,0,0,0,0,0,0,0.0,0,0.0,0.0,0,0.0,0,0.0,0.0,0,0,0,0,0,0,0,0,0,0,0,100,0,0,0,0,0,0.0,0,0,0,0,0,0,0.0,0,0.0,0,0,0,0,0.0,0,56,0,0,0,0,0,0,0
2016-10,0,0,0,0.0,0,0,0,0.0,0,0,0,0.0,0,0,0,0,0.0,0,0.0,0,0.0,0.0,0.0,0,0,0,0,0,0,0,0,0.0,0,0.0,0,45,0.0,0.0,0,0,0,0,0.0,0,0,0,0,0,0,0,0,0,0,0,0,0.0,0,0,0,0,0,0,0,0,0,0,0,0,0,0,0.0,0,0.0,0.0,0,0.0,0,0.0,0.0,0,0,0,0,0,0,0,0,0,0,0,0,0,0,0,0,0,0.0,0,0,0,0,0,0,0.0,0,0.0,0,0,0,0,0.0,0,0,0,0,0,0,0,0,0
2016-11,0,0,0,0.0,0,0,0,0.0,0,0,0,0.0,0,0,0,0,0.0,0,0.0,0,0.0,0.0,0.0,0,0,0,0,0,0,0,0,0.0,0,0.0,0,0,0.0,0.0,0,0,0,0,0.0,0,0,0,0,0,0,0,0,0,0,0,0,0.0,0,0,0,0,0,0,0,0,0,0,0,0,0,0,0.0,0,0.0,0.0,0,0.0,0,0.0,0.0,0,0,0,0,0,0,0,0,0,0,0,0,0,0,0,0,0,0.0,0,0,0,0,0,0,0.0,0,0.0,0,0,0,0,0.0,0,0,0,0,0,0,0,0,0
2016-12,0,0,0,0.0,80,0,0,0.0,0,80,0,0.0,0,0,80,0,0.0,0,0.0,80,0.0,0.0,0.0,0,80,0,0,85,0,80,0,0.0,0,0.0,44,0,0.0,0.0,0,37,0,0,0.0,0,80,0,0,0,0,80,0,0,0,0,80,0.0,0,0,0,9,0,0,0,0,95,0,0,0,0,95,0.0,0,0.0,0.0,6,0.0,0,0.0,0.0,6,0,0,0,0,80,0,0,0,0,3,0,0,0,0,69,0,0.0,0,0,80,0,0,0,0.0,80,0.0,0,0,0,95,0.0,0,41,0,39,0,0,88,0,80
2017-01,0,0,0,0.0,0,0,0,0.0,0,0,0,0.0,0,0,0,0,0.0,0,0.0,0,0.0,0.0,0.0,0,0,0,0,0,0,0,0,0.0,0,0.0,0,0,0.0,0.0,0,0,0,0,0.0,0,0,0,0,0,0,0,0,0,0,0,0,0.0,0,0,0,0,0,0,0,0,0,0,0,0,0,0,0.0,0,0.0,0.0,0,0.0,0,0.0,0.0,0,0,0,0,0,0,0,0,0,0,0,0,0,0,0,0,0,0.0,0,0,0,0,0,0,0.0,0,0.0,0,0,0,0,0.0,0,41,0,0,0,0,0,0,0
2017-02,0,0,0,0.0,0,0,0,0.0,0,0,0,0.0,0,0,0,0,0.0,0,0.0,0,0.0,0.0,0.0,0,0,0,0,0,0,0,0,0.0,0,0.0,0,0,0.0,0.0,0,0,0,0,0.0,0,0,0,0,0,75,0,0,0,0,0,0,0.0,0,0,0,0,0,0,0,0,0,0,0,0,0,0,0.0,0,0.0,0.0,0,0.0,0,0.0,0.0,0,0,0,0,0,0,0,0,0,0,0,0,0,0,0,0,0,0.0,0,0,0,0,0,0,0.0,0,0.0,0,0,0,0,0.0,0,0,0,0,0,0,0,0,0
2017-03,0,0,0,0.0,0,0,0,0.0,0,0,0,0.0,0,0,0,0,0.0,0,0.0,0,0.0,0.0,0.0,0,0,0,0,0,0,0,0,0.0,0,0.0,0,29,0.0,0.0,0,0,0,0,0.0,0,0,0,0,0,0,0,0,0,0,0,0,0.0,0,0,0,0,0,0,0,0,0,0,0,0,0,0,0.0,0,0.0,0.0,0,0.0,0,0.0,0.0,0,0,0,0,0,0,0,0,0,0,0,0,0,0,0,0,0,0.0,0,0,0,0,0,0,0.0,0,0.0,0,0,0,0,0.0,32,30,0,0,0,0,0,0,0
2017-04,0,0,0,0.0,70,0,0,0.0,0,70,0,0.0,0,0,70,0,0.0,0,0.0,70,0.0,0.0,0.0,0,70,0,0,0,0,70,0,0.0,0,0.0,39,0,0.0,0.0,0,33,0,0,0.0,0,70,0,0,0,0,70,0,0,0,0,70,0.0,0,0,0,8,0,0,0,0,57,0,0,0,0,57,0.0,0,0.0,0.0,6,0.0,0,0.0,0.0,6,0,0,0,0,70,0,0,0,0,3,0,0,0,0,61,0,0.0,0,0,70,0,0,0,0.0,70,0.0,0,0,0,57,0.0,38,0,0,34,0,0,0,0,70
2017-05,0,0,0,0.0,0,0,0,0.0,0,0,0,0.0,0,0,0,0,0.0,0,0.0,0,0.0,0.0,0.0,0,0,0,0,0,0,0,0,0.0,0,0.0,0,0,0.0,0.0,0,0,0,0,0.0,0,0,0,0,0,0,0,0,0,0,0,0,0.0,0,0,0,0,0,0,0,0,0,49,0,53,0,0,0.0,0,0.0,0.0,0,0.0,0,0.0,0.0,0,0,0,0,0,0,0,0,0,0,0,0,0,0,0,0,0,0.0,0,0,0,0,0,0,0.0,0,0.0,0,0,0,0,0.0,33,46,0,0,0,0,0,0,0
2017-06,61,0,0,0.0,0,0,0,0.0,0,0,0,0.0,0,0,0,0,0.0,0,0.0,0,0.0,0.0,0.0,0,0,0,0,0,0,0,0,0.0,0,0.0,0,30,0.0,0.0,0,0,0,0,0.0,0,0,0,0,0,0,0,0,0,0,0,0,0.0,0,0,0,0,0,0,0,0,0,0,0,0,0,0,0.0,0,0.0,0.0,0,0.0,0,0.0,0.0,0,0,0,0,0,0,0,0,0,0,0,0,0,0,0,0,0,0.0,0,0,0,0,0,0,0.0,0,0.0,0,0,0,0,0.0,41,41,0,0,0,0,0,0,0
2017-07,0,0,0,0.0,0,0,0,0.0,0,0,0,0.0,0,0,0,0,0.0,0,0.0,0,0.0,0.0,0.0,0,0,0,0,0,0,0,0,0.0,0,0.0,0,27,0.0,0.0,0,0,0,0,0.0,0,0,0,0,0,0,0,0,0,0,0,0,0.0,0,0,0,0,49,0,0,0,0,0,0,0,0,0,4.0,0,0.0,0.0,0,4.0,0,0.0,0.0,0,0,0,0,0,0,0,0,0,0,0,0,0,0,0,0,0,0.0,0,0,0,0,0,0,0.0,0,0.0,0,0,0,0,0.0,0,29,0,0,0,0,0,0,0
2017-08,0,0,0,0.0,0,0,0,0.0,0,0,0,0.0,0,0,0,0,0.0,0,0.0,0,0.0,0.0,0.0,0,0,0,0,52,0,0,0,0.0,0,0.0,0,41,0.0,0.0,0,0,0,0,0.0,0,0,0,0,0,0,0,0,0,0,0,0,0.0,0,0,0,0,0,0,0,0,0,0,0,0,0,0,0.0,0,0.0,0.0,0,0.0,0,0.0,0.0,0,0,0,0,0,0,0,0,0,0,0,0,0,0,0,0,0,0.0,0,0,0,0,0,0,0.0,0,0.0,0,0,0,0,0.0,0,35,0,0,0,0,0,0,0
2017-09,0,0,0,0.0,70,0,0,0.0,0,70,0,0.0,0,0,70,0,0.0,0,0.0,70,0.0,0.0,0.0,0,70,0,0,0,0,70,0,0.0,0,0.0,39,24,0.0,0.0,0,32,0,0,0.0,0,70,0,0,0,0,70,0,0,0,0,70,0.0,0,0,0,8,78,0,0,62,56,0,0,0,0,56,0.0,0,0.0,0.0,6,0.0,0,0.0,0.0,6,0,0,0,0,70,0,0,0,0,3,0,0,0,0,61,0,0.0,0,0,70,0,0,0,0.0,70,0.0,0,0,0,56,0.0,35,50,0,34,0,0,0,0,70
2017-10,0,0,0,0.0,55,0,0,0.0,0,55,0,0.0,0,0,55,0,0.0,0,0.0,55,0.0,0.0,0.0,0,55,0,0,0,0,55,0,0.0,0,0.0,31,32,0.0,0.0,0,26,68,0,0.0,0,55,0,0,0,0,55,0,0,0,0,55,0.0,0,0,0,7,55,0,0,0,49,0,0,0,0,49,0.0,4,0.0,0.0,4,0.0,4,0.0,0.0,4,0,0,0,0,55,0,0,0,0,2,0,0,0,0,48,0,0.0,0,0,55,0,0,0,0.0,55,0.0,0,0,0,49,0.0,0,25,0,27,0,0,0,0,55
2017-11,0,0,0,0.0,67,0,0,0.0,0,67,0,0.0,0,0,67,0,0.0,0,0.0,67,0.0,0.0,0.0,0,67,0,0,0,0,67,0,0.0,0,0.0,37,26,0.0,0.0,0,31,43,0,0.0,0,67,0,0,0,0,67,0,0,0,0,67,0.0,0,0,0,8,36,0,0,0,55,0,0,0,0,55,0.0,3,0.0,0.0,5,0.0,3,0.0,0.0,5,0,0,0,0,67,0,0,0,0,3,0,0,0,0,58,0,0.0,0,0,67,0,0,0,0.0,67,0.0,0,0,0,55,0.0,0,39,0,32,0,0,0,0,67
2017-12,0,0,0,0.0,60,0,0,0.0,0,60,0,0.0,0,0,60,0,0.0,0,0.0,60,0.0,0.0,0.0,0,60,0,0,0,0,60,0,0.0,0,0.0,33,41,0.0,0.0,0,28,35,0,0.0,0,60,0,0,0,0,60,0,0,33,0,60,0.0,0,0,0,7,57,0,37,0,34,0,0,0,0,34,0.0,5,0.0,0.0,5,0.0,5,0.0,0.0,5,0,0,0,0,60,0,0,0,0,2,0,0,0,0,52,0,0.0,0,0,60,0,0,0,0.0,60,0.0,0,0,0,34,0.0,23,35,0,29,0,0,0,0,60
2018-01,0,0,0,0.0,77,0,0,0.0,0,77,0,0.0,0,0,77,0,0.0,0,0.0,77,0.0,0.0,0.0,0,77,0,0,35,0,77,0,0.0,0,0.0,43,25,0.0,0.0,0,36,40,0,0.0,0,77,0,0,0,0,77,0,0,32,0,77,0.0,0,0,0,9,43,32,0,0,47,0,0,0,0,47,0.0,0,0.0,0.0,6,0.0,0,0.0,0.0,6,0,0,0,0,77,0,0,0,0,3,0,0,0,0,67,0,0.0,0,0,77,0,0,0,0.0,77,0.0,0,0,0,47,0.0,0,28,0,37,0,0,0,0,77
2018-02,0,0,0,0.0,55,0,0,0.0,0,55,0,0.0,0,0,55,0,0.0,0,0.0,55,0.0,0.0,0.0,0,55,0,0,0,0,55,0,0.0,0,0.0,31,35,0.0,0.0,0,26,0,0,0.0,0,55,0,0,0,0,55,0,0,0,0,55,0.0,0,0,0,7,50,0,0,0,50,0,0,0,0,50,0.0,4,0.0,0.0,4,0.0,4,0.0,0.0,4,0,0,0,0,55,0,0,0,0,2,0,0,0,0,48,0,0.0,0,0,55,0,0,0,0.0,55,0.0,0,0,0,50,0.0,19,31,0,27,0,0,0,0,55
2018-03,0,0,0,0.0,32,0,0,0.0,0,32,0,0.0,0,0,32,0,0.0,0,0.0,32,0.0,0.0,0.0,0,32,0,39,31,0,32,0,0.0,0,0.0,18,32,0.0,0.0,0,15,0,0,0.0,0,32,0,0,0,0,32,0,0,0,0,32,0.0,0,0,0,4,57,0,0,0,36,0,0,0,0,36,2.0,0,0.0,0.0,3,2.0,0,0.0,0.0,3,0,0,0,0,32,0,0,0,0,1,0,0,0,0,28,0,0.0,0,0,32,0,0,0,0.0,32,0.0,0,0,0,36,0.0,17,52,0,16,0,0,0,0,32
2018-04,0,0,0,0.0,41,0,0,0.0,0,41,0,0.0,0,0,41,0,0.0,0,0.0,41,0.0,0.0,0.0,0,41,0,0,0,0,41,0,0.0,0,0.0,23,33,0.0,0.0,0,19,29,0,0.0,0,41,0,0,0,0,41,0,0,0,0,41,0.0,0,0,0,5,34,0,0,0,38,0,0,0,0,38,0.0,0,0.0,0.0,3,0.0,0,0.0,0.0,3,0,0,0,0,41,0,0,0,0,2,0,0,0,0,35,0,0.0,0,0,41,0,0,0,0.0,41,0.0,0,0,0,38,0.0,13,31,0,20,0,0,0,0,41
2018-05,0,0,0,0.0,57,0,0,0.0,0,57,0,0.0,0,0,57,0,0.0,0,0.0,57,0.0,0.0,0.0,0,57,0,0,0,0,57,0,0.0,0,0.0,31,32,0.0,0.0,0,26,33,0,0.0,0,57,0,0,0,0,57,0,0,0,0,57,0.0,0,0,0,7,52,0,0,0,58,0,0,0,0,58,0.0,3,0.0,0.0,5,0.0,3,0.0,0.0,5,0,0,0,0,57,0,0,0,0,2,0,0,0,0,49,0,0.0,0,0,57,0,0,0,0.0,57,0.0,0,0,0,58,0.0,17,38,0,27,0,0,0,0,57
2018-06,0,0,0,0.0,22,0,0,0.0,0,22,0,0.0,0,0,22,0,0.0,0,0.0,22,0.0,0.0,0.0,0,22,0,0,0,0,22,0,0.0,0,0.0,12,21,0.0,0.0,0,10,36,0,0.0,0,22,0,0,0,0,22,0,0,0,0,22,0.0,0,0,0,3,44,0,0,0,22,0,0,0,39,22,0.0,0,0.0,0.0,2,0.0,0,0.0,0.0,2,0,0,0,0,22,0,0,0,0,1,21,0,0,0,19,0,0.0,0,25,22,0,0,0,0.0,22,0.0,0,0,0,22,0.0,19,38,0,11,0,0,0,0,22
2018-07,0,0,0,0.0,31,0,0,0.0,0,31,0,0.0,0,0,31,0,0.0,0,0.0,31,0.0,0.0,0.0,0,31,0,0,23,0,31,12,0.0,0,0.0,17,48,0.0,0.0,0,14,0,0,0.0,0,31,0,0,0,0,31,0,0,0,0,31,0.0,0,0,0,4,70,0,0,0,30,0,0,0,27,30,2.0,2,0.0,0.0,2,2.0,2,0.0,0.0,2,0,0,0,0,31,0,0,0,0,1,0,0,0,0,27,0,0.0,0,23,31,0,0,0,0.0,31,0.0,0,0,0,30,0.0,19,36,0,15,0,0,0,0,31
2018-08,0,0,0,0.0,44,0,0,0.0,0,44,0,0.0,0,0,44,0,0.0,0,0.0,44,0.0,0.0,0.0,0,44,0,0,34,0,44,0,0.0,0,0.0,24,39,0.0,0.0,0,20,0,0,0.0,0,44,0,0,0,0,44,0,0,0,0,44,0.0,0,0,2,5,43,0,0,0,50,0,0,0,0,50,0.0,3,0.0,0.0,4,0.0,3,0.0,0.0,4,0,0,0,0,44,0,0,0,0,2,0,0,0,0,38,0,0.0,0,0,44,0,0,0,0.0,44,0.0,0,0,0,50,0.0,15,38,0,21,0,0,0,0,44
2018-09,0,0,0,0.0,27,0,0,0.0,0,27,0,0.0,0,0,27,0,0.0,0,0.0,27,0.0,0.0,0.0,0,27,0,0,0,0,27,0,0.0,0,0.0,15,42,0.0,0.0,0,13,18,0,0.0,0,27,0,0,0,0,27,23,0,0,17,27,0.0,0,0,0,3,34,0,20,0,32,0,0,0,0,32,0.0,1,0.0,0.0,2,0.0,1,0.0,0.0,2,0,0,0,0,27,0,0,0,0,1,0,0,0,0,24,0,0.0,0,0,27,0,0,0,17.0,27,0.0,0,0,0,32,0.0,14,28,0,13,0,0,0,0,27
2018-10,0,0,0,0.0,48,0,0,0.0,0,48,0,0.0,0,0,48,0,0.0,0,0.0,48,0.0,0.0,0.0,0,48,0,0,0,0,48,0,0.0,0,0.0,26,33,0.0,0.0,0,22,0,0,0.0,0,48,0,0,0,0,48,0,0,0,0,48,0.0,0,0,0,6,63,0,0,0,36,0,0,0,18,36,2.0,2,0.0,0.0,4,2.0,2,0.0,0.0,4,0,0,0,0,48,0,0,0,0,2,0,0,0,0,41,0,0.0,0,17,48,0,0,17,0.0,48,0.0,0,0,0,36,0.0,17,38,0,23,0,0,0,0,48
2018-11,0,0,0,0.0,40,0,0,0.0,0,40,0,0.0,0,0,40,0,0.0,0,0.0,40,0.0,0.0,0.0,0,40,0,0,28,0,40,0,0.0,0,0.0,22,38,0.0,0.0,0,19,31,0,0.0,0,40,0,0,0,0,40,0,0,0,0,40,0.0,0,0,0,5,50,0,0,0,56,0,0,0,0,56,0.0,0,0.0,0.0,3,0.0,0,0.0,0.0,3,0,0,0,0,40,0,0,0,0,2,0,0,0,0,35,0,0.0,0,0,40,0,0,0,0.0,40,0.0,0,0,0,56,0.0,18,37,0,19,0,0,0,0,40
2018-12,0,0,0,0.0,42,0,0,0.0,0,42,0,0.0,25,0,42,0,0.0,0,0.0,42,0.0,0.0,0.0,0,42,0,0,50,0,42,0,0.0,0,0.0,23,33,0.0,0.0,0,19,0,0,0.0,0,42,0,0,0,0,42,0,0,0,0,42,0.0,0,0,0,5,51,0,0,0,42,0,0,0,0,42,0.0,2,0.0,0.0,3,0.0,2,0.0,0.0,3,0,0,0,0,42,0,0,0,0,2,0,0,0,0,37,0,0.0,0,0,42,0,0,0,0.0,42,0.0,0,0,0,42,0.0,28,38,0,20,0,0,0,0,42
2019-01,0,0,0,0.0,40,0,0,0.0,0,40,0,0.0,0,0,40,0,0.0,0,0.0,40,0.0,0.0,0.0,0,40,0,0,58,0,40,0,0.0,0,0.0,22,39,0.0,0.0,0,18,0,0,0.0,0,40,0,0,0,0,40,0,0,0,0,40,0.0,2,0,0,5,61,0,0,0,39,0,0,0,17,39,1.0,0,0.0,0.0,3,1.0,0,0.0,0.0,3,0,0,0,0,40,0,0,0,0,2,0,0,0,0,34,0,0.0,0,0,40,0,0,0,0.0,40,0.0,0,0,0,39,0.0,23,31,0,19,0,16,0,0,40
2019-02,0,0,0,0.0,41,0,0,0.0,0,41,0,0.0,0,0,41,0,0.0,0,0.0,41,0.0,0.0,0.0,0,41,0,0,37,0,41,0,0.0,0,0.0,22,24,0.0,0.0,0,19,20,0,0.0,0,41,0,0,0,0,41,0,0,0,0,41,0.0,0,0,0,5,60,0,16,0,41,0,0,0,24,41,2.0,3,0.0,0.0,3,2.0,3,0.0,0.0,3,0,0,0,0,41,0,0,0,0,2,0,0,0,0,35,0,0.0,0,0,41,0,0,0,0.0,41,0.0,16,0,0,41,0.0,10,30,0,20,0,0,0,0,41
2019-03,0,0,0,0.0,84,0,0,0.0,0,84,0,0.0,0,0,84,0,0.0,0,0.0,84,0.0,0.0,0.0,0,84,0,0,44,0,84,10,0.0,0,0.0,46,22,0.0,0.0,0,39,31,0,0.0,0,84,0,0,0,0,84,0,0,0,0,84,0.0,0,0,0,10,46,0,0,0,79,0,0,0,18,79,0.0,2,0.0,0.0,7,0.0,2,0.0,0.0,7,0,0,0,0,84,0,0,0,0,3,0,0,0,0,73,0,0.0,0,0,84,0,0,0,22.0,84,0.0,0,0,0,79,0.0,18,33,0,41,0,0,0,0,84
2019-04,0,0,0,0.0,61,0,0,0.0,0,61,0,0.0,0,0,61,0,0.0,0,0.0,61,0.0,0.0,0.0,0,61,0,0,37,0,61,0,0.0,0,0.0,34,27,0.0,0.0,0,28,23,0,0.0,0,61,0,0,0,0,61,36,0,0,0,61,0.0,0,0,0,7,55,0,0,0,53,0,0,0,0,53,1.0,2,0.0,0.0,5,1.0,2,0.0,0.0,5,0,0,0,0,61,0,0,0,0,2,0,0,0,0,53,0,0.0,0,0,61,0,0,0,0.0,61,0.0,0,0,0,53,0.0,16,26,0,30,0,0,0,0,61
2019-05,0,0,0,0.0,66,0,19,0.0,0,66,0,0.0,0,0,66,0,0.0,0,0.0,66,0.0,0.0,0.0,0,66,0,0,25,0,66,0,0.0,0,0.0,37,39,0.0,0.0,0,31,26,0,0.0,0,66,0,0,0,0,66,0,0,0,0,66,0.0,0,0,0,8,33,0,0,0,60,0,0,0,0,60,0.0,1,0.0,0.0,5,0.0,1,0.0,0.0,5,0,0,0,0,66,0,0,0,0,3,0,0,0,0,58,0,0.0,0,20,66,0,0,0,0.0,66,0.0,0,0,0,60,0.0,25,27,0,32,0,0,0,0,66
2019-06,0,0,0,0.0,29,0,0,0.0,0,29,0,0.0,0,0,29,0,0.0,0,0.0,29,0.0,0.0,0.0,0,29,0,0,22,0,29,0,0.0,0,0.0,16,33,0.0,0.0,0,13,0,0,0.0,0,29,0,0,0,0,29,0,0,0,0,29,0.0,0,0,0,3,49,0,13,0,35,0,0,0,16,35,0.0,2,0.0,0.0,2,0.0,2,0.0,0.0,2,0,0,0,0,29,0,0,0,0,1,0,0,0,0,25,0,0.0,0,0,29,0,0,0,0.0,29,0.0,0,0,0,35,0.0,19,26,0,14,0,0,0,0,29
2019-07,0,0,0,0.0,57,0,0,0.0,0,57,0,0.0,0,0,57,0,0.0,0,0.0,57,0.0,0.0,0.0,0,57,0,0,22,0,57,0,0.0,0,0.0,31,25,6.0,0.0,0,26,13,0,0.0,0,57,0,0,0,0,57,13,0,0,0,57,0.0,0,0,0,7,40,0,0,0,57,0,0,0,18,57,1.0,1,0.0,0.0,5,1.0,1,0.0,0.0,5,0,0,0,0,57,0,0,0,0,2,0,0,0,0,49,0,0.0,0,0,57,0,0,0,0.0,57,0.0,0,0,0,57,0.0,15,29,0,27,0,0,0,0,57
2019-08,0,0,0,0.0,60,0,0,0.0,0,60,0,0.0,0,0,60,0,0.0,0,0.0,60,0.0,0.0,0.0,0,60,0,0,40,0,60,0,0.0,0,0.0,33,31,0.0,0.0,0,28,18,0,0.0,0,60,0,0,0,0,60,26,0,0,0,60,0.0,0,0,0,7,41,0,0,13,55,0,0,0,0,55,0.0,2,0.0,0.0,5,0.0,2,0.0,0.0,5,0,0,0,0,60,0,0,0,0,2,0,0,0,0,52,0,0.0,0,16,60,0,0,0,0.0,60,0.0,0,0,0,55,0.0,21,30,0,29,0,0,0,0,60
2019-09,0,0,0,12.0,36,0,0,0.0,0,36,0,0.0,0,0,36,0,0.0,0,0.0,36,0.0,0.0,0.0,0,36,0,0,42,0,36,0,0.0,0,0.0,20,42,0.0,0.0,0,17,16,0,0.0,0,36,0,0,0,0,36,23,0,0,16,36,1.0,0,0,0,4,40,12,11,0,45,0,0,0,0,45,0.0,2,0.0,0.0,3,0.0,2,0.0,0.0,3,0,0,0,0,36,0,0,0,0,1,0,0,0,0,31,0,0.0,0,14,36,0,0,0,0.0,36,0.0,0,0,0,45,0.0,17,32,0,18,0,0,0,0,36
2019-10,15,0,0,0.0,44,0,0,0.0,0,44,0,0.0,0,0,44,0,0.0,0,0.0,44,0.0,0.0,0.0,0,44,0,0,45,0,44,0,0.0,0,0.0,24,28,0.0,0.0,6,20,34,0,0.0,0,44,0,0,0,0,44,20,0,12,0,44,0.0,0,0,0,5,38,0,0,0,39,0,0,0,11,39,1.0,2,0.0,0.0,3,1.0,2,0.0,0.0,3,0,0,0,0,44,0,0,0,0,2,0,0,0,0,38,0,0.0,0,17,44,0,0,0,0.0,44,0.0,0,0,0,39,0.0,25,28,0,21,0,0,0,0,44
2019-11,0,0,0,0.0,46,0,0,0.0,0,46,0,0.0,0,0,46,0,0.0,0,0.0,46,0.0,0.0,0.0,0,46,0,0,26,0,46,0,0.0,0,0.0,25,28,0.0,0.0,0,21,26,0,0.0,0,46,0,0,0,0,46,15,0,0,0,46,0.0,0,0,0,5,56,0,0,0,43,0,0,0,15,43,1.0,2,0.0,0.0,4,1.0,2,0.0,0.0,4,0,0,0,0,46,0,0,0,0,2,0,0,0,0,40,0,14.0,0,12,46,0,12,0,0.0,46,0.0,0,0,0,43,0.0,20,32,0,22,0,0,0,0,46
2019-12,0,0,0,0.0,42,0,0,0.0,0,42,0,0.0,0,0,42,0,0.0,0,0.0,42,0.0,0.0,0.0,0,42,0,0,24,0,42,0,0.0,0,0.0,23,27,0.0,0.0,0,19,30,0,0.0,0,42,0,0,0,0,42,0,0,0,0,42,0.0,0,0,0,5,45,0,0,0,44,17,0,0,0,44,0.0,2,0.0,0.0,3,0.0,2,0.0,0.0,3,0,0,0,0,42,0,0,0,0,2,0,0,0,0,37,0,0.0,0,12,42,0,0,0,0.0,42,0.0,0,0,0,44,0.0,17,25,0,20,0,0,0,0,42
2020-01,0,0,0,0.0,35,0,0,0.0,0,35,0,0.0,0,0,35,0,0.0,0,0.0,35,0.0,0.0,0.0,0,35,0,0,18,0,35,0,0.0,0,0.0,19,16,0.0,0.0,0,16,20,0,0.0,0,35,0,0,0,0,35,18,0,0,0,35,0.0,0,0,0,4,49,11,11,0,33,13,0,0,12,33,0.0,1,0.0,0.0,3,0.0,1,0.0,0.0,3,0,0,0,0,35,0,0,0,0,1,0,0,0,0,31,0,0.0,0,12,35,0,0,0,0.0,35,0.0,0,0,0,33,0.0,16,24,0,17,0,0,0,0,35
2020-02,0,0,0,0.0,44,0,0,0.0,0,44,0,0.0,0,0,44,0,0.0,0,0.0,44,0.0,0.0,0.0,0,44,0,0,25,0,44,0,0.0,0,0.0,24,24,5.0,0.0,0,20,16,0,0.0,0,44,0,0,0,0,44,15,0,0,0,44,0.0,0,0,0,5,56,12,0,12,48,0,0,0,11,48,0.0,2,0.0,0.0,4,0.0,2,0.0,0.0,4,0,0,0,0,44,0,0,0,0,2,0,0,0,0,38,0,0.0,0,14,44,0,0,0,0.0,44,0.0,0,0,0,48,0.0,23,48,0,21,0,0,0,0,44
2020-03,0,0,0,0.0,42,0,0,0.0,0,42,0,0.0,0,0,42,0,0.0,0,0.0,42,0.0,0.0,0.0,0,42,0,0,42,0,42,6,0.0,6,0.0,23,22,0.0,0.0,5,19,16,0,0.0,0,42,0,0,0,0,42,22,0,0,0,42,0.0,0,0,0,5,53,12,14,11,34,9,0,0,0,34,0.0,1,0.0,0.0,3,0.0,1,0.0,0.0,3,0,0,0,0,42,0,0,0,0,2,0,0,0,0,36,0,0.0,0,14,42,0,0,0,0.0,42,0.0,0,0,0,34,0.0,15,28,0,20,0,0,0,0,42
2020-04,0,0,0,0.0,42,0,0,0.0,0,42,0,0.0,0,0,42,0,0.0,0,0.0,42,0.0,0.0,0.0,0,42,0,0,18,0,42,0,0.0,0,8.0,23,16,0.0,0.0,0,19,12,0,0.0,0,42,0,0,0,0,42,23,0,0,0,42,0.0,0,0,0,5,49,0,0,8,44,0,0,0,16,44,1.0,1,0.0,0.0,3,1.0,1,0.0,0.0,3,0,0,0,0,42,0,0,0,0,2,0,0,0,0,36,0,0.0,0,20,42,0,0,0,0.0,42,0.0,0,0,0,44,0.0,18,22,0,20,0,0,0,0,42
2020-05,0,0,0,0.0,39,0,0,0.0,0,39,0,0.0,0,0,39,0,0.0,0,0.0,39,0.0,0.0,0.0,0,39,0,0,13,0,39,4,0.0,0,0.0,22,17,0.0,4.0,0,18,8,0,9.0,9,39,0,0,0,0,39,20,0,0,0,39,0.0,0,0,0,5,37,11,0,8,40,0,0,0,13,40,2.0,2,0.0,0.0,3,2.0,2,0.0,0.0,3,0,0,0,0,39,0,0,0,0,2,0,0,0,0,34,0,0.0,0,16,39,0,0,0,12.0,39,0.0,0,0,0,40,0.0,18,20,0,19,0,0,0,0,39
2020-06,0,0,0,0.0,60,0,0,0.0,0,60,0,0.0,0,0,60,0,0.0,0,0.0,60,0.0,0.0,0.0,0,60,0,0,19,0,60,5,0.0,0,0.0,33,17,0.0,0.0,0,28,11,0,7.0,7,60,0,0,0,0,60,19,0,0,0,60,0.0,0,0,0,7,52,0,0,0,58,0,0,0,16,58,1.0,2,0.0,0.0,5,1.0,2,0.0,0.0,5,0,0,0,0,60,0,0,0,0,2,0,0,0,0,52,0,0.0,0,19,60,0,0,0,0.0,60,0.0,0,0,0,58,0.0,18,26,0,29,0,0,0,0,60
2020-07,0,0,0,0.0,65,0,0,0.0,0,65,0,0.0,0,0,65,0,0.0,0,0.0,65,0.0,0.0,0.0,0,65,0,0,10,0,65,0,0.0,0,0.0,36,22,3.0,0.0,5,30,14,0,8.0,8,65,0,0,0,0,65,17,8,0,0,65,0.0,0,0,0,8,48,7,0,10,62,9,0,0,15,62,2.0,1,0.0,0.0,5,2.0,1,0.0,0.0,5,0,0,0,0,65,0,0,0,0,3,0,0,0,0,57,0,0.0,0,12,65,0,0,0,0.0,65,9.0,0,0,0,62,0.0,18,23,0,32,0,0,0,0,65
2020-08,0,0,0,0.0,51,0,0,0.0,0,51,0,0.0,0,0,51,0,0.0,0,0.0,51,0.0,0.0,0.0,0,51,0,0,24,0,51,0,5.0,0,0.0,28,20,0.0,0.0,0,23,20,0,0.0,0,51,0,0,0,0,51,19,0,0,0,51,0.0,0,0,0,6,52,15,9,14,45,9,0,0,13,45,1.0,1,0.0,0.0,4,1.0,1,0.0,0.0,4,0,0,0,0,51,0,0,0,0,2,6,11,0,0,44,0,0.0,0,24,51,0,0,0,9.0,51,8.0,0,0,0,45,0.0,14,22,0,25,0,0,0,0,51
2020-09,0,0,0,6.0,55,0,0,0.0,0,55,0,0.0,0,0,55,0,0.0,0,0.0,55,0.0,0.0,0.0,0,55,0,0,30,0,55,0,0.0,0,0.0,30,21,0.0,0.0,0,25,17,0,0.0,0,55,0,0,0,0,55,21,0,6,0,55,1.0,0,0,0,6,71,8,14,11,51,0,0,0,14,51,1.0,2,0.0,0.0,4,1.0,2,0.0,0.0,4,0,0,0,0,55,0,0,0,0,2,9,8,0,0,48,0,0.0,0,17,55,0,0,0,10.0,55,0.0,0,0,0,51,0.0,17,24,0,27,0,0,0,0,55
2020-10,0,0,0,0.0,53,0,0,0.0,0,53,0,0.0,0,0,53,0,0.0,0,0.0,53,0.0,0.0,0.0,0,53,0,0,23,0,53,0,0.0,4,0.0,30,22,0.0,0.0,3,25,16,0,0.0,0,53,0,0,0,0,53,12,8,0,0,53,0.0,0,0,0,6,53,0,0,8,53,9,0,0,14,53,1.0,2,0.0,0.0,4,1.0,2,0.0,0.0,4,0,0,0,0,53,0,0,0,0,2,0,0,5,0,46,0,0.0,0,20,53,0,0,0,0.0,53,0.0,0,0,0,53,0.0,15,24,0,26,0,0,0,0,53
2020-11,0,0,0,0.0,36,0,0,0.0,0,36,0,0.0,0,0,36,0,0.0,0,0.0,36,0.0,0.0,0.0,0,36,0,0,17,0,36,0,0.0,0,0.0,20,24,0.0,0.0,0,17,16,0,0.0,0,36,0,0,0,0,36,13,5,0,0,36,0.0,0,0,0,4,46,7,0,9,31,6,0,0,18,31,2.0,1,0.0,0.0,3,2.0,1,0.0,0.0,3,0,0,0,0,36,0,0,0,0,1,0,0,0,0,31,0,14.0,0,24,36,0,0,0,13.0,36,0.0,0,0,0,31,0.0,19,36,0,17,0,0,0,0,36
2020-12,0,0,0,0.0,46,0,0,0.0,0,46,0,0.0,0,0,46,0,0.0,0,0.0,46,0.0,0.0,0.0,0,46,0,0,27,0,46,3,0.0,0,0.0,26,22,4.0,0.0,3,21,14,0,0.0,0,46,0,0,0,0,46,17,0,6,6,46,0.0,0,0,0,5,45,7,6,7,41,0,0,0,12,41,1.0,2,0.0,0.0,4,1.0,2,0.0,0.0,4,0,0,0,0,46,0,0,0,0,2,6,0,0,0,40,0,0.0,0,22,46,0,0,0,0.0,46,10.0,0,0,0,41,0.0,20,21,0,22,0,0,0,0,46
2021-01,0,0,0,0.0,36,0,0,0.0,0,36,0,0.0,0,0,36,0,0.0,0,0.0,36,0.0,0.0,0.0,0,36,0,0,21,0,36,0,0.0,0,0.0,20,16,3.0,0.0,0,17,17,0,0.0,0,36,0,0,0,0,36,14,0,0,0,36,0.0,0,0,0,4,49,9,9,6,36,7,0,0,10,36,1.0,2,0.0,0.0,3,1.0,2,0.0,0.0,3,0,0,0,0,36,0,0,0,0,1,0,0,0,0,32,0,0.0,0,18,36,0,0,0,6.0,36,0.0,0,0,0,36,3.0,18,22,0,18,0,0,0,0,36
2021-02,0,0,0,0.0,32,0,0,0.0,0,32,0,0.0,0,0,32,0,0.0,0,0.0,32,0.0,0.0,0.0,0,32,0,0,21,0,32,0,0.0,0,0.0,18,16,3.0,0.0,3,15,11,0,8.0,8,32,0,0,0,0,32,14,0,0,8,32,0.0,0,0,0,4,48,0,6,0,31,7,0,0,7,31,1.0,1,0.0,0.0,3,1.0,1,0.0,0.0,3,0,0,0,0,32,0,0,0,0,1,0,0,0,0,28,0,0.0,0,14,32,0,0,0,0.0,32,0.0,0,0,0,31,0.0,18,22,0,16,0,0,0,0,32
2021-03,0,0,0,6.0,40,0,0,0.0,0,40,0,0.0,0,0,40,0,0.0,0,0.0,40,0.0,0.0,0.0,0,40,0,0,30,0,40,3,0.0,0,0.0,22,19,0.0,0.0,3,18,15,0,0.0,0,40,0,0,0,0,40,9,0,0,0,40,1.0,0,0,0,5,52,0,6,7,39,5,0,0,9,39,1.0,1,0.0,0.0,3,1.0,1,0.0,0.0,3,0,0,0,0,40,0,0,0,0,2,0,0,0,0,35,0,0.0,0,17,40,0,0,0,6.0,40,0.0,0,0,0,39,0.0,17,26,0,19,0,0,0,0,40
2021-04,0,0,0,9.0,38,0,0,0.0,0,38,0,0.0,0,0,38,0,0.0,0,6.0,38,6.0,6.0,6.0,0,38,0,0,15,0,38,0,0.0,0,0.0,21,17,2.0,0.0,3,18,7,0,7.0,7,38,0,7,0,0,38,10,0,0,0,38,1.0,0,0,0,5,40,7,7,10,35,7,0,0,9,35,1.0,1,0.0,0.0,3,1.0,1,0.0,0.0,3,0,0,0,0,38,0,0,0,0,2,10,9,0,0,33,0,0.0,0,19,38,0,0,0,0.0,38,5.0,0,0,0,35,0.0,17,23,0,19,0,0,0,0,38
2021-05,0,0,0,0.0,34,0,0,0.0,0,34,0,0.0,0,8,34,0,0.0,0,0.0,34,0.0,0.0,0.0,0,34,0,0,14,0,34,3,0.0,0,3.0,19,17,3.0,0.0,0,16,16,7,0.0,0,34,0,0,0,0,34,18,0,0,0,34,0.0,0,0,0,4,48,6,0,7,34,5,0,0,13,34,1.0,1,0.0,0.0,3,1.0,1,0.0,0.0,3,0,0,0,0,34,0,0,0,0,1,9,6,0,6,29,0,0.0,0,22,34,0,0,0,12.0,34,7.0,0,0,0,34,0.0,17,25,0,16,0,0,0,0,34
2021-06,0,0,0,8.0,43,0,0,0.0,0,43,0,0.0,0,0,43,0,0.0,6,0.0,43,0.0,0.0,0.0,0,43,0,0,14,0,43,0,0.0,0,0.0,24,19,4.0,0.0,2,20,15,0,0.0,0,43,0,0,0,0,43,11,0,0,0,43,1.0,0,0,0,5,40,7,7,5,42,6,0,0,8,42,1.0,2,0.0,0.0,3,1.0,2,0.0,0.0,3,0,0,0,0,43,0,0,0,0,2,0,0,0,0,38,0,0.0,0,24,43,0,0,0,0.0,43,5.0,0,0,0,42,0.0,15,24,0,21,0,0,0,0,43
2021-07,0,0,0,0.0,30,0,0,0.0,0,30,0,0.0,0,0,30,0,0.0,0,0.0,30,0.0,0.0,0.0,0,30,0,0,10,0,30,3,0.0,0,0.0,17,16,2.0,0.0,3,14,13,0,5.0,5,30,0,0,0,0,30,10,0,7,5,30,0.0,0,0,0,4,44,4,0,6,32,9,0,0,8,32,1.0,1,0.0,0.0,2,1.0,1,0.0,0.0,2,0,0,0,0,30,0,0,0,0,1,6,6,4,4,26,0,0.0,0,23,30,0,0,0,0.0,30,0.0,0,0,0,32,0.0,17,27,0,15,0,0,0,0,30
2021-08,0,0,0,4.0,33,0,0,0.0,0,33,0,0.0,0,0,33,0,0.0,0,0.0,33,0.0,0.0,0.0,0,33,0,0,19,0,33,0,0.0,0,0.0,18,19,3.0,0.0,3,15,13,0,0.0,0,33,0,0,0,0,33,9,0,0,4,33,0.5,0,0,0,4,50,6,6,6,32,5,0,0,9,32,1.0,1,0.0,0.0,3,1.0,1,0.0,0.0,3,0,0,0,0,33,0,0,0,0,1,0,4,0,0,28,0,0.0,0,15,33,0,0,0,5.0,33,5.0,0,0,0,32,0.0,16,20,0,16,0,0,0,0,33
2021-09,0,0,0,0.0,28,0,0,0.0,0,28,0,0.0,0,0,28,0,0.0,0,0.0,28,0.0,0.0,0.0,0,28,0,0,30,0,28,0,0.0,0,0.0,16,18,3.0,0.0,4,13,24,0,0.0,0,28,0,0,0,0,28,14,0,0,6,28,0.0,0,0,0,3,48,5,5,8,28,10,0,0,11,28,1.0,1,0.0,0.0,2,1.0,1,0.0,0.0,2,0,0,0,0,28,0,0,0,0,1,6,6,0,0,25,0,0.0,0,14,28,0,0,0,0.0,28,5.0,0,0,0,28,0.0,17,25,0,14,0,0,0,0,28
2021-10,0,0,0,4.0,28,0,0,0.0,0,28,0,0.0,0,0,28,0,0.0,0,0.0,28,0.0,0.0,0.0,0,28,0,0,29,0,28,0,0.0,0,0.0,16,20,4.0,0.0,2,13,19,0,0.0,0,28,0,0,0,0,28,7,0,0,0,28,1.0,0,0,0,3,54,7,7,7,25,7,0,0,11,25,1.0,2,0.0,0.0,2,1.0,2,0.0,0.0,2,0,0,0,0,28,0,0,0,0,1,4,5,0,0,25,0,0.0,0,16,28,0,0,0,0.0,28,0.0,0,0,0,25,0.0,15,28,0,14,0,0,0,0,28
2021-11,0,0,0,0.0,35,0,0,0.0,0,35,0,0.0,0,0,35,0,0.0,6,0.0,35,0.0,0.0,0.0,0,35,0,0,29,0,35,0,0.0,0,0.0,20,17,0.0,0.0,0,16,15,0,0.0,0,35,0,0,0,0,35,0,0,0,6,35,0.0,0,0,0,4,49,11,10,5,36,9,0,0,10,36,1.0,1,0.0,0.0,3,1.0,1,0.0,0.0,3,0,0,0,0,35,0,0,0,0,1,5,5,0,0,31,0,0.0,0,10,35,0,0,0,0.0,35,0.0,0,0,0,36,0.0,17,30,0,17,0,0,0,0,35
2021-12,0,0,0,0.0,26,0,0,0.0,0,26,0,0.0,0,0,26,0,0.0,6,0.0,26,0.0,0.0,0.0,0,26,0,0,32,0,26,0,0.0,0,0.0,15,20,4.0,0.0,0,12,21,0,0.0,0,26,0,0,0,0,26,11,0,5,0,26,0.0,0,0,0,3,47,11,10,0,26,0,0,0,9,26,1.0,1,0.0,0.0,2,1.0,1,0.0,0.0,2,0,0,0,0,26,0,0,0,0,1,7,7,0,0,23,0,0.0,0,12,26,0,0,0,0.0,26,0.0,0,0,0,26,0.0,16,22,0,13,0,0,0,0,26
2022-01,0,0,0,0.0,31,0,0,0.0,0,31,0,0.0,0,0,31,0,0.0,6,0.0,31,0.0,0.0,0.0,0,31,0,0,21,0,31,0,0.0,0,0.0,17,23,0.0,0.0,0,15,13,0,0.0,0,31,0,0,0,0,31,7,5,4,4,31,0.0,0,0,0,4,55,8,9,7,30,5,0,0,8,30,1.0,1,0.0,0.0,3,1.0,1,0.0,0.0,3,0,0,0,0,31,0,0,0,0,1,5,6,0,0,27,0,0.0,0,8,31,0,0,0,7.0,31,0.0,0,0,0,30,0.0,14,22,0,15,0,0,0,0,31
2022-02,0,0,0,0.0,35,0,0,0.0,0,35,0,0.0,0,0,35,0,0.0,3,0.0,35,0.0,0.0,0.0,0,35,0,0,26,0,35,0,0.0,3,0.0,19,21,0.0,0.0,2,16,14,0,4.0,4,35,0,0,0,0,35,19,3,4,4,35,0.0,0,0,0,4,54,11,11,7,36,9,0,0,10,36,1.0,1,0.0,0.0,3,1.0,1,0.0,0.0,3,0,0,0,0,35,0,0,0,0,1,4,4,0,0,31,0,0.0,0,17,35,0,0,0,0.0,35,3.0,0,0,0,36,0.0,17,20,0,17,0,0,0,0,35
2022-03,0,0,0,5.0,38,0,0,0.0,0,38,0,0.0,0,0,38,0,0.0,4,3.0,38,3.0,3.0,3.0,0,38,0,0,31,0,38,3,0.0,0,0.0,21,24,2.0,0.0,3,18,17,0,4.0,4,38,0,0,0,0,38,13,5,3,4,38,1.0,0,0,0,5,61,10,11,9,38,10,0,0,11,38,1.0,1,0.0,0.0,3,1.0,1,0.0,0.0,3,0,0,0,0,38,0,0,0,0,2,3,2,0,0,33,0,0.0,0,15,38,0,0,0,9.0,38,0.0,0,0,0,38,2.0,17,34,0,19,0,0,0,0,38
2022-04,0,0,0,0.0,43,0,0,0.0,0,43,0,0.0,0,0,43,0,0.0,3,0.0,43,0.0,0.0,0.0,0,43,0,0,14,0,43,3,0.0,0,0.0,24,20,0.0,0.0,2,20,14,0,3.0,3,43,0,0,0,0,43,19,3,3,3,43,0.0,0,0,0,5,53,10,10,6,41,7,0,0,10,41,1.0,2,0.0,0.0,3,1.0,2,0.0,0.0,3,0,0,0,0,43,0,0,0,0,2,6,6,0,0,37,0,0.0,0,14,43,0,0,0,5.0,43,3.0,0,0,0,41,2.0,17,17,0,21,0,0,0,0,43
2022-05,0,0,0,3.0,43,0,0,0.0,0,43,0,0.0,0,0,43,0,3.0,0,0.0,43,0.0,0.0,0.0,0,43,0,0,16,0,43,2,0.0,0,0.0,24,22,2.0,0.0,3,20,15,0,0.0,0,43,0,0,0,0,43,11,2,0,5,43,0.5,0,0,0,5,74,9,10,7,42,7,0,0,11,42,1.0,1,0.0,0.0,3,1.0,1,0.0,0.0,3,0,0,0,0,43,0,0,0,0,2,5,5,0,0,37,0,0.0,0,11,43,0,0,0,4.0,43,3.0,0,0,0,42,0.0,12,21,1,21,0,0,0,0,43
2022-06,0,0,0,3.0,41,0,0,0.0,0,41,0,0.0,0,0,41,0,0.0,3,0.0,41,0.0,0.0,0.0,0,41,0,0,22,0,41,2,0.0,0,0.0,23,29,2.0,0.0,2,19,16,0,6.0,6,41,0,0,0,0,41,11,3,3,4,41,0.5,0,0,0,5,57,10,10,6,40,7,0,0,11,40,1.0,1,0.0,0.0,3,1.0,1,0.0,0.0,3,0,0,0,0,41,0,0,0,0,2,2,0,0,0,36,0,0.0,0,13,41,0,0,0,4.0,41,3.0,0,0,0,40,1.0,13,25,0,20,0,0,0,0,41
2022-07,0,0,0,4.0,36,3,0,0.0,0,36,0,0.0,0,0,36,0,0.0,4,0.0,36,0.0,0.0,0.0,0,36,0,0,16,0,36,2,0.0,0,0.0,20,18,2.0,0.0,2,17,17,0,3.0,3,36,0,4,0,0,36,14,3,3,5,36,0.5,0,0,0,4,64,11,7,8,34,8,0,0,6,34,1.0,1,0.0,0.0,3,1.0,1,0.0,0.0,3,0,0,0,0,36,0,0,0,0,1,7,8,0,0,31,0,0.0,0,14,36,0,0,0,6.0,36,5.0,0,0,0,34,0.0,16,27,0,17,0,0,0,0,36
2022-08,0,0,0,4.0,39,0,0,0.0,0,39,0,0.0,0,0,39,0,0.0,0,0.0,39,0.0,0.0,0.0,0,39,0,0,25,0,39,2,0.0,0,2.0,21,21,2.0,0.0,3,18,13,0,3.0,3,39,0,0,0,0,39,9,5,0,5,39,0.5,0,0,0,5,57,9,10,6,38,6,0,0,8,38,1.0,1,0.0,0.0,3,1.0,1,0.0,0.0,3,0,0,0,0,39,0,0,0,0,2,18,17,0,0,34,0,0.0,0,13,39,0,0,0,3.0,39,5.0,0,0,0,38,2.0,15,23,0,19,0,0,0,0,39
2022-09,0,0,0,3.0,50,0,0,0.0,0,50,0,0.0,0,0,50,0,0.0,3,0.0,50,0.0,0.0,0.0,0,50,0,3,51,0,50,2,0.0,0,0.0,28,20,0.0,0.0,3,23,12,0,3.0,3,50,3,0,0,0,50,12,3,4,5,50,0.5,0,0,0,6,53,5,6,7,49,8,0,0,11,49,1.0,1,0.0,0.0,4,1.0,1,0.0,0.0,4,0,0,0,0,50,0,0,0,0,2,13,13,0,0,44,0,0.0,0,14,50,0,0,0,3.0,50,12.0,0,0,0,49,2.0,13,34,0,24,0,0,0,0,50
2022-10,0,0,0,4.0,44,0,0,0.0,0,44,0,0.0,0,3,44,0,0.0,0,0.0,44,0.0,0.0,0.0,0,44,0,0,41,0,44,2,0.0,0,0.0,24,18,2.0,0.0,2,20,14,0,3.0,3,44,0,0,0,0,44,15,0,0,3,44,0.5,0,0,0,5,54,8,7,7,42,7,0,0,7,42,1.0,1,0.0,0.0,4,1.0,1,0.0,0.0,4,0,0,0,0,44,0,0,0,0,2,13,13,0,0,38,0,0.0,0,15,44,0,0,0,5.0,44,6.0,0,0,0,42,0.0,17,36,0,21,0,0,0,0,44
2022-11,0,0,0,4.0,46,0,0,0.0,0,46,0,0.0,0,0,46,0,0.0,0,0.0,46,0.0,0.0,0.0,0,46,0,0,22,0,46,0,0.0,0,0.0,26,18,2.0,0.0,2,22,13,0,0.0,0,46,0,0,0,0,46,11,2,2,3,46,0.5,0,0,0,6,44,6,6,4,46,5,0,2,6,46,1.0,1,0.0,0.5,4,1.0,1,0.0,0.5,4,0,0,0,0,46,0,0,0,0,2,7,7,0,0,40,0,0.0,0,20,46,0,0,0,3.0,46,4.0,0,0,0,46,1.0,16,24,0,23,0,0,0,0,46
2022-12,0,0,0,4.0,31,0,0,0.0,0,31,0,0.0,0,0,31,0,0.0,3,0.0,31,0.0,0.0,0.0,0,31,0,0,14,0,31,0,0.0,0,0.0,17,20,1.0,0.0,2,14,13,0,0.0,0,31,2,3,0,0,31,11,0,0,3,31,0.5,0,0,0,4,48,7,7,5,28,4,0,0,9,28,1.0,1,0.0,0.0,2,1.0,1,0.0,0.0,2,0,0,0,0,31,0,0,0,0,1,3,3,0,0,27,0,0.0,0,26,31,0,0,0,6.0,31,4.0,0,0,0,28,0.0,13,21,0,15,0,0,0,0,31
2023-01,0,0,0,0.0,29,0,3,0.0,0,29,0,0.0,0,0,29,0,0.0,3,0.0,29,0.0,0.0,0.0,0,29,0,0,12,0,29,0,0.0,0,0.0,16,22,1.0,0.0,2,14,18,0,3.0,3,29,0,0,0,0,29,12,0,2,3,29,0.0,0,0,0,3,45,8,9,7,28,4,0,0,10,28,1.0,1,0.0,0.0,2,1.0,1,0.0,0.0,2,0,0,0,0,29,0,0,0,0,1,16,16,0,0,25,0,0.0,0,14,29,0,0,0,4.0,29,4.0,0,0,0,28,0.0,14,25,0,14,0,0,0,0,29
2023-02,0,0,0,0.0,32,0,0,0.0,0,32,0,0.0,0,0,32,0,0.0,0,0.0,32,0.0,0.0,0.0,0,32,0,0,15,0,32,2,0.0,0,2.0,18,19,0.0,0.0,2,15,16,3,0.0,0,32,0,0,4,0,32,12,0,0,3,32,0.0,0,0,0,4,52,8,8,8,31,3,0,0,7,31,1.0,1,0.0,0.0,3,1.0,1,0.0,0.0,3,0,0,0,0,32,0,0,0,0,1,15,14,0,0,27,0,3.0,0,12,32,0,0,0,6.0,32,3.0,0,0,0,31,0.0,14,30,0,15,0,0,0,0,32
2023-03,0,0,0,0.0,33,0,0,0.0,3,33,0,0.0,0,0,33,0,0.0,0,0.0,33,0.0,0.0,0.0,0,33,0,0,17,0,33,2,0.0,0,0.0,18,18,1.0,0.0,3,15,16,0,0.0,0,33,0,0,0,0,33,8,5,3,3,33,0.0,0,0,0,4,49,7,8,7,31,7,0,2,9,31,1.0,1,0.0,0.0,3,1.0,1,0.0,0.0,3,0,0,0,0,33,0,0,0,0,1,15,15,0,0,29,0,0.0,0,11,33,0,0,0,4.0,33,4.0,0,0,0,31,1.0,14,20,0,16,0,0,0,0,33
2023-04,0,3,0,3.0,35,0,0,0.0,0,35,0,0.0,0,0,35,0,0.0,0,0.0,35,0.0,0.0,0.0,0,35,0,0,15,0,35,0,0.0,0,0.0,19,23,1.0,0.0,0,16,13,0,0.0,0,35,0,0,0,0,35,9,0,0,0,35,0.5,0,0,0,4,44,6,5,5,33,5,0,0,7,33,1.0,1,0.0,0.0,3,1.0,1,0.0,0.0,3,0,0,0,0,35,0,0,0,0,1,21,21,0,0,30,0,0.0,0,14,35,0,0,0,5.0,35,2.0,0,0,0,33,0.0,18,19,0,17,0,0,0,0,35
2023-05,0,0,0,4.0,41,0,0,0.0,0,41,0,0.0,0,0,41,0,0.0,0,0.0,41,0.0,0.0,0.0,0,41,0,0,17,0,41,1,0.0,0,0.0,23,20,0.0,0.0,2,19,15,0,4.0,4,41,0,5,0,0,41,8,0,0,5,41,0.5,0,0,0,5,51,10,8,7,40,9,0,0,8,40,1.0,1,0.0,0.0,3,1.0,1,0.0,0.0,3,0,0,0,0,41,0,0,0,0,2,28,27,0,0,36,0,0.0,0,14,41,0,0,0,0.0,41,3.0,0,0,0,40,2.0,13,18,0,20,0,0,0,0,41
2023-06,0,0,0,4.0,39,0,0,0.0,0,39,0,0.0,0,0,39,0,0.0,4,0.0,39,0.0,0.0,0.0,0,39,0,0,20,0,39,0,0.0,0,0.0,21,20,1.0,0.0,3,18,21,0,4.0,4,39,0,0,0,0,39,15,3,0,4,39,1.0,0,0,0,5,48,8,8,5,36,6,0,0,10,36,1.0,1,0.0,0.0,3,1.0,1,0.0,0.0,3,0,0,0,0,39,0,0,0,0,2,12,12,0,0,34,0,0.0,0,14,39,0,0,0,0.0,39,5.0,0,0,0,36,2.0,13,22,0,19,0,0,0,0,39
2023-07,0,0,0,4.0,35,0,0,0.0,0,35,0,0.0,0,0,35,0,0.0,3,0.0,35,0.0,0.0,0.0,0,35,0,0,19,0,35,0,0.0,1,0.0,19,17,1.0,0.0,2,16,12,0,3.0,3,35,0,0,0,0,35,9,2,3,4,35,0.5,0,0,0,4,53,11,10,8,31,4,0,0,7,31,1.0,1,0.0,0.0,3,1.0,1,0.0,0.0,3,0,0,0,0,35,0,0,0,0,1,5,4,0,0,30,0,0.0,0,12,35,0,0,0,3.0,35,3.0,0,0,0,31,2.0,16,43,0,17,0,0,0,0,35
2023-08,0,0,0,3.0,41,0,0,0.0,0,41,0,0.0,0,0,41,0,0.0,4,0.0,41,0.0,0.0,0.0,0,41,0,0,27,0,41,0,0.0,0,0.0,23,18,0.0,0.0,2,19,12,0,3.0,3,41,0,0,0,0,41,11,0,0,0,41,0.5,0,0,0,5,49,11,10,6,40,4,0,0,11,40,1.0,1,0.0,0.0,3,1.0,1,0.0,0.0,3,0,0,0,0,41,0,0,0,0,2,12,13,0,0,36,0,0.0,0,13,41,0,0,0,3.0,41,4.0,0,0,0,40,0.0,14,39,0,20,0,0,0,0,41
2023-09,0,0,0,3.0,33,0,0,0.0,0,33,0,0.0,0,0,33,0,0.0,0,0.0,33,0.0,0.0,0.0,0,33,0,0,24,0,33,1,0.0,1,0.0,18,18,0.0,0.0,2,15,15,0,2.0,2,33,0,0,0,0,33,8,0,2,3,33,0.5,0,0,0,4,57,8,8,5,32,7,0,0,9,32,1.0,1,0.0,0.0,3,1.0,1,0.0,0.0,3,0,0,0,0,33,0,0,0,0,1,15,15,0,0,29,0,0.0,0,10,33,0,0,0,2.0,33,3.0,0,0,0,32,0.0,11,22,0,16,0,0,0,0,33
2023-10,0,0,0,3.0,32,0,0,0.0,0,32,0,0.0,0,0,32,0,0.0,2,0.0,32,0.0,0.0,0.0,0,32,0,0,31,0,32,1,0.0,0,0.0,18,17,0.0,0.0,2,15,12,0,2.0,2,32,0,0,0,0,32,7,2,2,3,32,0.5,0,0,0,4,41,9,10,4,31,5,0,0,6,31,1.0,1,0.0,0.0,3,1.0,1,0.0,0.0,3,0,0,0,0,32,0,0,0,0,1,15,14,0,0,28,0,0.0,0,14,32,0,0,0,6.0,32,4.0,0,0,0,31,1.0,12,22,0,16,0,0,0,0,32
2023-11,0,0,0,3.0,38,0,0,0.0,0,38,0,0.0,0,0,38,0,0.0,0,0.0,38,0.0,0.0,0.0,0,38,0,0,22,0,38,2,0.0,2,1.0,21,19,0.0,0.0,2,17,16,0,0.0,0,38,0,0,0,0,38,9,3,3,5,38,0.5,0,0,0,4,46,6,5,5,36,6,0,0,6,36,1.0,1,0.5,0.5,3,1.0,1,0.5,0.5,3,0,0,0,0,38,0,0,0,0,1,10,10,0,0,33,0,0.0,0,12,38,0,0,0,0.0,38,3.0,0,0,0,36,0.0,18,22,0,18,0,0,0,0,38
2023-12,0,0,0,0.0,30,0,0,0.0,0,30,0,0.0,0,0,30,0,0.0,0,0.0,30,0.0,0.0,0.0,0,30,0,0,25,0,30,0,0.0,0,0.0,16,20,0.0,0.0,3,14,16,0,0.0,0,30,2,0,0,0,30,13,0,0,4,30,0.0,0,0,0,4,45,6,6,6,29,6,0,0,7,29,1.0,1,0.0,0.0,2,1.0,1,0.0,0.0,2,0,0,0,0,30,0,0,0,0,1,13,12,0,0,26,0,0.0,0,10,30,0,0,0,4.0,30,3.0,0,0,0,29,0.0,16,33,0,14,0,0,0,0,30
2024-01,0,0,0,4.0,34,0,0,0.0,0,34,0,0.0,0,0,34,0,0.0,4,0.0,34,0.0,0.0,0.0,0,34,0,0,13,0,34,1,0.0,0,0.0,19,17,0.0,0.0,2,16,21,0,2.0,2,34,0,0,0,0,34,24,2,0,4,34,0.5,0,0,0,4,39,7,6,7,33,5,0,0,8,33,1.0,1,0.0,0.0,3,1.0,1,0.0,0.0,3,0,0,0,0,34,0,0,0,0,1,14,15,0,0,30,0,0.0,0,10,34,0,0,0,4.0,34,0.0,0,0,0,33,1.0,15,20,0,16,0,0,0,0,34
2024-02,0,0,0,0.0,34,0,0,0.0,0,34,0,0.0,0,0,34,0,0.0,0,0.0,34,0.0,0.0,0.0,0,34,0,0,14,0,34,2,0.0,0,0.0,19,16,0.0,0.0,2,16,14,0,0.0,0,34,0,0,0,0,34,8,3,3,6,34,0.0,0,0,0,4,47,6,7,4,34,5,0,0,8,34,1.0,1,0.0,0.0,3,1.0,1,0.0,0.0,3,0,0,0,0,34,0,0,0,0,1,17,19,0,0,30,0,0.0,0,9,34,0,0,0,3.0,34,4.0,0,0,0,34,0.0,15,21,0,17,0,0,0,0,34
2024-03,0,0,0,3.0,38,0,0,0.0,0,38,0,0.0,0,0,38,0,0.0,0,0.0,38,0.0,0.0,0.0,0,38,0,0,15,0,38,2,0.0,0,0.0,21,17,0.0,0.0,0,18,11,0,0.0,0,38,0,0,0,0,38,11,0,0,4,38,0.5,0,0,0,5,45,8,7,7,35,5,0,0,10,35,1.0,1,0.0,0.0,3,1.0,1,0.0,0.0,3,0,0,0,0,38,0,0,0,0,2,16,14,0,0,33,0,0.0,0,13,38,0,0,0,5.0,38,4.0,0,0,0,35,0.0,14,24,0,18,0,0,0,0,38
2024-04,0,0,0,3.0,25,0,0,0.0,0,25,0,0.0,0,0,25,0,0.0,0,0.0,25,0.0,0.0,0.0,0,25,0,0,13,0,25,2,0.0,0,0.0,14,15,0.0,0.0,2,12,16,0,0.0,0,25,0,0,0,0,25,9,0,0,3,25,0.5,0,0,0,3,41,7,7,7,24,5,3,0,12,24,1.0,1,0.0,0.0,2,1.0,1,0.0,0.0,2,0,0,0,0,25,0,0,0,0,1,23,23,0,2,22,0,0.0,0,11,25,0,0,0,4.0,25,4.0,0,0,0,24,1.0,17,26,0,12,0,0,0,0,25
2024-05,0,0,0,2.0,32,0,0,0.0,0,32,0,0.0,0,0,32,0,0.0,0,0.0,32,0.0,0.0,0.0,0,32,0,0,17,0,32,2,0.0,0,2.0,17,15,0.0,0.0,2,15,13,0,3.0,3,32,0,0,0,0,32,10,0,0,3,32,0.5,0,0,0,4,47,9,8,5,30,6,0,0,6,30,1.0,1,0.0,0.0,3,1.0,1,0.0,0.0,3,0,0,0,0,32,0,0,0,0,1,20,20,0,0,27,0,0.0,0,10,32,0,0,0,0.0,32,0.0,0,3,0,30,1.0,12,27,0,15,0,0,0,0,32
2024-06,0,0,0,4.0,27,0,0,0.0,0,27,0,0.0,0,0,27,0,0.0,0,0.0,27,0.0,0.0,0.0,0,27,0,0,10,0,27,1,0.0,0,0.0,15,15,0.0,0.0,0,13,12,0,0.0,0,27,0,0,0,0,27,10,3,0,2,27,0.5,0,0,0,3,45,5,6,5,26,3,0,0,7,26,1.0,1,0.0,0.0,2,1.0,1,0.0,0.0,2,0,0,0,0,27,0,0,0,0,1,0,0,0,0,23,0,0.0,0,12,27,0,0,0,4.0,27,2.0,0,0,0,26,0.0,15,26,0,13,0,0,0,0,27
2024-07,0,0,0,0.0,28,0,0,0.0,0,28,0,0.0,0,0,28,0,0.0,0,0.0,28,0.0,0.0,0.0,0,28,0,0,22,0,28,0,0.0,0,0.0,16,17,0.0,0.0,2,13,12,0,0.0,0,28,0,0,0,0,28,11,0,3,6,28,0.0,0,0,0,3,46,9,10,5,27,5,0,0,8,27,1.0,1,0.0,0.0,2,1.0,1,0.0,0.0,2,0,0,0,0,28,0,0,0,0,1,0,3,0,0,24,0,0.0,0,14,28,0,0,0,0.0,28,0.0,0,0,0,27,0.0,15,34,0,14,0,0,0,0,28
2024-08,0,0,0,6.0,33,0,0,0.0,0,33,0,0.0,0,0,33,0,0.0,0,0.0,33,0.0,0.0,0.0,0,33,0,0,68,0,33,2,0.0,0,0.0,18,17,0.0,0.0,2,15,7,3,4.0,4,33,0,0,0,0,33,27,2,2,6,33,1.0,0,0,0,4,57,5,4,6,32,3,0,3,8,32,1.0,1,0.0,0.0,3,1.0,1,0.0,0.0,3,0,0,0,0,33,0,0,0,0,1,13,11,0,0,29,0,0.0,0,10,33,0,0,0,3.0,33,3.0,0,0,0,32,0.0,17,21,1,16,0,0,0,0,33
2024-09,0,0,0,3.0,33,0,0,0.0,0,33,0,0.0,0,0,33,0,0.0,0,0.0,33,0.0,0.0,0.0,0,33,0,0,22,0,33,0,0.0,0,0.0,18,18,1.0,0.0,4,15,11,0,0.0,0,33,0,0,0,0,33,16,3,0,6,33,0.5,0,0,0,4,52,8,7,6,32,5,0,0,6,32,1.0,1,0.0,0.0,3,1.0,1,0.0,0.0,3,0,0,0,0,33,0,0,0,0,1,12,11,0,0,29,0,0.0,0,11,33,0,0,0,3.0,33,6.0,0,0,0,32,0.0,16,23,0,16,0,0,0,0,33
2024-10,0,0,0,0.0,33,0,0,0.0,0,33,0,0.0,0,0,33,0,0.0,0,0.0,33,0.0,0.0,0.0,0,33,0,0,14,0,33,2,0.0,0,0.0,18,15,0.0,0.0,3,15,11,0,9.0,9,33,0,0,0,0,33,8,0,3,5,33,0.0,0,0,0,4,52,6,6,5,33,5,0,0,7,33,1.0,1,0.0,0.0,3,1.0,1,0.0,0.0,3,0,0,0,0,33,0,0,0,0,1,11,12,0,0,29,0,0.0,0,13,33,0,0,0,4.0,33,5.0,0,0,0,33,0.0,16,52,0,16,0,0,0,0,33
2024-11,0,0,0,3.0,36,0,0,0.0,0,36,0,0.0,0,0,36,0,0.0,0,0.0,36,0.0,0.0,0.0,0,36,0,0,14,4,36,2,0.0,0,0.0,20,18,0.0,0.0,2,17,12,0,5.0,5,36,0,0,0,0,36,7,4,4,5,36,0.5,0,0,0,4,50,12,11,5,33,7,0,0,11,33,1.0,1,0.0,0.0,3,1.0,1,0.0,0.0,3,0,0,0,0,36,0,0,0,0,1,18,18,0,0,31,0,0.0,0,13,36,0,0,0,3.0,36,3.0,0,0,0,33,0.0,18,27,0,18,0,3,0,0,36
2024-12,0,0,0,4.0,34,0,0,0.0,0,34,0,0.0,0,0,34,0,0.0,0,0.0,34,0.0,0.0,0.0,0,34,0,0,13,0,34,0,0.0,0,0.0,19,15,0.0,0.0,2,16,12,0,0.0,0,34,0,0,0,0,34,6,0,0,0,34,1.0,0,0,0,4,45,9,8,5,33,6,0,0,5,33,0.5,1,0.0,0.0,3,0.5,1,0.0,0.0,3,0,0,0,0,34,0,0,0,0,1,13,13,0,0,30,0,0.0,0,12,34,0,0,0,3.0,34,5.0,0,0,0,33,0.0,17,38,0,17,0,0,0,0,34
2025-01,0,0,0,3.0,34,0,0,0.0,0,34,0,0.0,0,0,34,0,0.0,0,0.0,34,0.0,0.0,0.0,0,34,0,0,18,0,34,2,0.0,0,0.0,19,19,0.0,0.0,3,16,13,0,3.0,3,34,3,3,0,0,34,4,0,0,0,34,0.5,0,0,0,4,48,9,9,6,32,7,0,0,9,32,1.0,1,0.0,0.0,3,1.0,1,0.0,0.0,3,0,0,0,0,34,0,0,0,0,1,9,9,0,0,29,0,0.0,0,6,34,0,0,0,4.0,34,4.0,0,0,0,32,0.0,16,38,0,16,0,0,0,0,34
2025-02,0,0,0,4.0,31,0,0,0.0,0,31,0,0.0,0,0,31,0,0.0,0,0.0,31,0.0,0.0,0.0,0,31,0,0,10,0,31,2,0.0,0,0.0,17,17,0.0,0.0,2,14,13,0,0.0,0,31,5,3,0,0,31,4,0,0,3,31,0.5,0,0,0,4,50,6,7,6,29,4,0,0,4,29,0.5,1,0.0,0.0,2,0.5,1,0.0,0.0,2,0,0,0,0,31,0,0,0,0,1,11,11,0,0,27,0,0.0,0,7,31,0,0,0,4.0,31,4.0,0,0,0,29,0.0,14,21,0,15,0,0,0,0,31
2025-03,0,0,0,0.0,28,0,0,0.0,0,28,0,0.0,0,0,28,0,0.0,0,0.0,28,0.0,0.0,0.0,0,28,0,0,12,0,28,0,0.0,0,0.0,15,13,0.0,0.0,1,13,15,0,0.0,0,28,0,0,0,0,28,5,0,0,3,28,0.0,0,0,0,3,47,7,5,6,27,3,0,0,6,27,0.5,1,0.0,0.0,2,0.5,1,0.0,0.0,2,0,0,0,0,28,0,0,0,0,1,14,14,0,0,24,0,0.0,0,15,28,0,0,0,4.0,28,3.0,0,0,0,27,0.0,19,32,0,13,0,0,0,0,28
2025-04,0,0,0,0.0,32,0,0,0.0,0,32,0,0.0,0,0,32,0,0.0,0,0.0,32,0.0,0.0,0.0,0,32,0,0,11,0,32,0,0.0,0,3.0,18,18,0.0,0.0,3,15,16,0,0.0,0,32,0,0,0,0,32,5,3,3,3,32,0.0,0,0,0,4,51,9,8,12,30,7,0,0,9,30,1.0,1,0.0,0.0,3,1.0,1,0.0,0.0,3,0,0,0,0,32,0,0,0,0,1,11,11,0,0,28,0,0.0,0,13,32,0,0,0,5.0,32,3.0,0,0,0,30,0.0,13,39,0,15,0,0,0,0,32
2025-05,0,0,0,4.0,27,0,0,0.0,0,27,0,0.0,0,0,27,0,0.0,0,0.0,27,0.0,0.0,0.0,0,27,0,0,10,0,27,0,0.0,0,0.0,15,17,0.0,0.0,2,12,14,0,0.0,0,27,0,0,0,0,27,5,0,0,0,27,0.5,0,0,0,3,54,6,6,6,25,5,0,0,7,25,0.5,1,0.0,0.0,2,0.5,1,0.0,0.0,2,0,0,0,0,27,0,0,0,0,1,9,7,0,0,23,0,0.0,0,9,27,0,0,0,0.0,27,4.0,0,0,0,25,0.0,16,25,0,13,0,0,0,0,27
2025-06,0,0,0,3.0,35,0,0,0.0,0,35,0,0.0,0,0,35,0,0.0,3,0.0,35,0.0,0.0,0.0,0,35,0,0,7,3,35,3,0.0,0,0.0,20,15,0.0,0.0,3,16,12,0,0.0,0,35,0,0,0,0,35,5,3,3,0,35,0.5,0,0,0,4,51,5,4,7,33,4,0,0,10,33,1.0,1,0.0,0.0,3,1.0,1,0.0,0.0,3,0,0,0,0,35,0,0,0,0,1,0,0,0,0,31,0,0.0,0,9,35,0,0,0,0.0,35,3.0,0,0,0,33,0.0,15,27,0,17,0,0,0,0,35
2025-07,0,0,0,0.0,29,0,0,0.0,0,29,0,0.0,0,0,29,0,0.0,0,0.0,29,0.0,0.0,0.0,0,29,0,0,9,0,29,0,0.0,0,0.0,16,15,2.0,0.0,2,14,15,0,0.0,0,29,0,0,0,0,29,7,4,3,3,29,0.0,0,0,0,3,55,5,5,6,28,5,0,0,8,28,1.0,1,0.0,0.0,2,1.0,1,0.0,0.0,2,0,0,0,0,29,0,0,0,0,1,4,3,0,0,25,0,0.0,0,7,29,0,0,0,3.0,29,3.0,0,0,0,28,0.0,14,32,0,14,0,0,0,0,29
2025-08,0,0,0,0.5,30,0,0,0.0,0,30,0,0.0,0,0,30,0,0.0,0,0.0,30,0.0,0.0,0.0,0,30,0,0,8,0,30,2,0.0,0,0.5,17,14,0.5,0.0,3,14,15,0,0.5,0,30,0,0,0,0,30,4,5,5,5,30,0.5,0,0,0,4,51,9,9,7,29,6,0,0,7,29,1.0,1,0.0,0.0,2,1.0,1,0.0,0.0,2,0,0,0,0,30,0,0,0,0,1,11,13,0,3,26,0,0.5,0,7,30,0,0,0,0.5,30,0.5,0,0,0,29,0.5,15,24,0,15,0,0,0,0,30
2025-09,0,0,0,2.0,30,0,0,0.5,0,29,0,0.5,0,1,29,0,0.5,2,0.5,30,0.5,0.5,0.5,0,30,1,1,6,0,29,1,0.5,1,1.0,16,16,1.0,0.5,3,14,14,1,2.0,2,29,1,1,1,0,29,7,3,3,3,29,0.5,0,0,0,4,48,6,6,5,28,6,1,1,7,28,1.0,1,0.5,0.5,2,1.0,1,0.5,0.5,2,0,0,0,0,30,0,0,0,0,1,1,1,0,0,26,0,0.5,0,6,29,1,0,0,2.0,29,6.0,0,1,0,28,1.0,14,19,0,14,0,0,0,0,29
