Month,humanitarian agencies,humanitarian agencies(2),refugee camp,tent,Email,reconstruction,supplies,medical,grant,Email_file1,workshop,rationing,PDS,PDS(2),Email_file2,charity,charity(2),organisation,shelter,Email_file3,refuge,refuge(2),temporary,temporary(2),Email_file4,death,immunisation,protection,faeces,Email_file5,cash assistance,medicine,medicine(2),medicine(3),Email_file6,suffering,pregnant,basket,container,Email_file7,container_file8,container(2),carton,clothes,Email_file8,emergency,food parcels,money,voucher,Email_file9,voucher_file10,dehydration,undernutrition,cash grant,Email_file10,host community,refugee camps,tents,host communities,Email_file11,cash grant_file12,cash grant(2),army,Email_file12,coping strategies,coping strategies(2),aid,aid(2),Email_file13,aid_file14,relief,outbreak,outbreak(2),Email_file14,relief efforts,disaster,emergency situation,complex humanitarian emergency situation,Email_file15,infectious diseases,epidemic,disease,contagious,Email_file16,donor,donor(2),donor(3),vaccination,Email_file17,vaccination_file18,campaign,campaign(2),campaign(3),Email_file18,polio,cholera,operation,operation(2),Email_file19,operation_file20,nutrition,malnourishment,malnutrition,Email_file20,humanitarian organisations,humanitarian organisations(2),humanitarian organisations(3),humanitarian agencies_file21,Email_file21
2004-01,0,0,0,0,0,0,0,0,0.0,0,0,0,0,0,0,0,0,0,0,0,0,0,0,0.0,0,0,0,0,0,0,0,0,0,0,0,0.0,0,0,0,0,0,0,0.0,0.0,0,0,0,0,0.0,0,0,0,0,0,0,0,0,0,0,0,0,0,0,0,0,0,0.0,0.0,0,0.0,0,0,0,0,0,0.0,0,0,0,0,0.0,0,0.0,0,0,0,0,0,0,0,0,0,0,0,0.0,0.0,0.0,0.0,0.0,0,0,0,0,0,0,0,0,0,0
2004-02,0,0,0,0,0,0,0,0,0.0,0,0,0,0,0,0,0,0,0,0,0,0,0,0,0.0,0,0,0,0,0,0,0,0,0,0,0,0.0,0,0,0,0,0,0,0.0,0.0,0,0,0,0,0.0,0,0,0,0,0,0,0,0,0,0,0,0,0,0,0,0,0,0.0,0.0,0,0.0,0,0,0,0,0,0.0,0,0,0,0,0.0,0,0.0,0,0,0,0,0,0,0,0,0,0,0,0.0,0.0,0.0,0.0,0.0,0,0,0,0,0,0,0,0,0,0
2004-03,0,0,0,0,0,0,0,0,0.0,0,0,0,0,0,0,0,0,0,0,0,0,0,0,0.0,0,0,0,0,0,0,0,0,0,0,0,0.0,0,0,0,0,0,0,0.0,0.0,0,0,0,0,0.0,0,0,0,0,0,0,0,0,0,0,0,0,0,0,0,0,0,0.0,0.0,0,0.0,0,0,0,0,0,0.0,0,0,0,0,0.0,0,0.0,0,0,0,0,0,0,0,0,0,0,0,0.0,0.0,0.0,0.0,0.0,0,0,0,0,0,0,0,0,0,0
2004-04,0,0,0,0,0,0,0,0,0.0,0,0,0,0,0,0,0,0,0,0,0,0,0,0,0.0,0,0,0,0,0,0,0,0,0,0,0,0.0,0,0,0,0,0,0,0.0,0.0,0,0,0,0,0.0,0,0,0,0,0,0,0,0,0,0,0,0,0,0,0,0,0,0.0,0.0,0,0.0,0,0,0,0,0,0.0,0,0,0,0,0.0,0,0.0,0,0,0,0,0,0,0,0,0,0,0,0.0,0.0,0.0,0.0,0.0,0,0,0,0,0,0,0,0,0,0
2004-05,0,0,0,0,0,0,0,0,0.0,0,0,0,0,0,0,0,0,0,0,0,0,0,0,0.0,0,0,0,0,0,0,0,0,0,0,0,0.0,0,0,0,0,0,0,0.0,0.0,0,0,0,0,0.0,0,0,0,0,0,0,0,0,0,0,0,0,0,0,0,0,0,0.0,0.0,0,0.0,0,0,0,0,0,0.0,0,0,0,0,0.0,0,0.0,0,0,0,0,0,0,0,0,0,0,0,0.0,0.0,0.0,0.0,0.0,0,0,0,0,0,0,0,0,0,0
2004-06,0,0,0,0,0,0,0,0,0.0,0,0,0,0,0,0,0,0,0,0,0,0,0,0,0.0,0,0,0,0,0,0,0,0,0,0,0,0.0,0,0,0,0,0,0,0.0,0.0,0,0,0,0,0.0,0,0,0,0,0,0,0,0,0,0,0,0,0,0,0,0,0,0.0,0.0,0,0.0,0,0,0,0,0,0.0,0,0,0,0,0.0,0,0.0,0,0,0,0,0,0,0,0,0,0,0,0.0,0.0,0.0,0.0,0.0,0,0,0,0,0,0,0,0,0,0
2004-07,0,0,0,0,0,0,0,0,0.0,0,0,0,0,0,0,0,0,0,0,0,0,0,0,0.0,0,0,0,0,0,0,0,0,0,0,0,0.0,0,0,0,0,0,0,0.0,0.0,0,0,0,0,0.0,0,0,0,0,0,0,0,0,0,0,0,0,0,0,0,0,0,0.0,0.0,0,0.0,0,0,0,0,0,0.0,0,0,0,0,0.0,0,0.0,0,0,0,0,0,0,0,0,0,0,0,0.0,0.0,0.0,0.0,0.0,0,0,0,0,0,0,0,0,0,0
2004-08,0,0,0,0,0,0,0,0,0.0,0,0,0,0,0,0,0,0,0,0,0,0,0,0,0.0,0,0,0,0,0,0,0,0,0,0,0,0.0,0,0,0,0,0,0,0.0,0.0,0,0,0,0,0.0,0,0,0,0,0,0,0,0,0,0,0,0,0,0,0,0,0,0.0,0.0,0,0.0,0,0,0,0,0,0.0,0,0,0,0,0.0,0,0.0,0,0,0,0,0,0,0,0,0,0,0,0.0,0.0,0.0,0.0,0.0,0,0,0,0,0,0,0,0,0,0
2004-09,0,0,0,0,0,0,0,0,0.0,0,0,0,0,0,0,0,0,0,0,0,0,0,0,0.0,0,0,0,0,0,0,0,0,0,0,0,0.0,0,0,0,0,0,0,0.0,0.0,0,0,0,0,0.0,0,0,0,0,0,0,0,0,0,0,0,0,0,0,0,0,0,0.0,0.0,0,0.0,0,0,0,0,0,0.0,0,0,0,0,0.0,0,0.0,0,0,0,0,0,0,0,0,0,0,0,0.0,0.0,0.0,0.0,0.0,0,0,0,0,0,0,0,0,0,0
2004-10,0,0,0,0,0,0,0,0,0.0,0,0,0,0,0,0,0,0,0,0,0,0,0,0,0.0,0,0,0,0,0,0,0,0,0,0,0,0.0,0,0,0,0,0,0,0.0,0.0,0,0,0,0,0.0,0,0,0,0,0,0,0,0,0,0,0,0,0,0,0,0,0,0.0,0.0,0,0.0,0,0,0,0,0,0.0,0,0,0,0,0.0,0,0.0,0,0,0,0,0,0,0,0,0,0,0,0.0,0.0,0.0,0.0,0.0,0,0,0,0,0,0,0,0,0,0
2004-11,0,0,0,0,0,0,0,0,0.0,0,0,0,0,0,0,0,0,0,0,0,0,0,0,0.0,0,0,0,0,0,0,0,0,0,0,0,0.0,0,0,0,0,0,0,0.0,0.0,0,0,0,0,0.0,0,0,0,0,0,0,0,0,0,0,0,0,0,0,0,0,0,0.0,0.0,0,0.0,0,0,0,0,0,0.0,0,0,0,0,0.0,0,0.0,0,0,0,0,0,0,0,0,0,0,0,0.0,0.0,0.0,0.0,0.0,0,0,0,0,0,0,0,0,0,0
2004-12,0,0,0,0,0,0,0,0,0.0,0,0,0,0,0,0,0,0,0,0,0,0,0,0,0.0,0,0,0,0,0,0,0,0,0,0,0,0.0,0,0,0,0,0,0,0.0,0.0,0,0,0,0,0.0,0,0,0,0,0,0,0,0,0,0,0,0,0,0,0,0,0,0.0,0.0,0,0.0,0,0,0,0,0,0.0,0,0,0,0,0.0,0,0.0,0,0,0,0,0,0,0,0,0,0,0,0.0,0.0,0.0,0.0,0.0,0,0,0,0,0,0,0,0,0,0
2005-01,0,0,0,0,0,0,0,0,0.0,0,0,0,0,0,0,0,0,0,0,0,0,0,0,0.0,0,0,0,0,0,0,0,0,0,0,0,0.0,0,0,0,0,0,0,0.0,0.0,0,0,0,0,0.0,0,0,0,0,0,0,0,0,0,0,0,0,0,0,0,0,0,0.0,0.0,0,0.0,0,0,0,0,0,0.0,0,0,0,0,0.0,0,0.0,0,0,0,0,0,0,0,0,0,0,0,0.0,0.0,0.0,0.0,0.0,0,0,0,0,0,0,0,0,0,0
2005-02,0,0,0,0,0,0,0,0,0.0,0,0,0,0,0,0,0,0,0,0,0,0,0,0,0.0,0,0,0,0,0,0,0,0,0,0,0,0.0,0,0,0,0,0,0,0.0,0.0,0,0,0,0,0.0,0,0,0,0,0,0,0,0,0,0,0,0,0,0,0,0,0,0.0,0.0,0,0.0,0,0,0,0,0,0.0,0,0,0,0,0.0,0,0.0,0,0,0,0,0,0,0,0,0,0,0,0.0,0.0,0.0,0.0,0.0,0,0,0,0,0,0,0,0,0,0
2005-03,0,0,0,0,0,0,0,0,0.0,0,0,0,0,0,0,0,0,0,0,0,0,0,0,0.0,0,0,0,0,0,0,0,0,0,0,0,0.0,0,0,0,0,0,0,0.0,0.0,0,0,0,0,0.0,0,0,0,0,0,0,0,0,0,0,0,0,0,0,0,0,0,0.0,0.0,0,0.0,0,0,0,0,0,0.0,0,0,0,0,0.0,0,0.0,0,0,0,0,0,0,0,0,0,0,0,0.0,0.0,0.0,0.0,0.0,0,0,0,0,0,0,0,0,0,0
2005-04,0,0,0,0,0,0,0,0,0.0,0,0,0,0,0,0,0,0,0,0,0,0,0,0,0.0,0,0,0,0,0,0,0,0,0,0,0,0.0,0,0,0,0,0,0,0.0,0.0,0,0,0,0,0.0,0,0,0,0,0,0,0,0,0,0,0,0,0,0,0,0,0,0.0,0.0,0,0.0,0,0,0,0,0,0.0,0,0,0,0,0.0,0,0.0,0,0,0,0,0,0,0,0,0,0,0,0.0,0.0,0.0,0.0,0.0,0,0,0,0,0,0,0,0,0,0
2005-05,0,0,0,0,0,0,0,0,0.0,0,0,0,0,0,0,0,0,0,0,0,0,0,0,0.0,0,0,0,0,0,0,0,0,0,0,0,0.0,0,0,0,0,0,0,0.0,0.0,0,0,0,0,0.0,0,0,0,0,0,0,0,0,0,0,0,0,0,0,0,0,0,0.0,0.0,0,0.0,0,0,0,0,0,0.0,0,0,0,0,0.0,0,0.0,0,0,0,0,0,0,0,0,0,0,0,0.0,0.0,0.0,0.0,0.0,0,0,0,0,0,0,0,0,0,0
2005-06,0,0,0,0,0,0,0,0,0.0,0,0,0,0,0,0,0,0,0,0,0,0,0,0,0.0,0,0,0,0,0,0,0,0,0,0,0,0.0,0,0,0,0,0,0,0.0,0.0,0,0,0,0,0.0,0,0,0,0,0,0,0,0,0,0,0,0,0,0,0,0,0,0.0,0.0,0,0.0,0,0,0,0,0,0.0,0,0,0,0,0.0,0,0.0,0,0,0,0,0,0,0,0,0,0,0,0.0,0.0,0.0,0.0,0.0,0,0,0,0,0,0,0,0,0,0
2005-07,0,0,0,0,0,0,0,0,0.0,0,0,0,0,0,0,0,0,0,0,0,0,0,0,0.0,0,0,0,0,0,0,0,0,0,0,0,0.0,0,0,0,0,0,0,0.0,0.0,0,0,0,0,0.0,0,0,0,0,0,0,0,0,0,0,0,0,0,0,0,0,0,0.0,0.0,0,0.0,0,0,0,0,0,0.0,0,0,0,0,0.0,0,0.0,0,0,0,0,0,0,0,0,0,0,0,0.0,0.0,0.0,0.0,0.0,0,0,0,0,0,0,0,0,0,0
2005-08,0,0,0,0,0,0,0,0,0.0,0,0,0,0,0,0,0,0,0,0,0,0,0,0,0.0,0,0,0,0,0,0,0,0,0,0,0,0.0,0,0,0,0,0,0,0.0,0.0,0,0,0,0,0.0,0,0,0,0,0,0,0,0,0,0,0,0,0,0,0,0,0,0.0,0.0,0,0.0,0,0,0,0,0,0.0,0,0,0,0,0.0,0,0.0,0,0,0,0,0,0,0,0,0,0,0,0.0,0.0,0.0,0.0,0.0,0,0,0,0,0,0,0,0,0,0
2005-09,0,0,0,0,0,0,0,0,0.0,0,0,0,0,0,0,0,0,0,0,0,0,0,0,0.0,0,0,0,0,0,0,0,0,0,0,0,0.0,0,0,0,0,0,0,0.0,0.0,0,0,0,0,0.0,0,0,0,0,0,0,0,0,0,0,0,0,0,0,0,0,0,0.0,0.0,0,0.0,0,0,0,0,0,0.0,0,0,0,0,0.0,0,0.0,0,0,0,0,0,0,0,0,0,0,0,0.0,0.0,0.0,0.0,0.0,0,0,0,0,0,0,0,0,0,0
2005-10,0,0,0,0,0,0,0,0,0.0,0,0,0,0,0,0,0,0,0,0,0,0,0,0,0.0,0,0,0,0,0,0,0,0,0,0,0,0.0,0,0,0,0,0,0,0.0,0.0,0,0,0,0,0.0,0,0,0,0,0,0,0,0,0,0,0,0,0,0,0,0,0,0.0,0.0,0,0.0,0,0,0,0,0,0.0,0,0,0,0,0.0,0,0.0,0,0,0,0,0,0,0,0,0,0,0,0.0,0.0,0.0,0.0,0.0,0,0,0,0,0,0,0,0,0,0
2005-11,0,0,0,0,0,0,0,0,0.0,0,0,0,0,0,0,0,0,0,0,0,0,0,0,0.0,0,0,0,0,0,0,0,0,0,0,0,0.0,0,0,0,0,0,0,0.0,0.0,0,0,0,0,0.0,0,0,0,0,0,0,0,0,0,0,0,0,0,0,0,0,0,0.0,0.0,0,0.0,0,0,0,0,0,0.0,0,0,0,0,0.0,0,0.0,0,0,0,0,0,0,0,0,0,0,0,0.0,0.0,0.0,0.0,0.0,0,0,0,0,0,0,0,0,0,0
2005-12,0,0,0,0,0,0,0,0,0.0,0,0,0,0,0,0,0,0,0,0,0,0,0,0,0.0,0,0,0,0,0,0,0,0,0,0,0,0.0,0,0,0,0,0,0,0.0,0.0,0,0,0,0,0.0,0,0,0,0,0,0,0,0,0,0,0,0,0,0,0,0,0,0.0,0.0,0,0.0,0,0,0,0,0,0.0,0,0,0,0,0.0,0,0.0,0,0,0,0,0,0,0,0,0,0,0,0.0,0.0,0.0,0.0,0.0,0,0,0,0,0,0,0,0,0,0
2006-01,0,0,0,0,0,0,0,0,0.0,0,0,0,0,0,0,0,0,0,0,0,0,0,0,0.0,0,0,0,0,0,0,0,0,0,0,0,0.0,0,0,0,0,0,0,0.0,0.0,0,0,0,0,0.0,0,0,0,0,0,0,0,0,0,0,0,0,0,0,0,0,0,0.0,0.0,0,0.0,0,0,0,0,0,0.0,0,0,0,0,0.0,0,0.0,0,0,0,0,0,0,0,0,0,0,0,0.0,0.0,0.0,0.0,0.0,0,0,0,0,0,0,0,0,0,0
2006-02,0,0,0,0,0,0,0,0,0.0,0,0,0,0,0,0,0,0,0,0,0,0,0,0,0.0,0,0,0,0,0,0,0,0,0,0,0,0.0,0,0,0,0,0,0,0.0,0.0,0,0,0,0,0.0,0,0,0,0,0,0,0,0,0,0,0,0,0,0,0,0,0,0.0,0.0,0,0.0,0,0,0,0,0,0.0,0,0,0,0,0.0,0,0.0,0,0,0,0,0,0,0,0,0,0,0,0.0,0.0,0.0,0.0,0.0,0,0,0,0,0,0,0,0,0,0
2006-03,0,0,0,0,0,0,0,0,0.0,0,0,0,0,0,0,0,0,0,0,0,0,0,0,0.0,0,0,0,0,0,0,0,0,0,0,0,0.0,0,0,0,0,0,0,0.0,0.0,0,0,0,0,0.0,0,0,0,0,0,0,0,0,0,0,0,0,0,0,0,0,0,0.0,0.0,0,0.0,0,0,0,0,0,0.0,0,0,0,0,0.0,0,0.0,0,0,0,0,0,0,0,0,0,0,0,0.0,0.0,0.0,0.0,0.0,0,0,0,0,0,0,0,0,0,0
2006-04,0,0,0,0,0,0,0,0,0.0,0,0,0,0,0,0,0,0,0,0,0,0,0,0,0.0,0,0,0,0,0,0,0,0,0,0,0,0.0,0,0,0,0,0,0,0.0,0.0,0,0,0,0,0.0,0,0,0,0,0,0,0,0,0,0,0,0,0,0,0,0,0,0.0,0.0,0,0.0,0,0,0,0,0,0.0,0,0,0,0,0.0,0,0.0,0,0,0,0,0,0,0,0,0,0,0,0.0,0.0,0.0,0.0,0.0,0,0,0,0,0,0,0,0,0,0
2006-05,0,0,0,0,0,0,0,0,0.0,0,0,0,0,0,0,0,0,0,0,0,0,0,0,0.0,0,0,0,0,0,0,0,0,0,0,0,0.0,0,0,0,0,0,0,0.0,0.0,0,0,0,0,0.0,0,0,0,0,0,0,0,0,0,0,0,0,0,0,0,0,0,0.0,0.0,0,0.0,0,0,0,0,0,0.0,0,0,0,0,0.0,0,0.0,0,0,0,0,0,0,0,0,0,0,0,0.0,0.0,0.0,0.0,0.0,0,0,0,0,0,0,0,0,0,0
2006-06,0,0,0,0,0,0,0,0,0.0,0,0,0,0,0,0,0,0,0,0,0,0,0,0,0.0,0,0,0,0,0,0,0,0,0,0,0,0.0,0,0,0,0,0,0,0.0,0.0,0,0,0,0,0.0,0,0,0,0,0,0,0,0,0,0,0,0,0,0,0,0,0,0.0,0.0,0,0.0,0,0,0,0,0,0.0,0,0,0,0,0.0,0,0.0,0,0,0,0,0,0,0,0,0,0,0,0.0,0.0,0.0,0.0,0.0,0,0,0,0,0,0,0,0,0,0
2006-07,0,0,0,0,0,0,0,0,0.0,0,0,0,0,0,0,0,0,0,0,0,0,0,0,0.0,0,0,0,0,0,0,0,0,0,0,0,0.0,0,0,0,0,0,0,0.0,0.0,0,0,0,0,0.0,0,0,0,0,0,0,0,0,0,0,0,0,0,0,0,0,0,0.0,0.0,0,0.0,0,0,0,0,0,0.0,0,0,0,0,0.0,0,0.0,0,0,0,0,0,0,0,0,0,0,0,0.0,0.0,0.0,0.0,0.0,0,0,0,0,0,0,0,0,0,0
2006-08,0,0,0,0,0,0,0,0,0.0,0,0,0,0,0,0,0,0,0,0,0,0,0,0,0.0,0,0,0,0,0,0,0,0,0,0,0,0.0,0,0,0,0,0,0,0.0,0.0,0,0,0,0,0.0,0,0,0,0,0,0,0,0,0,0,0,0,0,0,0,0,0,0.0,0.0,0,0.0,0,0,0,0,0,0.0,0,0,0,0,0.0,0,0.0,0,0,0,0,0,0,0,0,0,0,0,0.0,0.0,0.0,0.0,0.0,0,0,0,0,0,0,0,0,0,0
2006-09,0,0,0,0,0,0,0,0,0.0,0,0,0,0,0,0,0,0,0,0,0,0,0,0,0.0,0,0,0,0,0,0,0,0,0,0,0,0.0,0,0,0,0,0,0,0.0,0.0,0,0,0,0,0.0,0,0,0,0,0,0,0,0,0,0,0,0,0,0,0,0,0,0.0,0.0,0,0.0,0,0,0,0,0,0.0,0,0,0,0,0.0,0,0.0,0,0,0,0,0,0,0,0,0,0,0,0.0,0.0,0.0,0.0,0.0,0,0,0,0,0,0,0,0,0,0
2006-10,0,0,0,0,0,0,0,0,0.0,0,0,0,0,0,0,0,0,0,0,0,0,0,0,0.0,0,0,0,0,0,0,0,0,0,0,0,0.0,0,0,0,0,0,0,0.0,0.0,0,0,0,0,0.0,0,0,0,0,0,0,0,0,0,0,0,0,0,0,0,0,0,0.0,0.0,0,0.0,0,0,0,0,0,0.0,0,0,0,0,0.0,0,0.0,0,0,0,0,0,0,0,0,0,0,0,0.0,0.0,0.0,0.0,0.0,0,0,0,0,0,0,0,0,0,0
2006-11,0,0,0,0,0,0,0,0,0.0,0,0,0,0,0,0,0,0,0,0,0,0,0,0,0.0,0,0,0,0,0,0,0,0,0,0,0,0.0,0,0,0,0,0,0,0.0,0.0,0,0,0,0,0.0,0,0,0,0,0,0,0,0,0,0,0,0,0,0,0,0,0,0.0,0.0,0,0.0,0,0,0,0,0,0.0,0,0,0,0,0.0,0,0.0,0,0,0,0,0,0,0,0,0,0,0,0.0,0.0,0.0,0.0,0.0,0,0,0,0,0,0,0,0,0,0
2006-12,0,0,0,0,0,0,0,0,0.0,0,0,0,0,0,0,0,0,0,0,0,0,0,0,0.0,0,0,0,0,0,0,0,0,0,0,0,0.0,0,0,0,0,0,0,0.0,0.0,0,0,0,0,0.0,0,0,0,0,0,0,0,0,0,0,0,0,0,0,0,0,0,0.0,0.0,0,0.0,0,0,0,0,0,0.0,0,0,0,0,0.0,0,0.0,0,0,0,0,0,0,0,0,0,0,0,0.0,0.0,0.0,0.0,0.0,0,0,0,0,0,0,0,0,0,0
2007-01,0,0,0,0,0,0,0,0,0.0,0,0,0,0,0,0,0,0,0,0,0,0,0,0,0.0,0,0,0,0,0,0,0,0,0,0,0,0.0,0,0,0,0,0,0,0.0,0.0,0,0,0,0,0.0,0,0,0,0,0,0,0,0,0,0,0,0,0,0,0,0,0,0.0,0.0,0,0.0,0,0,0,0,0,0.0,0,0,0,0,0.0,0,0.0,0,0,0,0,0,0,0,0,0,0,0,0.0,0.0,0.0,0.0,0.0,0,0,0,0,0,0,0,0,0,0
2007-02,0,0,0,0,0,0,0,0,0.0,0,0,0,0,0,0,0,0,0,0,0,0,0,0,0.0,0,0,0,0,0,0,0,0,0,0,0,0.0,0,0,0,0,0,0,0.0,0.0,0,0,0,0,0.0,0,0,0,0,0,0,0,0,0,0,0,0,0,0,0,0,0,0.0,0.0,0,0.0,0,0,0,0,0,0.0,0,0,0,0,0.0,0,0.0,0,0,0,0,0,0,0,0,0,0,0,0.0,0.0,0.0,0.0,0.0,0,0,0,0,0,0,0,0,0,0
2007-03,0,0,0,0,0,0,0,0,0.0,0,0,0,0,0,0,0,0,0,0,0,0,0,0,0.0,0,0,0,0,0,0,0,0,0,0,0,0.0,0,0,0,0,0,0,0.0,0.0,0,0,0,0,0.0,0,0,0,0,0,0,0,0,0,0,0,0,0,0,0,0,0,0.0,0.0,0,0.0,0,0,0,0,0,0.0,0,0,0,0,0.0,0,0.0,0,0,0,0,0,0,0,0,0,0,0,0.0,0.0,0.0,0.0,0.0,0,0,0,0,0,0,0,0,0,0
2007-04,0,0,0,0,0,0,0,0,0.0,0,0,0,0,0,0,0,0,0,0,0,0,0,0,0.0,0,0,0,0,0,0,0,0,0,0,0,0.0,0,0,0,0,0,0,0.0,0.0,0,0,0,0,0.0,0,0,0,0,0,0,0,0,0,0,0,0,0,0,0,0,0,0.0,0.0,0,0.0,0,0,0,0,0,0.0,0,0,0,0,0.0,0,0.0,0,0,0,0,0,0,0,0,0,0,0,0.0,0.0,0.0,0.0,0.0,0,0,0,0,0,0,0,0,0,0
2007-05,0,0,0,0,0,0,0,0,0.0,0,0,0,0,0,0,0,0,0,0,0,0,0,0,0.0,0,0,0,0,0,0,0,0,0,0,0,0.0,0,0,0,0,0,0,0.0,0.0,0,0,0,0,0.0,0,0,0,0,0,0,0,0,0,0,0,0,0,0,0,0,0,0.0,0.0,0,0.0,0,0,0,0,0,0.0,0,0,0,0,0.0,0,0.0,0,0,0,0,0,0,0,0,0,0,0,0.0,0.0,0.0,0.0,0.0,0,0,0,0,0,0,0,0,0,0
2007-06,0,0,0,0,0,0,0,0,0.0,0,0,0,0,0,0,0,0,0,0,0,0,0,0,0.0,0,0,0,0,0,0,0,0,0,0,0,0.0,0,0,0,0,0,0,0.0,0.0,0,0,0,0,0.0,0,0,0,0,0,0,0,0,0,0,0,0,0,0,0,0,0,0.0,0.0,0,0.0,0,0,0,0,0,0.0,0,0,0,0,0.0,0,0.0,0,0,0,0,0,0,0,0,0,0,0,0.0,0.0,0.0,0.0,0.0,0,0,0,0,0,0,0,0,0,0
2007-07,0,0,0,0,0,0,0,0,0.0,0,0,0,0,0,0,0,0,0,0,0,0,0,0,0.0,0,0,0,0,0,0,0,0,0,0,0,0.0,0,0,0,0,0,0,0.0,0.0,0,0,0,0,0.0,0,0,0,0,0,0,0,0,0,0,0,0,0,0,0,0,0,0.0,0.0,0,0.0,0,0,0,0,0,0.0,0,0,0,0,0.0,0,0.0,0,0,0,0,0,0,0,0,0,0,0,0.0,0.0,0.0,0.0,0.0,0,0,0,0,0,0,0,0,0,0
2007-08,0,0,0,0,0,0,0,0,0.0,0,0,0,0,0,0,0,0,0,0,0,0,0,0,0.0,0,0,0,0,0,0,0,0,0,0,0,0.0,0,0,0,0,0,0,0.0,0.0,0,0,0,0,0.0,0,0,0,0,0,0,0,0,0,0,0,0,0,0,0,0,0,0.0,0.0,0,0.0,0,0,0,0,0,0.0,0,0,0,0,0.0,0,0.0,0,0,0,0,0,0,0,0,0,0,0,0.0,0.0,0.0,0.0,0.0,0,0,0,0,0,0,0,0,0,0
2007-09,0,0,0,0,0,0,0,0,0.0,0,0,0,0,0,0,0,0,0,0,0,0,0,0,0.0,0,0,0,0,0,0,0,0,0,0,0,0.0,0,0,0,0,0,0,0.0,0.0,0,0,0,0,0.0,0,0,0,0,0,0,0,0,0,0,0,0,0,0,0,0,0,0.0,0.0,0,0.0,0,0,0,0,0,0.0,0,0,0,0,0.0,0,0.0,0,0,0,0,0,0,0,0,0,0,0,0.0,0.0,0.0,0.0,0.0,0,0,0,0,0,0,0,0,0,0
2007-10,0,0,0,0,0,0,0,0,0.0,0,0,0,0,0,0,0,0,0,0,0,0,0,0,0.0,0,0,0,0,0,0,0,0,0,0,0,0.0,0,0,0,0,0,0,0.0,0.0,0,0,0,0,0.0,0,0,0,0,0,0,0,0,0,0,0,0,0,0,0,0,0,0.0,0.0,0,0.0,0,0,0,0,0,0.0,0,0,0,0,0.0,0,0.0,0,0,0,0,0,0,0,0,0,0,0,0.0,0.0,0.0,0.0,0.0,0,0,0,0,0,0,0,0,0,0
2007-11,0,0,0,0,0,0,0,0,0.0,0,0,0,0,0,0,0,0,0,0,0,0,0,0,0.0,0,0,0,0,0,0,0,0,0,0,0,0.0,0,0,0,0,0,0,0.0,0.0,0,0,0,0,0.0,0,0,0,0,0,0,0,0,0,0,0,0,0,0,0,0,0,0.0,0.0,0,0.0,0,0,0,0,0,0.0,0,0,0,0,0.0,0,0.0,0,0,0,0,0,0,0,0,0,0,0,0.0,0.0,0.0,0.0,0.0,0,0,0,0,0,0,0,0,0,0
2007-12,0,0,0,0,0,0,0,0,0.0,0,0,0,0,0,0,0,0,0,0,0,0,0,0,0.0,0,0,0,0,0,0,0,0,0,0,0,0.0,0,0,0,0,0,0,0.0,0.0,0,0,0,0,0.0,0,0,0,0,0,0,0,0,0,0,0,0,0,0,0,0,0,0.0,0.0,0,0.0,0,0,0,0,0,0.0,0,0,0,0,0.0,0,0.0,0,0,0,0,0,0,0,0,0,0,0,0.0,0.0,0.0,0.0,0.0,0,0,0,0,0,0,0,0,0,0
2008-01,0,0,0,0,0,0,0,0,0.0,0,0,0,0,0,0,0,0,0,0,0,0,0,0,0.0,0,0,0,0,0,0,0,0,0,0,0,0.0,0,0,0,0,0,0,0.0,0.0,0,0,0,0,0.0,0,0,0,0,0,0,0,0,0,0,0,0,0,0,0,0,0,0.0,0.0,0,0.0,0,0,0,0,0,0.0,0,0,0,0,0.0,0,0.0,0,0,0,0,0,0,0,0,0,0,0,0.0,0.0,0.0,0.0,0.0,0,0,0,0,0,0,0,0,0,0
2008-02,0,0,0,0,0,0,0,0,0.0,0,0,0,0,0,0,0,0,0,0,0,0,0,0,0.0,0,0,0,0,0,0,0,0,0,0,0,0.0,0,0,0,0,0,0,0.0,0.0,0,0,0,0,0.0,0,0,0,0,0,0,0,0,0,0,0,0,0,0,0,0,0,0.0,0.0,0,0.0,0,0,0,0,0,0.0,0,0,0,0,0.0,0,0.0,0,0,0,0,0,0,0,0,0,0,0,0.0,0.0,0.0,0.0,0.0,0,0,0,0,0,0,0,0,0,0
2008-03,0,0,0,0,0,0,0,0,0.0,0,0,0,0,0,0,0,0,0,0,0,0,0,0,0.0,0,0,0,0,0,0,0,0,0,0,0,0.0,0,0,0,0,0,0,0.0,0.0,0,0,0,0,0.0,0,0,0,0,0,0,0,0,0,0,0,0,0,0,0,0,0,0.0,0.0,0,0.0,0,0,0,0,0,0.0,0,0,0,0,0.0,0,0.0,0,0,0,0,0,0,0,0,0,0,0,0.0,0.0,0.0,0.0,0.0,0,0,0,0,0,0,0,0,0,0
2008-04,0,0,0,0,0,0,0,0,0.0,0,0,0,0,0,0,0,0,0,0,0,0,0,0,0.0,0,0,0,0,0,0,0,0,0,0,0,0.0,0,0,0,0,0,0,0.0,0.0,0,0,0,0,0.0,0,0,0,0,0,0,0,0,0,0,0,0,0,0,0,0,0,0.0,0.0,0,0.0,0,0,0,0,0,0.0,0,0,0,0,0.0,0,0.0,0,0,0,0,0,0,0,0,0,0,0,0.0,0.0,0.0,0.0,0.0,0,0,0,0,0,0,0,0,0,0
2008-05,0,0,0,0,0,0,0,0,0.0,0,0,0,0,0,0,0,0,0,0,0,0,0,0,0.0,0,0,0,0,0,0,0,0,0,0,0,0.0,0,0,0,0,0,0,0.0,0.0,0,0,0,0,0.0,0,0,0,0,0,0,0,0,0,0,0,0,0,0,0,0,0,0.0,0.0,0,0.0,0,0,0,0,0,0.0,0,0,0,0,0.0,0,0.0,0,0,0,0,0,0,0,0,0,0,0,0.0,0.0,0.0,0.0,0.0,0,0,0,0,0,0,0,0,0,0
2008-06,0,0,0,0,0,0,0,0,0.0,0,0,0,0,0,0,0,0,0,0,0,0,0,0,0.0,0,0,0,0,0,0,0,0,0,0,0,0.0,0,0,0,0,0,0,0.0,0.0,0,0,0,0,0.0,0,0,0,0,0,0,0,0,0,0,0,0,0,0,0,0,0,0.0,0.0,0,0.0,0,0,0,0,0,0.0,0,0,0,0,0.0,0,0.0,0,0,0,0,0,0,0,0,0,0,0,0.0,100.0,0.0,0.0,0.0,0,0,0,0,0,0,0,0,0,0
2008-07,0,0,0,0,0,0,0,0,0.0,0,0,0,0,0,0,0,0,0,0,0,0,0,0,0.0,0,0,0,0,0,0,0,0,0,0,0,0.0,0,0,0,0,0,0,0.0,0.0,0,0,0,0,0.0,0,0,0,0,0,0,0,0,0,0,0,0,0,0,0,0,0,0.0,0.0,0,0.0,0,0,0,0,0,0.0,0,0,0,0,0.0,0,0.0,0,0,0,0,0,0,0,0,0,0,0,0.0,0.0,0.0,0.0,0.0,0,0,0,0,0,0,0,0,0,0
2008-08,0,0,0,0,0,0,0,0,0.0,0,0,0,0,0,0,0,0,0,0,0,0,0,0,0.0,0,0,0,0,0,0,0,0,0,0,0,0.0,0,0,0,0,0,0,0.0,0.0,0,0,0,0,0.0,0,0,0,0,0,0,0,0,0,0,0,0,0,0,0,0,0,0.0,0.0,0,0.0,0,0,0,0,0,0.0,0,0,0,0,0.0,0,0.0,0,0,0,0,0,0,0,0,0,0,0,0.0,0.0,0.0,0.0,0.0,0,0,0,0,0,0,0,0,0,0
2008-09,0,0,0,0,0,0,0,0,0.0,0,0,0,0,0,0,0,0,0,0,0,0,0,0,0.0,0,0,0,0,0,0,0,0,0,0,0,0.0,0,0,0,0,0,0,0.0,0.0,0,0,0,0,0.0,0,0,0,0,0,0,0,0,0,0,0,0,0,0,0,0,0,0.0,0.0,0,0.0,0,0,0,0,0,0.0,0,0,0,0,0.0,0,0.0,0,0,0,0,0,0,0,0,0,0,0,0.0,0.0,0.0,0.0,0.0,0,0,0,0,0,0,0,0,0,0
2008-10,0,0,0,0,0,0,0,0,0.0,0,0,0,0,0,0,0,0,0,0,0,0,0,0,0.0,0,0,0,0,0,0,0,0,0,0,0,0.0,0,0,0,0,0,0,0.0,0.0,0,0,0,0,0.0,0,0,0,0,0,0,0,0,0,0,0,0,0,0,0,0,0,0.0,0.0,0,0.0,0,0,0,0,0,0.0,0,0,0,0,0.0,0,0.0,0,0,0,0,0,0,0,0,0,0,0,0.0,0.0,0.0,0.0,0.0,0,0,0,0,0,0,0,0,0,0
2008-11,0,0,0,0,0,0,0,0,0.0,0,0,0,0,0,0,0,0,0,0,0,0,0,0,0.0,0,0,0,0,0,0,0,0,0,0,0,0.0,0,0,0,0,0,0,0.0,0.0,0,0,0,0,0.0,0,0,0,0,0,0,0,0,0,0,0,0,0,0,0,0,0,0.0,0.0,0,0.0,0,0,0,0,0,0.0,0,0,0,0,0.0,0,0.0,0,0,0,0,0,0,0,0,0,0,0,0.0,0.0,0.0,0.0,0.0,0,0,0,0,0,0,0,0,0,0
2008-12,0,0,0,0,0,0,0,0,0.0,0,0,0,0,0,0,0,0,0,0,0,0,0,0,0.0,0,0,0,0,0,0,0,0,0,0,0,0.0,0,0,0,0,0,0,0.0,0.0,0,0,0,0,0.0,0,0,0,0,0,0,0,0,0,0,0,0,0,0,0,0,0,0.0,0.0,0,0.0,0,0,0,0,0,0.0,0,0,0,0,0.0,0,0.0,0,0,0,0,0,0,0,0,0,0,0,0.0,0.0,0.0,0.0,0.0,0,0,0,0,0,0,0,0,0,0
2009-01,0,0,0,0,0,0,0,0,0.0,0,0,0,0,0,0,0,0,0,0,0,0,0,0,0.0,0,0,0,0,0,0,0,0,0,0,0,0.0,0,0,0,0,0,0,0.0,0.0,0,0,0,0,0.0,0,0,0,0,0,0,0,0,0,0,0,0,0,0,0,0,0,0.0,0.0,0,0.0,0,0,0,0,0,0.0,0,0,0,0,0.0,0,0.0,0,0,0,0,0,0,0,0,0,0,0,0.0,0.0,0.0,0.0,0.0,0,0,0,0,0,0,0,0,0,0
2009-02,0,0,0,0,0,0,0,0,0.0,0,0,0,0,0,0,0,0,0,0,0,0,0,0,0.0,0,0,0,0,0,0,0,0,0,0,0,0.0,0,0,0,0,0,0,0.0,0.0,0,0,0,0,0.0,0,0,0,0,0,0,0,0,0,0,0,0,0,0,0,0,0,0.0,0.0,0,0.0,0,0,0,0,0,0.0,0,0,0,0,0.0,0,0.0,0,0,0,0,0,0,0,0,0,0,0,0.0,0.0,0.0,0.0,0.0,0,0,0,0,0,0,0,0,0,0
2009-03,0,0,0,0,0,0,0,0,0.0,0,0,0,0,0,0,0,0,0,0,0,0,0,0,0.0,0,0,0,0,0,0,0,0,0,0,0,0.0,0,0,0,0,0,0,0.0,0.0,0,0,0,0,0.0,0,0,0,0,0,0,0,0,0,0,0,0,0,0,0,0,0,0.0,0.0,0,0.0,0,0,0,0,0,0.0,0,0,0,0,0.0,0,0.0,0,0,0,0,0,0,0,0,0,0,0,0.0,0.0,0.0,0.0,0.0,0,0,0,0,0,0,0,0,0,0
2009-04,0,0,0,0,0,0,0,0,0.0,0,0,0,0,0,0,0,0,0,0,0,0,0,0,0.0,0,0,0,0,0,0,0,0,0,0,0,0.0,0,0,0,0,0,0,0.0,0.0,0,0,0,0,0.0,0,0,0,0,0,0,0,0,0,0,0,0,0,0,0,0,0,0.0,0.0,0,0.0,0,0,0,0,0,0.0,0,0,0,0,0.0,0,0.0,0,0,0,0,0,0,0,0,0,0,0,0.0,0.0,0.0,0.0,0.0,0,0,0,0,0,0,0,0,0,0
2009-05,0,0,0,0,0,0,0,0,0.0,0,0,0,0,0,0,0,0,0,0,0,0,0,0,0.0,0,0,0,0,0,0,0,0,0,0,0,0.0,0,0,0,0,0,0,0.0,0.0,0,0,0,0,0.0,0,0,0,0,0,0,0,0,0,0,0,0,0,0,0,0,0,0.0,0.0,0,0.0,0,0,0,0,0,0.0,0,0,0,0,0.0,0,0.0,0,0,0,0,0,0,0,0,0,0,0,0.0,0.0,0.0,0.0,0.0,0,0,0,0,0,0,0,0,0,0
2009-06,0,0,0,0,0,0,0,0,0.0,0,0,0,0,0,0,0,0,0,0,0,0,0,0,0.0,0,0,0,0,0,0,0,0,0,0,0,0.0,0,0,0,0,0,0,0.0,0.0,0,0,0,0,0.0,0,0,0,0,0,0,0,0,0,0,0,0,0,0,0,0,0,0.0,0.0,0,0.0,0,0,0,0,0,0.0,0,0,0,0,0.0,0,0.0,0,0,0,0,0,0,0,0,0,0,0,0.0,0.0,0.0,0.0,0.0,0,0,0,0,0,0,0,0,0,0
2009-07,0,0,0,0,0,0,0,0,0.0,0,0,0,0,0,0,0,0,0,0,0,0,0,0,0.0,0,0,0,0,0,0,0,0,0,0,0,0.0,0,0,0,0,0,0,0.0,0.0,0,0,0,0,0.0,0,0,0,0,0,0,0,0,0,0,0,0,0,0,0,0,0,0.0,0.0,0,0.0,0,0,0,0,0,0.0,0,0,0,0,0.0,0,0.0,0,0,0,0,0,0,0,0,0,0,0,0.0,0.0,0.0,0.0,0.0,0,0,0,0,0,0,0,0,0,0
2009-08,0,0,0,0,0,0,0,0,0.0,0,0,0,0,0,0,0,0,0,0,0,0,0,0,0.0,0,0,0,0,0,0,0,0,0,0,0,0.0,0,0,0,0,0,0,0.0,0.0,0,0,0,0,0.0,0,0,0,0,0,0,0,0,0,0,0,0,0,0,0,0,0,0.0,0.0,0,0.0,0,0,0,0,0,0.0,0,0,0,0,0.0,0,0.0,0,0,0,0,0,0,0,0,0,0,0,0.0,0.0,0.0,0.0,0.0,0,0,0,0,0,0,0,0,0,0
2009-09,0,0,0,0,0,0,0,0,0.0,0,0,0,0,0,0,0,0,0,0,0,0,0,0,0.0,0,0,0,0,0,0,0,0,0,0,0,0.0,0,0,0,0,0,0,0.0,0.0,0,0,0,0,0.0,0,0,0,0,0,0,0,0,0,0,0,0,0,0,0,0,0,0.0,0.0,0,0.0,0,0,0,0,0,0.0,0,0,0,0,0.0,0,0.0,0,0,0,0,0,0,0,0,0,0,0,0.0,0.0,0.0,0.0,0.0,0,0,0,0,0,0,0,0,0,0
2009-10,0,0,0,0,0,0,0,0,0.0,0,0,0,0,0,0,0,0,0,0,0,0,0,0,0.0,0,0,0,0,0,0,0,0,0,0,0,0.0,0,0,0,0,0,0,0.0,0.0,0,0,0,0,0.0,0,0,0,0,0,0,0,0,0,0,0,0,0,0,0,0,0,0.0,0.0,0,0.0,0,0,0,0,0,0.0,0,0,0,0,0.0,0,0.0,0,0,0,0,0,0,0,0,0,0,0,0.0,0.0,0.0,0.0,0.0,0,0,0,0,0,0,0,0,0,0
2009-11,0,0,0,0,0,0,0,0,0.0,0,0,0,0,0,0,0,0,0,0,0,0,0,0,0.0,0,0,0,0,0,0,0,0,0,0,0,0.0,0,0,0,0,0,0,0.0,0.0,0,0,0,0,0.0,0,0,0,0,0,0,0,0,0,0,0,0,0,0,0,0,0,0.0,0.0,0,0.0,0,0,0,0,0,0.0,0,0,0,0,0.0,0,0.0,0,0,0,0,0,0,0,0,0,0,0,0.0,0.0,0.0,0.0,0.0,0,0,0,0,0,0,0,0,0,0
2009-12,0,0,0,0,0,0,0,0,0.0,0,0,0,0,0,0,0,0,0,0,0,0,0,0,0.0,0,0,0,0,0,0,0,0,0,0,0,0.0,0,0,0,0,0,0,0.0,0.0,0,0,0,0,0.0,0,0,0,0,0,0,0,0,0,0,0,0,0,0,0,0,0,0.0,0.0,0,0.0,0,0,0,0,0,0.0,0,0,0,0,0.0,0,0.0,0,0,0,0,0,0,0,0,0,0,0,0.0,0.0,0.0,0.0,0.0,0,0,0,0,0,0,0,0,0,0
2010-01,0,0,0,0,0,0,0,0,0.0,0,0,0,0,0,0,0,0,0,0,0,0,0,0,0.0,0,0,0,0,0,0,0,0,0,0,0,0.0,0,0,0,0,0,0,0.0,0.0,0,0,0,0,0.0,0,0,0,0,0,0,0,0,0,0,0,0,0,0,0,0,0,0.0,0.0,0,0.0,0,0,0,0,0,0.0,0,0,0,0,0.0,0,0.0,0,0,0,0,0,0,0,0,0,0,0,0.0,0.0,0.0,0.0,0.0,0,0,0,0,0,0,0,0,0,0
2010-02,0,0,0,0,0,0,0,0,0.0,0,0,0,0,0,0,0,0,0,0,0,0,0,0,0.0,0,0,0,0,0,0,0,0,0,0,0,0.0,0,0,0,0,0,0,0.0,0.0,0,0,0,0,0.0,0,0,0,0,0,0,0,0,0,0,0,0,0,0,0,0,0,0.0,0.0,0,0.0,0,0,0,0,0,0.0,0,0,0,0,0.0,0,0.0,0,0,0,0,0,0,0,0,0,0,0,0.0,0.0,0.0,0.0,0.0,0,0,0,0,0,0,0,0,0,0
2010-03,0,0,0,0,0,0,0,0,0.0,0,0,0,0,0,0,0,0,0,0,0,0,0,0,0.0,0,0,0,0,0,0,0,0,0,0,0,0.0,0,0,0,0,0,0,0.0,0.0,0,0,0,0,0.0,0,0,0,0,0,0,0,0,0,0,0,0,0,0,0,0,0,0.0,0.0,0,0.0,0,0,0,0,0,0.0,0,0,0,0,0.0,0,0.0,0,0,0,0,0,0,0,0,0,0,0,0.0,0.0,0.0,0.0,0.0,0,0,0,0,0,0,0,0,0,0
2010-04,0,0,0,0,0,0,0,0,0.0,0,0,0,0,0,0,0,0,0,0,0,0,0,0,0.0,0,0,0,0,0,0,0,0,0,0,0,0.0,0,0,0,0,0,0,0.0,0.0,0,0,0,0,0.0,0,0,0,0,0,0,0,0,0,0,0,0,0,0,0,0,0,0.0,0.0,0,0.0,0,0,0,0,0,0.0,0,0,0,0,0.0,0,0.0,0,0,0,0,0,0,0,0,0,0,0,0.0,0.0,0.0,0.0,0.0,0,0,0,0,0,0,0,0,0,0
2010-05,0,0,0,0,0,0,0,0,0.0,0,0,0,0,0,0,0,0,0,0,0,0,0,0,0.0,0,0,0,0,0,0,0,0,0,0,0,0.0,0,0,0,0,0,0,0.0,0.0,0,0,0,0,0.0,0,0,0,0,0,0,0,0,0,0,0,0,0,0,0,0,0,0.0,0.0,0,0.0,0,0,0,0,0,0.0,0,0,0,0,0.0,0,0.0,0,0,0,0,0,0,0,0,0,0,0,0.0,0.0,0.0,0.0,0.0,0,0,0,0,0,0,0,0,0,0
2010-06,0,0,0,0,0,0,0,0,0.0,0,0,0,0,0,0,0,0,0,0,0,0,0,0,0.0,0,0,0,0,0,0,0,0,0,0,0,0.0,0,0,0,0,0,0,0.0,0.0,0,0,0,0,0.0,0,0,0,0,0,0,0,0,0,0,0,0,0,0,0,0,0,0.0,0.0,0,0.0,0,0,0,0,0,0.0,0,0,0,0,0.0,0,0.0,0,0,0,0,0,0,0,0,0,0,0,0.0,0.0,0.0,0.0,0.0,0,0,0,0,0,0,0,0,0,0
2010-07,0,0,0,0,0,0,0,0,0.0,0,0,0,0,0,0,0,0,0,0,0,0,0,0,0.0,0,0,0,0,0,0,0,0,0,0,0,0.0,0,0,0,0,0,0,0.0,0.0,0,0,0,0,0.0,0,0,0,0,0,0,0,0,0,0,0,0,0,0,0,0,0,0.0,0.0,0,0.0,0,0,0,0,0,0.0,0,0,0,0,0.0,0,0.0,0,0,0,0,0,0,0,0,0,0,0,0.0,0.0,0.0,0.0,0.0,0,0,0,0,0,0,0,0,0,0
2010-08,0,0,0,0,0,0,0,0,0.0,0,0,0,0,0,0,0,0,0,0,0,0,0,0,0.0,0,0,0,0,0,0,0,0,0,0,0,0.0,0,0,0,0,0,0,0.0,0.0,0,0,0,0,0.0,0,0,0,0,0,0,0,0,0,0,0,0,0,0,0,0,0,0.0,0.0,0,0.0,0,0,0,0,0,0.0,0,0,0,0,0.0,0,0.0,0,0,0,0,0,0,0,0,0,0,0,0.0,0.0,0.0,0.0,0.0,0,0,0,0,0,0,0,0,0,0
2010-09,0,0,0,0,0,0,0,0,0.0,0,0,0,0,0,0,0,0,0,0,0,0,0,0,0.0,0,0,0,0,0,0,0,0,0,0,0,0.0,0,0,0,0,0,0,0.0,0.0,0,0,0,0,0.0,0,0,0,0,0,0,0,0,0,0,0,0,0,0,0,0,0,0.0,0.0,0,0.0,0,0,0,0,0,0.0,0,0,0,0,0.0,0,0.0,0,0,0,0,0,0,0,0,0,0,0,0.0,0.0,0.0,0.0,0.0,0,0,0,0,0,0,0,0,0,0
2010-10,0,0,0,0,0,0,0,0,0.0,0,0,0,0,0,0,0,0,0,0,0,0,0,0,0.0,0,0,0,0,0,0,0,0,0,0,0,0.0,0,0,0,0,0,0,0.0,0.0,0,0,0,0,0.0,0,0,0,0,0,0,0,0,0,0,0,0,0,0,0,0,0,0.0,0.0,0,0.0,0,0,0,0,0,0.0,0,0,0,0,0.0,0,0.0,0,0,0,0,0,0,0,0,0,0,0,0.0,0.0,0.0,0.0,0.0,0,0,0,0,0,0,0,0,0,0
2010-11,0,0,0,0,0,0,0,0,0.0,0,0,0,0,0,0,0,0,0,0,0,0,0,0,0.0,0,0,0,0,0,0,0,0,0,0,0,0.0,0,0,0,0,0,0,0.0,0.0,0,0,0,0,0.0,0,0,0,0,0,0,0,0,0,0,0,0,0,0,0,0,0,0.0,0.0,0,0.0,0,0,0,0,0,0.0,0,0,0,0,0.0,0,0.0,0,0,0,0,0,0,0,0,0,0,0,0.0,0.0,0.0,0.0,0.0,0,0,0,0,0,0,0,0,0,0
2010-12,0,0,0,0,0,0,0,0,0.0,0,0,0,0,0,0,0,0,0,0,0,0,0,0,0.0,0,0,0,0,0,0,0,0,0,0,0,0.0,0,0,0,0,0,0,0.0,0.0,0,0,0,0,0.0,0,0,0,0,0,0,0,0,0,0,0,0,0,0,0,0,0,0.0,0.0,0,0.0,0,0,0,0,0,0.0,0,0,0,0,0.0,0,0.0,0,0,0,0,0,0,0,0,0,0,0,0.0,0.0,0.0,0.0,0.0,0,0,0,0,0,0,0,0,0,0
2011-01,0,0,0,0,0,0,0,0,0.0,0,0,0,0,0,0,0,0,0,0,0,0,0,0,0.0,0,0,0,0,0,0,0,0,0,0,0,0.0,0,0,0,0,0,0,0.0,0.0,0,0,0,0,0.0,0,0,0,0,0,0,0,0,0,0,0,0,0,0,0,0,0,0.0,0.0,0,0.0,0,0,0,0,0,0.0,0,0,0,0,0.0,0,0.0,0,0,0,0,0,0,0,0,0,0,0,0.0,0.0,0.0,0.0,0.0,0,0,0,0,0,0,0,0,0,0
2011-02,0,0,0,0,0,0,0,0,0.0,0,0,0,0,0,0,0,0,0,0,0,0,0,0,0.0,0,0,0,0,0,0,0,0,0,0,0,0.0,0,0,0,0,0,0,0.0,0.0,0,0,0,0,0.0,0,0,0,0,0,0,0,0,0,0,0,0,0,0,0,0,0,0.0,0.0,0,0.0,0,0,0,0,0,0.0,0,0,0,0,0.0,0,0.0,0,0,0,0,0,0,0,0,0,0,0,0.0,0.0,0.0,0.0,0.0,0,0,0,0,0,0,0,0,0,0
2011-03,0,0,0,0,0,0,0,0,0.0,0,0,0,0,0,0,0,0,0,0,0,0,0,0,0.0,0,0,0,0,0,0,0,0,0,0,0,0.0,0,0,0,0,0,0,0.0,0.0,0,0,0,0,0.0,0,0,0,0,0,0,0,0,0,0,0,0,0,0,0,0,0,0.0,0.0,0,0.0,0,0,0,0,0,0.0,0,0,0,0,0.0,0,0.0,0,0,0,0,0,0,0,0,0,0,0,0.0,0.0,0.0,0.0,0.0,0,0,0,0,0,0,0,0,0,0
2011-04,0,0,0,0,0,0,0,0,0.0,0,0,0,0,0,0,0,0,0,0,0,0,0,0,0.0,0,0,0,0,0,0,0,0,0,0,0,0.0,0,0,0,0,0,0,0.0,0.0,0,0,0,0,0.0,0,0,0,0,0,0,0,0,0,0,0,0,0,0,0,0,0,0.0,0.0,0,0.0,0,0,0,0,0,0.0,0,0,0,0,0.0,0,0.0,0,0,0,0,0,0,0,0,0,0,0,0.0,0.0,0.0,0.0,0.0,0,0,0,0,0,0,0,0,0,0
2011-05,0,0,0,0,0,0,0,0,0.0,0,0,0,0,0,0,0,0,0,0,0,0,0,0,0.0,0,0,0,0,0,0,0,0,0,0,0,0.0,0,0,0,0,0,0,0.0,0.0,0,0,0,0,0.0,0,0,0,0,0,0,0,0,0,0,0,0,0,0,0,0,0,0.0,0.0,0,0.0,0,0,0,0,0,0.0,0,0,0,0,0.0,0,0.0,0,0,0,0,0,0,0,0,0,0,0,0.0,0.0,0.0,0.0,0.0,0,0,0,0,0,0,0,0,0,0
2011-06,0,0,0,0,0,0,0,0,0.0,0,0,0,0,0,0,0,0,0,0,0,0,0,0,0.0,0,0,0,0,0,0,0,0,0,0,0,0.0,0,0,0,0,0,0,0.0,0.0,0,0,0,0,0.0,0,0,0,0,0,0,0,0,0,0,0,0,0,0,0,0,0,0.0,0.0,0,0.0,0,0,0,0,0,0.0,0,0,0,0,0.0,0,0.0,0,0,0,0,0,0,0,0,0,0,0,0.0,0.0,0.0,0.0,0.0,0,0,0,0,0,0,0,0,0,0
2011-07,0,0,0,0,0,0,0,0,0.0,0,0,0,0,0,0,0,0,0,0,0,0,0,0,0.0,0,0,0,0,0,0,0,0,0,0,0,0.0,0,0,0,0,0,0,0.0,0.0,0,0,0,0,0.0,0,0,0,0,0,0,0,0,0,0,0,0,0,0,0,0,0,0.0,0.0,0,0.0,0,0,0,0,0,0.0,0,0,0,0,0.0,0,0.0,0,0,0,0,0,0,0,0,0,0,0,0.0,0.0,0.0,0.0,0.0,0,0,0,0,0,0,0,0,0,0
2011-08,0,0,0,0,0,0,0,0,0.0,0,0,0,0,0,0,0,0,0,0,0,0,0,0,0.0,0,0,0,0,0,0,0,0,0,0,0,0.0,0,0,0,0,0,0,0.0,0.0,0,0,0,0,0.0,0,0,0,0,0,0,0,0,0,0,0,0,0,0,0,0,0,0.0,0.0,0,0.0,0,0,0,0,0,0.0,0,0,0,0,0.0,0,0.0,0,0,0,0,0,0,0,0,0,0,0,0.0,0.0,0.0,0.0,0.0,0,0,0,0,0,0,0,0,0,0
2011-09,0,0,0,0,0,0,0,0,0.0,0,0,0,0,0,0,0,0,0,0,0,0,0,0,0.0,0,0,0,0,0,0,0,0,0,0,0,0.0,0,0,0,0,0,0,0.0,0.0,0,0,0,0,0.0,0,0,0,0,0,0,0,0,0,0,0,0,0,0,0,0,0,0.0,0.0,0,0.0,0,0,0,0,0,0.0,0,0,0,0,0.0,0,0.0,0,0,0,0,0,0,0,0,0,0,0,0.0,0.0,0.0,0.0,0.0,0,0,0,0,0,0,0,0,0,0
2011-10,0,0,0,0,0,0,0,0,0.0,0,0,0,0,0,0,0,0,0,0,0,0,0,0,0.0,0,0,0,0,0,0,0,0,0,0,0,0.0,0,0,0,0,0,0,0.0,0.0,0,0,0,0,0.0,0,0,0,0,0,0,0,0,0,0,0,0,0,0,0,0,0,0.0,0.0,0,0.0,0,0,0,0,0,0.0,0,0,0,0,0.0,0,0.0,0,0,0,0,0,0,0,0,0,0,0,0.0,0.0,0.0,0.0,0.0,0,0,0,0,0,0,0,0,0,0
2011-11,0,0,0,0,0,0,0,0,0.0,0,0,0,0,0,0,0,0,0,0,0,0,0,0,0.0,0,0,0,0,0,0,0,0,0,0,0,0.0,0,0,0,0,0,0,0.0,0.0,0,0,0,0,0.0,0,0,0,0,0,0,0,0,0,0,0,0,0,0,0,0,0,0.0,0.0,0,0.0,0,0,0,0,0,0.0,0,0,0,0,0.0,0,0.0,0,0,0,0,0,0,0,0,0,0,0,0.0,0.0,0.0,0.0,0.0,0,0,0,0,0,0,0,0,0,0
2011-12,0,0,0,0,0,0,0,0,0.0,0,0,0,0,0,0,0,0,0,0,0,0,0,0,0.0,0,0,0,0,0,0,0,0,0,0,0,0.0,0,0,0,0,0,0,0.0,0.0,0,0,0,0,0.0,0,0,0,0,0,0,0,0,0,0,0,0,0,0,0,0,0,0.0,0.0,0,0.0,0,0,0,0,0,0.0,0,0,0,0,0.0,0,0.0,0,0,0,0,0,0,0,0,0,0,0,0.0,0.0,0.0,0.0,0.0,0,0,0,0,0,0,0,0,0,0
2012-01,0,0,0,0,0,0,0,0,0.0,0,0,0,0,0,0,0,0,0,0,0,0,0,0,0.0,0,0,0,0,0,0,0,0,0,0,0,0.0,0,0,0,0,0,0,0.0,0.0,0,0,0,0,0.0,0,0,0,0,0,0,0,0,0,0,0,0,0,0,0,0,0,0.0,0.0,0,0.0,0,0,0,0,0,0.0,0,0,0,0,0.0,0,0.0,0,0,0,0,0,0,0,0,0,0,0,0.0,0.0,0.0,0.0,0.0,0,0,0,0,0,0,0,0,0,0
2012-02,0,0,0,0,0,0,0,0,0.0,0,0,0,0,0,0,0,0,0,0,0,0,0,0,0.0,0,0,0,0,0,0,0,0,0,0,0,0.0,0,0,0,0,0,0,0.0,0.0,0,0,0,0,0.0,0,0,0,0,0,0,0,0,0,0,0,0,0,0,0,0,0,0.0,0.0,0,0.0,0,0,0,0,0,0.0,0,0,0,0,0.0,0,0.0,0,0,0,0,0,0,0,0,0,0,0,0.0,0.0,0.0,0.0,0.0,0,0,0,0,0,0,0,0,0,0
2012-03,0,0,0,0,0,0,0,0,0.0,0,0,0,0,0,0,0,0,0,0,0,0,0,0,0.0,0,0,0,0,0,0,0,0,0,0,0,0.0,0,0,0,0,0,0,0.0,0.0,0,0,0,0,0.0,0,0,0,0,0,0,0,0,0,0,0,0,0,0,0,0,0,0.0,0.0,0,0.0,0,0,0,0,0,0.0,0,0,0,0,0.0,0,0.0,0,0,0,0,0,0,0,0,0,0,0,0.0,0.0,0.0,0.0,0.0,0,0,0,0,0,0,0,0,0,0
2012-04,0,0,0,0,0,0,0,0,0.0,0,0,0,0,0,0,0,0,0,0,0,0,0,0,0.0,0,0,0,0,0,0,0,0,0,0,0,0.0,0,0,0,0,0,0,0.0,0.0,0,0,0,0,0.0,0,0,0,0,0,0,0,0,0,0,0,0,0,0,0,0,0,0.0,0.0,0,0.0,0,0,0,0,0,0.0,0,0,0,0,0.0,0,0.0,0,0,0,0,0,0,0,0,0,0,0,0.0,0.0,0.0,0.0,0.0,0,0,0,0,0,0,0,0,0,0
2012-05,0,0,0,0,0,0,0,0,0.0,0,0,0,0,0,0,0,0,0,0,0,0,0,0,0.0,0,0,0,0,0,0,0,0,0,0,0,0.0,0,0,0,0,0,0,0.0,0.0,0,0,0,0,0.0,0,0,0,0,0,0,0,0,0,0,0,0,0,0,0,0,0,0.0,0.0,0,0.0,0,0,0,0,0,0.0,0,0,0,0,0.0,0,0.0,0,0,0,0,0,0,0,0,0,0,0,0.0,0.0,0.0,0.0,0.0,0,0,0,0,0,0,0,0,0,0
2012-06,0,0,0,0,0,0,0,0,0.0,0,0,0,0,0,0,0,0,0,0,0,0,0,0,0.0,0,0,0,0,0,0,0,0,0,0,0,0.0,0,0,0,0,0,0,0.0,0.0,0,0,0,0,0.0,0,0,0,0,0,0,0,0,0,0,0,0,0,0,0,0,0,0.0,0.0,0,0.0,0,0,0,0,0,0.0,0,0,0,0,0.0,0,0.0,0,0,0,0,0,0,0,0,0,0,0,0.0,0.0,0.0,0.0,0.0,0,0,0,0,0,0,0,0,0,0
2012-07,0,0,0,0,0,0,0,0,0.0,0,0,0,0,0,0,0,0,0,0,0,0,0,0,0.0,0,0,0,0,0,0,0,0,0,0,0,0.0,0,0,0,0,0,0,0.0,0.0,0,0,0,0,0.0,0,0,0,0,0,0,0,0,0,0,0,0,0,0,0,0,0,0.0,0.0,0,0.0,0,0,0,0,0,0.0,0,0,0,0,0.0,0,0.0,0,0,0,0,0,0,0,0,0,0,0,0.0,0.0,0.0,0.0,0.0,0,0,0,0,0,0,0,0,0,0
2012-08,0,0,0,0,0,0,0,0,0.0,0,0,0,0,0,0,0,0,0,0,0,0,0,0,0.0,0,0,0,0,0,0,0,0,0,0,0,0.0,0,0,0,0,0,0,0.0,0.0,0,0,0,0,0.0,0,0,0,0,0,0,0,0,0,0,0,0,0,0,0,0,0,0.0,0.0,0,0.0,0,0,0,0,0,0.0,0,0,0,0,0.0,0,0.0,0,0,0,0,0,0,0,0,0,0,0,0.0,0.0,0.0,0.0,0.0,0,0,0,0,0,0,0,0,0,0
2012-09,0,0,0,0,0,0,0,0,0.0,0,0,0,0,0,0,0,0,0,0,0,0,0,0,0.0,0,0,0,0,0,0,0,0,0,0,0,0.0,0,0,0,0,0,0,0.0,0.0,0,0,0,0,0.0,0,0,0,0,0,0,0,0,0,0,0,0,0,0,0,0,0,0.0,0.0,0,0.0,0,0,0,0,0,0.0,0,0,0,0,0.0,0,0.0,0,0,0,0,0,0,0,0,0,0,0,0.0,0.0,0.0,0.0,0.0,0,0,0,0,0,0,0,0,0,0
2012-10,0,0,0,0,0,0,0,0,0.0,0,0,0,0,0,0,0,0,0,0,0,0,0,0,0.0,0,0,0,0,0,0,0,0,0,0,0,0.0,0,0,0,0,0,0,0.0,0.0,0,0,0,0,0.0,0,0,0,0,0,0,0,0,0,0,0,0,0,0,0,0,0,0.0,0.0,0,0.0,0,0,0,0,0,0.0,0,0,0,0,0.0,0,0.0,0,0,0,0,0,0,0,0,0,0,0,0.0,0.0,0.0,0.0,0.0,0,0,0,0,0,0,0,0,0,0
2012-11,0,0,0,0,0,0,0,0,0.0,0,0,0,0,0,0,0,0,0,0,0,0,0,0,0.0,0,0,0,0,0,0,0,0,0,0,0,0.0,0,0,0,0,0,0,0.0,0.0,0,0,0,0,0.0,0,0,0,0,0,0,0,0,0,0,0,0,0,0,0,0,0,0.0,0.0,0,0.0,0,0,0,0,0,0.0,0,0,0,0,0.0,0,0.0,0,0,0,0,0,0,0,0,0,0,0,0.0,0.0,0.0,0.0,0.0,0,0,0,0,0,0,0,0,0,0
2012-12,0,0,0,0,0,0,0,0,0.0,0,0,0,0,0,0,0,0,0,0,0,0,0,0,0.0,0,0,0,0,0,0,0,0,0,0,0,0.0,0,0,0,0,0,0,0.0,0.0,0,0,0,0,0.0,0,0,0,0,0,0,0,0,0,0,0,0,0,0,0,0,0,0.0,0.0,0,0.0,0,0,0,0,0,0.0,0,0,0,0,0.0,0,0.0,0,0,0,0,0,0,0,0,0,0,0,0.0,0.0,0.0,0.0,0.0,0,0,0,0,0,0,0,0,0,0
2013-01,0,0,0,0,0,0,0,0,0.0,0,0,0,0,0,0,0,0,0,0,0,0,0,0,0.0,0,0,0,0,0,0,0,0,0,0,0,0.0,0,0,0,0,0,0,0.0,0.0,0,0,0,0,0.0,0,0,0,0,0,0,0,0,0,0,0,0,0,0,0,0,0,0.0,0.0,0,0.0,0,0,0,0,0,0.0,0,0,0,0,0.0,0,0.0,0,0,0,0,0,0,0,0,0,0,0,0.0,0.0,0.0,0.0,0.0,0,0,0,0,0,0,0,0,0,0
2013-02,0,0,0,0,0,0,0,0,0.0,0,0,0,0,0,0,0,0,0,0,0,0,0,0,0.0,0,0,0,0,0,0,0,0,0,0,0,0.0,0,0,0,0,0,0,0.0,0.0,0,0,0,0,0.0,0,0,0,0,0,0,0,0,0,0,0,0,0,0,0,0,0,0.0,0.0,0,0.0,0,0,0,0,0,0.0,0,0,0,0,0.0,0,0.0,0,0,0,0,0,0,0,0,0,0,0,0.0,0.0,0.0,0.0,0.0,0,0,0,0,0,0,0,0,0,0
2013-03,0,0,0,0,0,0,0,0,0.0,0,0,0,0,0,0,0,0,0,0,0,0,0,0,0.0,0,0,0,0,0,0,0,0,0,0,0,0.0,0,0,0,0,0,0,0.0,0.0,0,0,0,0,0.0,0,0,0,0,0,0,0,0,0,0,0,0,0,0,0,0,0,0.0,0.0,0,0.0,0,0,0,0,0,0.0,0,0,0,0,0.0,0,0.0,0,0,0,0,0,0,0,0,0,0,0,0.0,0.0,0.0,0.0,0.0,0,0,0,0,0,0,0,0,0,0
2013-04,0,0,0,0,0,0,0,0,0.0,0,0,0,0,0,0,0,0,0,0,0,0,0,0,0.0,0,0,0,0,0,0,0,0,0,0,0,0.0,0,0,0,0,0,0,0.0,0.0,0,0,0,0,0.0,0,0,0,0,0,0,0,0,0,0,0,0,0,0,0,0,0,0.0,0.0,0,0.0,0,0,0,0,0,0.0,0,0,0,0,0.0,0,0.0,0,0,0,0,0,0,0,0,0,0,0,0.0,0.0,0.0,0.0,0.0,0,0,0,0,0,0,0,0,0,0
2013-05,0,0,0,0,0,0,0,0,0.0,0,0,0,0,0,0,0,0,0,0,0,0,0,0,0.0,0,0,0,0,0,0,0,0,0,0,0,0.0,0,0,0,0,0,0,0.0,0.0,0,0,0,0,0.0,0,0,0,0,0,0,0,0,0,0,0,0,0,0,0,0,0,0.0,0.0,0,0.0,0,0,0,0,0,0.0,0,0,0,0,0.0,0,0.0,0,0,0,0,0,0,0,0,0,0,0,0.0,0.0,0.0,0.0,0.0,0,0,0,0,0,0,0,0,0,0
2013-06,0,0,0,0,0,0,0,0,0.0,0,0,0,0,0,0,0,0,0,0,0,0,0,0,0.0,0,0,0,0,0,0,0,0,0,0,0,0.0,0,0,0,0,0,0,0.0,0.0,0,0,0,0,0.0,0,0,0,0,0,0,0,0,0,0,0,0,0,0,0,0,0,0.0,0.0,0,0.0,0,0,0,0,0,0.0,0,0,0,0,0.0,0,0.0,0,0,0,0,0,0,0,0,0,0,0,0.0,0.0,0.0,0.0,0.0,0,0,0,0,0,0,0,0,0,0
2013-07,0,0,0,0,0,0,0,0,0.0,0,0,0,0,0,0,0,0,0,0,0,0,0,0,0.0,0,0,0,0,0,0,0,0,0,0,0,0.0,0,0,0,0,0,0,0.0,0.0,0,0,0,0,0.0,0,0,0,0,0,0,0,0,0,0,0,0,0,0,0,0,0,0.0,0.0,0,0.0,0,0,0,0,0,0.0,0,0,0,0,0.0,0,0.0,0,0,0,0,0,0,0,0,0,0,0,0.0,0.0,0.0,0.0,0.0,0,0,0,0,0,0,0,0,0,0
2013-08,0,0,0,0,0,0,0,0,0.0,0,0,0,0,0,0,0,0,0,0,0,0,0,0,0.0,0,0,0,0,0,0,0,0,0,0,0,0.0,0,0,0,0,0,0,0.0,0.0,0,0,0,0,0.0,0,0,0,0,0,0,0,0,0,0,0,0,0,0,0,0,0,0.0,0.0,0,0.0,0,0,0,0,0,0.0,0,0,0,0,0.0,0,0.0,0,0,0,0,0,0,0,0,0,0,0,0.0,0.0,0.0,0.0,0.0,0,0,0,0,0,0,0,0,0,0
2013-09,0,0,0,0,0,0,0,0,0.0,0,0,0,0,0,0,0,0,0,0,0,0,0,0,0.0,0,0,0,0,0,0,0,0,0,0,0,0.0,0,0,0,0,0,0,0.0,0.0,0,0,0,0,0.0,0,0,0,0,0,0,0,0,0,0,0,0,0,0,0,0,0,0.0,0.0,0,0.0,0,0,0,0,0,0.0,0,0,0,0,0.0,0,0.0,0,0,0,0,0,0,0,0,0,0,0,0.0,0.0,0.0,0.0,0.0,0,0,0,0,0,0,0,0,0,0
2013-10,0,0,0,0,0,0,0,0,0.0,0,0,0,0,0,0,0,0,0,0,0,0,0,0,0.0,0,0,0,0,0,0,0,0,0,0,0,0.0,0,0,0,0,0,0,0.0,0.0,0,0,0,0,0.0,0,0,0,0,0,0,0,0,0,0,0,0,0,0,0,0,0,0.0,0.0,0,0.0,0,0,0,0,0,0.0,0,0,0,0,0.0,0,0.0,0,0,0,0,0,0,0,0,0,0,0,0.0,0.0,0.0,0.0,0.0,0,0,0,0,0,0,0,0,0,0
2013-11,0,0,0,0,0,0,0,0,0.0,0,0,0,0,0,0,0,0,0,0,0,0,0,0,0.0,0,0,0,0,0,0,0,0,0,0,0,0.0,0,0,0,0,0,0,0.0,0.0,0,0,0,0,0.0,0,0,0,0,0,0,0,0,0,0,0,0,0,0,0,0,0,0.0,0.0,0,0.0,0,0,0,0,0,0.0,0,0,0,0,0.0,0,0.0,0,0,0,0,0,0,0,0,0,0,0,0.0,0.0,0.0,0.0,0.0,0,0,0,0,0,0,0,0,0,0
2013-12,0,0,0,0,0,0,0,0,0.0,0,0,0,0,0,0,0,0,0,0,0,0,0,0,0.0,0,0,0,0,0,0,0,0,0,0,0,0.0,0,0,0,0,0,0,0.0,0.0,0,0,0,0,0.0,0,0,0,0,0,0,0,0,0,0,0,0,0,0,0,0,0,0.0,0.0,0,0.0,0,0,0,0,0,0.0,0,0,0,0,0.0,0,0.0,0,0,0,0,0,0,0,0,0,0,0,0.0,0.0,0.0,0.0,0.0,0,0,0,0,0,0,0,0,0,0
2014-01,0,0,0,0,0,0,0,0,0.0,0,0,0,0,0,0,0,0,0,0,0,0,0,0,0.0,0,0,0,0,0,0,0,0,0,0,0,0.0,0,0,0,0,0,0,0.0,0.0,0,0,0,0,0.0,0,0,0,0,0,0,0,0,0,0,0,0,0,0,0,0,0,0.0,0.0,0,0.0,0,0,0,0,0,0.0,0,0,0,0,0.0,0,0.0,0,0,0,0,0,0,0,0,0,0,0,0.0,0.0,0.0,0.0,0.0,0,0,0,0,0,0,0,0,0,0
2014-02,0,0,0,0,0,0,0,0,0.0,0,0,0,0,0,0,0,0,0,0,0,0,0,0,0.0,0,0,0,0,0,0,0,0,0,0,0,0.0,0,0,0,0,0,0,0.0,0.0,0,0,0,0,0.0,0,0,0,0,0,0,0,0,0,0,0,0,0,0,0,0,0,0.0,0.0,0,0.0,0,0,0,0,0,0.0,0,0,0,0,0.0,0,0.0,0,0,0,0,0,0,0,0,0,0,0,0.0,0.0,0.0,0.0,0.0,0,0,0,0,0,0,0,0,0,0
2014-03,0,0,0,0,0,0,0,0,0.0,0,0,0,0,0,0,0,0,0,0,0,0,0,0,0.0,0,0,0,0,0,0,0,0,0,0,0,0.0,0,0,0,0,0,0,0.0,0.0,0,0,0,0,0.0,0,0,0,0,0,0,0,0,0,0,0,0,0,0,0,0,0,0.0,0.0,0,0.0,0,0,0,0,0,0.0,0,0,0,0,0.0,0,0.0,0,0,0,0,0,0,0,0,0,0,0,0.0,0.0,0.0,0.0,0.0,0,0,0,0,0,0,0,0,0,0
2014-04,0,0,0,0,0,0,0,0,0.0,0,0,0,0,0,0,0,0,0,0,0,0,0,0,0.0,0,0,0,0,0,0,0,0,0,0,0,0.0,0,0,0,0,0,0,0.0,0.0,0,0,0,0,0.0,0,0,0,0,0,0,0,0,0,0,0,0,0,0,0,0,0,0.0,0.0,0,0.0,0,0,0,0,0,0.0,0,0,0,0,0.0,0,0.0,0,0,0,0,0,0,0,0,0,0,0,0.0,0.0,0.0,0.0,0.0,0,0,0,0,0,0,0,0,0,0
2014-05,0,0,0,0,0,0,0,0,0.0,0,0,0,0,0,0,0,0,0,0,0,0,0,0,0.0,0,0,0,0,0,0,0,0,0,0,0,0.0,0,0,0,0,0,0,0.0,0.0,0,0,0,0,0.0,0,0,0,0,0,0,0,0,0,0,0,0,0,0,0,0,0,0.0,0.0,0,0.0,0,0,0,0,0,0.0,0,0,0,0,0.0,0,0.0,0,0,0,0,0,0,0,0,0,0,0,0.0,0.0,0.0,0.0,0.0,0,0,0,0,0,0,0,0,0,0
2014-06,0,0,0,0,0,0,0,0,0.0,0,0,0,0,0,0,0,0,0,0,0,0,0,0,0.0,0,0,0,0,0,0,0,0,0,0,0,0.0,0,0,0,0,0,0,0.0,0.0,0,0,0,0,0.0,0,0,0,0,0,0,0,0,0,0,0,0,0,0,0,0,0,0.0,0.0,0,0.0,0,0,0,0,0,0.0,0,0,0,0,0.0,0,0.0,0,0,0,0,0,0,0,0,0,0,0,0.0,0.0,0.0,0.0,0.0,0,0,0,0,0,0,0,0,0,0
2014-07,0,0,0,0,0,0,0,0,0.0,0,0,0,0,0,0,0,0,0,0,0,0,0,0,0.0,0,0,0,0,0,0,0,0,0,0,0,0.0,0,0,0,0,0,0,0.0,0.0,0,0,0,0,0.0,0,0,0,0,0,0,0,0,0,0,0,0,0,0,0,0,0,0.0,0.0,0,0.0,0,0,0,0,0,0.0,0,0,0,0,0.0,0,0.0,0,0,0,0,0,0,0,0,0,0,0,0.0,0.0,0.0,0.0,0.0,0,0,0,0,0,0,0,0,0,0
2014-08,0,0,0,0,83,0,0,51,0.0,43,0,0,0,0,83,0,0,0,0,83,0,0,0,0.0,74,0,0,0,0,56,0,0,0,0,83,0.0,0,0,0,83,0,0,0.0,0.0,83,0,0,59,0.0,45,0,0,0,0,83,0,0,0,0,83,0,0,0,83,0,0,0.0,0.0,83,0.0,0,0,0,83,0,0.0,0,0,53,0,0.0,0,0.0,83,0,0,0,0,83,0,0,0,0,83,0.0,0.0,0.0,0.0,0.5,0,0,0,0,83,0,0,0,0,63
2014-09,0,0,0,0,90,0,0,49,0.0,46,0,0,0,0,90,0,0,0,0,90,0,0,0,0.0,80,0,0,0,0,60,0,0,0,0,90,0.0,0,0,0,90,0,0,0.0,0.0,90,0,0,46,0.0,48,0,0,0,0,90,0,0,0,0,90,0,0,0,90,0,0,0.0,0.0,90,0.0,0,0,0,90,0,0.0,0,0,58,0,0.0,0,0.0,90,0,0,0,0,90,0,0,0,0,90,0.0,0.0,0.0,0.0,0.5,0,0,0,0,90,0,0,0,0,69
2014-10,0,0,0,0,78,0,0,100,38.0,40,0,0,0,0,78,0,0,0,0,78,0,0,0,0.0,70,0,0,0,0,53,0,0,0,0,78,0.0,0,0,0,78,0,0,0.0,0.0,78,0,0,59,0.0,42,0,0,0,0,78,0,0,0,0,78,0,0,81,78,0,0,0.0,0.0,78,0.0,0,0,0,78,0,0.0,0,0,51,0,0.0,0,0.0,78,0,0,0,0,78,0,0,0,0,78,0.0,0.0,0.0,0.0,0.5,0,0,0,0,78,0,0,0,0,60
2014-11,0,0,0,0,75,0,0,52,0.0,38,0,0,0,0,75,0,0,0,0,75,0,0,0,0.0,67,0,0,0,0,50,0,0,0,0,75,0.0,0,0,0,75,0,0,0.0,0.0,75,0,0,48,0.0,40,0,0,0,0,75,0,0,0,0,75,0,0,89,75,0,0,0.0,0.0,75,0.0,0,0,0,75,0,0.0,0,0,48,0,0.0,0,0.0,75,0,0,0,0,75,0,0,0,0,75,0.0,0.0,0.0,0.0,0.5,0,0,0,0,75,0,0,0,0,57
2014-12,0,0,0,0,100,0,0,44,0.0,51,0,0,0,0,100,0,0,0,0,100,0,0,0,0.0,89,0,0,0,0,67,0,0,0,0,100,0.0,0,0,0,100,0,0,0.0,0.0,100,0,0,0,0.0,54,0,0,0,0,100,0,0,0,0,100,0,0,75,100,0,0,0.0,0.0,100,0.0,0,0,0,100,0,0.0,0,0,65,0,0.0,0,0.0,100,0,0,0,0,100,0,0,0,0,100,0.0,0.0,0.0,0.0,0.5,0,0,0,0,100,0,0,0,0,77
2015-01,0,0,0,0,0,0,0,0,0.0,0,0,0,0,0,0,0,0,0,0,0,0,0,0,0.0,0,0,0,0,0,0,0,0,0,0,0,0.0,0,0,0,0,0,0,0.0,0.0,0,0,0,0,0.0,0,0,0,0,0,0,0,0,0,0,0,0,0,0,0,0,0,0.0,0.0,0,0.0,0,0,0,0,0,0.0,0,0,0,0,0.0,0,0.0,0,0,0,0,0,0,0,0,0,0,0,0.0,0.0,0.0,0.0,0.0,0,0,0,0,0,0,0,0,0,0
2015-02,0,0,0,0,0,0,0,0,0.0,0,0,0,0,0,0,0,0,0,0,0,0,0,0,0.0,0,0,0,0,0,0,0,0,0,0,0,0.0,0,0,0,0,0,0,0.0,0.0,0,0,0,0,0.0,0,0,0,0,0,0,0,0,0,0,0,0,0,0,0,0,0,0.0,0.0,0,0.0,0,0,0,0,0,0.0,0,0,0,0,0.0,0,0.0,0,0,0,0,0,0,0,0,0,0,0,0.0,0.0,0.0,0.0,0.0,0,0,0,0,0,0,0,0,0,0
2015-03,0,0,0,0,0,0,0,0,0.0,0,0,0,0,0,0,0,0,0,0,0,0,0,0,0.0,0,0,0,0,0,0,0,0,0,0,0,0.0,0,0,0,0,0,0,0.0,0.0,0,0,0,0,0.0,0,0,0,0,0,0,0,0,0,0,0,0,0,0,0,0,0,0.0,0.0,0,0.0,0,0,0,0,0,0.0,0,0,0,0,0.0,0,0.0,0,0,0,0,0,0,0,0,0,0,0,0.0,0.0,0.0,0.0,0.0,0,0,0,0,0,0,0,0,0,0
2015-04,0,0,0,0,0,0,0,0,0.0,0,0,0,0,0,0,0,0,0,0,0,0,0,0,0.0,0,0,0,0,0,0,0,0,0,0,0,0.0,0,0,0,0,0,0,0.0,0.0,0,0,0,0,0.0,0,0,0,0,0,0,0,0,0,0,0,0,0,0,0,0,0,0.0,0.0,0,0.0,0,0,0,0,0,0.0,0,0,0,0,0.0,0,0.0,0,0,0,0,0,0,0,0,0,0,0,0.0,0.0,0.0,0.0,0.0,0,0,0,0,0,0,0,0,0,0
2015-05,0,0,0,0,0,0,0,0,0.0,0,0,0,0,0,0,0,0,0,0,0,0,0,0,0.0,0,0,0,0,0,0,0,0,0,0,0,0.0,0,0,0,0,0,0,0.0,0.0,0,0,0,0,0.0,0,0,0,0,0,0,0,0,0,0,0,0,0,0,0,0,0,0.0,0.0,0,0.0,0,0,0,0,0,0.0,0,0,0,0,0.0,0,0.0,0,0,0,0,0,0,0,0,0,0,0,0.0,0.0,0.0,0.0,0.0,0,0,0,0,0,0,0,0,0,0
2015-06,0,0,0,0,0,0,0,0,0.0,0,0,0,0,0,0,0,0,0,0,0,0,0,0,0.0,0,0,0,0,0,0,0,0,0,0,0,0.0,0,0,0,0,0,0,0.0,0.0,0,0,0,0,0.0,0,0,0,0,0,0,0,0,0,0,0,0,0,0,0,0,0,0.0,0.0,0,0.0,0,0,0,0,0,0.0,0,0,0,0,0.0,0,0.0,0,0,0,0,0,0,0,0,0,0,0,0.0,0.0,0.0,0.0,0.0,0,0,0,0,0,0,0,0,0,0
2015-07,0,0,0,0,0,0,0,0,0.0,0,0,0,0,0,0,0,0,0,0,0,0,0,0,0.0,0,0,0,0,0,0,0,0,0,0,0,0.0,0,0,0,0,0,0,0.0,0.0,0,0,0,0,0.0,0,0,0,0,0,0,0,0,0,0,0,0,0,0,0,0,0,0.0,0.0,0,0.0,0,0,0,0,0,0.0,0,0,0,0,0.0,0,0.0,0,0,0,0,0,0,0,0,0,0,0,0.0,0.0,0.0,0.0,0.0,0,0,0,0,0,0,0,0,0,0
2015-08,0,0,0,0,0,0,0,0,0.0,0,0,0,0,0,0,0,0,0,0,0,0,0,0,0.0,0,0,0,0,0,0,0,0,0,0,0,0.0,0,0,0,0,0,0,0.0,0.0,0,0,0,0,0.0,0,0,0,0,0,0,0,0,0,0,0,0,0,0,0,0,0,0.0,0.0,0,0.0,0,0,0,0,0,0.0,0,0,0,0,0.0,0,0.0,0,0,0,0,0,0,0,0,0,0,0,0.0,0.0,0.0,0.0,0.0,0,0,0,0,0,0,0,0,0,0
2015-09,0,0,0,0,0,0,0,0,0.0,0,0,0,0,0,0,0,0,0,0,0,0,0,0,0.0,0,0,0,0,0,0,0,0,0,0,0,0.0,0,0,0,0,0,0,0.0,0.0,0,0,0,0,0.0,0,0,0,0,0,0,0,0,0,0,0,0,0,0,0,0,0,0.0,0.0,0,0.0,0,0,0,0,0,0.0,0,0,0,0,0.0,0,0.0,0,0,0,0,0,0,0,0,0,0,0,0.0,0.0,0.0,0.0,0.0,0,0,0,0,0,0,0,0,0,0
2015-10,0,0,0,0,0,0,0,0,0.0,0,0,0,0,0,0,0,0,0,0,0,0,0,0,0.0,0,0,0,0,0,0,0,0,0,0,0,0.0,0,0,0,0,0,0,0.0,0.0,0,0,0,0,0.0,0,0,0,0,0,0,0,0,0,0,0,0,0,0,0,0,0,0.0,0.0,0,0.0,0,0,0,0,0,0.0,0,0,0,0,0.0,0,0.0,0,0,0,0,0,0,0,0,0,0,0,0.0,0.0,0.0,0.0,0.0,0,0,0,0,0,0,0,0,0,0
2015-11,0,0,0,0,0,0,0,0,0.0,0,0,0,0,0,0,0,0,0,0,0,0,0,0,0.0,0,0,0,0,0,0,0,0,0,0,0,0.0,0,0,0,0,0,0,0.0,0.0,0,0,0,0,0.0,0,0,0,0,0,0,0,0,0,0,0,0,0,0,0,0,0,0.0,0.0,0,0.0,0,0,0,0,0,0.0,0,0,0,0,0.0,0,0.0,0,0,0,0,0,0,0,0,0,0,0,0.0,0.0,0.0,0.0,0.0,0,0,0,0,0,0,0,0,0,0
2015-12,0,0,0,0,0,0,0,0,0.0,0,0,0,0,0,0,0,0,0,0,0,0,0,0,0.0,0,0,0,0,0,0,0,0,0,0,0,0.0,0,0,0,0,0,0,0.0,0.0,0,0,0,0,0.0,0,0,0,0,0,0,0,0,0,0,0,0,0,0,0,0,0,0.0,0.0,0,0.0,0,0,0,0,0,0.0,0,0,0,0,0.0,0,0.0,0,0,0,0,0,0,0,0,0,0,0,0.0,0.0,0.0,0.0,0.0,0,0,0,0,0,0,0,0,0,0
2016-01,0,0,0,0,0,0,0,0,0.0,0,0,0,0,0,0,0,0,0,0,0,0,0,0,0.0,0,0,0,0,0,0,0,0,0,0,0,0.0,0,0,0,0,0,0,0.0,0.0,0,0,0,0,0.0,0,0,0,0,0,0,0,0,0,0,0,0,0,0,0,0,0,0.0,0.0,0,0.0,0,0,0,0,0,0.0,0,0,0,0,0.0,0,0.0,0,0,0,0,0,0,0,0,0,0,0,0.0,0.0,0.0,0.0,0.0,0,0,0,0,0,0,0,0,0,0
2016-02,0,0,0,0,0,0,0,0,0.0,0,0,0,0,0,0,0,0,0,0,0,0,0,0,0.0,0,0,0,0,0,0,0,0,0,0,0,0.0,0,0,0,0,0,0,0.0,0.0,0,0,0,0,0.0,0,0,0,0,0,0,0,0,0,0,0,0,0,0,0,0,0,0.0,0.0,0,0.0,0,0,0,0,0,0.0,0,0,0,0,0.0,0,0.0,0,0,0,0,0,0,0,0,0,0,0,0.0,0.5,0.0,0.0,0.0,0,0,0,0,0,0,0,0,0,0
2016-03,0,0,0,0,0,0,0,0,0.0,0,0,0,0,0,0,0,0,0,0,0,0,0,0,0.0,0,0,0,0,0,0,0,0,0,0,0,0.0,0,0,0,0,0,0,0.0,0.0,0,0,0,100,0.0,0,0,0,0,0,0,0,0,0,0,0,0,0,0,0,0,0,0.0,0.0,0,0.0,0,0,0,0,0,0.0,0,0,0,0,0.0,0,0.0,0,0,0,0,0,0,0,0,0,0,0,0.0,0.0,0.0,0.0,0.0,0,0,0,0,0,0,0,0,0,0
2016-04,0,0,0,0,0,0,0,0,0.0,0,0,0,0,0,0,0,0,0,0,0,0,0,0,0.0,0,0,0,0,0,0,0,0,0,0,0,0.0,0,0,0,0,0,0,0.0,0.0,0,0,0,0,0.0,0,0,0,0,0,0,0,0,0,0,0,0,0,0,0,0,0,0.0,0.0,0,0.0,0,0,0,0,0,0.0,0,0,0,0,0.0,0,0.0,0,0,0,0,0,0,0,0,0,0,0,0.0,0.0,0.0,0.0,0.0,0,0,0,0,0,0,0,0,0,0
2016-05,0,0,0,0,0,0,0,0,0.0,0,0,0,0,0,0,0,0,0,0,0,0,0,0,0.0,0,0,0,0,0,0,0,0,0,0,0,0.0,0,0,0,0,0,0,0.0,0.0,0,0,0,0,0.0,0,0,0,0,0,0,0,0,0,0,0,0,0,0,0,0,0,0.0,0.0,0,0.0,0,0,0,0,0,0.0,0,0,0,0,0.0,0,0.0,0,0,0,0,0,0,0,0,0,0,0,0.0,0.0,0.0,0.0,0.0,0,0,0,0,0,0,0,0,0,0
2016-06,0,0,0,0,0,0,0,0,0.0,0,0,0,0,0,0,0,0,0,0,0,0,0,0,0.0,0,0,0,0,0,0,0,0,0,0,0,0.0,0,0,0,0,0,0,0.0,0.0,0,0,0,0,0.0,0,0,0,0,0,0,0,0,0,0,0,0,0,0,0,0,0,0.0,0.0,0,0.0,0,0,0,0,0,0.0,0,0,0,0,0.0,0,0.0,0,0,0,0,0,0,0,0,0,0,0,0.0,0.0,0.0,0.0,0.0,0,0,0,0,0,0,0,0,0,0
2016-07,0,0,0,0,0,0,0,0,0.0,0,0,0,0,0,0,0,0,0,0,0,0,0,0,0.0,0,0,0,0,0,0,0,0,0,0,0,0.0,0,0,0,0,0,0,0.0,0.0,0,0,0,0,0.0,0,0,0,0,0,0,0,0,0,0,0,0,0,0,0,0,0,0.0,0.0,0,0.0,0,0,0,0,0,0.0,100,0,0,0,0.0,0,0.0,0,0,0,0,0,0,0,0,0,0,0,0.0,0.0,0.0,0.0,0.0,0,0,0,0,0,0,0,0,0,0
2016-08,0,0,0,0,0,0,0,0,0.0,0,0,0,0,0,0,0,0,0,0,0,0,0,0,0.0,0,0,0,0,0,0,0,0,0,0,0,0.0,0,0,0,0,0,0,0.0,0.0,0,0,0,0,0.0,0,0,0,0,0,0,0,0,0,0,0,0,0,0,0,0,0,0.0,0.0,0,0.0,0,0,0,0,0,0.0,0,0,0,0,0.0,0,0.0,0,0,0,0,0,0,0,0,0,0,0,0.0,0.0,0.0,0.0,0.0,0,0,0,0,0,0,0,0,0,0
2016-09,0,0,0,0,0,0,0,73,0.0,0,0,0,0,0,0,0,0,0,0,0,0,0,0,0.0,0,0,0,0,0,0,0,0,0,0,0,0.0,0,0,0,0,0,0,0.0,0.0,0,0,0,0,0.0,0,0,0,0,0,0,0,0,0,0,0,0,0,0,0,0,0,0.0,0.0,0,0.0,0,0,0,0,0,0.0,0,0,0,0,0.0,0,0.0,0,0,0,0,0,0,0,0,0,0,0,0.0,0.0,0.0,0.0,0.0,0,0,0,0,0,0,0,100,0,0
2016-10,0,0,0,0,0,0,0,72,0.0,0,0,0,0,0,0,0,0,0,0,0,0,0,0,0.0,0,0,0,0,0,0,0,0,0,0,0,0.0,0,0,0,0,0,0,0.0,0.0,0,0,0,0,0.0,0,0,0,0,0,0,0,0,0,0,0,0,0,0,0,0,0,0.0,0.0,0,0.0,0,0,0,0,0,0.0,0,0,0,0,0.0,0,0.0,0,0,0,0,0,0,0,0,0,0,0,0.0,0.0,0.0,0.0,0.0,0,0,0,0,0,0,0,0,0,0
2016-11,0,0,0,0,0,0,0,52,0.0,0,0,0,0,0,0,0,0,0,0,0,0,0,0,100.0,0,0,0,0,0,0,0,0,0,0,0,0.0,0,0,0,0,0,0,0.0,0.0,0,0,0,0,0.0,0,0,0,0,0,0,0,0,0,0,0,0,0,0,0,0,0,0.0,0.0,0,0.0,0,0,0,0,0,0.0,0,0,0,0,0.0,0,0.0,0,0,0,0,0,0,0,0,0,0,0,0.0,0.0,0.0,0.0,0.0,0,0,0,0,0,0,0,0,0,0
2016-12,0,0,0,0,80,0,0,0,0.0,41,0,0,0,0,80,0,0,0,0,80,0,0,0,0.0,71,0,0,0,0,54,0,0,0,0,80,0.0,0,0,0,80,0,0,0.0,0.0,80,0,0,0,0.0,43,0,0,0,0,80,0,0,0,0,80,0,0,0,80,0,0,0.0,0.0,80,0.0,0,0,0,80,0,0.0,0,0,52,0,0.0,0,0.0,80,0,0,0,0,80,0,0,0,0,80,0.0,0.0,0.0,0.0,0.5,0,0,0,0,80,0,0,0,0,61
2017-01,0,0,0,0,0,0,0,37,0.0,0,0,0,0,0,0,0,0,0,0,0,0,0,0,0.0,0,0,0,0,0,0,0,0,0,0,0,0.0,0,0,0,0,0,0,0.0,0.0,0,0,0,41,0.0,0,0,0,0,0,0,0,0,0,0,0,0,0,0,0,0,0,0.0,0.0,0,0.0,0,0,0,0,0,0.0,0,0,0,0,0.0,0,0.0,0,0,0,0,0,0,0,0,0,0,0,0.0,0.0,0.0,0.0,0.0,0,0,0,0,0,0,0,0,0,0
2017-02,0,0,0,0,0,0,0,0,0.0,0,0,0,0,0,0,0,0,0,0,0,0,0,0,0.0,0,53,0,0,0,0,0,0,0,0,0,0.0,0,0,0,0,0,0,0.0,0.0,0,0,0,0,0.0,0,0,0,0,0,0,0,0,0,0,0,0,0,0,0,0,0,0.0,0.0,0,0.0,0,0,0,0,0,0.0,0,0,0,0,0.0,0,0.0,0,0,0,0,0,0,0,0,0,0,0,0.0,0.0,0.0,0.0,0.0,0,0,0,0,0,0,0,56,0,0
2017-03,0,0,0,0,0,0,0,0,0.0,0,0,0,0,0,0,0,0,0,0,0,0,0,0,0.0,0,0,0,0,0,0,0,0,0,0,0,0.0,0,0,0,0,0,0,0.0,0.0,0,0,0,0,0.0,0,0,0,0,0,0,0,0,0,0,0,0,0,0,0,0,0,0.0,0.0,0,0.0,0,0,0,0,0,0.0,0,0,0,0,0.0,0,0.0,0,0,0,0,0,0,0,0,0,0,0,0.0,0.0,0.0,0.0,0.0,0,0,0,0,0,0,0,0,0,0
2017-04,0,0,0,0,70,0,0,0,0.0,36,0,0,0,0,70,0,0,0,0,70,0,0,0,0.0,63,0,0,0,0,47,0,0,0,0,70,0.0,0,0,0,70,0,0,0.0,0.0,70,0,0,0,0.0,38,0,0,0,0,70,0,0,0,0,70,0,0,0,70,0,0,0.0,0.0,70,0.0,0,0,0,70,0,0.0,0,0,45,0,0.0,0,0.0,70,0,0,0,0,70,0,0,0,0,70,0.0,0.0,0.0,0.0,0.5,0,0,0,0,70,0,0,0,0,54
2017-05,0,0,0,0,0,0,0,37,0.0,0,0,0,0,0,0,0,0,0,0,0,0,0,0,0.0,0,0,0,0,0,0,0,0,0,0,0,0.0,0,0,0,0,0,0,0.0,0.0,0,0,0,0,0.0,0,0,0,0,0,0,0,0,0,0,0,0,0,0,0,0,0,0.0,0.0,0,0.0,0,0,0,0,0,0.0,0,0,0,0,0.0,0,0.0,0,0,0,0,0,0,0,0,0,0,0,0.0,0.0,0.0,0.0,0.0,0,0,0,0,0,0,0,0,0,0
2017-06,0,0,0,0,0,0,0,0,0.0,0,0,0,0,0,0,0,0,0,0,0,0,0,0,0.0,0,0,0,0,0,0,0,0,0,0,0,0.0,0,53,0,0,0,0,0.0,0.0,0,0,0,68,0.0,0,0,0,0,0,0,0,0,0,0,0,0,0,0,0,0,0,0.0,0.0,0,0.0,0,0,0,0,0,0.0,0,0,0,0,0.0,0,0.0,0,0,0,0,0,0,0,0,0,0,0,0.0,0.0,0.0,0.0,0.0,0,0,0,0,0,0,0,0,0,0
2017-07,0,0,0,0,0,0,0,34,0.0,0,0,0,0,0,0,0,0,0,0,0,0,0,0,0.0,0,0,0,0,0,0,0,0,0,0,0,0.0,0,0,0,0,0,0,0.0,0.0,0,0,0,0,0.0,0,0,0,0,0,0,0,0,0,0,0,0,0,48,0,0,0,0.0,0.0,0,0.0,0,0,0,0,0,0.0,0,0,0,0,0.0,0,0.0,0,0,0,0,0,0,0,0,0,0,0,0.0,0.0,0.0,0.0,0.0,0,0,0,0,0,0,0,0,0,0
2017-08,0,0,0,0,0,0,0,27,0.0,0,0,0,0,0,0,0,0,0,0,0,0,0,0,0.0,0,0,0,0,0,0,0,0,0,0,0,0.0,0,0,0,0,0,0,0.0,0.0,0,0,0,27,0.0,0,0,42,0,0,0,0,0,0,0,0,0,0,0,0,0,0,0.0,0.0,0,0.0,0,0,0,0,0,0.0,0,0,0,0,0.0,0,0.0,0,0,0,0,0,0,0,0,0,0,0,0.0,0.0,0.0,0.0,0.0,0,0,0,0,0,0,0,0,0,0
2017-09,0,0,0,0,70,0,0,37,0.0,36,0,0,0,0,70,0,0,0,0,70,0,0,0,0.0,63,0,0,0,0,47,0,0,0,0,70,0.0,0,0,0,70,0,0,0.0,0.0,70,0,0,32,0.0,38,0,0,0,0,70,0,0,0,0,70,0,0,75,70,0,0,0.0,0.0,70,0.0,0,0,0,70,0,0.0,0,0,45,0,0.0,0,0.0,70,0,0,0,0,70,0,0,0,0,70,0.0,0.0,0.0,0.0,0.5,0,0,0,0,70,0,0,0,0,54
2017-10,0,0,0,0,55,0,0,75,0.0,28,0,0,0,0,55,0,0,0,0,55,0,0,0,0.0,49,0,0,0,0,37,0,38,0,0,55,0.0,0,0,0,55,0,0,0.0,0.0,55,0,0,22,0.0,30,0,0,0,0,55,0,0,0,0,55,0,0,0,55,0,0,0.0,0.0,55,0.0,0,0,0,55,0,0.0,0,0,35,0,0.0,0,0.0,55,0,0,0,0,55,0,0,0,0,55,0.0,0.0,0.0,0.0,0.5,0,0,0,0,55,0,0,0,0,42
2017-11,0,0,0,0,67,0,0,51,0.0,34,0,0,0,0,67,0,0,0,0,67,0,0,0,0.0,60,0,0,0,0,45,0,41,51,58,67,0.0,0,0,0,67,0,0,0.0,0.0,67,0,0,22,0.0,36,0,0,0,0,67,0,0,0,0,67,0,0,0,67,0,0,0.0,0.0,67,0.0,0,0,0,67,0,0.0,0,0,43,0,0.0,0,0.0,67,0,0,0,0,67,0,0,0,0,67,0.0,0.0,0.0,0.0,0.5,0,0,0,0,67,0,0,0,0,51
2017-12,0,0,0,0,59,0,0,30,0.0,30,0,0,0,0,59,0,0,0,0,59,0,0,0,0.0,53,0,0,0,0,40,0,0,0,0,59,0.0,0,0,0,59,0,0,0.0,0.0,59,0,0,20,0.0,32,0,0,0,0,59,0,31,0,0,59,0,0,33,59,0,0,0.0,0.0,59,0.0,0,0,0,59,0,0.0,0,0,38,0,0.0,0,0.0,59,0,0,0,0,59,0,0,0,0,59,0.0,0.0,0.0,0.0,0.5,0,0,0,0,59,0,0,0,0,45
2018-01,0,0,0,0,76,0,0,26,0.0,39,0,0,0,0,76,0,0,0,0,76,0,0,0,0.0,68,0,0,0,0,51,0,0,0,46,76,0.0,0,0,0,76,0,0,0.0,0.0,76,0,0,18,0.0,41,0,0,0,0,76,0,0,0,0,76,0,0,34,76,0,0,0.0,0.0,76,0.0,0,0,0,76,0,0.0,0,0,49,0,0.0,0,0.0,76,0,0,0,0,76,0,0,0,0,76,0.0,0.0,0.0,0.0,0.5,0,0,0,0,76,0,0,0,0,59
2018-02,0,0,0,0,55,0,0,28,0.0,28,0,0,0,0,55,0,0,0,0,55,0,0,0,0.0,49,0,0,0,0,37,0,0,0,0,55,0.0,0,0,0,55,0,0,0.0,0.0,55,0,0,34,0.0,30,0,0,0,0,55,0,0,0,0,55,0,0,64,55,0,0,0.0,0.0,55,0.0,0,0,0,55,0,0.0,0,0,36,0,0.0,0,0.0,55,0,0,0,0,55,0,0,0,0,55,0.0,0.0,0.0,0.0,0.5,0,0,0,0,55,0,0,0,0,42
2018-03,0,0,0,0,32,0,0,0,0.0,16,0,0,0,0,32,0,0,0,0,32,0,0,0,0.0,28,36,0,0,0,21,0,39,41,39,32,0.0,0,0,0,32,0,0,0.0,0.0,32,0,0,20,0.0,17,0,0,0,0,32,0,0,0,0,32,0,0,26,32,0,0,0.0,0.0,32,0.0,0,0,0,32,0,0.0,0,0,20,0,0.0,30,0.0,32,38,0,0,0,32,0,0,0,0,32,0.0,0.0,0.0,0.0,0.5,0,0,0,0,32,0,0,0,0,24
2018-04,0,0,0,0,40,0,0,20,0.0,21,0,0,0,0,40,0,0,0,0,40,0,0,0,0.0,36,0,0,0,0,27,0,39,34,34,40,0.0,0,0,0,40,0,0,0.0,0.0,40,0,0,18,0.0,22,0,0,0,0,40,0,0,0,0,40,0,0,34,40,0,0,0.0,0.0,40,0.0,0,0,0,40,0,0.0,0,0,26,0,0.0,0,0.0,40,0,0,0,0,40,0,0,0,29,40,0.0,0.0,0.0,0.0,0.5,0,0,0,0,40,0,0,0,0,31
2018-05,0,0,0,0,56,0,0,13,0.0,29,0,0,0,0,56,0,0,0,0,56,0,0,0,0.0,50,0,0,0,0,37,0,0,0,0,56,0.0,0,0,0,56,0,0,0.0,0.0,56,0,0,29,0.0,30,0,0,0,0,56,0,0,0,0,56,0,0,25,56,0,0,0.0,0.0,56,0.0,0,0,0,56,0,0.0,0,0,36,0,0.0,36,0.0,56,0,0,0,0,56,0,0,0,0,56,0.0,0.0,0.0,0.0,0.5,0,0,0,0,56,0,0,0,0,43
2018-06,0,0,0,0,22,0,0,25,0.0,11,0,0,0,0,22,0,0,0,0,22,0,0,0,0.0,20,0,0,0,0,15,0,41,26,24,22,0.0,0,0,0,22,0,0,0.0,0.0,22,0,0,24,0.0,12,0,0,0,0,22,0,0,0,0,22,0,0,41,22,0,0,0.0,0.0,22,0.0,0,0,0,22,0,0.0,0,0,14,0,0.0,0,0.0,22,0,0,0,0,22,0,0,0,0,22,0.0,0.0,0.0,0.0,0.5,0,0,0,0,22,0,0,0,0,17
2018-07,0,0,0,0,31,0,0,26,0.0,16,0,0,0,0,31,0,0,0,0,31,0,0,0,0.0,27,0,0,0,0,21,0,37,40,33,31,0.0,0,0,0,31,0,0,0.0,0.0,31,0,0,22,0.0,16,0,0,0,0,31,0,0,0,0,31,0,0,20,31,0,0,0.0,0.0,31,0.0,0,0,0,31,0,0.0,0,0,20,0,0.0,0,0.0,31,0,0,0,0,31,0,0,0,0,31,0.0,0.0,0.0,0.0,0.5,0,0,0,0,31,0,0,0,0,23
2018-08,0,0,0,0,44,0,0,24,0.0,23,0,0,0,0,44,0,0,0,0,44,0,0,0,0.0,39,0,0,0,0,30,0,38,39,32,44,0.0,0,0,0,44,0,0,0.0,0.0,44,0,0,32,0.0,24,0,0,0,0,44,0,0,0,0,44,0,0,47,44,0,0,0.0,0.0,44,0.0,0,0,0,44,0,0.0,0,0,28,0,0.0,0,0.0,44,0,0,0,0,44,0,0,0,0,44,0.0,0.0,0.0,0.0,0.5,0,0,0,0,44,15,0,0,0,34
2018-09,0,0,0,0,27,0,0,32,0.0,14,0,0,0,0,27,0,0,0,0,27,0,0,0,0.0,25,0,0,0,0,18,0,43,46,42,27,0.0,0,0,0,27,0,0,0.0,0.0,27,9,0,36,0.0,15,0,0,0,0,27,0,0,0,0,27,0,0,25,27,0,0,0.0,0.0,27,0.0,0,0,0,27,0,0.0,0,0,18,0,0.0,0,0.0,27,0,0,0,0,27,0,0,0,0,27,0.0,0.0,0.0,0.0,0.5,0,0,0,0,27,0,0,0,0,21
2018-10,0,0,0,0,47,0,0,40,0.0,24,0,0,0,0,47,0,0,0,0,47,0,0,0,0.0,42,18,0,0,0,32,0,35,36,37,47,30.0,0,0,0,47,0,0,0.0,0.0,47,0,0,0,0.0,26,0,0,0,0,47,0,0,0,0,47,0,0,30,47,0,0,0.0,0.0,47,0.0,0,0,0,47,0,0.0,0,0,31,0,0.0,0,0.0,47,0,0,0,0,47,0,0,0,0,47,0.0,0.0,0.0,0.5,0.5,0,0,0,0,47,0,0,0,0,36
2018-11,0,0,0,0,40,0,0,26,0.0,20,0,0,0,0,40,0,0,0,0,40,0,0,0,0.0,36,0,0,0,0,27,0,24,26,34,40,0.0,0,0,0,40,0,0,22.0,0.0,40,11,0,30,0.0,22,0,0,0,0,40,0,0,0,0,40,0,0,22,40,0,0,0.0,0.0,40,0.0,0,0,0,40,0,0.0,0,0,26,0,0.0,0,0.0,40,0,0,0,0,40,0,0,0,0,40,0.0,0.0,0.0,0.5,0.5,0,0,0,0,40,0,0,0,0,31
2018-12,0,0,0,0,42,0,0,30,0.0,22,0,0,0,0,42,0,0,0,0,42,0,0,0,0.0,38,0,0,0,0,28,0,33,30,33,42,0.0,0,0,0,42,0,0,0.0,0.0,42,11,0,28,0.0,23,0,0,0,0,42,0,0,0,0,42,0,0,45,42,0,0,0.0,0.0,42,0.0,0,0,0,42,0,0.0,0,0,27,0,0.0,18,0.0,42,0,0,0,0,42,0,0,0,0,42,0.0,0.0,0.0,0.0,0.5,0,0,0,0,42,0,0,0,0,32
2019-01,0,0,0,0,39,0,0,27,0.0,20,0,0,0,0,39,0,0,0,0,39,0,0,0,0.0,35,0,0,0,0,26,0,45,42,41,39,0.0,0,0,0,39,0,0,0.0,0.0,39,19,0,21,0.0,21,0,0,0,0,39,0,0,0,0,39,0,0,33,39,0,0,0.0,0.0,39,0.0,0,0,0,39,0,0.0,0,0,25,0,0.0,0,0.0,39,0,0,0,0,39,0,0,0,0,39,0.0,0.0,0.0,0.0,0.5,0,0,0,0,39,0,0,0,0,30
2019-02,0,0,0,0,40,0,0,18,0.0,21,0,0,0,0,40,0,0,0,0,40,0,0,0,22.0,36,12,0,0,0,27,0,31,28,25,40,0.0,0,0,0,40,0,0,0.0,0.0,40,0,0,26,0.0,22,0,0,0,0,40,0,0,0,0,40,0,0,48,40,0,0,0.0,0.0,40,0.0,0,0,0,40,0,0.0,0,0,26,0,0.0,28,0.0,40,0,0,0,0,40,0,0,0,0,40,0.0,0.0,0.0,0.0,0.5,0,0,0,0,40,0,0,0,0,31
2019-03,0,0,0,0,83,0,0,24,0.0,43,0,0,0,0,83,0,0,0,0,83,0,0,0,0.0,74,0,0,0,11,56,0,37,35,36,83,0.0,0,0,0,83,0,0,0.0,0.0,83,0,0,28,0.0,45,0,0,0,0,83,0,0,0,0,83,0,0,26,83,0,0,0.0,0.0,83,0.0,0,0,0,83,0,0.0,0,0,54,0,0.0,25,0.0,83,0,0,0,0,83,0,0,0,0,83,0.0,0.0,0.0,0.0,0.5,0,0,0,0,83,0,0,0,0,64
2019-04,0,0,0,0,61,0,0,21,0.0,31,0,0,0,0,61,0,0,0,0,61,0,0,0,0.0,55,0,0,0,0,41,0,42,42,42,61,0.0,0,0,0,61,0,0,0.0,0.0,61,0,0,15,0.0,33,0,0,0,0,61,0,0,0,0,61,0,0,31,61,0,0,0.0,0.0,61,0.0,0,0,0,61,0,0.0,0,0,39,0,0.0,25,0.0,61,0,0,0,0,61,0,0,0,0,61,0.0,0.0,0.0,0.0,0.5,0,0,0,0,61,0,0,0,0,47
2019-05,0,0,0,0,65,0,0,19,0.0,34,0,0,0,0,65,0,0,0,0,65,0,0,0,0.0,58,10,0,0,0,44,0,31,29,31,65,0.0,20,0,0,65,0,0,0.0,0.0,65,17,0,22,0.0,35,0,0,0,0,65,0,0,0,0,65,0,0,27,65,0,0,0.0,0.0,65,0.0,0,0,0,65,0,0.0,0,0,42,0,0.0,19,0.0,65,0,0,0,0,65,0,0,0,0,65,0.0,0.0,0.5,0.0,0.5,32,0,0,0,65,0,0,0,0,50
2019-06,0,0,0,0,29,0,0,18,0.0,15,0,0,0,0,29,0,0,0,0,29,0,0,0,0.0,26,18,0,0,0,19,0,34,43,40,29,0.0,22,0,0,29,0,0,0.0,0.0,29,0,0,23,0.0,16,0,0,0,0,29,0,0,0,0,29,0,0,29,29,0,0,0.0,0.0,29,0.0,13,0,0,29,0,0.0,0,0,19,0,0.0,0,0.0,29,0,0,0,0,29,0,0,0,0,29,0.0,0.0,0.5,0.0,0.5,21,0,0,0,29,0,0,0,0,22
2019-07,0,0,0,0,56,0,0,23,0.0,29,0,0,0,0,56,0,0,0,0,56,0,0,0,0.0,50,16,0,0,0,38,0,46,40,44,56,0.0,0,0,0,56,0,0,0.0,0.0,56,10,0,27,0.0,30,0,0,0,0,56,0,0,0,0,56,0,0,0,56,0,0,0.0,0.0,56,0.0,0,0,0,56,0,0.0,0,0,36,0,0.0,0,0.0,56,0,0,0,0,56,0,0,0,0,56,0.0,0.0,0.0,0.0,0.5,0,0,0,0,56,0,0,0,0,43
2019-08,0,0,0,0,60,0,0,31,0.0,31,0,0,0,0,60,0,0,0,0,60,0,0,0,0.0,54,10,0,0,0,40,0,53,49,50,60,0.0,0,0,0,60,0,0,0.0,0.0,60,13,0,25,0.0,32,0,0,0,0,60,0,0,0,0,60,0,0,40,60,0,0,0.0,0.0,60,0.0,0,0,0,60,0,0.0,0,0,39,0,0.0,16,0.0,60,0,0,0,0,60,0,0,0,0,60,0.0,0.0,0.0,0.5,0.5,0,0,0,0,60,0,0,0,0,46
2019-09,0,0,0,0,36,0,0,29,0.0,18,0,0,0,0,36,0,0,0,0,36,0,0,0,0.0,32,11,0,0,0,24,0,38,41,39,36,0.0,0,0,0,36,0,0,16.0,0.0,36,7,0,21,0.0,19,0,0,0,0,36,0,0,0,0,36,0,0,29,36,0,0,0.0,0.0,36,0.0,0,0,0,36,0,9.0,0,0,23,0,0.0,16,0.0,36,0,0,0,0,36,0,0,0,0,36,0.0,0.0,0.0,0.0,0.5,0,0,0,0,36,0,0,0,0,27
2019-10,0,0,0,0,43,0,0,77,0.0,22,0,0,0,0,43,0,0,0,0,43,0,0,0,0.0,38,11,0,10,0,29,0,33,34,36,43,0.0,0,0,0,43,0,0,0.0,0.0,43,10,0,21,0.0,23,0,0,0,0,43,0,0,0,0,43,0,0,36,43,0,0,0.0,0.0,43,0.0,0,0,0,43,0,9.0,0,0,28,0,0.0,18,0.0,43,0,0,0,0,43,0,12,0,0,43,0.0,0.0,0.0,0.0,0.5,0,15,0,0,43,0,0,0,0,33
2019-11,0,0,0,0,46,0,0,36,0.0,23,0,0,0,0,46,0,0,0,0,46,0,0,0,0.0,41,12,0,0,0,31,0,38,36,35,46,0.0,13,0,0,46,0,0,0.0,0.0,46,12,0,24,0.0,25,0,0,0,0,46,0,0,0,0,46,0,0,40,46,0,0,0.0,0.0,46,0.0,0,0,0,46,0,0.0,0,0,29,0,0.0,12,0.0,46,0,0,0,0,46,0,0,0,0,46,0.0,0.0,0.0,0.0,0.5,0,0,0,0,46,0,0,0,0,35
2019-12,0,0,0,0,41,0,0,29,0.0,21,0,0,0,15,41,0,0,0,0,41,0,0,0,0.0,37,8,7,0,0,28,0,42,41,44,41,0.0,11,0,0,41,0,0,0.0,0.0,41,9,0,25,0.0,22,0,0,0,0,41,0,0,0,0,41,0,0,43,41,0,0,0.0,0.0,41,0.0,0,0,0,41,0,0.0,0,0,27,0,0.0,11,0.0,41,0,0,0,0,41,0,0,0,0,41,0.0,0.0,0.5,0.0,0.5,10,0,0,0,41,0,0,0,0,32
2020-01,0,0,0,0,35,0,0,26,0.0,18,0,0,0,0,35,0,0,0,0,35,0,0,0,0.0,31,10,0,0,0,23,0,35,31,34,35,0.0,14,0,0,35,0,0,12.0,0.0,35,8,0,24,0.0,19,0,0,0,0,35,0,0,0,0,35,0,0,41,35,0,0,0.0,14.0,35,0.0,0,0,0,35,0,0.0,0,0,22,0,0.0,18,0.0,35,0,0,0,0,35,0,0,0,0,35,0.0,0.0,0.0,0.0,0.5,0,0,0,0,35,0,0,0,0,27
2020-02,0,0,0,0,44,0,0,28,0.0,22,0,0,0,0,44,0,0,0,0,44,0,0,0,0.0,39,17,0,0,0,29,0,40,46,42,44,0.0,0,0,0,44,0,0,0.0,0.0,44,6,0,25,0.0,24,0,0,0,0,44,0,0,0,0,44,0,0,28,44,0,0,0.0,0.0,44,0.0,0,0,0,44,0,0.0,0,0,28,0,0.0,15,0.0,44,0,0,0,0,44,0,0,0,0,44,0.0,0.0,0.0,0.0,0.5,0,0,0,0,44,0,0,0,0,33
2020-03,0,0,0,0,41,0,0,24,0.0,21,0,0,0,0,41,0,0,0,0,41,0,0,0,0.0,37,42,0,0,0,28,0,47,45,45,41,0.0,9,0,0,41,0,0,0.0,0.0,41,8,0,28,0.0,22,0,0,0,0,41,0,0,0,0,41,0,0,35,41,0,0,0.0,0.0,41,0.0,0,0,0,41,0,0.0,0,0,27,0,0.0,27,0.0,41,0,0,0,0,41,0,0,0,0,41,0.0,0.0,0.0,0.5,0.5,0,0,0,0,41,0,0,0,0,32
2020-04,0,0,0,0,42,0,0,25,0.0,21,0,0,0,0,42,0,0,0,0,42,0,0,0,0.0,37,100,0,0,0,28,0,61,56,57,42,0.0,0,0,0,42,0,0,0.0,0.0,42,5,0,45,0.0,22,0,0,0,0,42,0,0,0,0,42,0,0,30,42,0,0,0.0,0.0,42,0.0,12,0,0,42,0,0.0,0,0,27,0,0.0,21,0.0,42,0,0,0,0,42,0,0,0,0,42,0.0,0.0,0.0,0.0,0.5,0,0,0,0,42,0,0,0,0,32
2020-05,0,0,0,0,39,0,0,18,0.0,20,0,0,0,0,39,0,0,0,0,39,0,0,0,0.0,35,61,0,0,0,27,0,42,43,39,39,0.0,11,0,0,39,0,0,0.0,0.0,39,9,0,39,0.0,21,0,0,0,0,39,0,0,0,0,39,0,0,27,39,0,0,0.0,0.0,39,0.0,0,0,0,39,0,0.0,0,0,25,0,0.0,15,0.0,39,0,0,0,0,39,0,0,0,0,39,0.0,0.0,0.0,0.0,0.5,0,0,0,0,39,0,0,0,0,30
2020-06,0,0,0,0,61,0,0,23,0.0,31,0,0,0,0,61,0,0,0,0,61,0,0,0,0.0,54,39,0,0,0,41,0,59,61,59,61,0.0,10,0,0,61,0,0,7.0,0.0,61,7,0,30,4.0,33,8,0,0,0,61,0,0,0,0,61,0,0,31,61,0,0,0.0,0.0,61,0.0,0,0,0,61,0,0.0,0,0,39,0,0.0,13,0.0,61,0,0,0,0,61,0,0,0,0,61,0.0,0.0,0.0,0.0,0.5,0,0,0,0,61,0,0,0,0,46
2020-07,0,0,0,0,65,0,0,19,0.0,33,0,0,0,0,65,0,0,0,9,65,0,0,0,0.0,58,24,0,0,0,44,0,41,41,43,65,0.0,8,0,0,65,0,0,9.0,7.0,65,8,0,30,3.0,35,6,0,0,0,65,0,0,0,0,65,0,0,31,65,0,0,7.0,0.0,65,7.0,0,0,0,65,0,0.0,0,0,42,0,0.0,16,0.0,65,0,0,0,0,65,0,0,0,0,65,0.0,0.0,0.5,0.5,0.5,7,0,0,0,65,0,0,0,0,50
2020-08,0,0,0,0,50,0,0,22,0.0,26,0,0,0,0,50,0,0,0,0,50,0,0,0,0.0,45,25,0,4,0,34,0,49,46,49,50,0.0,9,0,0,50,0,0,0.0,0.0,50,4,0,31,4.0,27,7,0,0,0,50,0,0,0,0,50,0,0,47,50,0,0,7.0,7.0,50,7.0,0,0,0,50,0,0.0,0,0,32,0,0.0,17,0.0,50,0,0,0,0,50,0,0,0,0,50,0.0,0.0,0.0,0.0,0.5,0,0,0,0,50,0,0,0,0,38
2020-09,0,0,0,0,54,0,0,23,0.0,28,0,0,0,0,54,0,0,0,0,54,0,0,0,0.0,49,13,0,0,0,36,0,37,43,41,54,0.0,0,0,0,54,0,0,6.0,0.0,54,7,0,22,0.0,29,0,0,0,0,54,0,0,0,0,54,0,0,37,54,0,0,0.0,0.0,54,0.0,0,0,0,54,0,0.0,0,0,35,0,0.0,17,0.0,54,0,0,0,0,54,0,0,0,0,54,0.0,0.0,0.0,0.5,0.5,0,7,0,0,54,0,0,0,0,42
2020-10,0,0,0,0,54,0,0,23,0.0,28,0,0,0,0,54,0,0,0,0,54,0,0,6,0.0,48,14,0,0,0,36,0,32,32,31,54,0.0,7,0,0,54,0,0,0.0,0.0,54,6,0,22,0.0,29,0,0,0,0,54,0,0,0,0,54,0,0,40,54,0,0,7.0,6.0,54,7.0,0,0,0,54,0,0.0,0,0,35,0,0.0,10,0.0,54,0,0,0,0,54,0,0,0,0,54,0.0,0.0,0.5,0.5,0.5,7,7,0,0,54,0,0,0,0,41
2020-11,0,0,0,0,36,0,0,23,0.0,18,0,0,5,0,36,0,0,0,0,36,0,0,0,0.0,32,19,0,0,0,24,0,34,32,32,36,0.0,0,0,0,36,0,0,0.0,0.0,36,4,0,21,0.0,19,0,0,0,0,36,0,0,0,0,36,0,0,61,36,0,0,6.0,7.0,36,6.0,0,5,0,36,0,0.0,0,0,23,0,0.0,17,0.0,36,0,0,0,0,36,0,0,0,0,36,0.0,0.0,0.5,0.5,0.5,5,8,0,0,36,0,0,0,0,27
2020-12,0,0,0,0,46,0,0,23,0.0,24,0,0,8,0,46,0,0,0,0,46,0,0,0,0.0,41,19,0,0,0,31,0,45,39,43,46,0.0,7,0,0,46,0,0,0.0,0.0,46,6,0,25,0.0,25,0,0,0,0,46,0,0,0,0,46,0,0,68,46,0,0,0.0,0.0,46,0.0,0,0,0,46,0,0.0,0,0,30,0,0.0,21,0.0,46,0,0,0,0,46,0,0,0,0,46,0.0,0.0,0.0,0.5,0.5,0,0,0,0,46,0,0,0,0,35
2021-01,0,0,0,0,36,0,0,21,0.0,18,0,0,0,0,36,0,0,0,0,36,0,0,0,0.0,32,13,0,4,0,24,0,41,40,39,36,0.0,10,0,0,36,0,0,0.0,0.0,36,6,0,29,0.0,19,0,0,0,0,36,0,0,0,0,36,0,0,52,36,0,0,7.0,0.0,36,7.0,0,0,0,36,0,0.0,0,0,23,0,0.0,17,0.0,36,0,0,0,0,36,0,0,0,0,36,0.0,0.0,0.0,0.5,0.5,0,9,0,0,36,0,0,0,0,27
2021-02,0,0,0,0,32,0,0,32,0.0,16,0,0,0,0,32,0,0,0,0,32,0,0,0,0.0,28,15,0,0,0,21,0,32,34,31,32,0.0,11,0,0,32,0,0,0.0,0.0,32,4,0,23,0.0,17,0,0,0,0,32,0,0,0,0,32,0,0,35,32,0,0,6.0,6.0,32,6.0,0,0,0,32,0,0.0,0,0,21,0,0.0,17,0.0,32,0,0,0,0,32,0,0,0,0,32,0.0,0.0,0.5,0.5,0.5,6,6,0,0,32,0,0,0,0,24
2021-03,0,0,0,5,40,0,0,30,0.0,20,0,0,0,0,40,0,0,0,0,40,0,0,0,0.0,35,14,0,0,0,27,0,32,32,30,40,0.0,10,0,0,40,0,0,0.0,0.0,40,5,0,23,0.0,21,0,0,0,0,40,0,0,0,0,40,0,0,28,40,0,0,5.0,5.0,40,5.0,0,0,0,40,0,4.0,0,0,26,0,0.0,17,0.0,40,0,0,0,0,40,0,0,0,0,40,0.0,0.0,0.5,0.5,0.5,7,5,0,0,40,0,0,0,0,30
2021-04,0,0,0,0,38,0,0,57,0.0,19,0,0,0,0,38,0,0,0,0,38,0,0,0,0.0,34,23,0,3,0,25,0,33,34,34,38,0.0,10,0,0,38,0,0,0.0,0.0,38,6,0,26,0.0,20,0,0,0,0,38,0,0,0,0,38,0,0,30,38,0,0,5.0,5.0,38,5.0,0,0,0,38,0,0.0,0,0,24,0,0.0,8,0.0,38,0,0,0,0,38,0,0,0,0,38,0.0,0.0,0.5,0.0,0.5,5,0,0,0,38,0,0,0,0,29
2021-05,0,0,0,0,33,0,0,23,0.0,17,0,0,0,0,33,0,0,0,0,33,0,0,0,0.0,30,18,0,0,0,23,0,30,29,30,33,0.0,13,0,0,33,0,0,7.0,0.0,33,8,0,31,0.0,18,0,0,0,0,33,0,0,0,0,33,0,0,37,33,0,0,5.0,0.0,33,5.0,0,0,0,33,0,0.0,0,0,22,0,0.0,9,0.0,33,0,0,0,0,33,0,0,0,0,33,0.0,0.0,0.5,0.0,0.5,5,0,0,0,33,0,0,0,0,26
2021-06,0,0,0,0,43,0,0,27,0.0,22,0,0,0,0,43,0,0,0,0,43,0,0,0,0.0,38,13,0,0,0,29,0,36,34,35,43,0.0,8,0,0,43,0,0,6.0,0.0,43,5,0,44,0.0,23,0,0,0,0,43,0,0,0,0,43,0,0,26,43,0,0,10.0,11.0,43,10.0,0,0,0,43,0,0.0,0,0,28,0,0.0,10,0.0,43,0,0,0,0,43,0,0,0,0,43,0.0,0.0,0.5,0.5,0.5,7,0,0,0,43,0,0,0,0,33
2021-07,0,0,0,0,30,0,0,27,0.0,16,0,0,0,0,30,0,0,0,0,30,0,0,0,0.0,27,15,0,0,0,20,0,35,35,34,30,0.0,5,0,0,30,0,0,4.0,0.0,30,5,0,32,0.0,16,0,0,0,0,30,0,0,0,0,30,0,0,29,30,0,0,0.0,0.0,30,0.0,0,0,0,30,0,0.0,0,0,20,0,0.0,9,0.0,30,0,0,0,6,30,6,0,0,0,30,0.0,0.0,0.5,0.5,0.5,4,0,0,0,30,0,0,0,0,23
2021-08,0,0,0,0,32,0,0,28,0.0,17,0,0,0,5,32,0,0,0,0,32,0,0,0,0.0,29,12,0,0,0,22,0,37,37,37,32,0.0,6,6,0,32,0,0,5.0,0.0,32,3,0,31,0.0,17,0,0,0,0,32,0,0,0,0,32,0,0,39,32,0,0,5.0,6.0,32,5.0,6,0,0,32,0,0.0,0,0,21,0,0.0,13,0.0,32,0,0,0,5,32,5,0,0,0,32,0.0,0.0,0.5,0.5,0.5,7,6,0,0,32,0,0,0,0,25
2021-09,0,0,0,0,28,0,0,30,0.0,15,0,0,0,0,28,0,0,0,0,28,0,0,0,0.0,25,15,0,3,0,19,0,30,30,31,28,0.0,7,0,0,28,0,0,5.0,0.0,28,5,0,30,0.0,15,0,0,0,0,28,0,0,0,0,28,0,0,35,28,0,0,0.0,0.0,28,0.0,0,0,0,28,0,0.0,0,0,18,0,0.0,10,0.0,28,0,0,0,0,28,0,0,0,0,28,0.0,0.0,0.5,0.5,0.5,6,7,0,0,28,0,0,0,0,22
2021-10,0,0,0,0,28,0,0,25,0.0,14,0,0,0,0,28,0,0,0,0,28,0,0,0,5.0,25,13,0,0,0,19,0,32,30,31,28,0.0,6,0,0,28,0,0,5.0,5.0,28,5,0,22,0.0,15,0,0,0,0,28,0,0,0,0,28,0,0,29,28,0,0,8.0,7.0,28,8.0,0,0,0,28,0,0.0,0,0,18,0,0.0,16,0.0,28,4,0,0,0,28,0,0,0,0,28,0.0,0.0,0.5,0.5,0.5,8,0,0,0,28,0,0,0,0,21
2021-11,0,0,0,0,35,0,0,26,0.0,18,0,0,0,0,35,0,0,0,0,35,0,0,0,0.0,31,9,0,0,0,24,0,25,33,33,35,0.0,8,0,0,35,0,0,0.0,0.0,35,6,0,18,0.0,19,0,0,0,0,35,0,0,0,0,35,0,0,31,35,0,0,5.0,6.0,35,5.0,0,0,0,35,0,3.0,0,0,23,0,0.0,19,0.0,35,0,0,0,0,35,0,0,0,0,35,0.0,0.0,0.5,0.5,0.5,9,0,0,0,35,0,0,0,0,27
2021-12,0,0,0,0,27,0,0,25,0.0,14,0,0,0,0,27,0,0,0,0,27,0,0,4,5.0,24,15,0,0,0,18,0,24,27,26,27,0.0,5,0,0,27,0,0,0.0,0.0,27,4,0,30,0.0,14,0,0,0,0,27,0,0,0,0,27,0,0,42,27,0,0,0.0,0.0,27,0.0,0,0,0,27,0,0.0,0,0,17,0,0.0,14,0.0,27,0,0,0,0,27,0,0,0,0,27,0.0,0.0,0.5,0.5,0.5,8,0,0,0,27,0,0,0,0,20
2022-01,0,0,0,0,31,0,0,20,0.0,16,0,0,4,0,31,4,0,0,0,31,0,0,0,0.0,28,12,0,0,0,21,0,27,28,27,31,0.0,8,0,0,31,0,0,4.0,0.0,31,5,0,25,0.0,17,0,0,0,0,31,0,0,0,0,31,0,0,48,31,0,0,0.0,4.0,31,0.0,0,0,0,31,0,0.0,0,0,20,0,0.0,14,0.0,31,0,0,0,0,31,0,0,0,0,31,0.0,0.0,0.5,0.5,0.5,4,5,0,0,31,0,0,0,0,24
2022-02,0,0,0,0,35,0,0,27,0.0,18,0,0,0,0,35,0,0,0,0,35,0,0,0,0.0,32,14,0,0,0,24,0,25,24,25,35,0.0,8,0,0,35,0,0,0.0,3.0,35,6,0,24,0.0,19,0,0,0,0,35,0,0,0,0,35,0,0,35,35,0,0,6.0,6.0,35,6.0,0,0,0,35,0,3.0,0,0,23,0,0.0,13,0.0,35,0,0,0,0,35,0,0,0,0,35,0.0,0.0,0.5,0.5,0.5,6,4,0,0,35,0,0,0,0,27
2022-03,0,0,0,0,38,0,0,31,0.0,20,0,0,0,0,38,0,0,0,0,38,0,0,2,3.0,34,16,0,3,0,26,0,28,27,27,38,0.0,11,0,0,38,0,0,5.0,3.0,38,5,0,26,2.0,21,4,0,0,0,38,0,0,0,0,38,0,0,39,38,0,0,5.0,6.0,38,5.0,0,0,0,38,0,3.0,0,0,25,0,0.0,15,0.0,38,0,0,0,0,38,0,0,3,0,38,0.0,0.0,0.5,0.5,0.5,5,4,0,0,38,0,0,0,0,29
2022-04,0,0,0,0,42,0,0,50,1.0,22,0,0,0,0,42,0,0,0,0,42,0,0,0,0.0,38,15,0,2,0,28,0,26,27,26,42,0.0,8,0,0,42,0,0,5.0,4.0,42,5,0,23,2.0,23,4,0,0,0,42,0,0,0,0,42,0,0,32,42,0,0,4.0,3.0,42,4.0,3,0,0,42,0,3.0,0,0,27,0,0.0,14,0.0,42,0,0,0,0,42,0,0,3,0,42,0.0,0.0,0.5,0.5,0.5,3,6,0,0,42,0,0,0,0,32
2022-05,0,0,0,0,43,0,0,23,0.0,22,0,0,0,0,43,0,0,0,0,43,0,0,3,3.0,38,16,0,2,0,29,0,28,28,27,43,0.0,8,0,0,43,0,0,3.0,3.0,43,6,0,23,1.0,23,3,0,0,0,43,0,0,0,0,43,0,0,25,43,0,0,4.0,4.0,43,4.0,3,0,0,43,0,3.0,0,0,28,0,0.0,11,0.0,43,0,0,0,0,43,0,0,0,0,43,0.0,0.0,0.5,0.5,0.5,5,4,0,0,43,0,0,0,0,33
2022-06,0,0,0,0,41,0,0,24,1.0,21,0,0,0,0,41,0,0,0,0,41,0,0,3,3.0,37,17,0,2,0,28,0,32,33,32,41,0.0,10,0,3,41,3,3,5.0,3.0,41,6,0,27,2.0,22,4,0,0,0,41,0,0,0,0,41,0,0,36,41,0,0,6.0,6.0,41,6.0,0,0,0,41,0,3.0,0,0,26,0,0.0,16,0.0,41,0,0,0,0,41,0,3,0,0,41,0.0,0.0,0.5,0.5,0.5,8,4,0,0,41,0,0,0,0,31
2022-07,0,0,0,0,36,0,0,24,0.0,18,0,0,0,0,36,0,0,0,0,36,0,0,0,0.0,32,14,0,0,0,24,0,28,29,28,36,0.0,8,0,0,36,0,0,5.0,0.0,36,6,0,32,0.0,19,0,0,0,0,36,0,0,0,0,36,0,0,36,36,0,0,6.0,6.0,36,6.0,3,0,0,36,0,0.0,0,0,23,0,0.0,12,0.0,36,0,0,0,0,36,0,0,0,0,36,0.0,0.0,0.5,0.5,0.5,5,3,0,0,36,0,0,0,0,27
2022-08,0,0,0,0,38,0,0,24,0.0,20,0,0,0,0,38,0,0,0,0,38,0,0,0,3.0,34,17,0,3,0,26,0,29,28,28,38,0.0,10,0,0,38,0,0,3.0,3.0,38,6,0,34,0.0,21,0,0,0,0,38,0,0,0,0,38,0,0,31,38,0,0,5.0,5.0,38,5.0,3,0,0,38,0,2.0,0,0,25,0,0.0,12,0.0,38,0,0,0,0,38,0,3,0,0,38,0.0,0.0,0.5,0.5,0.5,7,4,0,0,38,0,0,0,0,29
2022-09,0,0,0,0,50,0,0,25,2.0,26,0,0,5,6,50,0,0,0,0,50,0,0,0,2.0,45,16,0,0,0,33,0,29,30,30,50,0.0,12,0,0,50,0,0,4.0,3.0,50,7,0,31,2.0,27,3,0,0,0,50,0,0,0,0,50,0,0,30,50,0,0,8.0,8.0,50,8.0,3,0,0,50,0,2.0,0,0,32,0,0.0,13,0.0,50,0,0,0,0,50,0,0,0,0,50,0.0,0.0,0.5,0.5,0.5,8,4,0,0,50,0,0,0,0,38
2022-10,0,0,0,0,44,0,0,24,0.0,23,0,0,0,3,44,0,3,0,0,44,0,0,2,2.0,39,13,0,3,0,30,0,29,30,29,44,0.0,8,0,0,44,0,0,3.0,4.0,44,6,0,32,0.0,24,0,0,0,0,44,0,0,0,0,44,0,0,31,44,0,0,4.0,4.0,44,4.0,0,0,0,44,0,0.0,0,0,28,0,0.0,17,0.0,44,0,0,0,0,44,0,0,0,0,44,0.0,0.0,0.5,0.5,0.5,6,5,0,0,44,0,0,0,0,34
2022-11,0,0,0,0,46,0,0,20,0.0,24,0,0,0,0,46,0,0,0,0,46,0,0,2,0.0,41,10,0,0,0,31,0,29,29,29,46,0.0,7,0,0,46,0,0,4.0,3.0,46,4,0,26,0.0,25,0,0,0,0,46,0,0,0,0,46,0,0,20,46,0,0,4.0,4.0,46,4.0,4,0,0,46,0,2.0,0,0,30,0,0.0,12,0.0,46,0,0,0,0,46,0,0,0,0,46,0.0,0.0,0.5,0.5,0.5,4,4,0,0,46,0,0,0,0,35
2022-12,0,0,0,0,31,0,0,21,0.0,16,0,0,0,0,31,0,0,0,0,31,0,0,0,0.0,28,15,0,2,0,21,0,25,26,26,31,0.0,7,0,0,31,0,0,5.0,0.0,31,5,0,29,0.0,17,0,0,0,0,31,0,0,0,0,31,0,0,37,31,0,0,0.0,2.0,31,0.0,3,0,0,31,0,0.0,0,0,20,0,0.0,11,0.0,31,0,0,0,3,31,3,0,0,0,31,0.0,0.0,0.5,0.5,0.5,5,2,0,0,31,0,0,0,0,24
2023-01,0,0,0,0,29,0,0,24,0.0,15,0,0,0,0,29,0,0,0,0,29,0,0,3,3.0,26,13,0,2,0,19,0,31,31,31,29,0.0,7,0,0,29,0,0,5.0,3.0,29,5,0,27,0.0,16,0,0,0,0,29,0,0,0,0,29,0,0,28,29,0,0,4.0,5.0,29,4.0,0,0,0,29,0,0.0,0,0,19,0,0.0,14,0.0,29,0,0,0,0,29,0,2,3,0,29,0.0,0.0,0.5,0.5,0.5,8,4,0,0,29,0,0,0,0,22
2023-02,0,0,0,0,32,0,0,32,0.0,16,0,0,0,3,32,0,0,0,0,32,0,0,0,0.0,28,12,0,0,0,21,0,31,31,29,32,0.0,5,0,0,32,0,0,5.0,3.0,32,5,0,30,0.0,17,0,0,0,0,32,0,0,0,0,32,0,0,31,32,0,0,5.0,5.0,32,5.0,0,0,0,32,0,0.0,0,0,20,0,0.0,11,0.0,32,0,0,0,0,32,0,0,3,3,32,0.0,0.0,0.5,0.5,0.5,5,6,0,0,32,0,0,0,0,24
2023-03,0,0,0,0,33,0,0,41,0.0,17,0,0,3,0,33,0,0,0,0,33,0,0,0,0.0,29,12,0,0,0,22,0,32,31,34,33,0.0,7,0,0,33,0,0,2.0,0.0,33,6,0,28,0.0,18,0,0,0,0,33,0,0,0,0,33,0,0,32,33,0,0,3.0,5.0,33,3.0,0,0,0,33,0,2.0,0,0,21,0,0.0,19,0.0,33,0,0,0,0,33,0,3,3,3,33,0.0,0.0,0.5,0.5,0.5,6,3,0,0,33,0,0,0,0,25
2023-04,0,0,0,0,35,0,0,20,0.0,18,0,0,0,0,35,0,0,0,0,35,0,0,3,0.0,31,14,0,0,0,23,0,26,27,26,35,0.0,5,0,0,35,0,0,4.0,0.0,35,6,0,28,0.0,19,0,0,0,0,35,0,0,0,0,35,0,0,22,35,0,0,4.0,3.0,35,4.0,0,0,0,35,0,0.0,0,0,22,0,0.0,9,0.0,35,0,0,0,0,35,0,3,0,3,35,0.0,0.0,0.5,0.5,0.5,6,3,0,0,35,0,0,0,0,26
2023-05,0,0,0,0,41,0,0,27,0.0,21,0,0,0,3,41,0,2,0,0,41,0,0,2,2.0,36,17,0,2,0,27,0,30,29,30,41,0.0,6,0,0,41,0,0,0.0,4.0,41,5,0,24,2.0,22,3,0,0,0,41,0,0,0,0,41,0,0,17,41,0,0,4.0,5.0,41,4.0,0,0,0,41,0,3.0,0,0,26,0,0.0,16,0.0,41,0,0,0,0,41,0,0,0,0,41,0.0,0.0,0.5,0.5,0.5,6,3,0,0,41,0,0,0,0,31
2023-06,0,0,0,0,38,0,0,24,0.0,20,0,0,0,0,38,0,0,0,0,38,0,0,0,0.0,34,21,0,2,0,26,0,28,30,29,38,0.0,7,0,0,38,0,0,6.0,3.0,38,6,0,29,1.0,21,2,0,0,0,38,0,0,0,0,38,0,0,25,38,0,0,3.0,5.0,38,3.0,3,0,0,38,0,2.0,0,0,25,0,0.0,16,0.0,38,0,0,0,0,38,0,0,4,0,38,0.0,0.0,0.5,0.5,0.5,9,5,0,0,38,0,0,0,0,29
2023-07,0,0,0,0,34,0,0,25,0.0,18,0,0,0,0,34,0,0,0,0,34,0,0,3,4.0,31,16,0,2,0,23,0,33,33,33,34,0.0,9,0,2,34,2,2,4.0,4.0,34,6,0,29,0.0,19,0,0,0,0,34,0,0,0,0,34,0,0,25,34,0,0,3.0,4.0,34,3.0,0,0,0,34,0,0.0,0,0,22,0,0.0,10,0.0,34,0,0,0,0,34,0,0,0,3,34,0.0,0.0,0.5,0.5,0.5,7,5,0,0,34,0,0,0,0,26
2023-08,0,0,0,0,41,0,0,27,0.0,21,0,0,0,0,41,0,0,0,0,41,0,0,2,2.0,37,12,0,2,0,28,0,35,35,37,41,0.0,7,0,2,41,2,2,4.0,7.0,41,6,0,41,0.0,22,0,0,0,0,41,0,0,0,0,41,0,0,22,41,0,0,3.0,4.0,41,3.0,4,0,0,41,0,3.0,0,0,27,0,0.0,16,0.0,41,0,0,0,0,41,0,0,0,0,41,0.0,0.0,0.5,0.5,0.5,6,5,0,0,41,0,0,0,0,32
2023-09,0,0,0,0,33,0,0,23,0.0,17,0,0,0,0,33,0,0,0,0,33,0,0,2,0.0,29,13,0,3,0,22,0,32,32,31,33,0.0,5,0,0,33,0,0,4.0,4.0,33,4,0,29,0.0,18,0,0,0,0,33,0,0,0,0,33,0,0,21,33,0,0,3.0,3.0,33,3.0,4,0,0,33,0,3.0,0,0,21,0,0.0,17,0.0,33,0,0,0,0,33,0,0,0,0,33,0.0,0.0,0.5,0.5,0.5,5,4,0,0,33,0,0,0,0,25
2023-10,0,0,0,0,32,0,0,21,0.0,17,0,0,0,3,32,0,0,0,0,32,0,0,0,2.0,29,13,0,0,0,22,0,30,30,29,32,0.0,8,0,0,32,0,0,3.0,3.0,32,5,1,26,0.0,17,0,0,0,0,32,0,0,0,0,32,0,0,25,32,0,0,5.0,5.0,32,5.0,0,0,0,32,0,2.0,0,0,21,0,0.0,15,0.0,32,0,0,0,0,32,0,2,2,2,32,0.0,0.0,0.5,0.5,0.5,6,3,0,0,32,0,0,0,0,25
2023-11,0,0,0,0,38,0,0,21,0.0,20,0,0,4,4,38,0,0,0,0,38,0,0,4,2.0,34,16,0,2,0,26,0,28,27,26,38,0.0,6,0,0,38,0,0,4.0,4.0,38,4,0,24,2.0,21,4,0,0,0,38,0,0,0,0,38,0,0,22,38,0,0,4.0,5.0,38,4.0,6,0,0,38,0,3.0,0,0,25,0,0.0,13,0.0,38,0,0,0,0,38,0,3,0,0,38,0.0,0.0,0.5,0.5,0.5,6,3,0,0,38,0,0,0,0,29
2023-12,0,0,0,0,29,0,0,23,0.0,15,0,0,0,0,29,0,0,0,0,29,0,0,0,0.0,26,17,0,0,0,20,0,28,30,29,29,0.0,7,0,0,29,0,0,3.0,4.0,29,6,0,28,0.0,16,0,0,0,0,29,0,0,0,0,29,0,0,44,29,0,0,4.0,4.0,29,4.0,0,0,0,29,0,2.0,0,0,19,0,0.0,11,0.0,29,0,0,0,0,29,0,3,0,2,29,0.0,0.0,0.5,0.5,0.5,5,3,2,0,29,0,0,0,0,23
2024-01,0,0,0,3,34,0,0,28,0.0,17,2,0,3,0,34,0,0,0,0,34,0,0,0,3.0,30,13,0,2,0,23,0,29,29,29,34,0.0,6,0,0,34,0,0,3.0,3.0,34,5,0,31,0.0,18,0,0,0,0,34,0,2,0,0,34,0,0,40,34,0,0,0.0,3.0,34,0.0,4,0,0,34,0,2.0,0,0,22,0,0.0,13,0.0,34,0,0,0,0,34,0,0,0,0,34,0.0,0.0,0.5,0.5,0.5,4,3,0,0,34,0,0,0,0,26
2024-02,0,0,0,0,34,0,0,34,1.0,17,0,0,0,0,34,0,0,0,0,34,0,0,0,3.0,30,12,0,2,0,23,0,28,28,29,34,0.0,9,0,0,34,0,0,3.0,0.0,34,5,0,22,0.0,18,0,0,0,0,34,0,0,0,0,34,0,0,28,34,0,0,4.0,4.0,34,4.0,0,0,0,34,0,2.0,0,0,22,0,0.0,8,0.0,34,0,0,0,0,34,0,0,0,0,34,0.0,0.0,0.5,0.5,0.5,4,4,0,0,34,0,0,0,0,26
2024-03,0,0,0,0,38,0,0,23,0.0,19,0,0,0,0,38,0,0,0,0,38,0,0,0,0.0,34,13,0,2,0,25,0,26,25,25,38,0.0,7,0,0,38,0,0,3.0,4.0,38,5,0,24,0.0,20,0,0,0,0,38,0,0,0,0,38,0,0,23,38,0,0,6.0,7.0,38,6.0,0,0,0,38,0,0.0,0,0,24,0,0.0,11,0.0,38,0,0,0,0,38,0,0,3,0,38,0.0,0.0,0.5,0.5,0.5,5,3,0,0,38,0,0,0,0,29
2024-04,0,0,0,0,25,0,0,18,0.0,13,0,0,0,0,25,0,0,0,0,25,0,0,0,0.0,22,13,0,2,0,17,0,26,27,24,25,0.0,6,0,0,25,0,0,4.0,3.0,25,5,0,26,0.0,14,0,0,0,0,25,0,0,0,0,25,0,0,22,25,0,0,3.0,3.0,25,3.0,0,0,0,25,0,4.0,0,0,16,0,0.0,10,0.0,25,0,0,0,0,25,0,0,0,0,25,0.0,0.0,0.5,0.5,0.5,6,0,0,0,25,0,0,0,0,19
2024-05,0,0,0,0,31,0,0,21,0.0,16,0,2,0,0,31,0,0,0,0,31,0,0,2,3.0,28,14,0,0,0,21,0,25,23,24,31,0.0,7,0,0,31,0,0,4.0,3.0,31,4,0,25,0.0,17,0,0,0,0,31,3,0,0,0,31,0,0,21,31,0,0,4.0,4.0,31,4.0,3,3,0,31,0,3.0,0,0,20,0,0.0,8,0.0,31,0,0,0,0,31,0,0,0,0,31,0.0,0.0,0.5,0.5,0.5,5,4,0,0,31,0,0,0,0,24
2024-06,0,0,0,0,27,0,0,17,1.0,14,0,0,0,0,27,0,0,0,0,27,0,0,0,0.0,24,12,0,0,0,18,0,24,23,23,27,0.0,7,0,0,27,0,0,4.0,0.0,27,4,0,24,0.0,15,0,0,0,0,27,0,0,0,0,27,0,0,19,27,0,0,4.0,4.0,27,4.0,0,0,0,27,0,0.0,0,0,17,0,0.0,6,0.0,27,0,0,0,0,27,0,0,3,3,27,0.0,0.0,0.5,0.5,0.5,5,3,0,0,27,0,0,0,0,21
2024-07,0,0,0,0,28,0,0,19,0.0,14,0,0,0,0,28,0,0,0,0,28,0,0,0,0.0,25,11,0,0,0,19,0,20,20,19,28,0.0,9,0,0,28,0,0,3.0,0.0,28,4,0,26,0.0,15,0,0,0,0,28,0,0,0,0,28,0,0,22,28,0,0,0.0,0.0,28,0.0,0,0,0,28,0,0.0,0,0,18,0,0.0,10,0.0,28,0,0,0,0,28,0,0,0,0,28,0.0,0.0,0.5,0.5,0.5,5,0,0,0,28,0,0,0,0,21
2024-08,0,0,0,0,33,0,0,19,0.0,17,0,0,0,3,33,0,0,0,0,33,0,0,2,0.0,29,11,0,2,0,22,0,19,19,18,33,0.0,6,0,0,33,0,0,0.0,0.0,33,6,0,34,0.0,18,0,0,0,0,33,0,0,0,0,33,0,0,42,33,0,0,4.0,5.0,33,4.0,3,0,0,33,0,0.0,0,0,21,0,0.0,6,0.0,33,0,0,0,0,33,0,0,0,0,33,0.0,0.0,0.5,0.5,0.5,5,3,0,0,33,0,0,0,0,25
2024-09,0,0,0,0,33,0,0,19,0.0,17,0,0,0,0,33,0,0,2,0,33,0,0,3,2.0,29,13,0,0,0,22,0,26,26,26,33,0.0,8,0,0,33,0,0,4.0,3.0,33,3,0,27,0.0,18,0,0,0,0,33,0,0,0,0,33,0,0,28,33,0,0,6.0,8.0,33,6.0,0,0,0,33,0,0.0,0,0,21,0,0.0,10,0.0,33,0,0,0,0,33,0,0,0,0,33,0.0,0.0,0.5,0.5,0.5,6,5,0,0,33,0,0,0,0,25
2024-10,0,0,0,0,33,0,0,24,0.0,17,0,0,0,0,33,0,0,0,0,33,0,0,3,2.0,29,10,0,2,0,22,0,25,25,26,33,0.0,6,0,0,33,0,0,4.0,4.0,33,5,0,25,0.0,18,0,0,0,0,33,0,0,0,0,33,0,0,25,33,0,0,6.0,6.0,33,6.0,0,0,0,33,0,0.0,0,0,21,0,0.0,12,0.0,33,0,0,0,0,33,0,0,0,0,33,0.0,0.0,0.5,0.5,0.5,4,2,0,0,33,0,0,0,0,25
2024-11,0,0,0,0,36,0,0,22,0.0,18,0,0,0,0,36,0,0,0,3,36,0,0,0,0.0,32,12,0,2,0,24,0,25,24,26,36,0.0,7,0,0,36,0,0,4.0,4.0,36,3,0,25,0.0,19,0,0,0,0,36,0,0,0,0,36,0,0,36,36,0,0,8.0,6.0,36,8.0,0,0,0,36,0,2.0,0,0,23,0,0.0,12,0.0,36,0,0,0,0,36,0,0,3,0,36,0.0,0.0,0.5,0.5,0.5,5,4,0,0,36,0,0,0,0,28
2024-12,0,0,0,0,34,0,0,23,0.0,17,0,0,0,0,34,0,0,0,0,34,0,0,0,3.0,30,9,0,2,0,23,0,23,25,24,34,0.0,7,0,0,34,0,0,4.0,4.0,34,3,0,23,0.0,18,0,0,0,0,34,0,0,0,0,34,0,0,34,34,0,0,7.0,5.0,34,7.0,0,0,0,34,0,0.0,0,0,22,0,0.0,7,0.0,34,0,0,0,0,34,0,0,0,0,34,0.0,0.0,0.5,0.5,0.5,4,3,0,0,34,0,0,0,0,26
2025-01,0,0,0,0,33,0,0,35,0.0,17,0,0,0,0,33,0,0,0,0,33,0,0,4,2.0,30,11,0,0,0,22,0,23,23,23,33,0.0,9,0,3,33,3,3,0.0,3.0,33,3,0,23,0.0,18,0,0,0,0,33,0,0,0,0,33,0,0,25,33,0,0,3.0,5.0,33,3.0,0,0,0,33,0,2.0,0,0,21,0,0.0,7,0.0,33,0,0,0,0,33,0,0,0,0,33,0.0,0.0,0.5,0.5,0.5,5,7,0,0,33,0,0,0,0,25
2025-02,0,0,0,0,31,0,0,21,0.0,16,0,0,0,0,31,0,0,0,0,31,0,0,3,4.0,27,12,0,0,0,21,0,26,25,25,31,0.0,7,0,0,31,0,0,0.0,5.0,31,3,0,20,0.0,17,0,0,0,0,31,0,0,0,0,31,0,0,18,31,0,0,5.0,5.0,31,5.0,0,0,0,31,0,2.0,0,0,20,0,0.0,10,0.0,31,0,0,0,0,31,0,0,0,0,31,0.0,0.0,0.5,0.5,0.5,6,4,0,0,31,0,0,0,0,24
2025-03,0,0,0,0,27,0,0,19,0.0,14,0,0,0,0,27,0,0,0,0,27,0,0,0,0.0,24,10,0,0,0,18,0,28,23,24,27,0.0,7,0,0,27,0,0,0.0,0.0,27,3,0,20,0.0,15,0,0,0,0,27,0,0,0,0,27,0,0,20,27,0,0,0.0,4.0,27,0.0,0,0,0,27,0,0.0,0,0,18,0,3.0,7,0.0,27,0,0,0,0,27,0,0,0,0,27,0.0,0.0,0.5,0.5,0.5,3,0,0,0,27,0,0,0,0,21
2025-04,0,0,0,0,31,0,0,18,0.0,16,0,0,0,0,31,0,0,0,0,31,0,0,0,0.0,28,10,0,2,0,21,0,24,25,24,31,0.0,7,0,0,31,0,0,3.0,0.0,31,4,0,22,0.0,17,0,0,0,0,31,0,0,0,0,31,0,0,20,31,0,0,4.0,4.0,31,4.0,3,0,0,31,0,0.0,0,0,20,0,0.0,7,0.0,31,0,0,0,0,31,0,0,0,0,31,0.0,0.0,0.0,0.0,0.5,0,0,0,0,31,0,0,0,0,24
2025-05,0,0,0,0,26,0,0,19,0.0,14,0,0,4,4,26,0,0,0,0,26,0,0,0,0.0,24,14,0,0,0,18,0,24,25,25,26,0.0,7,0,0,26,0,0,4.0,3.0,26,2,0,18,0.0,14,0,0,0,0,26,0,0,0,0,26,0,0,23,26,0,0,4.0,4.0,26,4.0,0,0,0,26,0,0.0,0,0,17,0,0.0,10,0.0,26,0,0,0,0,26,0,0,0,0,26,0.0,0.0,0.5,0.5,0.5,7,4,0,0,26,0,0,0,0,20
2025-06,0,0,0,0,35,0,0,17,0.0,18,3,0,0,0,35,0,0,0,0,35,0,0,0,0.0,31,8,0,0,0,24,0,22,22,22,35,0.0,8,0,0,35,0,0,5.0,0.0,35,2,0,21,0.0,19,0,0,0,0,35,0,0,0,0,35,0,0,18,35,0,0,6.0,5.0,35,6.0,0,0,0,35,0,0.0,0,0,23,0,0.0,10,0.0,35,0,0,0,0,35,0,0,0,0,35,0.0,0.0,0.0,0.5,0.5,0,0,0,0,35,0,0,0,0,27
2025-07,0,0,0,0,29,0,0,16,1.0,15,0,0,0,0,29,0,0,0,0,29,0,0,0,0.0,26,10,0,2,0,19,0,24,24,22,29,0.0,8,0,0,29,0,0,3.0,3.0,29,2,0,20,0.0,16,0,0,0,0,29,0,0,0,0,29,0,0,22,29,0,0,3.0,3.0,29,3.0,3,0,0,29,0,2.0,0,0,19,0,0.0,7,0.0,29,0,0,0,0,29,0,0,0,2,29,0.0,0.0,0.5,0.5,0.5,6,3,0,0,29,0,0,0,0,22
2025-08,0,0,0,0,30,0,0,20,0.0,15,0,0,0,0,30,0,0,0,0,30,0,0,0,0.5,27,11,0,2,0,20,0,27,27,27,30,0.0,9,0,0,30,0,0,0.5,0.5,30,3,0,20,0.0,16,0,0,0,0,30,0,0,0,0,30,0,0,24,30,0,0,0.5,0.5,30,0.5,4,0,0,30,0,0.5,0,0,19,0,0.0,10,0.0,30,0,0,0,0,30,0,0,0,0,30,0.0,0.0,0.5,0.5,0.5,5,4,0,0,30,0,0,0,0,23
2025-09,0,0,0,1,29,0,0,17,0.5,15,1,0,1,1,29,1,1,1,1,29,0,0,2,2.0,26,11,0,2,0,19,0,24,24,25,29,0.5,7,1,1,29,1,1,2.0,2.0,29,3,0,16,0.5,15,1,0,0,0,29,0,0,0,0,29,0,0,26,29,0,0,5.0,5.0,29,4.0,3,0,0,29,0,2.0,0,0,19,0,0.5,9,0.5,29,1,1,1,1,29,1,2,2,2,29,0.5,0.5,0.5,0.5,0.5,5,3,0,0,29,0,0,0,0,22
