Month,Hijra,Arba'een,Arba'een(2),Nowruz,Email,Easter,welfare,retirement,pension,Email_file1,Ramadan,Eid al-Fitr,Eid al-Adha,Christmas,Email_file2,charity,Ashura,Arbaeen,Arbaeen(2),Email_file3,allowance,zaka,zaka(2),Email_file4,Christmas_file5,Mawlid,Ashoura,Hijra_file5,Email_file5
2004-01,0,0,0,0,0,0,0,0.0,0,0,0,0,0,0.0,0,0,0,0,0,0,0,0,0,0,0.0,0,0,0.0,0
2004-02,0,0,0,0,0,0,0,0.0,0,0,0,0,0,0.0,0,0,0,0,0,0,0,0,0,0,0.0,0,0,0.0,0
2004-03,0,0,0,0,0,0,0,0.0,0,0,0,0,0,0.0,0,0,0,0,0,0,0,0,0,0,0.0,0,0,0.0,0
2004-04,0,0,0,0,0,0,0,0.0,0,0,0,0,0,0.0,0,0,0,0,0,0,0,0,0,0,0.0,0,0,0.0,0
2004-05,0,0,0,0,0,0,0,0.0,0,0,0,0,0,0.0,0,0,0,0,0,0,0,0,0,0,0.0,0,0,0.0,0
2004-06,0,0,0,0,0,0,0,0.0,0,0,0,0,0,0.0,0,0,0,0,0,0,0,0,0,0,0.0,0,0,0.0,0
2004-07,0,0,0,0,0,0,0,0.0,0,0,0,0,0,0.0,0,0,0,0,0,0,0,0,0,0,0.0,0,0,0.0,0
2004-08,0,0,0,0,0,0,0,0.0,0,0,0,0,0,0.0,0,0,0,0,0,0,0,0,0,0,0.0,0,0,0.0,0
2004-09,0,0,0,0,0,0,0,0.0,0,0,0,0,0,0.0,0,0,0,0,0,0,0,0,0,0,0.0,0,0,0.0,0
2004-10,0,0,0,0,0,0,0,0.0,0,0,0,0,0,0.0,0,0,0,0,0,0,0,0,0,0,0.0,0,0,0.0,0
2004-11,0,0,0,0,0,0,0,0.0,0,0,0,0,0,0.0,0,0,0,0,0,0,0,0,0,0,0.0,0,0,0.0,0
2004-12,0,0,0,0,0,0,0,0.0,0,0,0,0,0,0.0,0,0,0,0,0,0,0,0,0,0,0.0,0,0,0.0,0
2005-01,0,0,0,0,0,0,0,0.0,0,0,0,0,0,0.0,0,0,0,0,0,0,0,0,0,0,0.0,0,0,0.0,0
2005-02,0,0,0,0,0,0,0,0.0,0,0,0,0,0,0.0,0,0,0,0,0,0,0,0,0,0,0.0,0,0,0.0,0
2005-03,0,0,0,0,0,0,0,0.0,0,0,0,0,0,0.0,0,0,0,0,0,0,0,0,0,0,0.0,0,0,0.0,0
2005-04,0,0,0,0,0,0,0,0.0,0,0,0,0,0,0.0,0,0,0,0,0,0,0,0,0,0,0.0,0,0,0.0,0
2005-05,0,0,0,0,0,0,0,0.0,0,0,0,0,0,0.0,0,0,0,0,0,0,0,0,0,0,0.0,0,0,0.0,0
2005-06,0,0,0,0,0,0,0,0.0,0,0,0,0,0,0.0,0,0,0,0,0,0,0,0,0,0,0.0,0,0,0.0,0
2005-07,0,0,0,0,0,0,0,0.0,0,0,0,0,0,0.0,0,0,0,0,0,0,0,0,0,0,0.0,0,0,0.0,0
2005-08,0,0,0,0,0,0,0,0.0,0,0,0,0,0,0.0,0,0,0,0,0,0,0,0,0,0,0.0,0,0,0.0,0
2005-09,0,0,0,0,0,0,0,0.0,0,0,0,0,0,0.0,0,0,0,0,0,0,0,0,0,0,0.0,0,0,0.0,0
2005-10,0,0,0,0,0,0,0,0.0,0,0,0,0,0,0.0,0,0,0,0,0,0,0,0,0,0,0.0,0,0,0.0,0
2005-11,0,0,0,0,0,0,0,0.0,0,0,0,0,0,0.0,0,0,0,0,0,0,0,0,0,0,0.0,0,0,0.0,0
2005-12,0,0,0,0,0,0,0,0.0,0,0,0,0,0,0.0,0,0,0,0,0,0,0,0,0,0,0.0,0,0,0.0,0
2006-01,0,0,0,0,0,0,0,0.0,0,0,0,0,0,0.0,0,0,0,0,0,0,0,0,0,0,0.0,0,0,0.0,0
2006-02,0,0,0,0,0,0,0,0.0,0,0,0,0,0,0.0,0,0,0,0,0,0,0,0,0,0,0.0,0,0,0.0,0
2006-03,0,0,0,0,0,0,0,0.0,0,0,0,0,0,0.0,0,0,0,0,0,0,0,0,0,0,0.0,0,0,0.0,0
2006-04,0,0,0,0,0,0,0,0.0,0,0,0,0,0,0.0,0,0,0,0,0,0,0,0,0,0,0.0,0,0,0.0,0
2006-05,0,0,0,0,0,0,0,0.0,0,0,0,0,0,0.0,0,0,0,0,0,0,0,0,0,0,0.0,0,0,0.0,0
2006-06,0,0,0,0,0,0,0,0.0,0,0,0,0,0,0.0,0,0,0,0,0,0,0,0,0,0,0.0,0,0,0.0,0
2006-07,0,0,0,0,0,0,0,0.0,0,0,0,0,0,0.0,0,0,0,0,0,0,0,0,0,0,0.0,0,0,0.0,0
2006-08,0,0,0,0,0,0,0,0.0,0,0,0,0,0,0.0,0,0,0,0,0,0,0,0,0,0,0.0,0,0,0.0,0
2006-09,0,0,0,0,0,0,0,0.0,0,0,0,0,0,0.0,0,0,0,0,0,0,0,0,0,0,0.0,0,0,0.0,0
2006-10,0,0,0,0,0,0,0,0.0,0,0,0,0,0,0.0,0,0,0,0,0,0,0,0,0,0,0.0,0,0,0.0,0
2006-11,0,0,0,0,0,0,0,0.0,0,0,0,0,0,0.0,0,0,0,0,0,0,0,0,0,0,0.0,0,0,0.0,0
2006-12,0,0,0,0,0,0,0,0.0,0,0,0,0,0,0.0,0,0,0,0,0,0,0,0,0,0,0.0,0,0,0.0,0
2007-01,0,0,0,0,0,0,0,0.0,0,0,0,0,0,0.0,0,0,0,0,0,0,0,0,0,0,0.0,0,0,0.0,0
2007-02,0,0,0,0,0,0,0,0.0,0,0,0,0,0,0.0,0,0,0,0,0,0,0,0,0,0,0.0,0,0,0.0,0
2007-03,0,0,0,0,0,0,0,0.0,0,0,0,0,0,0.0,0,0,0,0,0,0,0,0,0,0,0.0,0,0,0.0,0
2007-04,0,0,0,0,0,0,0,0.0,0,0,0,0,0,0.0,0,0,0,0,0,0,0,0,0,0,0.0,0,0,0.0,0
2007-05,0,0,0,0,0,0,0,0.0,0,0,0,0,0,0.0,0,0,0,0,0,0,0,0,0,0,0.0,0,0,0.0,0
2007-06,0,0,0,0,0,0,0,0.0,0,0,0,0,0,0.0,0,0,0,0,0,0,0,0,0,0,0.0,0,0,0.0,0
2007-07,0,0,0,0,0,0,0,0.0,0,0,0,0,0,0.0,0,0,0,0,0,0,0,0,0,0,0.0,0,0,0.0,0
2007-08,0,0,0,0,0,0,0,0.0,0,0,0,0,0,0.0,0,0,0,0,0,0,0,0,0,0,0.0,0,0,0.0,0
2007-09,0,0,0,0,0,0,0,0.0,0,0,0,0,0,0.0,0,0,0,0,0,0,0,0,0,0,0.0,0,0,0.0,0
2007-10,0,0,0,0,0,0,0,0.0,0,0,0,0,0,0.0,0,0,0,0,0,0,0,0,0,0,0.0,0,0,0.0,0
2007-11,0,0,0,0,0,0,0,0.0,0,0,0,0,0,0.0,0,0,0,0,0,0,0,0,0,0,0.0,0,0,0.0,0
2007-12,0,0,0,0,0,0,0,0.0,0,0,0,0,0,0.0,0,0,0,0,0,0,0,0,0,0,0.0,0,0,0.0,0
2008-01,0,0,0,0,0,0,0,0.0,0,0,0,0,0,0.0,0,0,0,0,0,0,0,0,0,0,0.0,0,0,0.0,0
2008-02,0,0,0,0,0,0,0,0.0,0,0,0,0,0,0.0,0,0,0,0,0,0,0,0,0,0,0.0,0,0,0.0,0
2008-03,0,0,0,0,0,0,0,0.0,0,0,0,0,0,0.0,0,0,0,0,0,0,0,0,0,0,0.0,0,0,0.0,0
2008-04,0,0,0,0,0,0,0,0.0,0,0,0,0,0,0.0,0,0,0,0,0,0,0,0,0,0,0.0,0,0,0.0,0
2008-05,0,0,0,0,0,0,0,0.0,0,0,0,0,0,0.0,0,0,0,0,0,0,0,0,0,0,0.0,0,0,0.0,0
2008-06,0,0,0,0,0,0,0,0.0,0,0,0,0,0,0.0,0,0,0,0,0,0,0,0,0,0,0.0,0,0,0.0,0
2008-07,0,0,0,0,0,0,0,0.0,0,0,0,0,0,0.0,0,0,0,0,0,0,0,0,0,0,0.0,0,0,0.0,0
2008-08,0,0,0,0,0,0,0,0.0,0,0,0,0,0,0.0,0,0,0,0,0,0,0,0,0,0,0.0,0,0,0.0,0
2008-09,0,0,0,0,0,0,0,0.0,0,0,0,0,0,0.0,0,0,0,0,0,0,0,0,0,0,0.0,0,0,0.0,0
2008-10,0,0,0,0,0,0,0,0.0,0,0,0,0,0,0.0,0,0,0,0,0,0,0,0,0,0,0.0,0,0,0.0,0
2008-11,0,0,0,0,0,0,0,0.0,0,0,0,0,0,0.0,0,0,0,0,0,0,0,0,0,0,0.0,0,0,0.0,0
2008-12,0,0,0,0,0,0,0,0.0,0,0,0,0,0,0.0,0,0,0,0,0,0,0,0,0,0,0.0,0,0,0.0,0
2009-01,0,0,0,0,0,0,0,0.0,0,0,0,0,0,0.0,0,0,0,0,0,0,0,0,0,0,0.0,0,0,0.0,0
2009-02,0,0,0,0,0,0,0,0.0,0,0,0,0,0,0.0,0,0,0,0,0,0,0,0,0,0,0.0,0,0,0.0,0
2009-03,0,0,0,0,0,0,0,0.0,0,0,0,0,0,0.0,0,0,0,0,0,0,0,0,0,0,0.0,0,0,0.0,0
2009-04,0,0,0,0,0,0,0,0.0,0,0,0,0,0,0.0,0,0,0,0,0,0,0,0,0,0,0.0,0,0,0.0,0
2009-05,0,0,0,0,0,0,0,0.0,0,0,0,0,0,0.0,0,0,0,0,0,0,0,0,0,0,0.0,0,0,0.0,0
2009-06,0,0,0,0,0,0,0,0.0,0,0,0,0,0,0.0,0,0,0,0,0,0,0,0,0,0,0.0,0,0,0.0,0
2009-07,0,0,0,0,0,0,0,0.0,0,0,0,0,0,0.0,0,0,0,0,0,0,0,0,0,0,0.0,0,0,0.0,0
2009-08,0,0,0,0,0,0,0,0.0,0,0,0,0,0,0.0,0,0,0,0,0,0,0,0,0,0,0.0,0,0,0.0,0
2009-09,0,0,0,0,0,0,0,0.0,0,0,0,0,0,0.0,0,0,0,0,0,0,0,0,0,0,0.0,0,0,0.0,0
2009-10,0,0,0,0,0,0,0,0.0,0,0,0,0,0,0.0,0,0,0,0,0,0,0,0,0,0,0.0,0,0,0.0,0
2009-11,0,0,0,0,0,0,0,0.0,0,0,0,0,0,0.0,0,0,0,0,0,0,0,0,0,0,0.0,0,0,0.0,0
2009-12,0,0,0,0,0,0,0,0.0,0,0,0,0,0,0.0,0,0,0,0,0,0,0,0,0,0,0.0,0,0,0.0,0
2010-01,0,0,0,0,0,0,0,0.0,0,0,0,0,0,0.0,0,0,0,0,0,0,0,0,0,0,0.0,0,0,0.0,0
2010-02,0,0,0,0,0,0,0,0.0,0,0,0,0,0,0.0,0,0,0,0,0,0,0,0,0,0,0.0,0,0,0.0,0
2010-03,0,0,0,0,0,0,0,0.0,0,0,0,0,0,0.0,0,0,0,0,0,0,0,0,0,0,0.0,0,0,0.0,0
2010-04,0,0,0,0,0,0,0,0.0,0,0,0,0,0,0.0,0,0,0,0,0,0,0,0,0,0,0.0,0,0,0.0,0
2010-05,0,0,0,0,0,0,0,0.0,0,0,0,0,0,0.0,0,0,0,0,0,0,0,0,0,0,0.0,0,0,0.0,0
2010-06,0,0,0,0,0,0,0,0.0,0,0,0,0,0,0.0,0,0,0,0,0,0,0,0,0,0,0.0,0,0,0.0,0
2010-07,0,0,0,0,0,0,0,0.0,0,0,0,0,0,0.0,0,0,0,0,0,0,0,0,0,0,0.0,0,0,0.0,0
2010-08,0,0,0,0,0,0,0,0.0,0,0,0,0,0,0.0,0,0,0,0,0,0,0,0,0,0,0.0,0,0,0.0,0
2010-09,0,0,0,0,0,0,0,0.0,0,0,0,0,0,0.0,0,0,0,0,0,0,0,0,0,0,0.0,0,0,0.0,0
2010-10,0,0,0,0,0,0,0,0.0,0,0,0,0,0,0.0,0,0,0,0,0,0,0,0,0,0,0.0,0,0,0.0,0
2010-11,0,0,0,0,0,0,0,0.0,0,0,0,0,0,0.0,0,0,0,0,0,0,0,0,0,0,0.0,0,0,0.0,0
2010-12,0,0,0,0,0,0,0,0.0,0,0,0,0,0,0.0,0,0,0,0,0,0,0,0,0,0,0.0,0,0,0.0,0
2011-01,0,0,0,0,0,0,0,0.0,0,0,0,0,0,0.0,0,0,0,0,0,0,0,0,0,0,0.0,0,0,0.0,0
2011-02,0,0,0,0,0,0,0,0.0,0,0,0,0,0,0.0,0,0,0,0,0,0,0,0,0,0,0.0,0,0,0.0,0
2011-03,0,0,0,0,0,0,0,0.0,0,0,0,0,0,0.0,0,0,0,0,0,0,0,0,0,0,0.0,0,0,0.0,0
2011-04,0,0,0,0,0,0,0,0.0,0,0,0,0,0,0.0,0,0,0,0,0,0,0,0,0,0,0.0,0,0,0.0,0
2011-05,0,0,0,0,0,0,0,0.0,0,0,0,0,0,0.0,0,0,0,0,0,0,0,0,0,0,0.0,0,0,0.0,0
2011-06,0,0,0,0,0,0,0,0.0,0,0,0,0,0,0.0,0,0,0,0,0,0,0,0,0,0,0.0,0,0,0.0,0
2011-07,0,0,0,0,0,0,0,0.0,0,0,0,0,0,0.0,0,0,0,0,0,0,0,0,0,0,0.0,0,0,0.0,0
2011-08,0,0,0,0,0,0,0,0.0,0,0,0,0,0,0.0,0,0,0,0,0,0,0,0,0,0,0.0,0,0,0.0,0
2011-09,0,0,0,0,0,0,0,0.0,0,0,0,0,0,0.0,0,0,0,0,0,0,0,0,0,0,0.0,0,0,0.0,0
2011-10,0,0,0,0,0,0,0,0.0,0,0,0,0,0,0.0,0,0,0,0,0,0,0,0,0,0,0.0,0,0,0.0,0
2011-11,0,0,0,0,0,0,0,0.0,0,0,0,0,0,0.0,0,0,0,0,0,0,0,0,0,0,0.0,0,0,0.0,0
2011-12,0,0,0,0,0,0,0,0.0,0,0,0,0,0,0.0,0,0,0,0,0,0,0,0,0,0,0.0,0,0,0.0,0
2012-01,0,0,0,0,0,0,0,0.0,0,0,0,0,0,0.0,0,0,0,0,0,0,0,0,0,0,0.0,0,0,0.0,0
2012-02,0,0,0,0,0,0,0,0.0,0,0,0,0,0,0.0,0,0,0,0,0,0,0,0,0,0,0.0,0,0,0.0,0
2012-03,0,0,0,0,0,0,0,0.0,0,0,0,0,0,0.0,0,0,0,0,0,0,0,0,0,0,0.0,0,0,0.0,0
2012-04,0,0,0,0,0,0,0,0.0,0,0,0,0,0,0.0,0,0,0,0,0,0,0,0,0,0,0.0,0,0,0.0,0
2012-05,0,0,0,0,0,0,0,0.0,0,0,0,0,0,0.0,0,0,0,0,0,0,0,0,0,0,0.0,0,0,0.0,0
2012-06,0,0,0,0,0,0,0,0.0,0,0,0,0,0,0.0,0,0,0,0,0,0,0,0,0,0,0.0,0,0,0.0,0
2012-07,0,0,0,0,0,0,0,0.0,0,0,0,0,0,0.0,0,0,0,0,0,0,0,0,0,0,0.0,0,0,0.0,0
2012-08,0,0,0,0,0,0,0,0.0,0,0,0,0,0,0.0,0,0,0,0,0,0,0,0,0,0,0.0,0,0,0.0,0
2012-09,0,0,0,0,0,0,0,0.0,0,0,0,0,0,0.0,0,0,0,0,0,0,0,0,0,0,0.0,0,0,0.0,0
2012-10,0,0,0,0,0,0,0,0.0,0,0,0,0,0,0.0,0,0,0,0,0,0,0,0,0,0,0.0,0,0,0.0,0
2012-11,0,0,0,0,0,0,0,0.0,0,0,0,0,0,0.0,0,0,0,0,0,0,0,0,0,0,0.0,0,0,0.0,0
2012-12,0,0,0,0,0,0,0,0.0,0,0,0,0,0,0.0,0,0,0,0,0,0,0,0,0,0,0.0,0,0,0.0,0
2013-01,0,0,0,0,0,0,0,0.0,0,0,0,0,0,0.0,0,0,0,0,0,0,0,0,0,0,0.0,0,0,0.0,0
2013-02,0,0,0,0,0,0,0,0.0,0,0,0,0,0,0.0,0,0,0,0,0,0,0,0,0,0,0.0,0,0,0.0,0
2013-03,0,0,0,0,0,0,0,0.0,0,0,0,0,0,0.0,0,0,0,0,0,0,0,0,0,0,0.0,0,0,0.0,0
2013-04,0,0,0,0,0,0,0,0.0,0,0,0,0,0,0.0,0,0,0,0,0,0,0,0,0,0,0.0,0,0,0.0,0
2013-05,0,0,0,0,0,0,0,0.0,0,0,0,0,0,0.0,0,0,0,0,0,0,0,0,0,0,0.0,0,0,0.0,0
2013-06,0,0,0,0,0,0,0,0.0,0,0,0,0,0,0.0,0,0,0,0,0,0,0,0,0,0,0.0,0,0,0.0,0
2013-07,0,0,0,0,0,0,0,0.0,0,0,0,0,0,0.0,0,0,0,0,0,0,0,0,0,0,0.0,0,0,0.0,0
2013-08,0,0,0,0,0,0,0,0.0,0,0,0,0,0,0.0,0,0,0,0,0,0,0,0,0,0,0.0,0,0,0.0,0
2013-09,0,0,0,0,0,0,0,0.0,0,0,0,0,0,0.0,0,0,0,0,0,0,0,0,0,0,0.0,0,0,0.0,0
2013-10,0,0,0,0,0,0,0,0.0,0,0,0,0,0,0.0,0,0,0,0,0,0,0,0,0,0,0.0,0,0,0.0,0
2013-11,0,0,0,0,0,0,0,0.0,0,0,0,0,0,0.0,0,0,0,0,0,0,0,0,0,0,0.0,0,0,0.0,0
2013-12,0,0,0,0,0,0,0,0.0,0,0,0,0,0,0.0,0,0,0,0,0,0,0,0,0,0,0.0,0,0,0.0,0
2014-01,0,0,0,0,0,0,0,0.0,0,0,0,0,0,0.0,0,0,0,0,0,0,0,0,0,0,0.0,0,0,0.0,0
2014-02,0,0,0,0,0,0,0,0.0,0,0,0,0,0,0.0,0,0,0,0,0,0,0,0,0,0,0.0,0,0,0.0,0
2014-03,0,0,0,0,0,0,0,0.0,0,0,0,0,0,0.0,0,0,0,0,0,0,0,0,0,0,0.0,0,0,0.0,0
2014-04,0,0,0,0,0,0,0,0.0,0,0,0,0,0,0.0,0,0,0,0,0,0,0,0,0,0,0.0,0,0,0.0,0
2014-05,0,0,0,0,0,0,0,0.0,0,0,0,0,0,0.0,0,0,0,0,0,0,0,0,0,0,0.0,0,0,0.0,0
2014-06,0,0,0,0,0,0,0,0.0,0,0,0,0,0,0.0,0,0,0,0,0,0,0,0,0,0,0.0,0,0,0.0,0
2014-07,0,0,0,0,0,0,0,0.0,0,0,0,0,0,0.0,0,0,0,0,0,0,0,0,0,0,0.0,0,0,0.0,0
2014-08,0,0,0,0,83,0,0,0.0,0,83,0,0,0,0.0,42,0,0,0,0,83,0,0,0,83,0.0,0,0,0.0,5
2014-09,0,0,0,0,90,0,0,0.0,0,90,0,0,0,0.0,46,0,0,0,0,90,0,0,0,90,0.0,0,0,0.0,6
2014-10,0,0,0,0,78,0,0,0.0,0,78,0,0,0,0.0,40,0,0,0,0,78,0,0,0,78,0.0,0,0,0.0,5
2014-11,0,0,0,0,75,0,0,0.0,0,75,0,0,0,0.0,38,0,0,0,0,75,0,0,0,75,0.0,0,0,0.0,5
2014-12,0,0,0,0,100,0,0,0.0,0,100,0,0,0,68.0,51,0,0,0,0,100,0,0,0,100,8.0,0,0,0.0,6
2015-01,0,0,0,0,0,0,0,0.0,0,0,0,0,0,0.0,0,0,0,0,0,0,0,0,0,0,0.0,0,0,0.0,0
2015-02,0,0,0,0,0,0,0,0.0,0,0,0,0,0,0.0,0,0,0,0,0,0,0,0,0,0,0.0,0,0,0.0,0
2015-03,0,0,0,0,0,0,0,0.0,0,0,0,0,0,0.0,0,0,0,0,0,0,0,0,0,0,0.0,0,0,0.0,0
2015-04,0,0,0,0,0,0,0,0.0,0,0,0,0,0,0.0,0,0,0,0,0,0,0,0,0,0,0.0,0,0,0.0,0
2015-05,0,0,0,0,0,0,0,0.0,0,0,0,0,0,0.0,0,0,0,0,0,0,0,0,0,0,0.0,0,0,0.0,0
2015-06,0,0,0,0,0,0,0,0.0,0,0,0,0,0,0.0,0,0,0,0,0,0,0,0,0,0,0.0,0,0,0.0,0
2015-07,0,0,0,0,0,0,0,0.0,0,0,0,0,0,0.0,0,0,0,0,0,0,0,0,0,0,0.0,0,0,0.0,0
2015-08,0,0,0,0,0,0,0,0.0,0,0,0,0,0,0.0,0,0,0,0,0,0,0,0,0,0,0.0,0,0,0.0,0
2015-09,0,0,0,0,0,0,0,0.0,0,0,0,0,0,0.0,0,0,0,0,0,0,0,0,0,0,0.0,0,0,0.0,0
2015-10,0,0,0,0,0,0,0,0.0,0,0,0,0,0,0.0,0,0,0,0,0,0,0,0,0,0,0.0,0,0,0.0,0
2015-11,0,0,0,0,0,0,0,0.0,0,0,0,0,0,0.0,0,0,0,0,0,0,0,0,0,0,0.0,100,0,0.0,0
2015-12,0,0,0,0,0,0,0,0.0,0,0,0,0,0,0.0,0,0,0,0,0,0,0,0,0,0,0.0,0,0,0.0,0
2016-01,0,0,0,0,0,0,0,0.0,0,0,0,0,0,0.0,0,0,0,0,0,0,0,0,0,0,0.0,0,0,0.0,0
2016-02,0,0,0,0,0,0,0,0.0,0,0,0,0,0,0.0,0,0,0,0,0,0,0,0,0,0,0.0,0,0,0.0,0
2016-03,0,0,0,0,0,0,0,0.0,0,0,0,0,0,0.0,0,0,0,0,0,0,0,0,0,0,0.0,0,0,0.0,0
2016-04,0,0,0,0,0,0,0,0.0,0,0,0,100,0,0.0,0,0,0,0,0,0,0,0,0,0,0.0,0,0,0.0,0
2016-05,0,0,0,0,0,0,0,0.0,0,0,0,0,0,0.0,0,0,0,0,0,0,0,0,0,0,0.0,0,0,0.0,0
2016-06,0,0,0,0,0,0,0,0.0,0,0,0,0,0,0.0,0,0,0,0,0,0,0,0,0,0,0.0,0,0,0.0,0
2016-07,0,0,0,0,0,0,0,0.0,0,0,0,0,0,0.0,0,0,0,0,0,0,0,0,0,0,0.0,0,0,0.0,0
2016-08,0,0,0,0,0,0,0,0.0,0,0,0,0,0,0.0,0,0,0,0,0,0,0,0,0,0,0.0,0,0,0.0,0
2016-09,0,0,0,0,0,0,0,0.0,0,0,0,0,0,0.0,0,0,0,0,0,0,0,0,0,0,0.0,0,0,0.0,0
2016-10,0,0,0,0,0,0,0,0.0,0,0,0,0,0,0.0,0,0,0,0,0,0,0,0,0,0,0.0,0,0,0.0,0
2016-11,0,0,0,0,0,0,0,0.0,0,0,0,0,0,0.0,0,0,0,0,0,0,0,0,0,0,0.0,0,0,0.0,0
2016-12,0,0,0,0,80,0,0,0.0,0,80,0,0,0,0.0,41,0,0,0,0,80,0,0,0,80,0.0,0,0,0.0,5
2017-01,0,0,0,0,0,0,0,0.0,0,0,0,0,0,0.0,0,0,0,0,0,0,0,0,0,0,0.0,0,0,0.0,0
2017-02,0,0,0,0,0,0,0,0.0,0,0,0,0,0,0.0,0,0,0,0,0,0,0,0,0,0,0.0,0,0,0.0,0
2017-03,0,0,0,0,0,0,0,0.0,0,0,0,0,0,0.0,0,0,0,0,0,0,0,0,0,0,0.0,0,0,0.0,0
2017-04,0,0,0,0,70,0,0,0.0,0,70,0,0,0,0.0,36,0,0,0,0,70,0,0,0,70,0.0,0,0,0.0,4
2017-05,0,0,0,0,0,0,0,0.0,0,0,29,0,0,0.0,0,0,0,0,0,0,0,0,0,0,0.0,0,0,0.0,0
2017-06,0,0,0,0,0,0,0,0.0,0,0,0,0,0,0.0,0,0,0,0,0,0,0,0,0,0,0.0,0,0,0.0,0
2017-07,0,0,0,0,0,0,0,0.0,0,0,0,0,0,0.0,0,0,0,0,0,0,0,0,0,0,0.0,0,0,0.0,0
2017-08,0,0,0,0,0,0,0,0.0,0,0,0,0,0,0.0,0,0,0,0,0,0,0,0,0,0,0.0,0,0,0.0,0
2017-09,0,0,0,0,70,0,0,0.0,0,70,0,0,0,0.0,36,0,0,0,0,70,0,0,0,70,0.0,0,0,0.0,4
2017-10,0,0,0,0,55,0,0,0.0,0,55,0,0,0,0.0,28,0,0,0,0,55,0,0,0,55,0.0,0,0,0.0,3
2017-11,0,0,0,0,67,0,0,0.0,0,67,0,0,0,0.0,34,0,0,0,0,67,0,0,0,67,0.0,0,0,0.0,4
2017-12,0,0,0,0,59,0,0,0.0,0,59,0,0,0,0.0,30,0,0,0,0,59,0,0,0,59,0.0,0,0,0.0,4
2018-01,0,0,0,0,76,0,0,0.0,0,76,0,0,0,0.0,39,0,0,0,0,76,0,0,0,76,0.0,0,0,0.0,5
2018-02,0,0,0,0,55,0,0,0.0,0,55,0,0,0,0.0,28,0,0,0,0,55,0,0,0,55,0.0,0,0,0.0,3
2018-03,0,0,0,0,32,0,0,0.0,0,32,0,0,0,0.0,16,0,0,0,0,32,0,0,0,32,0.0,0,0,0.0,2
2018-04,0,0,0,0,40,0,37,0.0,0,40,0,0,0,0.0,20,0,0,0,0,40,0,0,0,40,0.0,0,0,0.0,2
2018-05,0,0,0,0,56,0,0,0.0,0,56,39,0,0,0.0,28,0,0,0,0,56,0,0,0,56,0.0,0,0,0.0,3
2018-06,0,0,0,0,22,0,0,0.0,0,22,16,0,0,0.0,11,0,0,0,0,22,0,0,0,22,0.0,0,0,0.0,1
2018-07,0,0,0,0,31,0,0,0.0,0,31,0,0,0,0.0,16,0,0,0,0,31,0,0,0,31,0.0,0,0,0.0,2
2018-08,0,0,0,0,44,0,0,0.0,0,44,0,0,0,0.0,22,0,0,0,0,44,25,0,0,44,0.0,0,0,0.0,3
2018-09,0,0,0,0,27,0,0,0.0,0,27,0,0,0,0.0,14,0,0,0,0,27,0,0,0,27,0.0,0,0,0.0,2
2018-10,0,0,0,0,47,0,0,0.0,0,47,0,0,0,0.0,24,0,0,0,0,47,0,0,0,47,0.0,0,0,0.0,3
2018-11,0,0,0,0,40,0,0,0.0,0,40,0,0,0,0.0,20,0,0,0,0,40,0,0,0,40,0.0,0,0,0.0,2
2018-12,0,0,0,0,42,0,0,0.0,0,42,0,0,0,17.0,21,0,0,0,0,42,0,0,0,42,2.0,0,0,0.0,3
2019-01,0,0,0,0,39,0,0,0.0,0,39,0,0,0,0.0,20,0,0,0,0,39,0,0,0,39,0.0,0,0,0.0,2
2019-02,0,0,0,0,40,0,0,0.0,0,40,0,0,0,0.0,21,0,0,0,0,40,0,0,0,40,0.0,0,0,0.0,2
2019-03,0,0,0,0,83,0,0,0.0,0,83,0,0,0,0.0,42,0,0,0,0,83,0,0,0,83,0.0,0,0,0.0,5
2019-04,0,0,0,0,61,0,0,0.0,0,61,0,0,0,0.0,31,0,0,0,0,61,0,0,0,61,0.0,0,0,0.0,4
2019-05,0,0,0,0,65,0,0,0.0,0,65,27,0,0,0.0,33,0,0,0,0,65,0,0,0,65,0.0,0,0,0.0,4
2019-06,0,0,0,0,29,0,0,0.0,0,29,0,0,0,0.0,15,0,0,0,0,29,0,0,0,29,0.0,0,0,0.0,2
2019-07,0,0,0,0,56,0,18,0.0,0,56,0,0,0,0.0,29,0,0,0,0,56,0,0,0,56,0.0,0,0,0.0,3
2019-08,0,0,0,0,60,0,0,13.0,0,60,0,0,7,0.0,30,0,0,0,0,60,0,0,0,60,0.0,0,0,0.0,4
2019-09,0,0,0,0,36,0,0,0.0,0,36,0,0,0,0.0,18,0,0,0,0,36,0,0,0,36,0.0,0,0,0.0,2
2019-10,0,0,0,0,43,0,0,0.0,0,43,0,0,0,0.0,22,0,0,0,0,43,0,0,0,43,0.0,0,0,0.0,3
2019-11,0,0,0,0,46,0,0,0.0,0,46,0,0,0,0.0,23,0,0,0,0,46,0,0,0,46,0.0,0,0,0.0,3
2019-12,0,0,0,0,41,0,0,0.0,0,41,0,0,0,19.0,21,0,0,0,0,41,0,0,0,41,2.0,0,0,0.0,3
2020-01,0,0,0,0,35,0,0,0.0,0,35,0,0,0,0.0,18,0,0,0,0,35,0,0,0,35,0.0,0,0,0.0,2
2020-02,10,0,0,0,44,0,0,0.0,0,44,0,0,0,0.0,22,0,0,0,0,44,0,0,0,44,0.0,0,0,1.0,3
2020-03,10,0,0,0,41,0,0,0.0,0,41,0,0,0,0.0,21,0,0,0,0,41,0,0,9,41,0.0,0,0,1.0,3
2020-04,0,0,0,0,42,0,0,0.0,0,42,48,0,0,0.0,21,0,0,0,0,42,0,0,0,42,0.0,0,0,0.0,3
2020-05,0,0,0,0,39,0,0,0.0,0,39,15,0,0,0.0,20,0,0,0,0,39,0,0,0,39,0.0,0,0,0.0,2
2020-06,7,0,0,0,61,0,0,0.0,0,61,0,0,0,0.0,31,0,0,0,0,61,0,0,0,61,0.0,0,0,0.5,4
2020-07,0,0,0,0,65,0,0,0.0,0,65,0,0,0,0.0,33,0,0,0,0,65,0,0,0,65,0.0,0,0,0.0,4
2020-08,0,0,0,0,50,0,0,0.0,0,50,0,0,0,0.0,26,0,0,0,0,50,0,0,0,50,0.0,0,0,0.0,3
2020-09,8,0,0,0,54,0,0,0.0,0,54,0,0,0,0.0,28,0,0,0,0,54,0,0,0,54,0.0,0,0,0.5,3
2020-10,6,0,0,0,54,0,0,0.0,0,54,0,0,0,0.0,27,0,0,0,0,54,0,0,0,54,0.0,0,0,0.5,3
2020-11,0,0,0,0,36,0,5,0.0,5,36,0,0,0,0.0,18,0,0,0,0,36,0,0,0,36,0.0,0,0,0.0,2
2020-12,0,0,0,0,46,0,0,0.0,0,46,0,0,0,14.0,23,0,0,0,0,46,0,0,0,46,2.0,0,0,0.0,3
2021-01,6,0,0,0,36,0,0,0.0,0,36,0,0,0,0.0,18,0,0,0,0,36,0,0,0,36,0.0,0,0,0.5,2
2021-02,0,0,0,0,32,0,6,0.0,0,32,0,0,0,0.0,16,0,0,0,0,32,0,0,0,32,0.0,0,0,0.0,2
2021-03,7,0,0,0,40,0,0,0.0,0,40,3,0,0,3.0,20,0,0,0,0,40,0,0,0,40,0.5,0,0,0.5,2
2021-04,0,0,0,0,38,0,0,0.0,0,38,43,0,0,0.0,19,0,0,0,0,38,0,0,0,38,0.0,0,0,0.0,2
2021-05,9,0,0,0,33,0,0,0.0,0,33,7,0,0,0.0,17,0,0,0,0,33,0,0,0,33,0.0,0,0,1.0,2
2021-06,0,0,0,0,43,0,0,0.0,5,43,0,0,0,0.0,22,0,0,0,0,43,0,0,0,43,0.0,0,0,0.0,3
2021-07,0,0,0,0,30,0,0,0.0,0,30,0,0,3,3.0,15,0,0,0,0,30,0,0,0,30,0.5,0,0,0.0,2
2021-08,4,0,0,0,32,0,0,0.0,0,32,0,0,0,0.0,16,0,0,0,0,32,0,0,0,32,0.0,0,0,0.5,2
2021-09,6,0,0,0,28,0,5,0.0,0,28,0,0,0,0.0,14,0,0,0,0,28,0,0,0,28,0.0,0,0,0.5,2
2021-10,0,0,4,0,28,0,0,0.0,0,28,0,0,0,0.0,14,0,0,5,0,28,0,0,0,28,0.0,0,0,0.0,2
2021-11,9,0,0,0,35,0,0,0.0,0,35,0,0,0,2.0,18,0,0,0,0,35,0,0,0,35,0.5,0,0,1.0,2
2021-12,9,0,0,0,27,0,0,0.0,0,27,0,5,0,11.0,13,0,0,0,0,27,0,0,0,27,1.0,0,0,1.0,2
2022-01,9,0,0,0,31,0,4,0.0,0,31,0,0,0,3.0,16,4,0,0,0,31,0,0,0,31,0.5,0,0,1.0,2
2022-02,4,0,0,0,35,0,0,0.0,3,35,3,0,0,0.0,18,0,0,0,0,35,0,0,0,35,0.0,0,0,0.5,2
2022-03,6,0,0,0,38,0,0,0.0,0,38,7,0,0,0.0,19,0,0,0,0,38,0,0,0,38,0.0,0,0,0.5,2
2022-04,5,0,0,0,42,5,0,0.0,0,42,37,0,0,2.0,21,0,0,0,0,42,0,0,0,42,0.5,0,0,0.5,3
2022-05,5,0,0,0,43,0,0,0.0,0,43,0,0,0,0.0,22,0,0,0,0,43,0,0,0,43,0.0,0,0,0.5,3
2022-06,5,0,0,0,41,0,0,0.0,0,41,0,0,0,0.0,21,0,0,0,0,41,3,0,0,41,0.0,0,0,0.5,3
2022-07,7,0,0,0,36,0,0,0.0,4,36,0,0,0,0.0,18,0,0,0,0,36,0,0,0,36,0.0,0,0,0.5,2
2022-08,7,0,0,0,38,0,0,0.0,0,38,0,0,0,0.0,20,0,0,0,0,38,0,3,0,38,0.0,0,0,0.5,2
2022-09,5,0,0,0,50,0,3,0.0,3,50,0,0,0,0.0,25,0,0,0,0,50,0,0,0,50,0.0,0,0,0.5,3
2022-10,4,0,0,0,44,0,4,0.0,0,44,0,0,0,2.0,22,0,0,0,0,44,0,0,0,44,0.5,0,0,0.5,3
2022-11,4,0,0,0,46,0,5,0.0,0,46,0,0,0,3.0,23,0,0,0,0,46,0,0,0,46,0.5,0,0,0.5,3
2022-12,5,0,0,0,31,0,3,0.0,0,31,1,0,0,9.0,16,0,0,0,0,31,0,0,0,31,1.0,0,0,0.5,2
2023-01,5,0,0,0,29,0,2,0.0,0,29,4,0,0,1.0,15,0,0,0,0,29,0,0,0,29,0.5,0,0,0.5,2
2023-02,3,0,0,0,32,0,3,0.0,0,32,4,0,0,0.0,16,0,0,0,0,32,0,0,0,32,0.0,0,0,0.5,2
2023-03,4,0,0,0,33,0,2,0.0,0,33,41,0,0,0.0,17,0,0,0,0,33,0,0,0,33,0.0,0,0,0.5,2
2023-04,4,0,0,0,35,3,0,0.0,0,35,18,0,0,0.0,18,0,0,0,0,35,0,0,0,35,0.0,0,0,0.5,2
2023-05,5,0,0,0,41,0,0,0.0,0,41,2,0,0,0.0,21,0,0,0,0,41,0,0,0,41,0.0,0,0,0.5,3
2023-06,6,0,0,0,38,0,0,0.0,0,38,0,0,0,0.0,20,0,0,0,0,38,0,0,0,38,0.0,0,0,0.5,2
2023-07,3,0,0,0,34,0,0,0.0,3,34,0,0,0,0.0,17,0,0,0,0,34,0,0,0,34,0.0,0,0,0.5,2
2023-08,5,0,0,0,41,0,3,0.0,10,41,0,0,0,2.0,21,0,0,0,0,41,2,0,0,41,0.5,0,0,0.5,3
2023-09,4,0,0,0,33,0,3,0.0,5,33,0,0,0,0.0,17,0,0,0,0,33,0,0,0,33,0.0,0,0,0.5,2
2023-10,3,0,0,0,32,0,0,0.0,3,32,0,0,0,1.0,16,0,0,0,0,32,0,0,0,32,0.5,0,0,0.5,2
2023-11,4,0,0,0,38,0,4,0.0,4,38,0,0,0,2.0,19,0,0,0,0,38,0,0,0,38,0.5,0,0,0.5,2
2023-12,5,0,0,0,29,0,2,0.0,3,29,2,0,0,12.0,15,0,0,0,0,29,0,0,0,29,1.0,0,0,0.5,2
2024-01,4,0,0,0,34,0,0,0.0,3,34,2,0,0,3.0,17,0,0,0,0,34,0,0,0,34,0.5,0,0,0.5,2
2024-02,6,0,0,0,34,0,0,0.0,0,34,5,0,0,0.0,17,0,0,0,0,34,0,0,0,34,0.0,0,0,0.5,2
2024-03,4,0,0,0,38,2,0,0.0,4,38,38,0,0,2.0,19,0,0,0,0,38,0,0,0,38,0.5,0,0,0.5,2
2024-04,6,0,0,0,25,0,0,0.0,0,25,8,0,0,1.0,13,0,0,0,0,25,0,0,0,25,0.5,0,0,0.5,2
2024-05,6,0,0,0,31,0,0,0.0,8,31,0,0,0,0.0,16,0,0,0,0,31,0,0,0,31,0.0,0,0,0.5,2
2024-06,4,0,0,0,27,0,3,0.0,6,27,0,0,0,0.0,14,0,0,0,0,27,0,0,0,27,0.0,0,0,0.5,2
2024-07,3,0,0,0,28,0,0,0.0,9,28,0,0,0,0.0,14,0,0,3,0,28,0,0,0,28,0.0,0,0,0.5,2
2024-08,5,0,0,0,33,0,0,0.0,4,33,0,0,0,0.0,17,0,0,0,0,33,0,0,0,33,0.0,0,0,0.5,2
2024-09,6,0,0,0,33,0,0,0.0,3,33,0,0,0,2.0,17,0,0,0,0,33,0,0,0,33,0.5,0,0,0.5,2
2024-10,4,0,0,0,33,0,0,0.0,4,33,0,0,0,1.0,17,0,0,0,0,33,0,0,0,33,0.5,0,0,0.5,2
2024-11,6,0,0,0,36,0,5,0.0,5,36,2,0,0,2.0,18,0,0,0,0,36,0,0,0,36,0.5,0,0,0.5,2
2024-12,6,0,0,0,34,0,3,0.0,0,34,3,0,0,8.0,17,0,0,0,0,34,0,0,0,34,1.0,0,0,0.5,2
2025-01,0,0,3,0,33,0,3,0.0,3,33,3,0,0,1.0,17,0,0,0,0,33,0,0,0,33,0.5,0,0,0.0,2
2025-02,5,0,0,0,31,0,3,0.0,0,31,17,0,0,0.0,16,0,0,0,0,31,0,0,0,31,0.0,0,0,0.5,2
2025-03,3,0,0,0,27,4,0,0.0,0,27,32,0,0,0.0,14,0,0,0,0,27,0,0,0,27,0.0,0,0,0.5,2
2025-04,5,0,0,0,31,0,4,0.0,0,31,0,0,0,0.0,16,0,0,0,0,31,0,0,0,31,0.0,0,0,0.5,2
2025-05,3,0,0,0,26,0,0,0.0,0,26,0,0,0,0.0,13,0,0,0,0,26,0,0,0,26,0.0,0,0,0.5,2
2025-06,4,0,0,0,35,0,0,0.0,0,35,0,0,0,0.0,18,0,0,0,0,35,0,0,0,35,0.0,0,0,0.5,2
2025-07,4,0,0,0,29,0,0,0.0,5,29,0,0,0,0.0,15,0,0,0,0,29,0,0,0,29,0.0,0,0,0.5,2
2025-08,5,0,0,0,30,0,0,0.5,3,30,0,0,0,0.0,15,0,0,0,0,30,0,0,0,30,0.0,0,0,0.5,2
2025-09,4,0,0,0,29,1,1,1.0,2,29,1,0,0,0.5,15,1,0,0,0,29,1,0,0,29,0.5,0,0,0.5,2
