Month,মন্দির,শোভাযাত্রা,শেষকৃত্য,অন্ত্যেষ্টিক্রিয়া,Email,গির্জা,পুরুষ,নারী,যুবক,Email_file1,প্রবীণ,বয়স্ক,তীর্থযাত্রী,তীর্থযাত্রীরা,Email_file2,সাম্প্রদায়িক,বৈষম্য,প্রান্তিককরণ,হুমকি,Email_file3,হুমকিগুলো,হয়রানি,পরিচয়,যাজক,Email_file4,পুরোহিত,পাদ্রী,ইমাম,নির্যাতন,Email_file5,বেসামরিক নাগরিক,বেসামরিক,শেখ,আয়াতুল্লাহ,Email_file6,ইমাম_file7,গোষ্ঠী,কুল,বংশ,Email_file7,শিক্ষক,আইনজীবী,ব্যবসায়ী,অধ্যাপক,Email_file8,কর্মকর্তা,কর্মকর্তারা,বিচারক,ম্যাজিস্ট্রেট,Email_file9,শিয়ারা,আলাউই,আলাবি,শিয়ারা(2),Email_file10,মন্ত্রী,কর্মচারী,কর্মী,শ্রমিক,Email_file11,চিকিৎসক,নার্স,সেবিকা,প্রকৌশলী,Email_file12,শিশুসমূহ,শিশু,নিরাপত্তারক্ষী,সিকিউরিটি গার্ড,Email_file13,কারখানা,প্রহরী,জাতিগত বিদ্বেষ,Email_file14,কুর্দি,ফাইলি কুর্দি,ফাইলি কুর্দি(2),খ্রিষ্টান,Email_file15,খ্রিস্টান ধর্মাবলম্বী,ইয়াজিদি,তুর্কমেন,শাবাক,Email_file16,মন্দেয়ান,আর্মেনীয়,খালদীয়,ক্যালডীয়,Email_file17,সিরিয়াক,আসিরিয়ান,সার্কাসিয়ান,বাহাই,Email_file18,রোমা,রোমানি জনগোষ্ঠী,মার্শ আরব,ইহুদি,Email_file19,সাবিয়ান,যাযাবর,কৃষ্ণাঙ্গ ইরাকি,ধর্ম,Email_file20,উপদল,সংখ্যালঘু,মাজার,মসজিদ,Email_file21,জাতিগত,নৃগোষ্ঠীগত,সুন্নি,শিয়া,Email_file22
2004-01,0,0.0,0,0,0,0,0.0,0,0.0,0,0.0,0.0,0.0,0,0,0.0,0.0,0,0.0,0,0,0.0,0,0,0,0.0,0,0,0.0,0,0,0.0,0.0,0.0,0.0,0,0.0,0,0.0,0,0,0.0,0.0,0,0,0.0,0.0,0.0,0.0,0,0,0,0.0,0,0.0,0,0,0.0,0,0,0.0,0.0,0,0.0,0,0,0,0,0.0,0,0.0,0.0,0,0,0.0,0,0.0,0.0,0,0,0,0.0,0,0,0,0.0,0.0,0,0,0.0,0,0,0,0,0.0,0,0,0.0,0,0.0,0.0,0,0,0,0,0.0,0,0,0,0,0,0.0,0.0,0
2004-02,0,0.0,0,0,0,0,0.0,0,0.0,0,0.0,0.0,0.0,0,0,0.0,0.0,0,0.0,0,0,0.0,0,0,0,0.0,0,0,0.0,0,0,0.0,0.0,0.0,0.0,0,0.0,0,0.0,0,0,0.0,0.0,0,0,0.0,0.0,0.0,0.0,0,0,0,0.0,0,0.0,0,0,0.0,0,0,0.0,0.0,0,0.0,0,0,0,0,0.0,0,0.0,0.0,0,0,0.0,0,0.0,0.0,0,0,0,0.0,0,0,0,0.0,0.0,0,0,0.0,0,0,0,0,0.0,0,0,0.0,0,0.0,0.0,0,0,0,0,0.0,0,0,0,0,0,0.0,0.0,0
2004-03,0,0.0,0,0,0,0,0.0,0,0.0,0,0.0,0.0,0.0,0,0,0.0,0.0,0,0.0,0,0,0.0,0,0,0,0.0,0,0,0.0,0,0,0.0,0.0,0.0,0.0,0,0.0,0,0.0,0,0,0.0,0.0,0,0,0.0,0.0,0.0,0.0,0,0,0,0.0,0,0.0,0,0,0.0,0,0,0.0,0.0,0,0.0,0,0,0,0,0.0,0,0.0,0.0,0,0,0.0,0,0.0,0.0,0,0,0,0.0,0,0,0,0.0,0.0,0,0,0.0,0,0,0,0,0.0,0,0,0.0,0,0.0,0.0,0,0,0,0,0.0,0,0,0,0,0,0.0,0.0,0
2004-04,0,0.0,0,0,0,0,0.0,0,0.0,0,0.0,0.0,0.0,0,0,0.0,0.0,0,0.0,0,0,0.0,0,0,0,0.0,0,0,0.0,0,0,0.0,0.0,0.0,0.0,0,0.0,0,0.0,0,0,0.0,0.0,0,0,0.0,0.0,0.0,0.0,0,0,0,0.0,0,0.0,0,0,0.0,0,0,0.0,0.0,0,0.0,0,0,0,0,0.0,0,0.0,0.0,0,0,0.0,0,0.0,0.0,0,0,0,0.0,0,0,0,0.0,0.0,0,0,0.0,0,0,0,0,0.0,0,0,0.0,0,0.0,0.0,0,0,0,0,0.0,0,0,0,0,0,0.0,0.0,0
2004-05,0,0.0,0,0,0,0,0.0,0,0.0,0,0.0,0.0,0.0,0,0,0.0,0.0,0,0.0,0,0,0.0,0,0,0,0.0,0,0,0.0,0,0,0.0,0.0,0.0,0.0,0,0.0,0,0.0,0,0,0.0,0.0,0,0,0.0,0.0,0.0,0.0,0,0,0,0.0,0,0.0,0,0,0.0,0,0,0.0,0.0,0,0.0,0,0,0,0,0.0,0,0.0,0.0,0,0,0.0,0,0.0,0.0,0,0,0,0.0,0,0,0,0.0,0.0,0,0,0.0,0,0,0,0,0.0,0,0,0.0,0,0.0,0.0,0,0,0,0,0.0,0,0,0,0,0,0.0,0.0,0
2004-06,0,0.0,0,0,0,0,0.0,0,0.0,0,0.0,0.0,0.0,0,0,0.0,0.0,0,0.0,0,0,0.0,0,0,0,0.0,0,0,0.0,0,0,0.0,0.0,0.0,0.0,0,0.0,0,0.0,0,0,0.0,0.0,0,0,0.0,0.0,0.0,0.0,0,0,0,0.0,0,0.0,0,0,0.0,0,0,0.0,0.0,0,0.0,0,0,0,0,0.0,0,0.0,0.0,0,0,0.0,0,0.0,0.0,0,0,0,0.0,0,0,0,0.0,0.0,0,0,0.0,0,0,0,0,0.0,0,0,0.0,0,0.0,0.0,0,0,0,0,0.0,0,0,0,0,0,0.0,0.0,0
2004-07,0,0.0,0,0,0,0,0.0,0,0.0,0,0.0,0.0,0.0,0,0,0.0,0.0,0,0.0,0,0,0.0,0,0,0,0.0,0,0,0.0,0,0,0.0,0.0,0.0,0.0,0,0.0,0,0.0,0,0,0.0,0.0,0,0,0.0,0.0,0.0,0.0,0,0,0,0.0,0,0.0,0,0,0.0,0,0,0.0,0.0,0,0.0,0,0,0,0,0.0,0,0.0,0.0,0,0,0.0,0,0.0,0.0,0,0,0,0.0,0,0,0,0.0,0.0,0,0,0.0,0,0,0,0,0.0,0,0,0.0,0,0.0,0.0,0,0,0,0,0.0,0,0,0,0,0,0.0,0.0,0
2004-08,0,0.0,0,0,0,0,0.0,0,0.0,0,0.0,0.0,0.0,0,0,0.0,0.0,0,0.0,0,0,0.0,0,0,0,0.0,0,0,0.0,0,0,0.0,0.0,0.0,0.0,0,0.0,0,0.0,0,0,0.0,0.0,0,0,0.0,0.0,0.0,0.0,0,0,0,0.0,0,0.0,0,0,0.0,0,0,0.0,0.0,0,0.0,0,0,0,0,0.0,0,0.0,0.0,0,0,0.0,0,0.0,0.0,0,0,0,0.0,0,0,0,0.0,0.0,0,0,0.0,0,0,0,0,0.0,0,0,0.0,0,0.0,0.0,0,0,0,0,0.0,0,0,0,0,0,0.0,0.0,0
2004-09,0,0.0,0,0,0,0,0.0,0,0.0,0,0.0,0.0,0.0,0,0,0.0,0.0,0,0.0,0,0,0.0,0,0,0,0.0,0,0,0.0,0,0,0.0,0.0,0.0,0.0,0,0.0,0,0.0,0,0,0.0,0.0,0,0,0.0,0.0,0.0,0.0,0,0,0,0.0,0,0.0,0,0,0.0,0,0,0.0,0.0,0,0.0,0,0,0,0,0.0,0,0.0,0.0,0,0,0.0,0,0.0,0.0,0,0,0,0.0,0,0,0,0.0,0.0,0,0,0.0,0,0,0,0,0.0,0,0,0.0,0,0.0,0.0,0,0,0,0,0.0,0,0,0,0,0,0.0,0.0,0
2004-10,0,0.0,0,0,0,0,0.0,0,0.0,0,0.0,0.0,0.0,0,0,0.0,0.0,0,0.0,0,0,0.0,0,0,0,0.0,0,0,0.0,0,0,0.0,0.0,0.0,0.0,0,0.0,0,0.0,0,0,0.0,0.0,0,0,0.0,0.0,0.0,0.0,0,0,0,0.0,0,0.0,0,0,0.0,0,0,0.0,0.0,0,0.0,0,0,0,0,0.0,0,0.0,0.0,0,0,0.0,0,0.0,0.0,0,0,0,0.0,0,0,0,0.0,0.0,0,0,0.0,0,0,0,0,0.0,0,0,0.0,0,0.0,0.0,0,0,0,0,0.0,0,0,0,0,0,0.0,0.0,0
2004-11,0,0.0,0,0,0,0,0.0,0,0.0,0,0.0,0.0,0.0,0,0,0.0,0.0,0,0.0,0,0,0.0,0,0,0,0.0,0,0,0.0,0,0,0.0,0.0,0.0,0.0,0,0.0,0,0.0,0,0,0.0,0.0,0,0,0.0,0.0,0.0,0.0,0,0,0,0.0,0,0.0,0,0,0.0,0,0,0.0,0.0,0,0.0,0,0,0,0,0.0,0,0.0,0.0,0,0,0.0,0,0.0,0.0,0,0,0,0.0,0,0,0,0.0,0.0,0,0,0.0,0,0,0,0,0.0,0,0,0.0,0,0.0,0.0,0,0,0,0,0.0,0,0,0,0,0,0.0,0.0,0
2004-12,0,0.0,0,0,0,0,0.0,0,0.0,0,0.0,0.0,0.0,0,0,0.0,0.0,0,0.0,0,0,0.0,0,0,0,0.0,0,0,0.0,0,0,0.0,0.0,0.0,0.0,0,0.0,0,0.0,0,0,0.0,0.0,0,0,0.0,0.0,0.0,0.0,0,0,0,0.0,0,0.0,0,0,0.0,0,0,0.0,0.0,0,0.0,0,0,0,0,0.0,0,0.0,0.0,0,0,0.0,0,0.0,0.0,0,0,0,0.0,0,0,0,0.0,0.0,0,0,0.0,0,0,0,0,0.0,0,0,0.0,0,0.0,0.0,0,0,0,0,0.0,0,0,0,0,0,0.0,0.0,0
2005-01,0,0.0,0,0,0,0,0.0,0,0.0,0,0.0,0.0,0.0,0,0,0.0,0.0,0,0.0,0,0,0.0,0,0,0,0.0,0,0,0.0,0,0,0.0,0.0,0.0,0.0,0,0.0,0,0.0,0,0,0.0,0.0,0,0,0.0,0.0,0.0,0.0,0,0,0,0.0,0,0.0,0,0,0.0,0,0,0.0,0.0,0,0.0,0,0,0,0,0.0,0,0.0,0.0,0,0,0.0,0,0.0,0.0,0,0,0,0.0,0,0,0,0.0,0.0,0,0,0.0,0,0,0,0,0.0,0,0,0.0,0,0.0,0.0,0,0,0,0,0.0,0,0,0,0,0,0.0,0.0,0
2005-02,0,0.0,0,0,0,0,0.0,0,0.0,0,0.0,0.0,0.0,0,0,0.0,0.0,0,0.0,0,0,0.0,0,0,0,0.0,0,0,0.0,0,0,0.0,0.0,0.0,0.0,0,0.0,0,0.0,0,0,0.0,0.0,0,0,0.0,0.0,0.0,0.0,0,0,0,0.0,0,0.0,0,0,0.0,0,0,0.0,0.0,0,0.0,0,0,0,0,0.0,0,0.0,0.0,0,0,0.0,0,0.0,0.0,0,0,0,0.0,0,0,0,0.0,0.0,0,0,0.0,0,0,0,0,0.0,0,0,0.0,0,0.0,0.0,0,0,0,0,0.0,0,0,0,0,0,0.0,0.0,0
2005-03,0,0.0,0,0,0,0,0.0,0,0.0,0,0.0,0.0,0.0,0,0,0.0,0.0,0,0.0,0,0,0.0,0,0,0,0.0,0,0,0.0,0,0,0.0,0.0,0.0,0.0,0,0.0,0,0.0,0,0,0.0,0.0,0,0,0.0,0.0,0.0,0.0,0,0,0,0.0,0,0.0,0,0,0.0,0,0,0.0,0.0,0,0.0,0,0,0,0,0.0,0,0.0,0.0,0,0,0.0,0,0.0,0.0,0,0,0,0.0,0,0,0,0.0,0.0,0,0,0.0,0,0,0,0,0.0,0,0,0.0,0,0.0,0.0,0,0,0,0,0.0,0,0,0,0,0,0.0,0.0,0
2005-04,0,0.0,0,0,0,0,0.0,0,0.0,0,0.0,0.0,0.0,0,0,0.0,0.0,0,0.0,0,0,0.0,0,0,0,0.0,0,0,0.0,0,0,0.0,0.0,0.0,0.0,0,0.0,0,0.0,0,0,0.0,0.0,0,0,0.0,0.0,0.0,0.0,0,0,0,0.0,0,0.0,0,0,0.0,0,0,0.0,0.0,0,0.0,0,0,0,0,0.0,0,0.0,0.0,0,0,0.0,0,0.0,0.0,0,0,0,0.0,0,0,0,0.0,0.0,0,0,0.0,0,0,0,0,0.0,0,0,0.0,0,0.0,0.0,0,0,0,0,0.0,0,0,0,0,0,0.0,0.0,0
2005-05,0,0.0,0,0,0,0,0.0,0,0.0,0,0.0,0.0,0.0,0,0,0.0,0.0,0,0.0,0,0,0.0,0,0,0,0.0,0,0,0.0,0,0,0.0,0.0,0.0,0.0,0,0.0,0,0.0,0,0,0.0,0.0,0,0,0.0,0.0,0.0,0.0,0,0,0,0.0,0,0.0,0,0,0.0,0,0,0.0,0.0,0,0.0,0,0,0,0,0.0,0,0.0,0.0,0,0,0.0,0,0.0,0.0,0,0,0,0.0,0,0,0,0.0,0.0,0,0,0.0,0,0,0,0,0.0,0,0,0.0,0,0.0,0.0,0,0,0,0,0.0,0,0,0,0,0,0.0,0.0,0
2005-06,0,0.0,0,0,0,0,0.0,0,0.0,0,0.0,0.0,0.0,0,0,0.0,0.0,0,0.0,0,0,0.0,0,0,0,0.0,0,0,0.0,0,0,0.0,0.0,0.0,0.0,0,0.0,0,0.0,0,0,0.0,0.0,0,0,0.0,0.0,0.0,0.0,0,0,0,0.0,0,0.0,0,0,0.0,0,0,0.0,0.0,0,0.0,0,0,0,0,0.0,0,0.0,0.0,0,0,0.0,0,0.0,0.0,0,0,0,0.0,0,0,0,0.0,0.0,0,0,0.0,0,0,0,0,0.0,0,0,0.0,0,0.0,0.0,0,0,0,0,0.0,0,0,0,0,0,0.0,0.0,0
2005-07,0,0.0,0,0,0,0,0.0,0,0.0,0,0.0,0.0,0.0,0,0,0.0,0.0,0,0.0,0,0,0.0,0,0,0,0.0,0,0,0.0,0,0,0.0,0.0,0.0,0.0,0,0.0,0,0.0,0,0,0.0,0.0,0,0,0.0,0.0,0.0,0.0,0,0,0,0.0,0,0.0,0,0,0.0,0,0,0.0,0.0,0,0.0,0,0,0,0,0.0,0,0.0,0.0,0,0,0.0,0,0.0,0.0,0,0,0,0.0,0,0,0,0.0,0.0,0,0,0.0,0,0,0,0,0.0,0,0,0.0,0,0.0,0.0,0,0,0,0,0.0,0,0,0,0,0,0.0,0.0,0
2005-08,0,0.0,0,0,0,0,0.0,0,0.0,0,0.0,0.0,0.0,0,0,0.0,0.0,0,0.0,0,0,0.0,0,0,0,0.0,0,0,0.0,0,0,0.0,0.0,0.0,0.0,0,0.0,0,0.0,0,0,0.0,0.0,0,0,0.0,0.0,0.0,0.0,0,0,0,0.0,0,0.0,0,0,0.0,0,0,0.0,0.0,0,0.0,0,0,0,0,0.0,0,0.0,0.0,0,0,0.0,0,0.0,0.0,0,0,0,0.0,0,0,0,0.0,0.0,0,0,0.0,0,0,0,0,0.0,0,0,0.0,0,0.0,0.0,0,0,0,0,0.0,0,0,0,0,0,0.0,0.0,0
2005-09,0,0.0,0,0,0,0,0.0,0,0.0,0,0.0,0.0,0.0,0,0,0.0,0.0,0,0.0,0,0,0.0,0,0,0,0.0,0,0,0.0,0,0,0.0,0.0,0.0,0.0,0,0.0,0,0.0,0,0,0.0,0.0,0,0,0.0,0.0,0.0,0.0,0,0,0,0.0,0,0.0,0,0,0.0,0,0,0.0,0.0,0,0.0,0,0,0,0,0.0,0,0.0,0.0,0,0,0.0,0,0.0,0.0,0,0,0,0.0,0,0,0,0.0,0.0,0,0,0.0,0,0,0,0,0.0,0,0,0.0,0,0.0,0.0,0,0,0,0,0.0,0,0,0,0,0,0.0,0.0,0
2005-10,0,0.0,0,0,0,0,0.0,0,0.0,0,0.0,0.0,0.0,0,0,0.0,0.0,0,0.0,0,0,0.0,0,0,0,0.0,0,0,0.0,0,0,0.0,0.0,0.0,0.0,0,0.0,0,0.0,0,0,0.0,0.0,0,0,0.0,0.0,0.0,0.0,0,0,0,0.0,0,0.0,0,0,0.0,0,0,0.0,0.0,0,0.0,0,0,0,0,0.0,0,0.0,0.0,0,0,0.0,0,0.0,0.0,0,0,0,0.0,0,0,0,0.0,0.0,0,0,0.0,0,0,0,0,0.0,0,0,0.0,0,0.0,0.0,0,0,0,0,0.0,0,0,0,0,0,0.0,0.0,0
2005-11,0,0.0,0,0,0,0,0.0,0,0.0,0,0.0,0.0,0.0,0,0,0.0,0.0,0,0.0,0,0,0.0,0,0,0,0.0,0,0,0.0,0,0,0.0,0.0,0.0,0.0,0,0.0,0,0.0,0,0,0.0,0.0,0,0,0.0,0.0,0.0,0.0,0,0,0,0.0,0,0.0,0,0,0.0,0,0,0.0,0.0,0,0.0,0,0,0,0,0.0,0,0.0,0.0,0,0,0.0,0,0.0,0.0,0,0,0,0.0,0,0,0,0.0,0.0,0,0,0.0,0,0,0,0,0.0,0,0,0.0,0,0.0,0.0,0,0,0,0,0.0,0,0,0,0,0,0.0,0.0,0
2005-12,0,0.0,0,0,0,0,0.0,0,0.0,0,0.0,0.0,0.0,0,0,0.0,0.0,0,0.0,0,0,0.0,0,0,0,0.0,0,0,0.0,0,0,0.0,0.0,0.0,0.0,0,0.0,0,0.0,0,0,0.0,0.0,0,0,0.0,0.0,0.0,0.0,0,0,0,0.0,0,0.0,0,0,0.0,0,0,0.0,0.0,0,0.0,0,0,0,0,0.0,0,0.0,0.0,0,0,0.0,0,0.0,0.0,0,0,0,0.0,0,0,0,0.0,0.0,0,0,0.0,0,0,0,0,0.0,0,0,0.0,0,0.0,0.0,0,0,0,0,0.0,0,0,0,0,0,0.0,0.0,0
2006-01,0,0.0,0,0,0,0,0.0,0,0.0,0,0.0,0.0,0.0,0,0,0.0,0.0,0,0.0,0,0,0.0,0,0,0,0.0,0,0,0.0,0,0,0.0,0.0,0.0,0.0,0,0.0,0,0.0,0,0,0.0,0.0,0,0,0.0,0.0,0.0,0.0,0,0,0,0.0,0,0.0,0,0,0.0,0,0,0.0,0.0,0,0.0,0,0,0,0,0.0,0,0.0,0.0,0,0,0.0,0,0.0,0.0,0,0,0,0.0,0,0,0,0.0,0.0,0,0,0.0,0,0,0,0,0.0,0,0,0.0,0,0.0,0.0,0,0,0,0,0.0,0,0,0,0,0,0.0,0.0,0
2006-02,0,0.0,0,0,0,0,0.0,0,0.0,0,0.0,0.0,0.0,0,0,0.0,0.0,0,0.0,0,0,0.0,0,0,0,0.0,0,0,0.0,0,0,0.0,0.0,0.0,0.0,0,0.0,0,0.0,0,0,0.0,0.0,0,0,0.0,0.0,0.0,0.0,0,0,0,0.0,0,0.0,0,0,0.0,0,0,0.0,0.0,0,0.0,0,0,0,0,0.0,0,0.0,0.0,0,0,0.0,0,0.0,0.0,0,0,0,0.0,0,0,0,0.0,0.0,0,0,0.0,0,0,0,0,0.0,0,0,0.0,0,0.0,0.0,0,0,0,0,0.0,0,0,0,0,0,0.0,0.0,0
2006-03,0,0.0,0,0,0,0,0.0,0,0.0,0,0.0,0.0,0.0,0,0,0.0,0.0,0,0.0,0,0,0.0,0,0,0,0.0,0,0,0.0,0,0,0.0,0.0,0.0,0.0,0,0.0,0,0.0,0,0,0.0,0.0,0,0,0.0,0.0,0.0,0.0,0,0,0,0.0,0,0.0,0,0,0.0,0,0,0.0,0.0,0,0.0,0,0,0,0,0.0,0,0.0,0.0,0,0,0.0,0,0.0,0.0,0,0,0,0.0,0,0,0,0.0,0.0,0,0,0.0,0,0,0,0,0.0,0,0,0.0,0,0.0,0.0,0,0,0,0,0.0,0,0,0,0,0,0.0,0.0,0
2006-04,0,0.0,0,0,0,0,0.0,0,0.0,0,0.0,0.0,0.0,0,0,0.0,0.0,0,0.0,0,0,0.0,0,0,0,0.0,0,0,0.0,0,0,0.0,0.0,0.0,0.0,0,0.0,0,0.0,0,0,0.0,0.0,0,0,0.0,0.0,0.0,0.0,0,0,0,0.0,0,0.0,0,0,0.0,0,0,0.0,0.0,0,0.0,0,0,0,0,0.0,0,0.0,0.0,0,0,0.0,0,0.0,0.0,0,0,0,0.0,0,0,0,0.0,0.0,0,0,0.0,0,0,0,0,0.0,0,0,0.0,0,0.0,0.0,0,0,0,0,0.0,0,0,0,0,0,0.0,0.0,0
2006-05,0,0.0,0,0,0,0,0.0,0,0.0,0,0.0,0.0,0.0,0,0,0.0,0.0,0,0.0,0,0,0.0,0,0,0,0.0,0,0,0.0,0,0,0.0,0.0,0.0,0.0,0,0.0,0,0.0,0,0,0.0,0.0,0,0,0.0,0.0,0.0,0.0,0,0,0,0.0,0,0.0,0,0,0.0,0,0,0.0,0.0,0,0.0,0,0,0,0,0.0,0,0.0,0.0,0,0,0.0,0,0.0,0.0,0,0,0,0.0,0,0,0,0.0,0.0,0,0,0.0,0,0,0,0,0.0,0,0,0.0,0,0.0,0.0,0,0,0,0,0.0,0,0,0,0,0,0.0,0.0,0
2006-06,0,0.0,0,0,0,0,0.0,0,0.0,0,0.0,0.0,0.0,0,0,0.0,0.0,0,0.0,0,0,0.0,0,0,0,0.0,0,0,0.0,0,0,0.0,0.0,0.0,0.0,0,0.0,0,0.0,0,0,0.0,0.0,0,0,0.0,0.0,0.0,0.0,0,0,0,0.0,0,0.0,0,0,0.0,0,0,0.0,0.0,0,0.0,0,0,0,0,0.0,0,0.0,0.0,0,0,0.0,0,0.0,0.0,0,0,0,0.0,0,0,0,0.0,0.0,0,0,0.0,0,0,0,0,0.0,0,0,0.0,0,0.0,0.0,0,0,0,0,0.0,0,0,0,0,0,0.0,0.0,0
2006-07,0,0.0,0,0,0,0,0.0,0,0.0,0,0.0,0.0,0.0,0,0,0.0,0.0,0,0.0,0,0,0.0,0,0,0,0.0,0,0,0.0,0,0,0.0,0.0,0.0,0.0,0,0.0,0,0.0,0,0,0.0,0.0,0,0,0.0,0.0,0.0,0.0,0,0,0,0.0,0,0.0,0,0,0.0,0,0,0.0,0.0,0,0.0,0,0,0,0,0.0,0,0.0,0.0,0,0,0.0,0,0.0,0.0,0,0,0,0.0,0,0,0,0.0,0.0,0,0,0.0,0,0,0,0,0.0,0,0,0.0,0,0.0,0.0,0,0,0,0,0.0,0,0,0,0,0,0.0,0.0,0
2006-08,0,0.0,0,0,0,0,0.0,0,0.0,0,0.0,0.0,0.0,0,0,0.0,0.0,0,0.0,0,0,0.0,0,0,0,0.0,0,0,0.0,0,0,0.0,0.0,0.0,0.0,0,0.0,0,0.0,0,0,0.0,0.0,0,0,0.0,0.0,0.0,0.0,0,0,0,0.0,0,0.0,0,0,0.0,0,0,0.0,0.0,0,0.0,0,0,0,0,0.0,0,0.0,0.0,0,0,0.0,0,0.0,0.0,0,0,0,0.0,0,0,0,0.0,0.0,0,0,0.0,0,0,0,0,0.0,0,0,0.0,0,0.0,0.0,0,0,0,0,0.0,0,0,0,0,0,0.0,0.0,0
2006-09,0,0.0,0,0,0,0,0.0,0,0.0,0,0.0,0.0,0.0,0,0,0.0,0.0,0,0.0,0,0,0.0,0,0,0,0.0,0,0,0.0,0,0,0.0,0.0,0.0,0.0,0,0.0,0,0.0,0,0,0.0,0.0,0,0,0.0,0.0,0.0,0.0,0,0,0,0.0,0,0.0,0,0,0.0,0,0,0.0,0.0,0,0.0,0,0,0,0,0.0,0,0.0,0.0,0,0,0.0,0,0.0,0.0,0,0,0,0.0,0,0,0,0.0,0.0,0,0,0.0,0,0,0,0,0.0,0,0,0.0,0,0.0,0.0,0,0,0,0,0.0,0,0,0,0,0,0.0,0.0,0
2006-10,0,0.0,0,0,0,0,0.0,0,0.0,0,0.0,0.0,0.0,0,0,0.0,0.0,0,0.0,0,0,0.0,0,0,0,0.0,0,0,0.0,0,0,0.0,0.0,0.0,0.0,0,0.0,0,0.0,0,0,0.0,0.0,0,0,0.0,0.0,0.0,0.0,0,0,0,0.0,0,0.0,0,0,0.0,0,0,0.0,0.0,0,0.0,0,0,0,0,0.0,0,0.0,0.0,0,0,0.0,0,0.0,0.0,0,0,0,0.0,0,0,0,0.0,0.0,0,0,0.0,0,0,0,0,0.0,0,0,0.0,0,0.0,0.0,0,0,0,0,0.0,0,0,0,0,0,0.0,0.0,0
2006-11,0,0.0,0,0,0,0,0.0,0,0.0,0,0.0,0.0,0.0,0,0,0.0,0.0,0,0.0,0,0,0.0,0,0,0,0.0,0,0,0.0,0,0,0.0,0.0,0.0,0.0,0,0.0,0,0.0,0,0,0.0,0.0,0,0,0.0,0.0,0.0,0.0,0,0,0,0.0,0,0.0,0,0,0.0,0,0,0.0,0.0,0,0.0,0,0,0,0,0.0,0,0.0,0.0,0,0,0.0,0,0.0,0.0,0,0,0,0.0,0,0,0,0.0,0.0,0,0,0.0,0,0,0,0,0.0,0,0,0.0,0,0.0,0.0,0,0,0,0,0.0,0,0,0,0,0,0.0,0.0,0
2006-12,0,0.0,0,0,0,0,0.0,0,0.0,0,0.0,0.0,0.0,0,0,0.0,0.0,0,0.0,0,0,0.0,0,0,0,0.0,0,0,0.0,0,0,0.0,0.0,0.0,0.0,0,0.0,0,0.0,0,0,0.0,0.0,0,0,0.0,0.0,0.0,0.0,0,0,0,0.0,0,0.0,0,0,0.0,0,0,0.0,0.0,0,0.0,0,0,0,0,0.0,0,0.0,0.0,0,0,0.0,0,0.0,0.0,0,0,0,0.0,0,0,0,0.0,0.0,0,0,0.0,0,0,0,0,0.0,0,0,0.0,0,0.0,0.0,0,0,0,0,0.0,0,0,0,0,0,0.0,0.0,0
2007-01,0,0.0,0,0,0,0,0.0,0,0.0,0,0.0,0.0,0.0,0,0,0.0,0.0,0,0.0,0,0,0.0,0,0,0,0.0,0,0,0.0,0,0,0.0,0.0,0.0,0.0,0,0.0,0,0.0,0,0,0.0,0.0,0,0,0.0,0.0,0.0,0.0,0,0,0,0.0,0,0.0,0,0,0.0,0,0,0.0,0.0,0,0.0,0,0,0,0,0.0,0,0.0,0.0,0,0,0.0,0,0.0,0.0,0,0,0,0.0,0,0,0,0.0,0.0,0,0,0.0,0,0,0,0,0.0,0,0,0.0,0,0.0,0.0,0,0,0,0,0.0,0,0,0,0,0,0.0,0.0,0
2007-02,0,0.0,0,0,0,0,0.0,0,0.0,0,0.0,0.0,0.0,0,0,0.0,0.0,0,0.0,0,0,0.0,0,0,0,0.0,0,0,0.0,0,0,0.0,0.0,0.0,0.0,0,0.0,0,0.0,0,0,0.0,0.0,0,0,0.0,0.0,0.0,0.0,0,0,0,0.0,0,0.0,0,0,0.0,0,0,0.0,0.0,0,0.0,0,0,0,0,0.0,0,0.0,0.0,0,0,0.0,0,0.0,0.0,0,0,0,0.0,0,0,0,0.0,0.0,0,0,0.0,0,0,0,0,0.0,0,0,0.0,0,0.0,0.0,0,0,0,0,0.0,0,0,0,0,0,0.0,0.0,0
2007-03,0,0.0,0,0,0,0,0.0,0,0.0,0,0.0,0.0,0.0,0,0,0.0,0.0,0,0.0,0,0,0.0,0,0,0,0.0,0,0,0.0,0,0,0.0,0.0,0.0,0.0,0,0.0,0,0.0,0,0,0.0,0.0,0,0,0.0,0.0,0.0,0.0,0,0,0,0.0,0,0.0,0,0,0.0,0,0,0.0,0.0,0,0.0,0,0,0,0,0.0,0,0.0,0.0,0,0,0.0,0,0.0,0.0,0,0,0,0.0,0,0,0,0.0,0.0,0,0,0.0,0,0,0,0,0.0,0,0,0.0,0,0.0,0.0,0,0,0,0,0.0,0,0,0,0,0,0.0,0.0,0
2007-04,0,0.0,0,0,0,0,0.0,0,0.0,0,0.0,0.0,0.0,0,0,0.0,0.0,0,0.0,0,0,0.0,0,0,0,0.0,0,0,0.0,0,0,0.0,0.0,0.0,0.0,0,0.0,0,0.0,0,0,0.0,0.0,0,0,0.0,0.0,0.0,0.0,0,0,0,0.0,0,0.0,0,0,0.0,0,0,0.0,0.0,0,0.0,0,0,0,0,0.0,0,0.0,0.0,0,0,0.0,0,0.0,0.0,0,0,0,0.0,0,0,0,0.0,0.0,0,0,0.0,0,0,0,0,0.0,0,0,0.0,0,0.0,0.0,0,0,0,0,0.0,0,0,0,0,0,0.0,0.0,0
2007-05,0,0.0,0,0,0,0,0.0,0,0.0,0,0.0,0.0,0.0,0,0,0.0,0.0,0,0.0,0,0,0.0,0,0,0,0.0,0,0,0.0,0,0,0.0,0.0,0.0,0.0,0,0.0,0,0.0,0,0,0.0,0.0,0,0,0.0,0.0,0.0,0.0,0,0,0,0.0,0,0.0,0,0,0.0,0,0,0.0,0.0,0,0.0,0,0,0,0,0.0,0,0.0,0.0,0,0,0.0,0,0.0,0.0,0,0,0,0.0,0,0,0,0.0,0.0,0,0,0.0,0,0,0,0,0.0,0,0,0.0,0,0.0,0.0,0,0,0,0,0.0,0,0,0,0,0,0.0,0.0,0
2007-06,0,0.0,0,0,0,0,0.0,0,0.0,0,0.0,0.0,0.0,0,0,0.0,0.0,0,0.0,0,0,0.0,0,0,0,0.0,0,0,0.0,0,0,0.0,0.0,0.0,0.0,0,0.0,0,0.0,0,0,0.0,0.0,0,0,0.0,0.0,0.0,0.0,0,0,0,0.0,0,0.0,0,0,0.0,0,0,0.0,0.0,0,0.0,0,0,0,0,0.0,0,0.0,0.0,0,0,0.0,0,0.0,0.0,0,0,0,0.0,0,0,0,0.0,0.0,0,0,0.0,0,0,0,0,0.0,0,0,0.0,0,0.0,0.0,0,0,0,0,0.0,0,0,0,0,0,0.0,0.0,0
2007-07,0,0.0,0,0,0,0,0.0,0,0.0,0,0.0,0.0,0.0,0,0,0.0,0.0,0,0.0,0,0,0.0,0,0,0,0.0,0,0,0.0,0,0,0.0,0.0,0.0,0.0,0,0.0,0,0.0,0,0,0.0,0.0,0,0,0.0,0.0,0.0,0.0,0,0,0,0.0,0,0.0,0,0,0.0,0,0,0.0,0.0,0,0.0,0,0,0,0,0.0,0,0.0,0.0,0,0,0.0,0,0.0,0.0,0,0,0,0.0,0,0,0,0.0,0.0,0,0,0.0,0,0,0,0,0.0,0,0,0.0,0,0.0,0.0,0,0,0,0,0.0,0,0,0,0,0,0.0,0.0,0
2007-08,0,0.0,0,0,0,0,0.0,0,0.0,0,0.0,0.0,0.0,0,0,0.0,0.0,0,0.0,0,0,0.0,0,0,0,0.0,0,0,0.0,0,0,0.0,0.0,0.0,0.0,0,0.0,0,0.0,0,0,0.0,0.0,0,0,0.0,0.0,0.0,0.0,0,0,0,0.0,0,0.0,0,0,0.0,0,0,0.0,0.0,0,0.0,0,0,0,0,0.0,0,0.0,0.0,0,0,0.0,0,0.0,0.0,0,0,0,0.0,0,0,0,0.0,0.0,0,0,0.0,0,0,0,0,0.0,0,0,0.0,0,0.0,0.0,0,0,0,0,0.0,0,0,0,0,0,0.0,0.0,0
2007-09,0,0.0,0,0,0,0,0.0,0,0.0,0,0.0,0.0,0.0,0,0,0.0,0.0,0,0.0,0,0,0.0,0,0,0,0.0,0,0,0.0,0,0,0.0,0.0,0.0,0.0,0,0.0,0,0.0,0,0,0.0,0.0,0,0,0.0,0.0,0.0,0.0,0,0,0,0.0,0,0.0,0,0,0.0,0,0,0.0,0.0,0,0.0,0,0,0,0,0.0,0,0.0,0.0,0,0,0.0,0,0.0,0.0,0,0,0,0.0,0,0,0,0.0,0.0,0,0,0.0,0,0,0,0,0.0,0,0,0.0,0,0.0,0.0,0,0,0,0,0.0,0,0,0,0,0,0.0,0.0,0
2007-10,0,0.0,0,0,0,0,0.0,0,0.0,0,0.0,0.0,0.0,0,0,0.0,0.0,0,0.0,0,0,0.0,0,0,0,0.0,0,0,0.0,0,0,0.0,0.0,0.0,0.0,0,0.0,0,0.0,0,0,0.0,0.0,0,0,0.0,0.0,0.0,0.0,0,0,0,0.0,0,0.0,0,0,0.0,0,0,0.0,0.0,0,0.0,0,0,0,0,0.0,0,0.0,0.0,0,0,0.0,0,0.0,0.0,0,0,0,0.0,0,0,0,0.0,0.0,0,0,0.0,0,0,0,0,0.0,0,0,0.0,0,0.0,0.0,0,0,0,0,0.0,0,0,0,0,0,0.0,0.0,0
2007-11,0,0.0,0,0,0,0,0.0,0,0.0,0,0.0,0.0,0.0,0,0,0.0,0.0,0,0.0,0,0,0.0,0,0,0,0.0,0,0,0.0,0,0,0.0,0.0,0.0,0.0,0,0.0,0,0.0,0,0,0.0,0.0,0,0,0.0,0.0,0.0,0.0,0,0,0,0.0,0,0.0,0,0,0.0,0,0,0.0,0.0,0,0.0,0,0,0,0,0.0,0,0.0,0.0,0,0,0.0,0,0.0,0.0,0,0,0,0.0,0,0,0,0.0,0.0,0,0,0.0,0,0,0,0,0.0,0,0,0.0,0,0.0,0.0,0,0,0,0,0.0,0,0,0,0,0,0.0,0.0,0
2007-12,0,0.0,0,0,0,0,0.0,0,0.0,0,0.0,0.0,0.0,0,0,0.0,0.0,0,0.0,0,0,0.0,0,0,0,0.0,0,0,0.0,0,0,0.0,0.0,0.0,0.0,0,0.0,0,0.0,0,0,0.0,0.0,0,0,0.0,0.0,0.0,0.0,0,0,0,0.0,0,0.0,0,0,0.0,0,0,0.0,0.0,0,0.0,0,0,0,0,0.0,0,0.0,0.0,0,0,0.0,0,0.0,0.0,0,0,0,0.0,0,0,0,0.0,0.0,0,0,0.0,0,0,0,0,0.0,0,0,0.0,0,0.0,0.0,0,0,0,0,0.0,0,0,0,0,0,0.0,0.0,0
2008-01,0,0.0,0,0,0,0,0.0,0,0.0,0,0.0,0.0,0.0,0,0,0.0,0.0,0,0.0,0,0,0.0,0,0,0,0.0,0,0,0.0,0,0,0.0,0.0,0.0,0.0,0,0.0,0,0.0,0,0,0.0,0.0,0,0,0.0,0.0,0.0,0.0,0,0,0,0.0,0,0.0,0,0,0.0,0,0,0.0,0.0,0,0.0,0,0,0,0,0.0,0,0.0,0.0,0,0,0.0,0,0.0,0.0,0,0,0,0.0,0,0,0,0.0,0.0,0,0,0.0,0,0,0,0,0.0,0,0,0.0,0,0.0,0.0,0,0,0,0,0.0,0,0,0,0,0,0.0,0.0,0
2008-02,0,0.0,0,0,0,0,0.0,0,0.0,0,0.0,0.0,0.0,0,0,0.0,0.0,0,0.0,0,0,0.0,0,0,0,0.0,0,0,0.0,0,0,0.0,0.0,0.0,0.0,0,0.0,0,0.0,0,0,0.0,0.0,0,0,0.0,0.0,0.0,0.0,0,0,0,0.0,0,0.0,0,0,0.0,0,0,0.0,0.0,0,0.0,0,0,0,0,0.0,0,0.0,0.0,0,0,0.0,0,0.0,0.0,0,0,0,0.0,0,0,0,0.0,0.0,0,0,0.0,0,0,0,0,0.0,0,0,0.0,0,0.0,0.0,0,0,0,0,0.0,0,0,0,0,0,0.0,0.0,0
2008-03,0,0.0,0,0,0,0,0.0,0,0.0,0,0.0,0.0,0.0,0,0,0.0,0.0,0,0.0,0,0,0.0,0,0,0,0.0,0,0,0.0,0,0,0.0,0.0,0.0,0.0,0,0.0,0,0.0,0,0,0.0,0.0,0,0,0.0,0.0,0.0,0.0,0,0,0,0.0,0,0.0,0,0,0.0,0,0,0.0,0.0,0,0.0,0,0,0,0,0.0,0,0.0,0.0,0,0,0.0,0,0.0,0.0,0,0,0,0.0,0,0,0,0.0,0.0,0,0,0.0,0,0,0,0,0.0,0,0,0.0,0,0.0,0.0,0,0,0,0,0.0,0,0,0,0,0,0.0,0.0,0
2008-04,0,0.0,0,0,0,0,0.0,0,0.0,0,0.0,0.0,0.0,0,0,0.0,0.0,0,0.0,0,0,0.0,0,0,0,0.0,0,0,0.0,0,0,0.0,0.0,0.0,0.0,0,0.0,0,0.0,0,0,0.0,0.0,0,0,0.0,0.0,0.0,0.0,0,0,0,0.0,0,0.0,0,0,0.0,0,0,0.0,0.0,0,0.0,0,0,0,0,0.0,0,0.0,0.0,0,0,0.0,0,0.0,0.0,0,0,0,0.0,0,0,0,0.0,0.0,0,0,0.0,0,0,0,0,0.0,0,0,0.0,0,0.0,0.0,0,0,0,0,0.0,0,0,0,0,0,0.0,0.0,0
2008-05,0,0.0,0,0,0,0,0.0,0,0.0,0,0.0,0.0,0.0,0,0,0.0,0.0,0,0.0,0,0,0.0,0,0,0,0.0,0,0,0.0,0,0,0.0,0.0,0.0,0.0,0,0.0,0,0.0,0,0,0.0,0.0,0,0,0.0,0.0,0.0,0.0,0,0,0,0.0,0,0.0,0,0,0.0,0,0,0.0,0.0,0,0.0,0,0,0,0,0.0,0,0.0,0.0,0,0,0.0,0,0.0,0.0,0,0,0,0.0,0,0,0,0.0,0.0,0,0,0.0,0,0,0,0,0.0,0,0,0.0,0,0.0,0.0,0,0,0,0,0.0,0,0,0,0,0,0.0,0.0,0
2008-06,0,0.0,0,0,0,0,0.0,0,0.0,0,0.0,0.0,0.0,0,0,0.0,0.0,0,0.0,0,0,0.0,0,0,0,0.0,0,0,0.0,0,0,0.0,0.0,0.0,0.0,0,0.0,0,0.0,0,0,0.0,0.0,0,0,0.0,0.0,0.0,0.0,0,0,0,0.0,0,0.0,0,0,0.0,0,0,0.0,0.0,0,0.0,0,0,0,0,0.0,0,0.0,0.0,0,0,0.0,0,0.0,0.0,0,0,0,0.0,0,0,0,0.0,0.0,0,0,0.0,0,0,0,0,0.0,0,0,0.0,0,0.0,0.0,0,0,0,0,0.0,0,0,0,0,0,0.0,0.0,0
2008-07,0,0.0,0,0,0,0,0.0,0,0.0,0,0.0,0.0,0.0,0,0,0.0,0.0,0,0.0,0,0,0.0,0,0,0,0.0,0,0,0.0,0,0,0.0,0.0,0.0,0.0,0,0.0,0,0.0,0,0,0.0,0.0,0,0,0.0,0.0,0.0,0.0,0,0,0,0.0,0,0.0,0,0,0.0,0,0,0.0,0.0,0,0.0,0,0,0,0,0.0,0,0.0,0.0,0,0,0.0,0,0.0,0.0,0,0,0,0.0,0,0,0,0.0,0.0,0,0,0.0,0,0,0,0,0.0,0,0,0.0,0,0.0,0.0,0,0,0,0,0.0,0,0,0,0,0,0.0,0.0,0
2008-08,0,0.0,0,0,0,0,0.0,0,0.0,0,0.0,0.0,0.0,0,0,0.0,0.0,0,0.0,0,0,0.0,0,0,0,0.0,0,0,0.0,0,0,0.0,0.0,0.0,0.0,0,0.0,0,0.0,0,0,0.0,0.0,0,0,0.0,0.0,0.0,0.0,0,0,0,0.0,0,0.0,0,0,0.0,0,0,0.0,0.0,0,0.0,0,0,0,0,0.0,0,0.0,0.0,0,0,0.0,0,0.0,0.0,0,0,0,0.0,0,0,0,0.0,0.0,0,0,0.0,0,0,0,0,0.0,0,0,0.0,0,0.0,0.0,0,0,0,0,0.0,0,0,0,0,0,0.0,0.0,0
2008-09,0,0.0,0,0,0,0,0.0,0,0.0,0,0.0,0.0,0.0,0,0,0.0,0.0,0,0.0,0,0,0.0,0,0,0,0.0,0,0,0.0,0,0,0.0,0.0,0.0,0.0,0,0.0,0,0.0,0,0,0.0,0.0,0,0,0.0,0.0,0.0,0.0,0,0,0,0.0,0,0.0,0,0,0.0,0,0,0.0,0.0,0,0.0,0,0,0,0,0.0,0,0.0,0.0,0,0,0.0,0,0.0,0.0,0,0,0,0.0,0,0,0,0.0,0.0,0,0,0.0,0,0,0,0,0.0,0,0,0.0,0,0.0,0.0,0,0,0,0,0.0,0,0,0,0,0,0.0,0.0,0
2008-10,0,0.0,0,0,0,0,0.0,0,0.0,0,0.0,0.0,0.0,0,0,0.0,0.0,0,0.0,0,0,0.0,0,0,0,0.0,0,0,0.0,0,0,0.0,0.0,0.0,0.0,0,0.0,0,0.0,0,0,0.0,0.0,0,0,0.0,0.0,0.0,0.0,0,0,0,0.0,0,0.0,0,0,0.0,0,0,0.0,0.0,0,0.0,0,0,0,0,0.0,0,0.0,0.0,0,0,0.0,0,0.0,0.0,0,0,0,0.0,0,0,0,0.0,0.0,0,0,0.0,0,0,0,0,0.0,0,0,0.0,0,0.0,0.0,0,0,0,0,0.0,0,0,0,0,0,0.0,0.0,0
2008-11,0,0.0,0,0,0,0,0.0,0,0.0,0,0.0,0.0,0.0,0,0,0.0,0.0,0,0.0,0,0,0.0,0,0,0,0.0,0,0,0.0,0,0,0.0,0.0,0.0,0.0,0,0.0,0,0.0,0,0,0.0,0.0,0,0,0.0,0.0,0.0,0.0,0,0,0,0.0,0,0.0,0,0,0.0,0,0,0.0,0.0,0,0.0,0,0,0,0,0.0,0,0.0,0.0,0,0,0.0,0,0.0,0.0,0,0,0,0.0,0,0,0,0.0,0.0,0,0,0.0,0,0,0,0,0.0,0,0,0.0,0,0.0,0.0,0,0,0,0,0.0,0,0,0,0,0,0.0,0.0,0
2008-12,0,0.0,0,0,0,0,0.0,0,0.0,0,0.0,0.0,0.0,0,0,0.0,0.0,0,0.0,0,0,0.0,0,0,0,0.0,0,0,0.0,0,0,0.0,0.0,0.0,0.0,0,0.0,0,0.0,0,0,0.0,0.0,0,0,0.0,0.0,0.0,0.0,0,0,0,0.0,0,0.0,0,0,0.0,0,0,0.0,0.0,0,0.0,0,0,0,0,0.0,0,0.0,0.0,0,0,0.0,0,0.0,0.0,0,0,0,0.0,0,0,0,0.0,0.0,0,0,0.0,0,0,0,0,0.0,0,0,0.0,0,0.0,0.0,0,0,0,0,0.0,0,0,0,0,0,0.0,0.0,0
2009-01,0,0.0,0,0,0,0,0.0,0,0.0,0,0.0,0.0,0.0,0,0,0.0,0.0,0,0.0,0,0,0.0,0,0,0,0.0,0,0,0.0,0,0,0.0,0.0,0.0,0.0,0,0.0,0,0.0,0,0,0.0,0.0,0,0,0.0,0.0,0.0,0.0,0,0,0,0.0,0,0.0,0,0,0.0,0,0,0.0,0.0,0,0.0,0,0,0,0,0.0,0,0.0,0.0,0,0,0.0,0,0.0,0.0,0,0,0,0.0,0,0,0,0.0,0.0,0,0,0.0,0,0,0,0,0.0,0,0,0.0,0,0.0,0.0,0,0,0,0,0.0,0,0,0,0,0,0.0,0.0,0
2009-02,0,0.0,0,0,0,0,0.0,0,0.0,0,0.0,0.0,0.0,0,0,0.0,0.0,0,0.0,0,0,0.0,0,0,0,0.0,0,0,0.0,0,0,0.0,0.0,0.0,0.0,0,0.0,0,0.0,0,0,0.0,0.0,0,0,0.0,0.0,0.0,0.0,0,0,0,0.0,0,0.0,0,0,0.0,0,0,0.0,0.0,0,0.0,0,0,0,0,0.0,0,0.0,0.0,0,0,0.0,0,0.0,0.0,0,0,0,0.0,0,0,0,0.0,0.0,0,0,0.0,0,0,0,0,0.0,0,0,0.0,0,0.0,0.0,0,0,0,0,0.0,0,0,0,0,0,0.0,0.0,0
2009-03,0,0.0,0,0,0,0,0.0,0,0.0,0,0.0,0.0,0.0,0,0,0.0,0.0,0,0.0,0,0,0.0,0,0,0,0.0,0,0,0.0,0,0,0.0,0.0,0.0,0.0,0,0.0,0,0.0,0,0,0.0,0.0,0,0,0.0,0.0,0.0,0.0,0,0,0,0.0,0,0.0,0,0,0.0,0,0,0.0,0.0,0,0.0,0,0,0,0,0.0,0,0.0,0.0,0,0,0.0,0,0.0,0.0,0,0,0,0.0,0,0,0,0.0,0.0,0,0,0.0,0,0,0,0,0.0,0,0,0.0,0,0.0,0.0,0,0,0,0,0.0,0,0,0,0,0,0.0,0.0,0
2009-04,0,0.0,0,0,0,0,0.0,0,0.0,0,0.0,0.0,0.0,0,0,0.0,0.0,0,0.0,0,0,0.0,0,0,0,0.0,0,0,0.0,0,0,0.0,0.0,0.0,0.0,0,0.0,0,0.0,0,0,0.0,0.0,0,0,0.0,0.0,0.0,0.0,0,0,0,0.0,0,0.0,0,0,0.0,0,0,0.0,0.0,0,0.0,0,0,0,0,0.0,0,0.0,0.0,0,0,0.0,0,0.0,0.0,0,0,0,0.0,0,0,0,0.0,0.0,0,0,0.0,0,0,0,0,0.0,0,0,0.0,0,0.0,0.0,0,0,0,0,0.0,0,0,0,0,0,0.0,0.0,0
2009-05,0,0.0,0,0,0,0,0.0,0,0.0,0,0.0,0.0,0.0,0,0,0.0,0.0,0,0.0,0,0,0.0,0,0,0,0.0,0,0,0.0,0,0,0.0,0.0,0.0,0.0,0,0.0,0,0.0,0,0,0.0,0.0,0,0,0.0,0.0,0.0,0.0,0,0,0,0.0,0,0.0,0,0,0.0,0,0,0.0,0.0,0,0.0,0,0,0,0,0.0,0,0.0,0.0,0,0,0.0,0,0.0,0.0,0,0,0,0.0,0,0,0,0.0,0.0,0,0,0.0,0,0,0,0,0.0,0,0,0.0,0,0.0,0.0,0,0,0,0,0.0,0,0,0,0,0,0.0,0.0,0
2009-06,0,0.0,0,0,0,0,0.0,0,0.0,0,0.0,0.0,0.0,0,0,0.0,0.0,0,0.0,0,0,0.0,0,0,0,0.0,0,0,0.0,0,0,0.0,0.0,0.0,0.0,0,0.0,0,0.0,0,0,0.0,0.0,0,0,0.0,0.0,0.0,0.0,0,0,0,0.0,0,0.0,0,0,0.0,0,0,0.0,0.0,0,0.0,0,0,0,0,0.0,0,0.0,0.0,0,0,0.0,0,0.0,0.0,0,0,0,0.0,0,0,0,0.0,0.0,0,0,0.0,0,0,0,0,0.0,0,0,0.0,0,0.0,0.0,0,0,0,0,0.0,0,0,0,0,0,0.0,0.0,0
2009-07,0,0.0,0,0,0,0,0.0,0,0.0,0,0.0,0.0,0.0,0,0,0.0,0.0,0,0.0,0,0,0.0,0,0,0,0.0,0,0,0.0,0,0,0.0,0.0,0.0,0.0,0,0.0,0,0.0,0,0,0.0,0.0,0,0,0.0,0.0,0.0,0.0,0,0,0,0.0,0,0.0,0,0,0.0,0,0,0.0,0.0,0,0.0,0,0,0,0,0.0,0,0.0,0.0,0,0,0.0,0,0.0,0.0,0,0,0,0.0,0,0,0,0.0,0.0,0,0,0.0,0,0,0,0,0.0,0,0,0.0,0,0.0,0.0,0,0,0,0,0.0,0,0,0,0,0,0.0,0.0,0
2009-08,0,0.0,0,0,0,0,0.0,0,0.0,0,0.0,0.0,0.0,0,0,0.0,0.0,0,0.0,0,0,0.0,0,0,0,0.0,0,0,0.0,0,0,0.0,0.0,0.0,0.0,0,0.0,0,0.0,0,0,0.0,0.0,0,0,0.0,0.0,0.0,0.0,0,0,0,0.0,0,0.0,0,0,0.0,0,0,0.0,0.0,0,0.0,0,0,0,0,0.0,0,0.0,0.0,0,0,0.0,0,0.0,0.0,0,0,0,0.0,0,0,0,0.0,0.0,0,0,0.0,0,0,0,0,0.0,0,0,0.0,0,0.0,0.0,0,0,0,0,0.0,0,0,0,0,0,0.0,0.0,0
2009-09,0,0.0,0,0,0,0,0.0,0,0.0,0,0.0,0.0,0.0,0,0,0.0,0.0,0,0.0,0,0,0.0,0,0,0,0.0,0,0,0.0,0,0,0.0,0.0,0.0,0.0,0,0.0,0,0.0,0,0,0.0,0.0,0,0,0.0,0.0,0.0,0.0,0,0,0,0.0,0,0.0,0,0,0.0,0,0,0.0,0.0,0,0.0,0,0,0,0,0.0,0,0.0,0.0,0,0,0.0,0,0.0,0.0,0,0,0,0.0,0,0,0,0.0,0.0,0,0,0.0,0,0,0,0,0.0,0,0,0.0,0,0.0,0.0,0,0,0,0,0.0,0,0,0,0,0,0.0,0.0,0
2009-10,0,0.0,0,0,0,0,0.0,0,0.0,0,0.0,0.0,0.0,0,0,0.0,0.0,0,0.0,0,0,0.0,0,0,0,0.0,0,0,0.0,0,0,0.0,0.0,0.0,0.0,0,0.0,0,0.0,0,0,0.0,0.0,0,0,0.0,0.0,0.0,0.0,0,0,0,0.0,0,0.0,0,0,0.0,0,0,0.0,0.0,0,0.0,0,0,0,0,0.0,0,0.0,0.0,0,0,0.0,0,0.0,0.0,0,0,0,0.0,0,0,0,0.0,0.0,0,0,0.0,0,0,0,0,0.0,0,0,0.0,0,0.0,0.0,0,0,0,0,0.0,0,0,0,0,0,0.0,0.0,0
2009-11,0,0.0,0,0,0,0,0.0,0,0.0,0,0.0,0.0,0.0,0,0,0.0,0.0,0,0.0,0,0,0.0,0,0,0,0.0,0,0,0.0,0,0,0.0,0.0,0.0,0.0,0,0.0,0,0.0,0,0,0.0,0.0,0,0,0.0,0.0,0.0,0.0,0,0,0,0.0,0,0.0,0,0,0.0,0,0,0.0,0.0,0,0.0,0,0,0,0,0.0,0,0.0,0.0,0,0,0.0,0,0.0,0.0,0,0,0,0.0,0,0,0,0.0,0.0,0,0,0.0,0,0,0,0,0.0,0,0,0.0,0,0.0,0.0,0,0,0,0,0.0,0,0,0,0,0,0.0,0.0,0
2009-12,0,0.0,0,0,0,0,0.0,0,0.0,0,0.0,0.0,0.0,0,0,0.0,0.0,0,0.0,0,0,0.0,0,0,0,0.0,0,0,0.0,0,0,0.0,0.0,0.0,0.0,0,0.0,0,0.0,0,0,0.0,0.0,0,0,0.0,0.0,0.0,0.0,0,0,0,0.0,0,0.0,0,0,0.0,0,0,0.0,0.0,0,0.0,0,0,0,0,0.0,0,0.0,0.0,0,0,0.0,0,0.0,0.0,0,0,0,0.0,0,0,0,0.0,0.0,0,0,0.0,0,0,0,0,0.0,0,0,0.0,0,0.0,0.0,0,0,0,0,0.0,0,0,0,0,0,0.0,0.0,0
2010-01,0,0.0,0,0,0,0,0.0,0,0.0,0,0.0,0.0,0.0,0,0,0.0,0.0,0,0.0,0,0,0.0,0,0,0,0.0,0,0,0.0,0,0,0.0,0.0,0.0,0.0,0,0.0,0,0.0,0,0,0.0,0.0,0,0,0.0,0.0,0.0,0.0,0,0,0,0.0,0,0.0,0,0,0.0,0,0,0.0,0.0,0,0.0,0,0,0,0,0.0,0,0.0,0.0,0,0,0.0,0,0.0,0.0,0,0,0,0.0,0,0,0,0.0,0.0,0,0,0.0,0,0,0,0,0.0,0,0,0.0,0,0.0,0.0,0,0,0,0,0.0,0,0,0,0,0,0.0,0.0,0
2010-02,0,0.0,0,0,0,0,0.0,0,0.0,0,0.0,0.0,0.0,0,0,0.0,0.0,0,0.0,0,0,0.0,0,0,0,0.0,0,0,0.0,0,0,0.0,0.0,0.0,0.0,0,0.0,0,0.0,0,0,0.0,0.0,0,0,0.0,0.0,0.0,0.0,0,0,0,0.0,0,0.0,0,0,0.0,0,0,0.0,0.0,0,0.0,0,0,0,0,0.0,0,0.0,0.0,0,0,0.0,0,0.0,0.0,0,0,0,0.0,0,0,0,0.0,0.0,0,0,0.0,0,0,0,0,0.0,0,0,0.0,0,0.0,0.0,0,0,0,0,0.0,0,0,0,0,0,0.0,0.0,0
2010-03,0,0.0,0,0,0,0,0.0,0,0.0,0,0.0,0.0,0.0,0,0,0.0,0.0,0,0.0,0,0,0.0,0,0,0,0.0,0,0,0.0,0,0,0.0,0.0,0.0,0.0,0,0.0,0,0.0,0,0,0.0,0.0,0,0,0.0,0.0,0.0,0.0,0,0,0,0.0,0,0.0,0,0,0.0,0,0,0.0,0.0,0,0.0,0,0,0,0,0.0,0,0.0,0.0,0,0,0.0,0,0.0,0.0,0,0,0,0.0,0,0,0,0.0,0.0,0,0,0.0,0,0,0,0,0.0,0,0,0.0,0,0.0,0.0,0,0,0,0,0.0,0,0,0,0,0,0.0,0.0,0
2010-04,0,0.0,0,0,0,0,0.0,0,0.0,0,0.0,0.0,0.0,0,0,0.0,0.0,0,0.0,0,0,0.0,0,0,0,0.0,0,0,0.0,0,0,0.0,0.0,0.0,0.0,0,0.0,0,0.0,0,0,0.0,0.0,0,0,0.0,0.0,0.0,0.0,0,0,0,0.0,0,0.0,0,0,0.0,0,0,0.0,0.0,0,0.0,0,0,0,0,0.0,0,0.0,0.0,0,0,0.0,0,0.0,0.0,0,0,0,0.0,0,0,0,0.0,0.0,0,0,0.0,0,0,0,0,0.0,0,0,0.0,0,0.0,0.0,0,0,0,0,0.0,0,0,0,0,0,0.0,0.0,0
2010-05,0,0.0,0,0,0,0,0.0,0,0.0,0,0.0,0.0,0.0,0,0,0.0,0.0,0,0.0,0,0,0.0,0,0,0,0.0,0,0,0.0,0,0,0.0,0.0,0.0,0.0,0,0.0,0,0.0,0,0,0.0,0.0,0,0,0.0,0.0,0.0,0.0,0,0,0,0.0,0,0.0,0,0,0.0,0,0,0.0,0.0,0,0.0,0,0,0,0,0.0,0,0.0,0.0,0,0,0.0,0,0.0,0.0,0,0,0,0.0,0,0,0,0.0,0.0,0,0,0.0,0,0,0,0,0.0,0,0,0.0,0,0.0,0.0,0,0,0,0,0.0,0,0,0,0,0,0.0,0.0,0
2010-06,0,0.0,0,0,0,0,0.0,0,0.0,0,0.0,0.0,0.0,0,0,0.0,0.0,0,0.0,0,0,0.0,0,0,0,0.0,0,0,0.0,0,0,0.0,0.0,0.0,0.0,0,0.0,0,0.0,0,0,0.0,0.0,0,0,0.0,0.0,0.0,0.0,0,0,0,0.0,0,0.0,0,0,0.0,0,0,0.0,0.0,0,0.0,0,0,0,0,0.0,0,0.0,0.0,0,0,0.0,0,0.0,0.0,0,0,0,0.0,0,0,0,0.0,0.0,0,0,0.0,0,0,0,0,0.0,0,0,0.0,0,0.0,0.0,0,0,0,0,0.0,0,0,0,0,0,0.0,0.0,0
2010-07,0,0.0,0,0,0,0,0.0,0,0.0,0,0.0,0.0,0.0,0,0,0.0,0.0,0,0.0,0,0,0.0,0,0,0,0.0,0,0,0.0,0,0,0.0,0.0,0.0,0.0,0,0.0,0,0.0,0,0,0.0,0.0,0,0,0.0,0.0,0.0,0.0,0,0,0,0.0,0,0.0,0,0,0.0,0,0,0.0,0.0,0,0.0,0,0,0,0,0.0,0,0.0,0.0,0,0,0.0,0,0.0,0.0,0,0,0,0.0,0,0,0,0.0,0.0,0,0,0.0,0,0,0,0,0.0,0,0,0.0,0,0.0,0.0,0,0,0,0,0.0,0,0,0,0,0,0.0,0.0,0
2010-08,0,0.0,0,0,0,0,0.0,0,0.0,0,0.0,0.0,0.0,0,0,0.0,0.0,0,0.0,0,0,0.0,0,0,0,0.0,0,0,0.0,0,0,0.0,0.0,0.0,0.0,0,0.0,0,0.0,0,0,0.0,0.0,0,0,0.0,0.0,0.0,0.0,0,0,0,0.0,0,0.0,0,0,0.0,0,0,0.0,0.0,0,0.0,0,0,0,0,0.0,0,0.0,0.0,0,0,0.0,0,0.0,0.0,0,0,0,0.0,0,0,0,0.0,0.0,0,0,0.0,0,0,0,0,0.0,0,0,0.0,0,0.0,0.0,0,0,0,0,0.0,0,0,0,0,0,0.0,0.0,0
2010-09,0,0.0,0,0,0,0,0.0,0,0.0,0,0.0,0.0,0.0,0,0,0.0,0.0,0,0.0,0,0,0.0,0,0,0,0.0,0,0,0.0,0,0,0.0,0.0,0.0,0.0,0,0.0,0,0.0,0,0,0.0,0.0,0,0,0.0,0.0,0.0,0.0,0,0,0,0.0,0,0.0,0,0,0.0,0,0,0.0,0.0,0,0.0,0,0,0,0,0.0,0,0.0,0.0,0,0,0.0,0,0.0,0.0,0,0,0,0.0,0,0,0,0.0,0.0,0,0,0.0,0,0,0,0,0.0,0,0,0.0,0,0.0,0.0,0,0,0,0,0.0,0,0,0,0,0,0.0,0.0,0
2010-10,0,0.0,0,0,0,0,0.0,0,0.0,0,0.0,0.0,0.0,0,0,0.0,0.0,0,0.0,0,0,0.0,0,0,0,0.0,0,0,0.0,0,0,0.0,0.0,0.0,0.0,0,0.0,0,0.0,0,0,0.0,0.0,0,0,0.0,0.0,0.0,0.0,0,0,0,0.0,0,0.0,0,0,0.0,0,0,0.0,0.0,0,0.0,0,0,0,0,0.0,0,0.0,0.0,0,0,0.0,0,0.0,0.0,0,0,0,0.0,0,0,0,0.0,0.0,0,0,0.0,0,0,0,0,0.0,0,0,0.0,0,0.0,0.0,0,0,0,0,0.0,0,0,0,0,0,0.0,0.0,0
2010-11,0,0.0,0,0,0,0,0.0,0,0.0,0,0.0,0.0,0.0,0,0,0.0,0.0,0,0.0,0,0,0.0,0,0,0,0.0,0,0,0.0,0,0,0.0,0.0,0.0,0.0,0,0.0,0,0.0,0,0,0.0,0.0,0,0,0.0,0.0,0.0,0.0,0,0,0,0.0,0,0.0,0,0,0.0,0,0,0.0,0.0,0,0.0,0,0,0,0,0.0,0,0.0,0.0,0,0,0.0,0,0.0,0.0,0,0,0,0.0,0,0,0,0.0,0.0,0,0,0.0,0,0,0,0,0.0,0,0,0.0,0,0.0,0.0,0,0,0,0,0.0,0,0,0,0,0,0.0,0.0,0
2010-12,0,0.0,0,0,0,0,0.0,0,0.0,0,0.0,0.0,0.0,0,0,0.0,0.0,0,0.0,0,0,0.0,0,0,0,0.0,0,0,0.0,0,0,0.0,0.0,0.0,0.0,0,0.0,0,0.0,0,0,0.0,0.0,0,0,0.0,0.0,0.0,0.0,0,0,0,0.0,0,0.0,0,0,0.0,0,0,0.0,0.0,0,0.0,0,0,0,0,0.0,0,0.0,0.0,0,0,0.0,0,0.0,0.0,0,0,0,0.0,0,0,0,0.0,0.0,0,0,0.0,0,0,0,0,0.0,0,0,0.0,0,0.0,0.0,0,0,0,0,0.0,0,0,0,0,0,0.0,0.0,0
2011-01,0,0.0,0,0,0,0,0.0,0,0.0,0,0.0,0.0,0.0,0,0,0.0,0.0,0,0.0,0,0,0.0,0,0,0,0.0,0,0,0.0,0,0,0.0,100.0,0.0,0.0,0,0.0,0,0.0,0,0,0.0,0.0,0,0,0.0,0.0,0.0,0.0,0,0,0,0.0,0,0.0,0,0,0.0,0,0,0.0,0.0,0,0.0,0,0,0,0,0.0,0,0.0,0.0,0,0,0.0,0,0.0,0.0,0,0,0,0.0,0,0,0,0.0,0.0,0,0,0.0,0,0,0,0,0.0,0,0,0.0,0,0.0,0.0,0,0,0,0,0.0,0,0,0,0,0,0.0,0.0,0
2011-02,0,0.0,0,0,0,0,0.0,0,0.0,0,0.0,0.0,0.0,0,0,0.0,0.0,0,0.0,0,0,0.0,0,0,0,0.0,0,0,0.0,0,0,0.0,0.0,0.0,0.0,0,0.0,0,0.0,0,0,0.0,0.0,0,0,0.0,0.0,0.0,0.0,0,0,0,0.0,0,0.0,0,0,0.0,0,0,0.0,0.0,0,0.0,0,0,0,0,0.0,0,0.0,0.0,0,0,0.0,0,0.0,0.0,0,0,0,0.0,0,0,0,0.0,0.0,0,0,0.0,0,0,0,0,0.0,0,0,0.0,0,0.0,0.0,0,0,0,0,0.0,0,0,0,0,0,0.0,0.0,0
2011-03,0,0.0,0,0,0,0,0.0,0,0.0,0,0.0,0.0,0.0,0,0,0.0,0.0,0,0.0,0,0,0.0,0,0,0,0.0,0,0,0.0,0,0,0.0,0.0,0.0,0.0,0,0.0,0,0.0,0,0,0.0,0.0,0,0,0.0,0.0,0.0,0.0,0,0,0,0.0,0,0.0,0,0,0.0,0,0,0.0,0.0,0,0.0,0,0,0,0,0.0,0,0.0,0.0,0,0,0.0,0,0.0,0.0,0,0,0,0.0,0,0,0,0.0,0.0,0,0,0.0,0,0,0,0,0.0,0,0,0.0,0,0.0,0.0,0,0,0,0,0.0,0,0,0,0,0,0.0,0.0,0
2011-04,0,0.0,0,0,0,0,0.0,0,0.0,0,0.0,0.0,0.0,0,0,0.0,0.0,0,0.0,0,0,0.0,0,0,0,0.0,0,0,0.0,0,0,0.0,0.0,0.0,0.0,0,0.0,0,0.0,0,0,0.0,0.0,0,0,0.0,0.0,0.0,0.0,0,0,0,0.0,0,0.0,0,0,0.0,0,0,0.0,0.0,0,0.0,0,0,0,0,0.0,0,0.0,0.0,0,0,0.0,0,0.0,0.0,0,0,0,0.0,0,0,0,0.0,0.0,0,0,0.0,0,0,0,0,0.0,0,0,0.0,0,0.0,0.0,0,0,0,0,0.0,0,0,0,0,0,0.0,0.0,0
2011-05,0,0.0,0,0,0,0,0.0,0,0.0,0,0.0,0.0,0.0,0,0,0.0,0.0,0,0.0,0,0,0.0,0,0,0,0.0,0,0,0.0,0,0,0.0,0.0,0.0,0.0,0,0.0,0,0.0,0,0,0.0,0.0,0,0,0.0,0.0,0.0,0.0,0,0,0,0.0,0,0.0,0,0,0.0,0,0,0.0,0.0,0,0.0,0,0,0,0,0.0,0,0.0,0.0,0,0,0.0,0,0.0,0.0,0,0,0,0.0,0,0,0,0.0,0.0,0,0,0.0,0,0,0,0,0.0,0,0,0.0,0,0.0,0.0,0,0,0,0,0.0,0,0,0,0,0,0.0,0.0,0
2011-06,0,0.0,0,0,0,0,79.0,100,0.0,0,0.0,0.0,0.0,0,0,0.0,0.0,0,0.0,0,0,0.0,0,0,0,0.0,0,0,0.0,0,0,0.0,0.0,0.0,0.0,0,0.0,0,0.0,0,0,0.0,0.0,0,0,0.0,0.0,0.0,0.0,0,0,0,0.0,0,0.0,0,0,0.0,0,0,0.0,0.0,0,0.0,0,0,0,0,0.0,0,0.0,0.0,0,0,0.0,0,0.0,0.0,0,0,0,0.0,0,0,0,0.0,0.0,0,0,0.0,0,0,0,0,0.0,0,0,0.0,0,0.0,0.0,0,0,0,0,0.0,0,0,0,0,0,0.0,0.0,0
2011-07,0,0.0,0,0,0,0,0.0,0,0.0,0,0.0,0.0,0.0,0,0,0.0,0.0,0,0.0,0,0,0.0,0,0,0,0.0,0,0,0.0,0,0,0.0,0.0,0.0,0.0,0,0.0,0,0.0,0,0,0.0,0.0,0,0,0.0,0.0,0.0,0.0,0,0,0,0.0,0,0.0,0,0,0.0,0,0,0.0,0.0,0,0.0,0,0,0,0,0.0,0,0.0,0.0,0,0,0.0,0,0.0,0.0,0,0,0,0.0,0,0,0,0.0,0.0,0,0,0.0,0,0,0,0,0.0,0,0,0.0,0,0.0,0.0,0,0,0,0,0.0,0,0,0,0,0,0.0,0.0,0
2011-08,0,0.0,0,0,0,0,0.0,0,0.0,0,0.0,0.0,100.0,0,0,0.0,0.0,0,0.0,0,0,0.0,0,0,0,0.0,0,0,0.0,0,0,0.0,0.0,0.0,0.0,0,0.0,0,0.0,0,0,0.0,0.0,0,0,0.0,0.0,0.0,0.0,0,0,0,0.0,0,0.0,0,0,0.0,0,0,0.0,0.0,0,0.0,0,0,0,0,0.0,0,0.0,0.0,0,0,0.0,0,0.0,0.0,0,0,0,0.0,0,0,0,0.0,0.0,0,0,0.0,0,0,0,0,0.0,0,0,0.0,0,0.0,0.0,0,0,0,0,0.0,0,0,0,0,0,0.0,0.0,0
2011-09,0,0.0,0,0,0,0,0.0,0,0.0,0,0.0,0.0,0.0,0,0,0.0,0.0,0,0.0,0,0,0.0,0,0,0,0.0,0,0,0.0,0,0,0.0,0.0,0.0,0.0,0,0.0,0,0.0,0,0,0.0,0.0,0,0,0.0,0.0,0.0,0.0,0,0,0,0.0,0,0.0,0,0,0.0,0,0,0.0,0.0,0,0.0,0,0,0,0,0.0,0,0.0,0.0,0,0,0.0,0,0.0,0.0,0,0,0,0.0,0,0,0,0.0,0.0,0,0,0.0,0,0,0,0,0.0,0,0,0.0,0,0.0,0.0,0,0,0,0,0.0,0,0,0,0,0,0.0,0.0,0
2011-10,0,0.0,0,0,0,0,0.0,0,0.0,0,0.0,0.0,0.0,0,0,0.0,0.0,0,0.0,0,0,0.0,0,0,0,0.0,0,0,0.0,0,0,0.0,0.0,0.0,0.0,0,0.0,0,0.0,0,0,0.0,0.0,0,0,0.0,0.0,0.0,0.0,0,0,0,0.0,0,0.0,0,0,0.0,0,0,0.0,0.0,0,0.0,0,0,0,0,0.0,0,0.0,0.0,0,0,0.0,0,0.0,0.0,0,0,0,0.0,0,0,0,0.0,0.0,0,0,0.0,0,0,0,0,0.0,0,0,0.0,0,0.0,0.0,0,0,0,0,0.0,0,0,0,0,0,0.0,0.0,0
2011-11,0,0.0,0,0,0,0,0.0,0,0.0,0,0.0,0.0,0.0,0,0,0.0,0.0,0,0.0,0,0,0.0,0,0,0,0.0,0,0,0.0,0,0,0.0,0.0,0.0,0.0,0,0.0,0,0.0,0,0,0.0,0.0,0,0,0.0,0.0,0.0,0.0,0,0,0,0.0,0,0.0,0,0,0.0,0,0,0.0,0.0,0,0.0,0,0,0,0,0.0,0,0.0,0.0,0,0,0.0,0,0.0,0.0,0,0,0,0.0,0,0,0,0.0,0.0,0,0,0.0,0,0,0,0,0.0,0,0,0.0,0,0.0,0.0,0,0,0,0,0.0,0,0,0,0,0,0.0,0.0,0
2011-12,0,0.0,0,0,0,0,0.0,0,0.0,0,0.0,0.0,0.0,0,0,0.0,0.0,0,0.0,0,0,0.0,0,0,0,0.0,0,0,0.0,0,0,0.0,0.0,0.0,0.0,0,0.0,0,0.0,0,0,0.0,0.0,0,0,0.0,0.0,0.0,0.0,0,0,0,0.0,0,0.0,0,0,0.0,0,0,0.0,0.0,0,0.0,0,0,0,0,0.0,0,0.0,0.0,0,0,0.0,0,0.0,0.0,0,0,0,0.0,0,0,0,0.0,0.0,0,0,0.0,0,0,0,0,0.0,0,0,0.0,0,0.0,0.0,0,0,0,0,0.0,0,0,0,0,0,0.0,0.0,0
2012-01,0,0.0,0,0,0,0,0.0,0,0.0,0,0.0,0.0,0.0,0,0,0.0,0.0,0,0.0,0,0,0.0,0,0,0,0.0,0,0,0.0,0,0,0.0,0.0,0.0,0.0,0,0.0,0,0.0,0,0,0.0,0.0,0,0,0.0,0.0,0.0,0.0,0,0,0,0.0,0,0.0,0,0,0.0,0,0,0.0,0.0,0,0.0,0,0,0,0,0.0,0,0.0,0.0,0,0,0.0,0,0.0,0.0,0,0,0,0.0,0,0,0,0.0,0.0,0,0,0.0,0,0,0,0,0.0,0,0,0.0,0,0.0,0.0,0,0,0,0,0.0,0,0,0,0,0,0.0,0.0,0
2012-02,0,0.0,0,0,0,0,0.0,0,0.0,0,0.0,0.0,0.0,0,0,0.0,0.0,0,0.0,0,0,0.0,0,0,0,0.0,0,0,0.0,0,0,0.0,0.0,0.0,0.0,0,0.0,0,0.0,0,0,0.0,0.0,0,0,0.0,0.0,0.0,0.0,0,0,0,0.0,0,0.0,0,0,0.0,0,0,0.0,0.0,0,0.0,0,0,0,0,0.0,0,0.0,0.0,0,0,0.0,0,0.0,0.0,0,0,0,0.0,0,0,0,0.0,0.0,0,0,0.0,0,0,0,0,0.0,0,0,0.0,0,0.0,0.0,0,0,0,0,0.0,0,0,0,0,0,0.0,0.0,0
2012-03,0,0.0,0,0,0,0,0.0,0,0.0,0,0.0,0.0,0.0,0,0,0.0,0.0,0,0.0,0,0,0.0,0,0,0,0.0,0,0,0.0,0,0,0.0,0.0,0.0,0.0,0,0.0,0,0.0,0,0,0.0,0.0,0,0,0.0,0.0,0.0,0.0,0,0,0,0.0,0,0.0,0,0,0.0,0,0,0.0,0.0,0,0.0,0,0,0,0,0.0,0,0.0,0.0,0,0,0.0,0,0.0,0.0,0,0,0,0.0,0,0,0,0.0,0.0,0,0,0.0,0,0,0,0,0.0,0,0,0.0,0,0.0,0.0,0,0,0,0,0.0,0,0,0,0,0,0.0,0.0,0
2012-04,0,0.0,0,0,0,0,0.0,0,0.0,0,0.0,0.0,0.0,0,0,0.0,0.0,0,0.0,0,0,0.0,0,0,0,0.0,0,0,0.0,0,0,0.0,0.0,0.0,0.0,0,0.0,0,0.0,0,0,0.0,0.0,0,0,0.0,0.0,0.0,0.0,0,0,0,0.0,0,0.0,0,0,0.0,0,0,0.0,0.0,0,0.0,0,0,0,0,0.0,0,0.0,0.0,0,0,0.0,0,0.0,0.0,0,0,0,0.0,0,0,0,0.0,0.0,0,0,0.0,0,0,0,0,0.0,0,0,0.0,0,0.0,0.0,0,0,0,0,0.0,0,0,0,0,0,0.0,0.0,0
2012-05,0,0.0,0,0,0,0,0.0,0,0.0,0,0.0,0.0,0.0,0,0,0.0,0.0,0,0.0,0,0,0.0,0,0,0,0.0,0,0,0.0,0,0,0.0,0.0,0.0,0.0,0,0.0,0,0.0,0,0,0.0,0.0,0,0,0.0,0.0,0.0,0.0,0,0,0,0.0,0,0.0,0,0,0.0,0,0,0.0,0.0,0,0.0,0,0,0,0,0.0,0,0.0,0.0,0,0,0.0,0,0.0,0.0,0,0,0,0.0,0,0,0,0.0,0.0,0,0,0.0,0,0,0,0,0.0,0,0,0.0,0,0.0,0.0,0,0,0,0,0.0,0,0,0,0,0,0.0,0.0,0
2012-06,0,0.0,0,0,0,0,0.0,0,0.0,0,0.0,0.0,0.0,0,0,0.0,0.0,0,0.0,0,0,0.0,0,0,0,0.0,0,0,0.0,0,0,0.0,0.0,0.0,0.0,0,0.0,0,0.0,0,0,0.0,0.0,0,0,0.0,0.0,0.0,0.0,0,0,0,0.0,0,0.0,0,0,0.0,0,0,0.0,0.0,0,0.0,0,0,0,0,0.0,0,0.0,0.0,0,0,0.0,0,0.0,0.0,0,0,0,0.0,0,0,0,0.0,0.0,0,0,0.0,0,0,0,0,0.0,0,0,0.0,0,0.0,0.0,0,0,0,0,0.0,0,0,0,0,0,0.0,0.0,0
2012-07,0,0.0,0,0,0,0,0.0,0,0.0,0,0.0,0.0,0.0,0,0,0.0,0.0,0,0.0,0,0,0.0,0,0,0,0.0,0,0,0.0,0,0,0.0,0.0,0.0,0.0,0,0.0,0,0.0,0,0,0.0,0.0,0,0,0.0,0.0,0.0,0.0,0,0,0,0.0,0,0.0,0,0,0.0,0,0,0.0,0.0,0,0.0,0,0,0,0,0.0,0,0.0,0.0,0,0,0.0,0,0.0,0.0,0,0,0,0.0,0,0,0,0.0,0.0,0,0,0.0,0,0,0,0,0.0,0,0,0.0,0,0.0,0.0,0,0,0,0,0.0,0,0,0,0,0,0.0,0.0,0
2012-08,0,0.0,0,0,0,0,0.0,0,0.0,0,0.0,0.0,0.0,0,0,0.0,0.0,0,0.0,0,0,0.0,0,0,0,0.0,0,0,0.0,0,0,0.0,0.0,0.0,0.0,0,0.0,0,0.0,0,0,0.0,0.0,0,0,0.0,0.0,0.0,0.0,0,0,0,0.0,0,0.0,0,0,0.0,0,0,0.0,0.0,0,0.0,0,0,0,0,0.0,0,0.0,0.0,0,0,0.0,0,0.0,0.0,0,0,0,0.0,0,0,0,0.0,0.0,0,0,0.0,0,0,0,0,0.0,0,0,0.0,0,0.0,0.0,0,0,0,0,0.0,0,0,0,0,0,0.0,0.0,0
2012-09,0,0.0,0,0,0,0,0.0,0,0.0,0,0.0,0.0,0.0,0,0,0.0,0.0,0,0.0,0,0,0.0,0,0,0,0.0,0,0,0.0,0,0,0.0,0.0,0.0,0.0,0,0.0,0,0.0,0,0,0.0,0.0,0,0,0.0,0.0,0.0,0.0,0,0,0,0.0,0,0.0,0,0,0.0,0,0,0.0,0.0,0,0.0,0,0,0,0,0.0,0,0.0,0.0,0,0,0.0,0,0.0,0.0,0,0,0,0.0,0,0,0,0.0,0.0,0,0,0.0,0,0,0,0,0.0,0,0,0.0,0,0.0,0.0,0,0,0,0,0.0,0,0,0,0,0,0.0,0.0,0
2012-10,0,0.0,0,0,0,0,0.0,0,0.0,0,0.0,0.0,0.0,0,0,0.0,0.0,0,0.0,0,0,0.0,0,0,0,0.0,0,0,0.0,0,0,0.0,0.0,0.0,0.0,0,0.0,0,0.0,0,0,0.0,0.0,0,0,0.0,0.0,0.0,0.0,0,0,0,0.0,0,0.0,0,0,0.0,0,0,0.0,0.0,0,0.0,0,0,0,0,0.0,0,0.0,0.0,0,0,0.0,0,0.0,0.0,0,0,0,0.0,0,0,0,0.0,0.0,0,0,0.0,0,0,0,0,0.0,0,0,0.0,0,0.0,0.0,0,0,0,0,0.0,0,0,0,0,0,0.0,0.0,0
2012-11,0,0.0,0,0,0,0,0.0,0,0.0,0,0.0,0.0,0.0,0,0,0.0,0.0,0,0.0,0,0,0.0,0,0,0,0.0,0,0,0.0,0,0,0.0,0.0,0.0,0.0,0,0.0,0,0.0,0,0,0.0,0.0,0,0,0.0,0.0,0.0,0.0,0,0,0,0.0,0,0.0,0,0,0.0,0,0,0.0,0.0,0,0.0,0,0,0,0,0.0,0,0.0,0.0,0,0,0.0,0,0.0,0.0,0,0,0,0.0,0,0,0,0.0,0.0,0,0,0.0,0,0,0,0,0.0,0,0,0.0,0,0.0,0.0,0,0,0,0,0.0,0,0,0,0,0,0.0,0.0,0
2012-12,0,0.0,0,0,0,0,0.0,0,0.0,0,0.0,0.0,0.0,0,0,0.0,0.0,0,0.0,0,0,0.0,0,0,0,0.0,0,0,0.0,0,0,0.0,0.0,0.0,0.0,0,0.0,0,0.0,0,0,0.0,0.0,0,0,0.0,0.0,0.0,0.0,0,0,0,0.0,0,0.0,0,0,0.0,0,0,0.0,0.0,0,0.0,0,0,0,0,0.0,0,0.0,0.0,0,0,0.0,0,0.0,0.0,0,0,0,0.0,0,0,0,0.0,0.0,0,0,0.0,0,0,0,0,0.0,0,0,0.0,0,0.0,0.0,0,0,0,0,0.0,0,0,0,0,0,0.0,0.0,0
2013-01,0,0.0,0,0,0,0,0.0,0,0.0,0,0.0,0.0,0.0,0,0,0.0,0.0,0,0.0,0,0,0.0,0,0,0,0.0,0,0,0.0,0,0,0.0,0.0,0.0,0.0,0,0.0,0,0.0,0,0,0.0,0.0,0,0,0.0,0.0,0.0,0.0,0,0,0,0.0,0,0.0,0,0,0.0,0,0,0.0,0.0,0,0.0,0,0,0,0,0.0,0,0.0,0.0,0,0,0.0,0,0.0,0.0,0,0,0,0.0,0,0,0,0.0,0.0,0,0,0.0,0,0,0,0,0.0,0,0,0.0,0,0.0,0.0,0,0,0,0,0.0,0,0,0,0,0,0.0,0.0,0
2013-02,0,0.0,0,0,0,0,0.0,0,0.0,0,0.0,0.0,0.0,0,0,0.0,0.0,0,0.0,0,0,0.0,0,0,0,0.0,0,0,0.0,0,0,0.0,0.0,0.0,0.0,0,0.0,0,0.0,0,0,0.0,0.0,0,0,0.0,0.0,0.0,0.0,0,0,0,0.0,0,0.0,0,0,0.0,0,0,0.0,0.0,0,0.0,0,0,0,0,0.0,0,0.0,0.0,0,0,0.0,0,0.0,0.0,0,0,0,0.0,0,0,0,0.0,0.0,0,0,0.0,0,0,0,0,0.0,0,0,0.0,0,0.0,0.0,0,0,0,0,0.0,0,0,0,0,0,0.0,0.0,0
2013-03,0,0.0,0,0,0,0,0.0,0,0.0,0,0.0,0.0,0.0,0,0,0.0,0.0,0,0.0,0,0,0.0,0,0,0,0.0,0,0,0.0,0,0,0.0,0.0,0.0,0.0,0,0.0,0,0.0,0,0,0.0,0.0,0,0,0.0,0.0,0.0,0.0,0,0,0,0.0,0,0.0,0,0,0.0,0,0,0.0,0.0,0,0.0,0,0,0,0,0.0,0,0.0,0.0,0,0,0.0,0,0.0,0.0,0,0,0,0.0,0,0,0,0.0,0.0,0,0,0.0,0,0,0,0,0.0,0,0,0.0,0,0.0,0.0,0,0,0,0,0.0,0,0,0,0,0,0.0,0.0,0
2013-04,0,0.0,0,0,0,0,0.0,0,0.0,0,0.0,0.0,0.0,0,0,0.0,0.0,0,0.0,0,0,0.0,0,0,0,0.0,0,0,0.0,0,10,0.0,0.0,0.0,0.0,0,0.0,0,0.0,0,0,0.0,0.0,0,0,0.0,0.0,0.0,0.0,0,0,0,0.0,0,0.0,0,0,0.0,0,0,0.0,0.0,0,0.0,0,0,0,0,0.0,0,0.0,0.0,0,0,0.0,0,0.0,0.0,0,0,0,0.0,0,0,0,0.0,0.0,0,0,0.0,0,0,0,0,0.0,0,0,0.0,0,0.0,0.0,0,0,0,0,0.0,0,0,0,0,0,0.0,0.0,0
2013-05,0,0.0,0,0,0,0,0.0,0,0.0,0,0.0,0.0,0.0,0,0,0.0,0.0,0,0.0,0,0,0.0,0,0,0,0.0,0,0,0.0,0,0,0.0,0.0,0.0,0.0,0,0.0,0,0.0,0,0,0.0,0.0,0,0,0.0,0.0,0.0,0.0,0,0,0,0.0,0,0.0,0,0,0.0,0,0,0.0,0.0,0,0.0,0,0,0,0,0.0,0,0.0,0.0,0,0,0.0,0,0.0,0.0,0,0,0,0.0,0,0,0,0.0,0.0,0,0,0.0,0,0,0,0,0.0,0,0,0.0,0,0.0,0.0,0,0,0,0,0.0,0,0,0,0,0,0.0,0.0,0
2013-06,0,0.0,0,0,0,0,0.0,0,0.0,0,0.0,0.0,0.0,0,0,0.0,0.0,0,0.0,0,0,0.0,0,0,0,0.0,0,0,0.0,0,0,0.0,0.0,0.0,0.0,0,0.0,0,0.0,0,0,0.0,0.0,0,0,0.0,0.0,0.0,0.0,0,0,0,100.0,0,0.0,0,0,0.0,0,0,0.0,0.0,0,0.0,0,0,0,0,0.0,0,0.0,0.0,0,0,0.0,0,0.0,0.0,0,0,0,0.0,0,0,0,0.0,0.0,0,0,0.0,0,0,0,0,0.0,0,0,0.0,0,0.0,0.0,0,0,0,0,0.0,0,0,0,0,0,0.0,0.0,0
2013-07,0,0.0,0,0,0,0,0.0,0,0.0,0,0.0,0.0,0.0,0,0,0.0,0.0,0,0.0,0,0,0.0,0,0,0,0.0,0,0,0.0,0,0,0.0,0.0,0.0,0.0,0,0.0,0,0.0,0,0,0.0,0.0,0,0,0.0,0.0,0.0,0.0,0,0,0,0.0,0,0.0,0,0,0.0,0,0,0.0,0.0,0,0.0,0,0,0,0,0.0,0,0.0,0.0,0,0,0.0,0,0.0,0.0,0,0,0,0.0,0,0,0,0.0,0.0,0,0,0.0,0,0,0,0,0.0,0,0,0.0,0,0.0,0.0,0,0,0,0,0.0,0,0,0,0,0,0.0,0.0,0
2013-08,0,0.0,0,0,0,0,0.0,0,0.0,0,0.0,0.0,0.0,0,0,0.0,0.0,0,0.0,0,0,0.0,0,0,0,0.0,0,0,0.0,0,0,0.0,0.0,0.0,0.0,0,0.0,0,0.0,0,0,0.0,0.0,0,0,0.0,0.0,0.0,0.0,0,0,0,0.0,0,0.0,0,0,0.0,0,0,0.0,0.0,0,0.0,0,0,0,0,0.0,0,0.0,0.0,0,0,0.0,0,0.0,0.0,0,0,0,0.0,0,0,0,0.0,0.0,0,0,0.0,0,0,0,0,0.0,0,0,0.0,0,0.0,0.0,0,0,0,0,0.0,0,0,0,0,0,0.0,0.0,0
2013-09,0,0.0,0,0,0,0,0.0,0,0.0,0,0.0,0.0,0.0,0,0,0.0,0.0,0,0.0,0,0,0.0,0,0,0,0.0,0,0,0.0,0,0,0.0,0.0,0.0,0.0,0,0.0,0,0.0,0,0,0.0,0.0,0,0,0.0,0.0,0.0,0.0,0,0,0,0.0,0,0.0,0,0,0.0,0,0,0.0,0.0,0,0.0,0,0,0,0,0.0,0,0.0,0.0,0,0,0.0,0,0.0,0.0,0,0,0,0.0,0,0,0,0.0,0.0,0,0,0.0,0,0,0,0,0.0,0,0,0.0,0,0.0,0.0,0,0,0,0,0.0,0,0,0,0,0,0.0,0.0,0
2013-10,0,0.0,0,0,0,0,0.0,0,0.0,0,0.0,0.0,0.0,0,0,0.0,0.0,0,0.0,0,0,0.0,0,0,0,0.0,0,0,0.0,0,0,0.0,0.0,0.0,0.0,0,0.0,0,0.0,0,0,0.0,0.0,0,0,0.0,0.0,0.0,0.0,0,0,0,0.0,0,0.0,0,0,0.0,0,0,0.0,0.0,0,0.0,0,0,0,0,0.0,0,0.0,0.0,0,0,0.0,0,0.0,0.0,0,0,0,0.0,0,0,0,0.0,100.0,0,0,0.0,0,0,0,0,0.0,0,0,0.0,0,0.0,0.0,0,0,0,0,0.0,0,0,0,0,0,0.0,0.0,0
2013-11,0,0.0,0,0,0,0,0.0,0,0.0,0,0.0,0.0,0.0,0,0,0.0,0.0,0,0.0,0,0,0.0,0,0,0,0.0,0,0,0.0,0,0,0.0,0.0,0.0,0.0,0,0.0,0,0.0,0,0,0.0,0.0,0,0,0.0,0.0,0.0,0.0,0,0,0,0.0,0,0.0,0,0,0.0,0,0,0.0,0.0,0,0.0,0,0,0,0,0.0,0,0.0,0.0,0,0,0.0,0,0.0,0.0,0,0,0,0.0,0,0,0,0.0,0.0,0,0,0.0,0,0,0,0,0.0,0,0,0.0,0,0.0,0.0,0,0,0,0,0.0,0,0,0,0,0,0.0,0.0,0
2013-12,0,0.0,0,0,0,0,0.0,0,0.0,0,0.0,0.0,0.0,0,0,0.0,0.0,0,0.0,0,0,0.0,0,0,0,0.0,0,0,0.0,0,0,0.0,0.0,0.0,0.0,0,0.0,0,0.0,0,0,0.0,0.0,0,0,100.0,0.0,0.0,0.0,0,0,0,0.0,0,0.0,0,0,0.0,0,0,0.0,0.0,0,0.0,0,0,0,0,0.0,0,0.0,0.0,0,0,0.0,0,0.0,0.0,0,0,0,0.0,0,0,0,0.0,0.0,0,0,0.0,0,0,0,0,0.0,0,0,0.0,0,0.0,0.0,0,0,0,0,0.0,0,0,0,0,0,0.0,0.0,0
2014-01,0,0.0,0,0,0,0,0.0,0,0.0,0,0.0,0.0,0.0,0,0,0.0,0.0,0,0.0,0,0,0.0,0,0,0,0.0,0,0,0.0,0,0,0.0,0.0,0.0,0.0,0,0.0,0,0.0,0,0,0.0,0.0,0,0,0.0,0.0,0.0,0.0,0,0,0,0.0,0,0.0,0,0,0.0,0,0,0.0,0.0,0,0.0,0,0,0,0,0.0,0,0.0,0.0,0,0,0.0,0,0.0,0.0,0,0,0,0.0,0,0,0,0.0,0.0,0,0,0.0,0,0,0,0,0.0,0,0,0.0,0,0.0,0.0,0,0,0,0,0.0,0,0,0,0,0,0.0,0.0,0
2014-02,0,0.0,0,0,0,0,0.0,0,0.0,0,0.0,0.0,0.0,0,0,0.0,0.0,0,0.0,0,0,0.0,0,0,0,0.0,0,0,0.0,0,0,0.0,0.0,0.0,0.0,0,0.0,0,0.0,0,0,0.0,0.0,0,0,0.0,0.0,0.0,0.0,0,0,0,0.0,0,0.0,0,0,0.0,0,0,0.0,0.0,0,0.0,0,0,0,0,0.0,0,0.0,0.0,0,0,0.0,0,0.0,0.0,0,0,0,0.0,0,0,0,0.0,0.0,0,0,0.0,0,0,0,0,0.0,0,0,0.0,0,0.0,0.0,0,0,0,0,0.0,0,0,0,0,0,0.0,0.0,0
2014-03,0,0.0,0,0,0,0,0.0,0,0.0,0,0.0,0.0,0.0,0,0,0.0,0.0,0,0.0,0,0,0.0,0,0,0,0.0,0,0,0.0,0,0,0.0,0.0,0.0,0.0,0,0.0,0,0.0,0,0,0.0,0.0,0,0,0.0,0.0,0.0,0.0,0,0,0,0.0,0,0.0,0,0,0.0,0,0,0.0,0.0,0,0.0,0,0,0,0,0.0,0,0.0,0.0,0,0,0.0,0,0.0,0.0,0,0,0,0.0,0,0,0,0.0,0.0,0,0,0.0,0,0,0,0,0.0,0,0,0.0,0,0.0,0.0,0,0,0,0,0.0,0,0,0,0,0,0.0,0.0,0
2014-04,0,0.0,0,0,0,0,0.0,0,0.0,0,0.0,0.0,0.0,0,0,0.0,0.0,0,0.0,0,0,0.0,0,0,0,0.0,0,0,0.0,0,0,0.0,0.0,0.0,0.0,0,0.0,0,0.0,0,0,0.0,0.0,0,0,0.0,0.0,0.0,0.0,0,0,0,0.0,0,0.0,0,0,0.0,0,0,0.0,0.0,0,0.0,0,0,0,0,0.0,0,0.0,0.0,0,0,0.0,0,0.0,0.0,0,0,0,0.0,0,0,0,0.0,0.0,0,0,0.0,0,0,0,0,0.0,0,0,0.0,0,0.0,0.0,0,0,0,0,0.0,0,0,0,0,0,0.0,0.0,0
2014-05,0,0.0,0,0,0,0,0.0,0,0.0,0,0.0,0.0,0.0,0,0,0.0,0.0,0,0.0,0,0,0.0,0,0,0,0.0,0,0,0.0,0,0,0.0,0.0,0.0,0.0,0,0.0,0,0.0,0,0,0.0,0.0,0,0,0.0,0.0,0.0,0.0,0,0,0,0.0,0,0.0,0,0,0.0,0,0,0.0,0.0,0,0.0,0,0,0,0,0.0,0,0.0,0.0,0,0,0.0,0,0.0,0.0,0,0,0,0.0,0,0,0,0.0,0.0,0,0,0.0,0,0,0,0,0.0,0,0,0.0,0,0.0,0.0,0,0,0,0,0.0,0,0,0,0,0,0.0,0.0,0
2014-06,0,0.0,0,0,0,0,0.0,0,0.0,0,0.0,0.0,0.0,0,0,0.0,0.0,0,0.0,0,0,0.0,0,0,0,0.0,0,0,0.0,0,0,0.0,0.0,0.0,0.0,0,0.0,0,0.0,0,0,0.0,0.0,0,0,0.0,0.0,0.0,0.0,0,0,0,0.0,0,0.0,0,0,0.0,0,0,0.0,0.0,0,0.0,0,0,0,0,0.0,0,0.0,0.0,0,0,0.0,0,0.0,0.0,0,0,0,0.0,0,0,0,0.0,0.0,0,0,0.0,0,0,0,0,0.0,0,0,0.0,0,0.0,0.0,0,0,0,0,0.0,0,0,0,0,0,0.0,0.0,0
2014-07,0,0.0,0,0,0,0,0.0,0,0.0,0,0.0,0.0,0.0,0,0,0.0,0.0,0,0.0,0,0,0.0,0,0,0,0.0,0,0,0.0,0,0,0.0,0.0,0.0,0.0,0,0.0,0,0.0,0,0,0.0,0.0,0,0,0.0,0.0,0.0,0.0,0,0,0,0.0,0,0.0,0,0,0.0,0,0,0.0,0.0,0,0.0,0,0,0,0,0.0,0,0.0,0.0,0,0,0.0,0,0.0,0.0,0,0,0,0.0,0,0,0,0.0,0.0,0,0,0.0,0,0,0,0,0.0,0,0,0.0,0,0.0,0.0,0,0,0,0,0.0,0,0,0,0,0,0.0,0.0,0
2014-08,0,0.0,0,0,0,0,0.0,0,0.0,0,0.0,0.0,0.0,0,0,0.0,0.0,0,0.0,0,0,0.0,0,0,0,0.0,0,0,0.0,0,0,0.0,0.0,0.0,0.0,0,0.0,0,0.0,0,0,0.0,0.0,0,0,0.0,0.0,0.0,0.0,0,0,0,0.0,0,0.0,0,0,0.0,0,0,0.0,0.0,0,0.0,0,0,0,0,0.0,0,0.0,0.0,0,0,0.0,0,0.0,0.0,0,0,0,0.0,0,0,0,0.0,0.0,0,0,0.0,0,0,0,0,0.0,0,0,0.0,0,0.0,0.0,0,0,0,0,0.0,0,0,0,0,0,0.0,0.0,0
2014-09,0,0.0,0,0,0,0,0.0,0,0.0,0,0.0,0.0,0.0,0,0,0.0,0.0,0,0.0,0,0,0.0,0,0,0,0.0,0,0,0.0,0,0,0.0,0.0,0.0,0.0,0,0.0,0,0.0,0,0,0.0,0.0,0,0,0.0,0.0,0.0,0.0,0,0,0,0.0,0,0.0,0,0,0.0,0,0,0.0,0.0,0,0.0,0,0,0,0,0.0,0,0.0,0.0,0,0,0.0,0,0.0,0.0,0,0,0,0.0,0,0,0,0.0,0.0,0,0,0.0,0,0,0,0,0.0,0,0,0.0,0,0.0,0.0,0,0,0,0,0.0,0,0,0,0,0,0.0,0.0,0
2014-10,0,0.0,0,0,0,0,0.0,0,0.0,0,0.0,0.0,0.0,0,0,0.0,0.0,0,0.0,0,0,0.0,0,0,0,0.0,0,0,0.0,0,0,0.0,0.0,0.0,0.0,0,0.0,0,0.0,0,0,0.0,0.0,0,0,0.0,0.0,0.0,0.0,0,0,0,0.0,0,0.0,0,0,0.0,0,0,0.0,0.0,0,0.0,0,0,0,0,0.0,0,0.0,0.0,0,0,0.0,0,0.0,0.0,0,0,0,0.0,0,0,0,0.0,0.0,0,0,0.0,0,0,0,0,0.0,0,0,0.0,0,0.0,0.0,0,0,0,0,0.0,0,0,0,0,0,0.0,0.0,0
2014-11,0,0.0,0,0,0,0,0.0,0,0.0,0,0.0,0.0,0.0,0,0,0.0,0.0,0,0.0,0,0,0.0,0,0,0,0.0,0,0,0.0,0,0,0.0,0.0,0.0,0.0,0,0.0,0,0.0,0,0,0.0,0.0,0,0,0.0,0.0,0.0,0.0,0,0,0,0.0,0,0.0,0,0,0.0,0,0,0.0,0.0,0,0.0,0,0,0,0,0.0,0,0.0,0.0,0,0,0.0,0,0.0,0.0,0,0,0,0.0,0,0,0,0.0,0.0,0,0,0.0,0,0,0,0,0.0,0,0,0.0,0,0.0,0.0,0,0,0,0,0.0,0,0,0,0,0,0.0,0.0,0
2014-12,0,0.0,0,0,0,0,0.0,0,0.0,0,0.0,0.0,0.0,0,0,0.0,0.0,0,0.0,0,0,0.0,0,0,0,0.0,0,0,0.0,0,0,0.0,0.0,0.0,0.0,0,0.0,0,0.0,0,0,0.0,0.0,0,0,0.0,0.0,0.0,0.0,0,0,0,0.0,0,0.0,0,0,0.0,0,0,0.0,0.0,0,0.0,0,0,0,0,0.0,0,0.0,0.0,0,0,0.0,0,0.0,0.0,0,0,0,0.0,0,0,0,0.0,0.0,0,0,0.0,0,0,0,0,0.0,0,0,0.0,0,0.0,0.0,0,0,0,0,0.0,0,0,0,0,0,0.0,0.0,0
2015-01,0,0.0,0,0,0,0,0.0,0,0.0,0,0.0,0.0,0.0,0,0,0.0,0.0,0,0.0,0,0,0.0,0,0,0,0.0,0,0,0.0,0,0,0.0,0.0,0.0,0.0,0,0.0,0,0.0,0,0,0.0,0.0,0,0,0.0,0.0,0.0,0.0,0,0,0,0.0,0,0.0,0,0,0.0,0,0,0.0,0.0,0,0.0,0,0,0,0,0.0,0,0.0,0.0,0,0,0.0,0,0.0,0.0,0,0,0,0.0,0,0,0,0.0,0.0,0,0,0.0,0,0,0,0,0.0,0,0,0.0,0,0.0,0.0,0,0,0,0,0.0,0,0,0,0,0,0.0,0.0,0
2015-02,0,0.0,0,0,0,0,0.0,0,0.0,0,0.0,0.0,0.0,0,0,0.0,0.0,0,0.0,0,0,0.0,0,0,0,0.0,0,0,0.0,0,0,0.0,0.0,0.0,0.0,0,0.0,0,0.0,0,0,0.0,0.0,0,0,0.0,0.0,0.0,0.0,0,0,0,0.0,0,0.0,0,0,0.0,0,0,0.0,0.0,0,0.0,0,0,0,0,0.0,0,0.0,0.0,0,0,0.0,0,0.0,0.0,0,0,0,0.0,0,0,0,0.0,0.0,0,0,0.0,0,0,0,0,0.0,0,0,0.0,0,0.0,0.0,0,0,0,0,0.0,0,0,0,0,0,0.0,0.0,0
2015-03,0,0.0,0,0,0,0,0.0,0,0.0,0,0.0,0.0,0.0,0,0,0.0,0.0,0,0.0,0,0,0.0,0,0,0,0.0,0,0,0.0,0,0,0.0,0.0,0.0,0.0,0,0.0,0,0.0,0,0,0.0,0.0,0,0,0.0,0.0,0.0,0.0,0,0,0,0.0,0,0.0,0,0,0.0,0,0,0.0,0.0,0,0.0,0,0,0,0,0.0,0,0.0,0.0,0,0,0.0,0,0.0,0.0,0,0,0,0.0,0,0,0,0.0,0.0,0,0,0.0,0,0,0,0,0.0,0,0,0.0,0,0.0,0.0,0,0,0,0,0.0,0,0,0,0,0,0.0,0.0,0
2015-04,0,0.0,0,0,0,0,0.0,0,0.0,0,0.0,0.0,0.0,0,0,0.0,0.0,0,0.0,0,0,0.0,0,0,0,0.0,0,0,0.0,0,0,0.0,0.0,0.0,0.0,0,0.0,0,0.0,0,0,0.0,0.0,0,0,0.0,0.0,0.0,0.0,0,0,0,0.0,0,0.0,0,0,0.0,0,0,0.0,0.0,0,0.0,0,0,0,0,0.0,0,0.0,0.0,0,0,0.0,0,0.0,0.0,0,0,0,0.0,0,0,0,0.0,0.0,0,0,0.0,0,0,0,0,0.0,0,0,0.0,0,0.0,0.0,0,0,0,0,0.0,0,0,0,0,0,0.0,0.0,0
2015-05,0,0.0,0,0,0,0,0.0,0,0.0,0,0.0,0.0,0.0,0,0,0.0,0.0,0,0.0,0,0,0.0,0,0,0,0.0,0,0,0.0,0,0,0.0,0.0,0.0,0.0,0,0.0,0,0.0,0,0,0.0,0.0,0,0,0.0,0.0,0.0,0.0,0,0,0,0.0,0,0.0,0,0,0.0,0,0,0.0,0.0,0,0.0,0,0,0,0,0.0,0,0.0,0.0,0,0,0.0,0,0.0,0.0,0,0,0,0.0,0,0,0,0.0,0.0,0,0,0.0,0,0,0,0,0.0,0,0,0.0,0,0.0,0.0,0,0,0,0,0.0,0,0,0,0,0,0.0,0.0,0
2015-06,0,0.0,0,0,0,0,0.0,0,0.0,0,0.0,0.0,0.0,0,0,0.0,0.0,0,0.0,0,0,0.0,0,0,0,0.0,0,0,0.0,0,0,0.0,0.0,0.0,0.0,0,0.0,0,0.0,0,0,0.0,0.0,0,0,0.0,0.0,0.0,0.0,0,0,0,0.0,0,0.0,0,0,0.0,0,0,0.0,0.0,0,0.0,0,0,0,0,0.0,0,0.0,0.0,0,0,0.0,0,0.0,0.0,0,0,0,0.0,0,0,0,0.0,0.0,0,0,0.0,0,0,0,0,0.0,0,0,0.0,0,0.0,0.0,0,0,0,0,0.0,0,0,0,0,0,0.0,0.0,0
2015-07,0,0.0,0,0,0,0,0.0,0,0.0,0,0.0,0.0,0.0,0,0,0.0,0.0,0,0.0,0,0,0.0,0,0,0,0.0,0,0,0.0,0,0,0.0,0.0,0.0,0.0,0,0.0,0,0.0,0,0,0.0,0.0,0,0,0.0,0.0,0.0,0.0,0,0,0,0.0,0,0.0,0,0,0.0,0,0,0.0,0.0,0,0.0,0,0,0,0,0.0,0,0.0,0.0,0,0,0.0,0,0.0,0.0,0,0,0,0.0,0,0,0,0.0,0.0,0,0,0.0,0,0,0,0,0.0,0,0,0.0,0,0.0,0.0,0,0,0,0,0.0,0,0,0,0,0,0.0,0.0,0
2015-08,0,0.0,0,0,0,0,0.0,0,0.0,0,0.0,0.0,0.0,0,0,0.0,0.0,0,0.0,0,0,0.0,0,0,0,0.0,0,0,0.0,0,0,0.0,0.0,0.0,0.0,0,0.0,0,0.0,0,0,0.0,0.0,0,0,0.0,0.0,0.0,0.0,0,0,0,0.0,0,0.0,0,0,0.0,0,0,0.0,0.0,0,0.0,0,0,0,0,0.0,0,0.0,0.0,0,0,0.0,0,0.0,0.0,0,0,0,0.0,0,0,0,0.0,0.0,0,0,0.0,0,0,0,0,0.0,0,0,0.0,0,0.0,0.0,0,0,0,0,0.0,0,0,0,0,0,0.0,0.0,0
2015-09,0,0.0,0,0,100,0,0.0,0,0.0,19,0.0,0.0,0.0,0,24,0.0,0.0,0,0.0,100,0,0.0,0,0,100,0.0,0,0,0.0,100,0,0.0,0.0,0.0,2.0,0,0.0,0,0.0,100,0,0.0,0.0,0,100,0.0,0.0,0.0,0.0,10,0,0,0.0,0,2.0,0,0,0.0,0,100,0.0,0.0,0,0.0,100,0,0,0,0.0,100,0.0,0.0,0,100,0.0,0,0.0,0.0,100,0,0,0.0,0,100,0,0.0,0.0,0,13,0.0,0,0,0,100,0.0,0,0,0.0,100,0.0,0.0,0,0,100,0,0.0,0,0,100,0,0,0.0,0.0,100
2015-10,0,0.0,0,0,57,0,0.0,0,0.0,11,0.0,0.0,0.0,0,14,0.0,0.0,0,0.0,57,0,0.0,0,0,57,0.0,0,0,0.0,57,0,0.0,0.0,0.0,1.0,0,0.0,0,0.0,57,0,0.0,0.0,0,57,0.0,0.0,0.0,0.0,6,0,0,0.0,0,1.0,0,0,0.0,0,57,0.0,0.0,0,0.0,57,0,0,0,0.0,57,0.0,0.0,0,57,0.0,0,0.0,0.0,57,0,0,0.0,0,57,0,0.0,0.0,0,7,0.0,0,0,0,57,0.0,0,47,0.0,57,0.0,0.0,0,0,57,0,0.0,0,0,57,0,0,0.0,0.0,57
2015-11,0,0.0,0,0,86,0,0.0,0,0.0,17,0.0,0.0,0.0,0,21,0.0,0.0,0,0.0,86,0,0.0,0,0,86,0.0,0,0,0.0,86,0,0.0,0.0,0.0,2.0,0,0.0,0,0.0,86,0,0.0,0.0,0,86,0.0,0.0,0.0,0.0,8,0,0,0.0,0,2.0,0,0,0.0,0,86,0.0,0.0,0,0.0,86,0,0,0,0.0,86,0.0,0.0,0,86,0.0,0,0.0,0.0,86,0,0,0.0,0,86,0,0.0,0.0,0,11,0.0,0,0,0,86,0.0,0,0,0.0,86,0.0,0.0,0,0,86,0,0.0,0,0,86,0,0,0.0,0.0,86
2015-12,0,0.0,0,0,84,7,0.0,0,0.0,16,0.0,0.0,0.0,0,20,0.0,0.0,0,0.0,84,0,0.0,0,0,84,0.0,0,0,0.0,84,0,0.0,0.0,0.0,2.0,0,0.0,0,0.0,84,0,0.0,0.0,0,84,0.0,0.0,0.0,0.0,8,0,0,0.0,0,2.0,0,0,0.0,0,84,0.0,0.0,0,0.0,84,0,0,0,0.0,84,0.0,0.0,0,84,0.0,0,0.0,0.0,84,0,0,0.0,0,84,0,0.0,0.0,0,11,0.0,0,0,0,84,0.0,0,0,0.0,84,0.0,0.0,0,0,84,0,0.0,0,0,84,0,0,0.0,0.0,84
2016-01,0,0.0,0,0,55,0,0.0,0,0.0,11,0.0,0.0,0.0,0,13,0.0,0.0,0,0.0,55,0,0.0,0,0,55,0.0,0,0,0.0,55,0,0.0,0.0,0.0,1.0,0,0.0,0,0.0,55,0,0.0,0.0,0,55,0.0,0.0,0.0,0.0,5,0,0,0.0,0,1.0,0,0,0.0,0,55,0.0,0.0,0,0.0,55,0,0,0,0.0,55,0.0,0.0,0,55,0.0,0,0.0,0.0,55,0,0,0.0,0,55,3,0.0,0.0,0,7,0.0,0,0,0,55,0.0,0,0,0.0,55,0.0,0.0,0,0,55,0,0.0,0,0,55,0,0,0.0,0.0,55
2016-02,0,0.0,0,0,40,0,0.0,0,0.0,8,0.0,0.0,0.0,0,10,0.0,0.0,0,0.0,40,0,0.0,0,0,40,0.0,0,0,0.0,40,0,0.0,0.0,0.0,1.0,0,0.0,0,0.0,40,0,0.0,0.0,0,40,0.0,0.0,0.0,0.0,4,0,0,0.0,0,1.0,0,0,0.0,0,40,0.0,0.0,0,0.0,40,0,0,0,0.0,40,0.0,0.0,0,40,0.0,0,0.0,0.0,40,0,0,0.0,0,40,0,0.0,0.0,0,5,0.0,0,0,0,40,0.0,0,0,0.0,40,0.0,0.0,0,0,40,0,0.0,0,0,40,0,0,0.0,0.0,40
2016-03,0,0.0,0,0,43,0,0.0,0,0.0,8,0.0,0.0,0.0,0,10,0.0,0.0,0,0.0,43,0,0.0,0,0,43,0.0,0,0,0.0,43,0,0.0,0.0,0.0,1.0,0,0.0,0,0.0,43,0,0.0,0.0,0,43,0.0,0.0,0.0,0.0,4,0,0,0.0,0,1.0,0,0,0.0,0,43,0.0,0.0,0,0.0,43,0,0,0,0.0,43,0.0,0.0,0,43,0.0,0,0.0,0.0,43,0,0,0.0,0,43,0,0.0,0.0,0,5,0.0,0,0,0,43,0.0,0,0,0.0,43,0.0,0.0,0,0,43,0,0.0,0,0,43,0,0,0.0,0.0,43
2016-04,15,0.0,0,0,59,0,0.0,0,0.0,11,0.0,0.0,0.0,0,14,0.0,0.0,0,0.0,59,0,0.0,0,0,59,0.0,0,0,0.0,59,0,0.0,0.0,0.0,1.0,0,0.0,0,0.0,59,0,0.0,0.0,0,59,0.0,0.0,0.0,0.0,6,0,0,0.0,0,1.0,0,0,0.0,0,59,0.0,0.0,0,0.0,59,0,0,0,0.0,59,0.0,0.0,0,59,0.0,0,0.0,0.0,59,0,0,0.0,0,59,0,0.0,0.0,0,7,0.0,0,0,0,59,0.0,0,0,0.0,59,0.0,0.0,0,0,59,0,0.0,0,0,59,0,0,0.0,0.0,59
2016-05,0,0.0,0,0,39,0,0.0,0,0.0,7,0.0,0.0,0.0,0,9,0.0,0.0,0,0.0,39,0,0.0,0,0,39,0.0,0,0,0.0,39,0,0.0,0.0,0.0,1.0,0,0.0,0,0.0,39,0,0.0,0.0,0,39,0.0,0.0,0.0,0.0,4,0,0,0.0,0,1.0,0,0,0.0,0,39,0.0,0.0,0,0.0,39,0,0,0,0.0,39,0.0,0.0,0,39,0.0,0,0.0,0.0,39,0,0,0.0,0,39,0,0.0,0.0,0,5,0.0,0,0,0,39,0.0,0,0,0.0,39,0.0,0.0,0,0,39,0,0.0,0,0,39,0,0,0.0,0.0,39
2016-06,0,0.0,0,0,57,0,0.0,0,0.0,11,0.0,0.0,0.0,0,14,0.0,0.0,0,0.0,57,0,0.0,0,0,57,0.0,0,0,0.0,57,0,0.0,0.0,0.0,1.0,0,0.0,0,0.0,57,0,0.0,0.0,0,57,0.0,0.0,0.0,0.0,6,0,0,0.0,0,1.0,0,0,0.0,0,57,0.0,0.0,0,0.0,57,0,0,0,0.0,57,0.0,0.0,0,57,0.0,0,0.0,0.0,57,0,0,0.0,0,57,0,0.0,0.0,0,7,0.0,0,0,0,57,0.0,0,0,0.0,57,0.0,0.0,0,0,57,0,0.0,0,0,57,0,0,0.0,0.0,57
2016-07,0,0.0,0,0,59,0,0.0,0,0.0,11,0.0,0.0,0.0,0,14,0.0,0.0,0,0.0,59,0,0.0,0,0,59,0.0,0,0,0.0,59,0,0.0,0.0,0.0,1.0,0,0.0,0,0.0,59,0,0.0,0.0,0,59,0.0,0.0,0.0,0.0,6,0,0,0.0,0,1.0,0,0,0.0,0,59,0.0,0.0,0,0.0,59,0,0,0,0.0,59,0.0,0.0,0,59,0.0,0,0.0,0.0,59,0,0,0.0,0,59,0,0.0,0.0,0,7,0.0,0,0,0,59,0.0,0,0,0.0,59,0.0,0.0,0,0,59,0,0.0,0,0,59,0,0,0.0,0.0,59
2016-08,0,0.0,0,0,46,0,0.0,0,0.0,9,0.0,0.0,0.0,0,11,0.0,0.0,0,0.0,46,0,0.0,0,0,46,0.0,0,0,0.0,46,0,0.0,0.5,0.0,1.0,0,0.0,0,0.0,46,0,0.0,0.0,0,46,0.0,0.0,0.0,0.0,4,0,0,0.0,0,1.0,0,0,0.0,0,46,0.0,0.0,0,0.0,46,0,0,0,0.0,46,0.0,0.0,0,46,0.0,0,0.0,0.0,46,0,0,0.0,0,46,0,0.0,0.0,0,6,0.0,0,0,0,46,0.0,0,0,0.0,46,0.0,0.0,0,0,46,0,0.0,0,0,46,0,0,0.0,0.0,46
2016-09,0,0.0,0,0,27,0,0.0,0,0.0,5,0.0,0.0,0.0,0,7,0.0,0.0,0,0.0,27,0,0.0,0,0,27,0.0,0,0,0.0,27,0,0.0,0.0,0.0,1.0,0,0.0,0,0.0,27,0,0.0,0.0,0,27,0.0,0.0,0.0,0.0,3,0,0,0.0,0,1.0,0,0,0.0,0,27,0.0,0.0,0,0.0,27,0,0,0,0.0,27,0.0,0.0,0,27,0.0,0,0.0,0.0,27,0,0,0.0,0,27,0,0.0,0.0,0,3,0.0,0,0,0,27,0.0,0,0,0.0,27,0.0,0.0,0,13,27,0,0.0,0,0,27,0,0,0.0,0.0,27
2016-10,0,0.0,10,0,40,0,0.0,2,0.0,8,0.0,0.0,0.0,0,10,0.0,0.0,0,0.0,40,0,0.0,0,0,40,0.0,0,0,0.0,40,0,0.0,0.0,0.0,1.0,0,0.0,0,0.0,40,18,0.0,0.0,0,40,0.0,0.0,0.0,1.0,4,0,0,0.0,0,1.0,0,0,0.0,0,40,0.0,0.0,0,0.0,40,0,0,0,0.0,40,0.0,0.0,0,40,0.0,0,0.0,0.0,40,0,0,0.0,0,40,0,0.0,0.0,0,5,0.0,0,0,0,40,0.0,0,0,0.0,40,0.0,0.0,0,0,40,0,0.0,0,0,40,0,0,0.0,0.0,40
2016-11,0,0.0,0,0,44,0,0.0,2,0.0,9,0.0,0.0,0.0,0,11,0.0,0.0,0,0.0,44,0,0.0,0,0,44,0.0,0,0,0.0,44,0,0.0,0.0,0.0,1.0,0,0.0,0,0.0,44,10,0.0,0.0,0,44,0.0,0.0,0.0,0.0,4,0,0,0.0,0,1.0,0,0,0.0,0,44,0.0,0.0,0,0.0,44,0,0,0,0.0,44,0.0,0.0,0,44,0.0,0,0.0,0.0,44,0,0,0.0,0,44,0,0.0,0.0,0,6,0.0,0,0,0,44,0.0,0,0,0.0,44,0.0,0.0,0,0,44,0,0.0,0,0,44,0,0,0.0,0.0,44
2016-12,0,0.0,0,0,36,0,0.0,2,0.0,7,0.0,0.0,0.0,0,9,0.0,0.0,0,0.0,36,0,0.0,0,0,36,0.0,0,0,0.0,36,0,0.0,0.5,0.0,1.0,0,0.0,0,0.0,36,13,0.0,0.0,0,36,0.0,0.0,0.0,0.0,3,0,0,0.0,0,1.0,0,0,0.0,0,36,0.0,0.0,0,0.0,36,0,0,0,0.0,36,0.0,0.0,0,36,0.0,0,0.0,0.0,36,0,0,0.0,0,36,0,0.0,0.0,0,4,0.0,0,0,0,36,0.0,0,0,0.0,36,0.0,0.0,0,0,36,0,0.0,0,0,36,0,0,0.0,0.0,36
2017-01,0,0.0,0,0,43,0,0.0,0,0.0,8,0.0,0.0,0.0,0,11,0.0,0.0,0,0.0,43,0,0.0,0,0,43,0.0,10,0,0.0,43,0,0.0,0.0,0.0,1.0,0,0.0,0,0.0,43,0,0.0,0.0,0,43,0.0,0.0,0.0,0.0,4,0,0,0.0,0,1.0,0,0,0.0,0,43,0.0,0.0,0,0.0,43,0,0,0,0.0,43,0.0,0.0,0,43,0.0,0,0.0,0.0,43,0,0,0.0,0,43,0,0.0,0.0,0,5,0.0,0,0,0,43,0.0,0,0,0.0,43,0.0,0.0,0,0,43,0,0.0,0,0,43,0,0,0.0,0.0,43
2017-02,0,0.0,0,0,37,0,0.0,0,0.0,7,0.0,0.0,0.0,0,9,0.0,0.0,0,0.0,37,0,0.0,0,0,37,0.0,0,0,0.0,37,0,0.0,0.0,0.0,1.0,0,0.0,0,0.0,37,0,0.0,0.0,0,37,0.0,0.0,0.0,0.0,4,0,0,0.0,0,1.0,0,0,0.0,0,37,0.0,0.0,0,0.0,37,0,0,0,0.0,37,0.0,0.0,0,37,0.0,0,0.0,0.0,37,0,0,0.0,0,37,0,0.0,0.0,0,5,0.0,0,0,0,37,0.0,0,0,0.0,37,0.0,0.0,0,0,37,0,0.0,0,0,37,0,0,0.0,0.0,37
2017-03,0,0.0,0,0,37,0,0.0,0,0.0,7,0.0,0.0,0.0,0,9,0.0,0.0,0,0.0,37,0,0.0,0,0,37,0.0,0,0,0.0,37,0,0.0,0.5,0.0,1.0,0,0.0,0,0.0,37,8,0.0,0.0,0,37,0.0,0.0,0.0,0.0,4,0,0,0.0,0,1.0,0,0,0.0,0,37,0.0,0.0,0,0.0,37,0,0,0,0.0,37,0.0,0.0,0,37,0.0,0,0.0,0.0,37,0,0,0.0,0,37,0,0.0,0.0,0,5,0.0,0,0,0,37,0.0,0,0,0.0,37,0.0,0.0,0,0,37,0,0.0,0,0,37,0,0,0.0,0.0,37
2017-04,0,0.0,0,0,34,0,0.0,0,0.0,7,0.0,0.0,0.0,0,8,0.0,0.0,0,0.0,34,0,0.0,0,0,34,0.0,0,0,0.0,34,0,0.0,0.0,0.0,1.0,0,0.0,0,0.0,34,12,0.0,0.0,0,34,0.0,0.0,0.0,0.0,3,0,0,0.5,0,1.0,0,0,0.0,0,34,0.0,0.0,0,0.0,34,0,0,0,0.0,34,0.0,0.0,0,34,0.0,0,0.0,0.0,34,0,0,0.0,0,34,0,0.0,0.0,0,4,0.0,0,0,0,34,0.0,0,0,0.0,34,0.0,0.0,0,0,34,0,0.0,0,0,34,0,0,0.0,0.0,34
2017-05,0,0.0,0,0,30,0,0.0,0,0.0,6,0.0,0.0,0.0,0,7,0.0,0.0,0,0.0,30,0,0.0,0,0,30,0.0,0,0,0.0,30,0,0.0,0.5,0.0,1.0,0,0.0,0,0.0,30,8,0.0,0.0,0,30,0.0,0.0,0.0,0.0,3,0,0,0.0,0,1.0,0,0,0.0,0,30,0.0,0.0,0,0.0,30,0,0,0,0.0,30,0.0,0.0,0,30,0.0,0,0.0,0.0,30,0,0,0.0,0,30,0,0.0,0.0,0,4,0.0,0,0,0,30,0.0,0,0,0.0,30,0.0,0.0,0,0,30,0,0.0,0,0,30,0,0,0.0,0.0,30
2017-06,0,0.0,0,0,25,0,0.0,0,0.0,5,0.0,0.0,0.0,0,6,0.0,0.0,0,8.0,25,0,0.0,0,0,25,0.0,0,0,0.0,25,0,0.0,0.0,0.0,1.0,0,0.0,0,0.0,25,17,0.0,0.0,0,25,0.0,0.0,0.0,0.0,2,0,0,0.0,0,1.0,0,0,0.0,0,25,0.0,0.0,0,0.0,25,0,0,0,0.0,25,0.0,0.0,0,25,0.0,0,0.0,0.0,25,0,0,0.0,0,25,0,0.0,0.0,0,3,0.0,0,0,0,25,0.0,0,0,0.0,25,0.0,0.0,0,0,25,0,0.0,0,0,25,0,0,0.0,0.0,25
2017-07,0,0.0,0,0,33,0,0.0,2,0.0,6,0.0,0.0,0.0,0,8,0.0,0.0,0,0.0,33,0,0.0,0,0,33,0.0,0,0,0.0,33,0,0.0,0.0,0.0,1.0,0,0.0,0,0.0,33,10,0.0,0.0,0,33,0.0,0.0,0.0,0.0,3,0,0,0.0,0,1.0,0,0,0.0,0,33,0.0,0.0,0,0.0,33,0,8,0,0.0,33,0.0,0.0,0,33,0.0,0,0.0,0.0,33,0,0,0.0,0,33,0,0.0,0.0,0,4,0.0,0,0,0,33,0.0,0,0,0.0,33,0.0,0.0,0,0,33,0,0.0,0,0,33,0,0,0.0,0.0,33
2017-08,0,0.0,0,0,33,0,0.0,0,0.0,6,0.0,0.0,0.0,0,8,0.0,0.0,0,0.0,33,0,0.0,0,0,33,0.0,0,0,0.0,33,0,0.0,0.5,0.0,1.0,0,0.0,0,0.0,33,18,0.0,0.0,0,33,0.0,0.0,0.0,0.0,3,0,0,0.0,0,1.0,0,0,0.0,0,33,0.0,0.0,0,0.0,33,0,0,0,0.0,33,0.0,0.0,0,33,0.0,0,0.0,0.0,33,0,0,0.0,0,33,0,0.0,0.0,0,4,0.0,0,0,0,33,0.0,0,0,0.0,33,0.0,0.0,0,0,33,0,0.0,0,0,33,0,0,0.0,0.0,33
2017-09,0,0.0,0,0,36,0,0.0,1,0.0,7,0.0,0.0,0.0,0,9,0.0,0.0,0,0.0,36,0,0.0,0,0,36,0.0,0,0,0.0,36,0,0.0,0.0,0.0,1.0,0,0.0,0,0.0,36,8,0.0,0.0,0,36,0.0,0.0,0.0,0.0,4,0,0,0.0,0,1.0,0,0,0.0,0,36,0.0,0.0,0,0.0,36,0,0,0,0.0,36,0.0,0.0,0,36,0.0,0,0.0,0.0,36,0,0,0.0,0,36,0,0.0,0.0,0,5,0.0,0,0,0,36,0.0,0,0,0.0,36,0.0,0.0,0,0,36,0,0.0,0,7,36,0,0,0.0,0.0,36
2017-10,0,0.0,0,0,36,0,0.0,2,0.0,7,0.0,0.0,0.0,0,9,0.0,0.0,0,0.0,36,0,0.0,0,0,36,0.0,0,0,0.0,36,0,0.0,0.5,0.0,1.0,0,0.0,0,0.0,36,7,0.0,0.0,0,36,0.0,0.0,0.0,0.0,4,0,0,0.0,0,1.0,0,0,0.0,0,36,0.0,0.0,0,0.0,36,0,6,0,0.0,36,0.0,0.0,0,36,0.0,0,0.0,0.0,36,0,0,0.0,0,36,0,0.0,0.0,0,5,0.0,0,0,0,36,0.0,0,0,0.0,36,0.0,0.0,0,0,36,0,0.0,0,0,36,0,0,0.0,0.0,36
2017-11,0,0.0,0,0,42,0,0.0,1,0.0,8,0.0,0.0,0.0,0,10,0.0,0.0,0,0.0,42,5,0.0,0,0,42,0.0,0,0,0.0,42,0,0.0,0.5,0.0,1.0,0,0.0,0,0.0,42,6,0.0,0.0,0,42,0.0,0.0,0.0,0.0,4,0,0,0.0,0,1.0,0,0,0.0,0,42,0.0,0.0,0,0.0,42,0,8,0,0.0,42,6.0,0.0,0,42,0.0,0,0.0,0.0,42,0,0,0.0,0,42,0,0.0,0.0,0,5,0.0,0,0,0,42,0.0,0,0,0.0,42,0.0,0.0,0,0,42,0,0.0,0,0,42,0,0,0.0,0.0,42
2017-12,0,0.0,0,0,40,0,0.0,1,0.0,8,0.0,0.0,0.0,0,10,0.0,0.0,0,0.0,40,0,0.0,0,0,40,0.0,0,0,0.0,40,0,0.0,0.5,0.0,1.0,0,0.0,0,0.0,40,6,0.0,0.0,0,40,0.0,0.0,0.0,0.0,4,0,0,0.0,0,1.0,0,0,0.0,0,40,0.0,0.0,0,0.0,40,0,5,0,0.0,40,0.0,0.0,0,40,0.0,0,0.0,0.0,40,0,0,0.0,0,40,0,0.0,0.0,0,5,0.0,0,0,0,40,0.0,0,0,0.0,40,0.0,0.0,0,0,40,0,0.0,0,0,40,0,0,0.0,0.0,40
2018-01,0,0.0,0,0,37,0,0.0,0,0.0,7,0.0,0.0,0.0,0,9,0.0,0.0,0,0.0,37,0,0.0,0,0,37,0.0,0,0,0.0,37,0,0.0,0.5,0.0,1.0,0,0.0,0,0.0,37,11,0.0,0.0,0,37,0.0,0.0,0.0,0.0,4,0,0,0.0,0,1.0,0,0,0.0,0,37,0.0,0.0,0,0.0,37,0,0,0,0.0,37,0.0,0.0,0,37,0.0,0,0.0,0.0,37,0,0,0.0,0,37,0,0.0,0.0,1,5,0.0,0,0,0,37,0.0,0,0,0.0,37,0.0,0.0,0,0,37,0,0.0,0,0,37,0,0,0.0,0.0,37
2018-02,0,0.0,0,0,47,0,0.0,1,0.0,9,0.0,0.0,0.0,0,11,0.0,0.0,0,0.0,47,0,0.0,0,0,47,0.0,0,0,0.0,47,0,0.0,0.0,0.0,1.0,0,0.0,0,0.0,47,16,0.0,0.0,0,47,0.0,0.0,0.0,0.0,5,0,0,0.0,0,1.0,0,0,0.0,0,47,0.0,0.0,0,0.0,47,0,5,0,0.0,47,0.0,0.0,0,47,0.0,0,0.0,0.0,47,0,0,0.0,0,47,0,0.0,0.0,0,6,0.0,0,0,0,47,0.0,0,0,0.0,47,0.0,0.0,0,0,47,0,0.0,0,0,47,0,0,0.0,0.0,47
2018-03,0,0.0,0,0,43,0,0.0,2,0.0,8,0.0,0.0,0.0,0,10,0.0,0.0,0,0.0,43,0,0.0,0,0,43,0.0,0,0,0.0,43,0,0.0,0.5,0.0,1.0,0,0.0,0,0.0,43,17,0.0,0.0,0,43,0.0,0.0,0.0,0.0,4,0,0,0.0,0,1.0,0,0,0.0,0,43,0.0,0.0,0,0.0,43,0,7,0,4.0,43,0.0,0.0,0,43,0.0,0,0.0,0.0,43,0,0,0.0,0,43,0,0.0,0.0,0,5,0.0,0,5,0,43,0.0,0,0,0.0,43,0.0,0.0,0,0,43,0,0.0,0,5,43,0,0,0.0,0.0,43
2018-04,0,0.0,0,0,43,0,0.0,1,0.0,8,0.0,0.0,0.0,0,11,0.0,0.0,0,0.0,43,0,0.0,0,0,43,0.0,0,0,0.0,43,0,0.0,0.5,0.0,1.0,0,0.0,0,0.0,43,17,0.0,0.0,0,43,0.0,0.0,0.0,0.0,4,0,0,0.0,0,1.0,0,0,0.0,0,43,0.0,0.0,0,0.0,43,0,7,0,0.0,43,0.0,0.0,0,43,0.0,0,0.0,0.0,43,0,0,0.0,0,43,0,0.0,0.0,0,5,0.0,0,0,0,43,0.0,0,0,0.0,43,0.0,0.0,0,0,43,0,0.0,0,0,43,0,0,0.0,0.0,43
2018-05,0,0.0,0,0,31,0,0.0,1,0.0,6,0.0,0.0,0.0,0,8,0.0,0.0,0,0.0,31,0,0.0,0,0,31,0.0,0,0,0.0,31,0,0.0,0.5,0.0,1.0,0,0.0,0,0.0,31,22,0.0,0.0,0,31,0.0,0.0,0.0,0.0,3,0,0,0.0,0,1.0,0,0,0.0,0,31,0.0,0.0,0,0.0,31,0,7,0,0.0,31,0.0,0.0,0,31,0.0,0,0.0,0.0,31,0,0,0.0,0,31,0,0.0,0.0,0,4,0.0,0,0,0,31,0.0,0,0,0.0,31,0.0,0.0,0,0,31,0,0.0,0,0,31,0,0,0.0,0.0,31
2018-06,0,0.0,0,0,26,0,0.0,1,0.0,5,0.0,0.0,0.0,0,6,0.0,0.0,0,0.0,26,0,0.0,0,0,26,0.0,0,0,0.0,26,0,0.0,0.0,0.0,1.0,0,0.0,0,0.0,26,10,0.0,0.0,0,26,0.0,0.0,0.0,0.0,3,0,0,0.0,0,1.0,0,0,0.0,0,26,0.0,0.0,0,0.0,26,0,0,0,0.0,26,0.0,0.0,0,26,0.0,0,0.0,0.0,26,0,0,0.0,0,26,0,0.0,0.0,0,3,0.0,0,0,0,26,0.0,0,0,0.0,26,0.0,0.0,0,0,26,0,0.0,0,0,26,0,0,0.0,0.0,26
2018-07,0,0.0,0,0,36,0,0.0,2,0.0,7,0.0,0.0,0.0,0,9,0.0,0.0,0,0.0,36,0,0.0,0,0,36,0.0,0,0,0.0,36,0,0.0,0.5,0.0,1.0,0,0.0,0,0.0,36,30,0.0,0.0,0,36,0.0,0.0,0.0,0.0,3,0,0,0.0,0,1.0,0,0,0.0,0,36,0.0,0.0,0,0.0,36,0,6,0,0.0,36,0.0,0.0,0,36,0.0,0,0.0,0.0,36,0,0,0.0,0,36,0,0.0,0.0,0,4,0.0,0,0,0,36,0.0,0,0,0.0,36,0.0,0.0,0,4,36,0,0.0,0,0,36,0,0,0.0,0.0,36
2018-08,0,0.0,0,4,30,0,0.0,2,0.0,6,0.0,0.0,0.0,0,7,0.0,0.0,0,0.0,30,0,0.0,0,0,30,0.0,0,0,0.0,30,0,0.0,0.5,0.0,1.0,0,0.0,0,0.0,30,21,0.0,0.0,0,30,0.0,0.0,0.0,0.0,3,0,0,0.0,0,1.0,0,0,0.0,0,30,0.0,0.0,0,0.0,30,0,0,0,0.0,30,0.0,0.0,0,30,0.0,0,0.0,0.0,30,0,0,0.0,0,30,0,0.0,0.0,0,4,0.0,0,0,0,30,0.0,0,0,0.0,30,0.0,0.0,0,0,30,0,0.0,0,5,30,0,0,0.0,0.0,30
2018-09,0,0.0,0,0,35,0,0.0,1,0.0,7,0.0,0.0,0.0,0,8,0.0,0.0,0,0.0,35,0,0.0,5,0,35,0.0,0,0,0.0,35,0,0.0,0.5,0.0,1.0,0,0.0,0,0.0,35,24,0.0,0.0,0,35,0.0,0.0,0.0,0.0,3,0,0,0.0,0,1.0,0,0,0.0,0,35,0.0,0.0,0,0.0,35,0,5,0,0.0,35,0.0,0.0,0,35,0.0,0,0.0,0.0,35,0,0,0.0,0,35,0,0.0,0.0,0,4,0.0,0,0,0,35,0.0,0,0,0.0,35,0.0,0.0,0,5,35,0,0.0,0,0,35,0,0,0.0,0.0,35
2018-10,0,0.0,0,0,31,0,1.0,1,0.0,6,0.0,0.0,0.0,0,7,0.0,4.0,0,0.0,31,0,0.0,7,0,31,0.0,0,0,0.0,31,0,0.5,0.5,0.0,1.0,0,0.0,0,0.0,31,15,0.0,0.0,0,31,0.0,0.0,0.0,0.0,3,0,0,0.0,0,1.0,0,0,0.0,0,31,0.0,0.0,0,0.0,31,0,6,0,0.0,31,0.0,0.0,0,31,0.0,0,0.0,0.0,31,0,0,0.0,0,31,0,0.0,0.0,0,4,0.0,0,0,0,31,0.0,0,0,0.0,31,0.0,0.0,0,0,31,0,0.0,0,6,31,0,0,0.0,0.0,31
2018-11,0,0.0,0,0,40,0,0.0,2,0.0,8,0.0,0.0,0.0,0,10,3.0,0.0,0,0.0,40,0,0.0,5,0,40,0.0,0,0,0.0,40,0,0.0,0.5,0.0,1.0,0,0.0,0,0.0,40,8,0.0,0.0,0,40,0.0,0.0,0.0,0.0,4,0,0,0.0,0,1.0,0,0,0.0,0,40,0.0,0.0,0,0.0,40,0,6,0,0.0,40,0.0,0.0,0,40,0.0,0,0.0,0.0,40,0,0,0.0,0,40,0,0.0,0.0,0,5,0.0,0,0,0,40,0.0,0,0,0.0,40,0.0,0.0,0,4,40,0,0.0,0,0,40,0,0,0.0,0.0,40
2018-12,0,0.0,0,0,39,0,0.0,2,0.0,7,0.0,0.0,0.0,0,9,0.0,0.0,0,0.0,39,0,0.0,6,0,39,0.0,0,0,0.0,39,0,0.0,0.5,0.0,1.0,0,0.0,0,0.0,39,12,0.0,0.0,0,39,0.0,0.0,0.0,0.0,4,0,0,0.0,0,1.0,0,0,0.0,0,39,0.0,0.0,0,0.0,39,0,5,0,0.0,39,0.0,0.0,0,39,0.0,0,0.0,0.0,39,0,0,0.0,0,39,0,0.0,0.0,0,5,0.0,0,0,0,39,0.0,0,0,0.0,39,0.0,0.0,0,0,39,0,0.0,0,3,39,0,0,0.0,0.0,39
2019-01,0,0.0,0,0,23,0,0.5,1,0.0,4,0.0,0.0,0.0,0,6,0.0,0.0,0,0.0,23,0,0.0,4,0,23,0.0,0,3,0.0,23,0,0.5,0.5,0.0,0.5,3,0.0,0,0.0,23,18,0.0,0.0,0,23,0.5,0.0,0.0,0.0,2,0,0,0.0,0,1.0,9,2,0.0,2,23,0.0,0.0,0,0.0,23,0,6,0,0.0,23,0.0,0.0,0,23,0.0,0,0.0,0.0,23,0,0,0.0,0,23,0,0.0,0.0,0,3,0.0,0,0,0,23,0.0,0,0,0.0,23,0.0,0.0,0,1,23,0,0.0,0,2,23,0,0,0.0,0.0,23
2019-02,0,0.0,0,0,31,0,0.5,1,0.0,6,0.0,0.0,0.0,0,7,0.0,0.0,0,0.0,31,0,0.0,5,0,31,0.0,0,3,0.0,31,0,0.0,0.5,0.0,1.0,3,0.0,0,0.0,31,15,0.0,0.0,0,31,0.0,0.0,0.0,0.0,3,0,0,0.0,0,1.0,3,2,0.0,0,31,0.0,0.0,0,0.0,31,0,5,0,0.0,31,0.0,0.0,0,31,0.0,0,0.0,0.0,31,0,0,0.0,0,31,0,0.0,0.0,0,4,0.0,0,0,0,31,0.0,0,0,0.0,31,0.0,0.0,0,3,31,0,0.0,0,4,31,0,0,0.0,2.0,31
2019-03,2,0.0,0,0,30,0,0.5,2,0.0,6,0.0,0.0,0.0,0,7,0.0,0.0,0,0.0,30,0,0.0,3,0,30,0.0,0,2,2.0,30,0,0.0,0.5,0.0,1.0,2,0.0,0,0.0,30,19,0.0,0.0,0,30,0.0,0.0,0.0,0.0,3,0,0,0.0,0,1.0,3,0,0.0,0,30,0.0,0.0,0,0.0,30,0,11,0,0.0,30,2.0,0.0,0,30,0.0,0,0.0,0.0,30,0,0,0.0,0,30,0,0.0,0.0,0,4,0.0,0,0,0,30,0.0,0,0,0.0,30,0.0,0.0,0,4,30,0,0.0,0,3,30,0,0,0.0,0.0,30
2019-04,1,0.0,0,0,29,0,0.5,1,0.0,6,0.0,0.5,0.0,0,7,0.0,0.0,0,0.0,29,0,0.0,4,0,29,0.0,0,2,0.0,29,0,0.0,0.5,0.0,1.0,2,0.0,0,0.0,29,27,0.0,0.0,0,29,0.5,0.0,0.0,0.0,3,0,0,0.0,0,1.0,3,0,0.0,2,29,0.0,0.0,0,0.0,29,0,5,0,0.0,29,0.0,0.0,0,29,0.0,0,0.0,0.0,29,0,0,0.0,0,29,0,0.0,0.0,0,4,0.0,0,0,0,29,0.0,0,0,0.0,29,0.0,0.0,0,3,29,0,0.0,1,4,29,0,0,0.0,0.0,29
2019-05,2,0.0,0,0,29,0,0.5,1,0.0,6,0.0,0.0,0.0,0,7,0.0,0.0,0,0.0,29,0,0.0,3,0,29,0.0,0,4,0.0,29,0,0.0,0.5,0.0,1.0,4,0.0,0,0.0,29,35,0.0,0.0,0,29,0.5,0.0,0.0,0.0,3,0,0,0.0,0,1.0,2,0,0.0,2,29,0.0,0.0,0,0.0,29,0,5,0,0.0,29,0.0,0.0,0,29,0.0,0,0.0,0.0,29,0,0,0.0,0,29,0,0.0,0.0,0,4,0.0,0,0,0,29,0.0,0,0,0.0,29,0.0,0.0,0,4,29,0,0.0,1,3,29,0,0,0.0,0.0,29
2019-06,0,0.0,0,0,18,0,0.5,1,0.0,3,0.0,0.0,0.0,0,4,0.0,0.0,0,0.0,18,0,0.0,4,0,18,0.0,0,3,0.0,18,0,0.0,0.5,0.0,0.5,3,0.0,0,0.0,18,29,0.0,0.0,0,18,0.5,0.0,0.0,0.0,2,0,0,0.0,0,0.5,2,0,0.0,0,18,0.0,0.0,0,0.0,18,0,5,0,0.0,18,0.0,0.0,0,18,0.0,0,0.0,0.0,18,0,0,1.0,0,18,0,0.0,0.0,0,2,0.0,0,0,0,18,0.0,0,0,0.0,18,0.0,0.0,0,2,18,0,0.0,0,3,18,0,0,0.0,0.0,18
2019-07,0,0.0,0,0,21,0,1.0,1,0.0,4,0.0,0.5,0.0,0,5,0.0,0.0,0,0.0,21,0,0.0,4,0,21,1.0,0,2,1.0,21,0,0.5,0.5,0.0,0.5,2,0.0,0,0.0,21,16,0.0,0.0,0,21,0.5,0.0,0.0,0.0,2,0,0,0.0,0,1.0,2,0,0.0,0,21,0.0,0.0,0,0.0,21,0,6,0,0.0,21,1.0,0.0,0,21,0.0,0,0.0,0.0,21,0,0,0.0,0,21,0,0.0,0.0,0,3,0.0,0,0,0,21,0.0,0,0,0.0,21,0.0,0.0,0,2,21,0,0.0,2,2,21,0,0,0.0,0.0,21
2019-08,2,0.0,0,0,27,0,0.5,1,0.0,5,0.0,1.0,0.0,0,6,0.0,0.0,0,0.0,27,0,0.0,4,0,27,0.0,0,2,0.0,27,0,0.0,0.5,0.0,1.0,2,0.0,0,0.0,27,20,0.0,0.0,0,27,0.5,0.5,0.0,0.0,3,0,0,0.0,0,1.0,2,0,0.0,0,27,0.0,0.0,0,0.0,27,0,4,0,0.0,27,0.0,0.0,0,27,0.0,0,0.0,0.0,27,0,0,0.0,0,27,0,0.0,0.0,0,3,0.0,0,0,0,27,0.0,0,0,0.0,27,0.0,0.0,0,3,27,0,0.0,0,4,27,0,0,0.0,0.0,27
2019-09,2,0.0,0,0,26,0,0.5,2,0.0,5,0.0,0.5,0.0,0,6,0.0,0.0,0,0.0,26,0,0.0,4,0,26,0.0,0,4,0.0,26,0,0.0,0.5,0.0,1.0,4,0.0,0,0.0,26,31,0.0,0.0,0,26,0.5,0.0,0.0,0.0,3,0,0,0.0,0,1.0,3,0,0.0,0,26,0.0,0.0,0,0.0,26,0,5,0,0.0,26,0.0,0.0,0,26,0.0,0,0.0,0.0,26,0,0,0.0,0,26,0,0.0,0.0,0,3,0.0,0,0,0,26,0.0,0,0,0.0,26,0.0,0.0,0,2,26,0,0.0,0,3,26,0,0,0.0,0.0,26
2019-10,1,0.0,0,0,26,0,0.5,1,0.0,5,0.0,0.0,0.0,0,6,0.0,0.0,0,0.0,26,0,0.0,5,0,26,0.0,0,3,1.0,26,0,0.0,0.5,0.0,1.0,3,0.0,0,0.0,26,17,0.0,0.0,0,26,0.5,0.0,0.0,0.0,3,0,0,0.0,0,1.0,3,0,1.0,1,26,0.0,0.0,0,0.0,26,0,7,0,0.0,26,1.0,0.0,0,26,0.0,0,0.0,0.0,26,0,0,0.0,0,26,0,0.0,0.0,0,3,0.0,0,0,0,26,0.0,0,0,0.0,26,0.0,0.0,0,3,26,0,0.0,2,4,26,0,0,0.0,0.0,26
2019-11,1,0.0,0,0,29,0,1.0,1,0.5,6,0.0,0.0,0.0,0,7,0.0,0.0,0,0.0,29,0,0.0,3,0,29,0.0,0,2,2.0,29,0,0.0,0.5,0.0,1.0,2,0.0,0,1.0,29,12,0.0,0.0,0,29,0.5,0.0,0.0,0.0,3,0,0,0.0,0,1.0,2,0,0.0,2,29,0.0,0.0,0,0.0,29,0,5,0,0.0,29,1.0,0.0,0,29,0.0,0,0.0,0.0,29,0,0,0.0,0,29,0,0.0,0.0,0,4,0.0,0,0,0,29,0.0,0,0,1.0,29,0.0,0.0,0,4,29,0,0.0,1,7,29,0,0,0.0,0.0,29
2019-12,1,0.0,0,0,21,0,0.5,1,0.0,4,0.0,0.5,0.0,0,5,0.0,0.0,0,0.0,21,0,0.0,4,0,21,0.0,0,3,0.0,21,0,0.5,0.5,0.0,0.5,3,0.0,0,0.0,21,11,0.0,0.0,1,21,0.5,0.0,0.0,0.5,2,0,0,0.0,0,1.0,3,1,0.0,2,21,0.0,1.0,0,0.0,21,0,5,0,0.0,21,0.0,0.0,0,21,0.0,0,0.0,0.0,21,0,0,0.0,0,21,0,0.0,0.0,0,3,0.0,0,0,0,21,0.0,0,0,0.0,21,0.0,0.0,0,2,21,0,0.0,0,3,21,0,0,0.0,0.0,21
2020-01,1,0.0,0,0,25,0,1.0,1,0.0,5,0.0,0.5,0.0,0,6,0.0,0.0,0,0.0,25,0,0.0,4,0,25,0.0,0,3,0.0,25,0,0.5,0.5,0.0,1.0,3,0.0,1,0.0,25,17,0.0,0.0,0,25,0.5,0.0,0.0,0.0,2,0,0,0.0,0,1.0,2,1,0.0,1,25,0.0,0.0,0,0.0,25,0,5,0,0.0,25,0.0,0.0,0,25,0.0,0,0.0,0.0,25,0,0,0.0,0,25,0,0.0,0.0,0,3,0.0,0,0,0,25,0.0,0,0,0.0,25,0.0,0.0,0,4,25,0,0.0,0,4,25,0,0,0.0,1.0,25
2020-02,1,0.0,0,0,27,0,1.0,1,0.0,5,0.0,0.0,0.0,0,7,0.0,2.0,0,0.0,27,0,0.0,5,0,27,0.0,0,4,0.0,27,0,0.5,0.5,0.0,1.0,4,0.0,1,0.0,27,19,0.0,0.0,0,27,0.5,0.0,0.0,0.0,3,0,0,0.0,0,1.0,3,1,0.0,0,27,0.0,1.0,0,0.0,27,0,6,0,0.0,27,1.0,0.0,0,27,0.0,0,0.0,0.0,27,0,0,0.0,0,27,0,0.0,0.0,0,3,0.0,0,0,0,27,0.0,0,0,0.0,27,0.0,0.0,0,3,27,0,0.0,2,5,27,0,0,0.0,0.0,27
2020-03,2,0.0,0,0,30,0,1.0,4,0.0,6,0.0,0.5,0.0,0,7,0.0,0.0,0,0.0,30,0,0.0,4,0,30,0.0,0,7,1.0,30,0,0.5,0.5,0.0,1.0,7,1.0,0,0.0,30,11,0.0,0.0,0,30,0.0,0.0,0.0,0.0,3,0,0,0.0,0,1.0,2,2,0.0,0,30,0.0,1.0,0,0.0,30,0,7,0,0.0,30,0.0,0.0,0,30,0.0,0,0.0,0.0,30,0,0,0.0,0,30,0,0.0,0.0,0,4,0.0,0,0,0,30,0.0,0,0,0.0,30,0.0,0.0,0,4,30,0,0.0,0,5,30,0,0,0.0,0.0,30
2020-04,2,0.0,0,0,37,0,1.0,1,0.0,7,0.0,0.0,0.0,0,9,0.0,0.0,0,0.0,37,0,0.0,5,0,37,0.0,0,6,0.0,37,0,0.0,0.5,0.0,1.0,6,0.0,0,0.0,37,5,0.0,0.0,0,37,0.0,0.0,0.0,0.0,4,0,0,0.0,0,1.0,2,0,0.0,2,37,0.0,2.0,0,0.0,37,0,6,0,0.0,37,0.0,0.0,0,37,0.0,0,0.0,0.0,37,0,0,0.0,0,37,0,0.0,0.0,0,5,0.0,0,0,0,37,0.0,0,0,0.0,37,0.0,0.0,0,4,37,0,0.0,0,3,37,0,0,0.0,0.0,37
2020-05,0,0.0,0,0,40,0,0.0,2,0.0,8,0.0,0.0,0.0,0,10,0.0,0.0,0,0.0,40,0,0.0,5,0,40,0.0,0,5,0.0,40,0,0.0,0.5,0.0,1.0,5,0.0,0,0.0,40,6,0.0,0.0,2,40,0.0,0.0,0.0,0.5,4,0,0,0.0,0,1.0,3,0,0.0,2,40,0.0,0.0,0,0.0,40,0,3,0,0.0,40,0.0,0.0,0,40,0.0,0,0.0,0.0,40,0,0,0.0,0,40,0,0.0,0.0,0,5,0.0,0,0,0,40,0.0,0,0,0.0,40,0.0,0.0,0,5,40,0,0.0,0,5,40,0,0,0.0,0.0,40
2020-06,2,0.0,0,0,43,0,1.0,1,0.0,8,0.0,0.0,0.0,0,11,0.0,0.0,0,0.0,43,0,0.0,4,0,43,0.0,0,3,0.0,43,0,0.0,0.5,0.0,1.0,3,0.0,0,0.0,43,8,0.0,0.0,0,43,0.5,0.0,0.0,0.0,4,0,0,0.0,0,1.0,5,0,2.0,0,43,0.0,0.0,0,0.0,43,0,5,0,0.0,43,0.0,0.0,0,43,0.0,0,0.0,0.0,43,0,0,0.0,0,43,0,0.0,0.0,0,5,0.0,0,0,0,43,0.0,0,0,0.0,43,0.0,0.0,0,6,43,0,0.0,0,3,43,0,0,0.0,0.0,43
2020-07,0,0.0,0,0,47,0,0.5,1,0.0,9,0.0,0.0,0.0,0,12,0.0,0.0,0,0.0,47,0,0.0,3,0,47,0.0,0,2,0.0,47,0,0.0,0.5,0.0,1.0,2,0.0,0,0.0,47,8,0.0,0.0,1,47,0.5,0.0,0.0,0.0,5,0,0,0.0,0,1.0,2,2,0.0,0,47,0.0,0.0,0,0.0,47,0,5,0,0.0,47,0.0,0.0,0,47,0.0,0,0.0,0.0,47,0,0,0.0,0,47,0,0.0,0.0,0,6,0.0,0,0,0,47,0.0,0,0,0.0,47,0.0,0.0,0,3,47,0,0.0,0,5,47,0,0,0.0,0.0,47
2020-08,2,0.0,0,0,46,0,1.0,1,0.0,9,0.0,0.0,0.0,0,11,0.0,0.0,0,0.0,46,0,0.0,4,0,46,0.0,0,3,1.0,46,0,0.5,0.5,0.0,1.0,3,0.0,0,0.0,46,9,0.0,0.0,0,46,0.5,0.0,0.0,0.0,4,0,0,0.0,0,1.0,1,1,0.0,0,46,0.0,0.0,0,0.0,46,0,7,0,0.0,46,2.0,0.0,0,46,0.0,0,0.0,0.0,46,0,0,0.0,0,46,0,0.0,0.0,0,6,0.0,0,0,0,46,0.0,0,0,0.0,46,0.0,0.0,0,5,46,0,0.0,0,6,46,0,0,0.0,0.0,46
2020-09,0,0.0,0,0,46,0,1.0,1,0.0,9,0.0,0.0,0.0,0,11,0.0,0.0,0,0.0,46,0,0.0,4,0,46,0.0,0,3,1.0,46,0,0.5,0.5,0.0,1.0,3,0.0,0,0.0,46,14,0.0,0.0,0,46,0.0,0.0,0.0,0.0,5,0,0,0.0,0,1.0,2,0,0.0,0,46,0.0,0.0,0,0.0,46,0,6,0,0.0,46,0.0,0.0,0,46,0.0,0,0.0,0.0,46,0,0,0.0,0,46,0,0.0,0.0,0,6,0.0,0,0,0,46,0.0,0,0,0.0,46,0.0,0.0,0,4,46,0,0.0,2,5,46,0,0,0.0,0.0,46
2020-10,1,0.0,0,0,43,0,1.0,2,0.0,8,0.0,0.0,0.0,0,10,0.0,0.0,0,0.0,43,0,0.0,4,0,43,0.0,0,2,3.0,43,0,0.0,0.5,0.0,1.0,2,0.0,0,0.0,43,23,0.0,0.0,1,43,0.5,0.0,0.0,0.0,4,0,0,0.0,0,1.0,1,2,0.0,0,43,0.0,0.0,0,0.0,43,0,9,0,0.0,43,0.0,0.0,0,43,0.0,0,0.0,0.0,43,0,0,0.0,0,43,0,0.0,0.0,0,5,0.0,0,0,0,43,0.0,0,0,0.0,43,0.0,0.0,0,4,43,0,0.0,0,5,43,0,0,0.0,0.0,43
2020-11,2,0.0,0,0,41,0,1.0,1,0.0,8,0.0,0.0,0.0,0,10,0.0,6.0,0,0.0,41,0,0.0,16,0,41,0.0,0,1,2.0,41,0,0.0,0.5,0.0,1.0,1,0.0,0,1.0,41,20,0.0,0.0,0,41,0.5,0.0,0.0,0.0,4,0,0,0.0,0,1.0,2,2,0.0,1,41,0.0,0.0,0,1.0,41,0,6,0,0.0,41,2.0,0.0,0,41,0.0,0,0.0,0.0,41,0,0,0.0,0,41,0,0.0,0.0,0,5,0.0,0,0,0,41,0.0,0,0,3.0,41,0.0,0.0,0,13,41,0,0.0,1,5,41,0,0,0.0,0.0,41
2020-12,1,0.0,0,0,39,0,1.0,1,0.0,7,0.0,0.0,0.0,0,9,0.0,0.0,0,0.0,39,0,0.0,7,0,39,0.0,0,3,1.0,39,0,0.0,2.0,0.0,1.0,3,0.0,0,1.0,39,12,0.0,1.0,0,39,0.5,0.0,0.0,0.0,4,0,0,0.0,0,1.0,3,1,0.0,2,39,0.0,0.0,0,0.0,39,0,6,0,0.0,39,1.0,0.0,0,39,0.0,1,1.0,0.0,39,0,0,0.0,0,39,0,0.0,0.0,0,5,0.0,0,0,0,39,0.0,0,0,0.0,39,0.0,0.0,0,8,39,0,0.0,0,6,39,0,0,0.0,0.0,39
2021-01,1,0.0,0,0,35,0,1.0,1,0.0,7,0.0,0.5,0.0,0,8,0.0,0.0,0,0.0,35,0,0.0,4,0,35,0.0,0,2,0.0,35,0,0.5,1.0,0.0,1.0,2,0.0,0,1.0,35,10,0.0,0.0,1,35,0.5,0.0,0.0,0.5,3,0,0,0.0,0,1.0,2,2,0.0,0,35,0.0,0.0,0,0.0,35,0,6,0,0.0,35,1.0,0.0,0,35,1.0,0,0.0,0.0,35,0,0,0.0,0,35,0,0.0,0.0,0,4,0.0,0,0,0,35,0.0,0,0,0.0,35,0.0,0.0,0,3,35,0,0.0,0,4,35,0,0,0.0,0.0,35
2021-02,2,0.0,0,0,34,0,1.0,1,0.0,7,0.0,0.5,0.0,0,8,0.0,0.0,0,0.0,34,0,0.0,5,0,34,0.0,0,2,1.0,34,0,0.5,0.5,0.0,1.0,2,0.0,0,0.0,34,12,0.0,0.0,1,34,0.5,0.0,0.0,0.0,3,0,0,0.0,0,1.0,1,2,1.0,1,34,0.0,0.0,0,0.0,34,0,6,0,0.0,34,0.0,0.0,0,34,0.0,0,0.0,0.0,34,0,0,0.0,0,34,0,0.0,0.0,0,4,0.0,0,0,0,34,0.0,0,0,0.0,34,0.0,0.0,0,4,34,0,0.0,0,4,34,0,0,0.0,0.0,34
2021-03,2,0.0,0,0,32,0,1.0,3,0.0,6,0.0,0.5,0.0,0,8,0.0,0.0,0,0.0,32,0,0.0,6,0,32,0.0,0,4,1.0,32,0,0.5,0.5,0.0,1.0,4,0.0,0,0.0,32,11,0.0,0.0,1,32,0.5,0.0,0.0,0.0,3,0,0,0.0,0,1.0,3,2,0.0,0,32,0.0,0.0,0,0.0,32,0,7,0,0.0,32,1.0,0.0,0,32,0.0,0,0.0,0.0,32,0,0,0.0,0,32,0,0.0,0.0,0,4,0.0,0,0,0,32,0.0,0,0,0.0,32,0.0,0.0,0,10,32,0,0.0,1,5,32,0,0,0.0,0.0,32
2021-04,1,0.0,0,0,31,0,1.0,1,0.0,6,0.0,0.0,0.0,0,7,0.0,0.0,0,0.0,31,0,0.0,6,0,31,0.0,0,3,0.0,31,0,0.0,0.5,0.0,1.0,3,0.0,0,0.0,31,9,0.0,0.0,0,31,0.0,0.0,0.0,0.0,3,0,0,0.0,0,1.0,3,0,0.0,1,31,0.0,0.0,0,0.0,31,0,6,0,0.0,31,1.0,0.0,0,31,0.0,0,0.0,0.0,31,0,0,0.0,0,31,0,0.0,0.0,0,4,0.0,0,0,0,31,0.0,0,0,0.0,31,0.0,0.0,0,7,31,0,0.0,1,5,31,0,0,0.0,0.0,31
2021-05,2,0.0,0,0,29,0,1.0,1,0.0,6,0.0,0.5,0.0,0,7,0.0,0.0,0,0.0,29,0,0.0,4,0,29,0.0,0,4,2.0,29,0,0.5,0.5,0.0,1.0,4,0.0,0,0.0,29,7,0.0,0.0,0,29,0.5,0.0,0.0,0.0,3,0,0,0.0,0,1.0,3,1,0.0,1,29,0.0,0.0,0,0.0,29,0,5,0,0.0,29,1.0,0.0,0,29,0.0,0,0.0,0.0,29,0,0,0.0,0,29,0,0.0,0.0,0,4,0.0,0,0,0,29,0.0,0,0,3.0,29,0.0,0.0,0,7,29,0,0.0,0,9,29,0,0,0.0,0.0,29
2021-06,1,0.0,0,0,30,0,1.0,1,0.0,6,0.0,0.5,0.0,0,7,0.0,0.0,0,0.0,30,0,0.0,7,0,30,0.0,0,2,1.0,30,0,0.5,0.5,0.0,1.0,2,0.0,0,0.0,30,11,0.0,0.0,0,30,0.5,0.0,0.0,0.5,3,0,0,0.0,0,1.0,2,0,0.0,0,30,0.0,0.0,0,0.0,30,0,5,0,0.0,30,1.0,0.0,0,30,0.0,0,0.0,0.0,30,0,0,0.0,0,30,0,0.0,0.0,0,4,0.0,0,0,0,30,0.0,0,0,0.0,30,0.0,0.0,0,7,30,0,0.0,1,6,30,0,0,0.0,0.0,30
2021-07,1,0.0,0,0,27,0,0.5,1,0.0,5,0.0,0.5,0.0,0,6,0.0,0.0,0,0.0,27,0,0.0,5,0,27,0.0,0,1,0.0,27,0,0.5,0.5,0.0,1.0,1,0.0,1,0.0,27,9,0.0,1.0,1,27,0.5,0.0,0.0,0.0,3,0,0,0.0,0,1.0,2,1,0.0,0,27,1.0,1.0,1,0.0,27,0,4,0,0.0,27,2.0,0.0,0,27,0.0,0,0.0,0.0,27,0,0,0.0,0,27,0,0.0,0.0,0,3,0.0,0,0,0,27,0.0,0,0,0.0,27,0.0,0.0,0,6,27,0,0.0,1,3,27,0,0,0.0,0.0,27
2021-08,2,0.0,0,0,27,0,1.0,1,0.0,5,0.0,1.0,0.0,0,7,0.0,0.0,0,0.0,27,0,0.0,9,0,27,0.0,0,3,0.0,27,0,0.5,0.5,0.0,1.0,3,0.0,1,1.0,27,11,0.0,0.0,2,27,0.5,0.0,0.0,0.0,3,0,0,0.0,0,1.0,1,1,0.0,0,27,0.0,0.0,0,0.0,27,0,4,0,0.0,27,1.0,0.0,0,27,0.0,0,0.0,0.0,27,0,0,0.0,0,27,0,0.0,0.0,0,3,0.0,0,0,0,27,0.0,0,0,1.0,27,0.0,0.0,0,6,27,0,0.0,0,5,27,0,0,0.0,0.0,27
2021-09,1,0.0,0,0,26,0,0.5,1,0.5,5,0.0,0.5,0.0,0,6,0.0,1.0,0,0.0,26,0,0.0,8,0,26,0.0,0,3,1.0,26,0,0.5,0.5,0.0,1.0,3,0.0,0,0.0,26,12,0.0,0.0,1,26,0.5,0.0,0.0,0.0,3,0,0,0.0,0,1.0,2,2,1.0,0,26,0.0,0.0,0,0.0,26,0,7,0,0.0,26,0.0,0.0,0,26,0.0,0,0.0,0.0,26,0,0,0.0,0,26,0,0.0,0.0,0,3,0.0,0,0,0,26,0.0,0,0,0.0,26,0.0,0.0,0,7,26,0,0.0,1,5,26,0,0,0.0,0.0,26
2021-10,2,0.0,0,0,23,0,1.0,1,0.0,4,0.0,0.5,0.0,0,6,0.0,0.0,0,0.0,23,0,0.0,6,0,23,0.0,0,2,1.0,23,0,0.5,0.5,0.0,0.5,2,0.0,1,1.0,23,11,0.0,0.0,1,23,0.5,0.0,0.0,0.0,2,0,0,0.0,0,1.0,3,1,0.0,1,23,0.0,1.0,0,0.0,23,0,5,0,0.0,23,0.0,0.0,0,23,0.0,0,0.0,0.0,23,0,0,0.0,0,23,0,0.0,0.0,0,3,0.0,0,0,1,23,0.0,0,0,0.0,23,0.0,0.0,0,8,23,0,0.0,0,4,23,0,0,0.0,0.0,23
2021-11,1,0.0,0,0,25,0,1.0,2,0.5,5,0.0,0.5,0.0,0,6,0.0,0.0,0,0.0,25,0,0.0,6,0,25,0.0,0,2,1.0,25,0,0.5,0.5,0.0,1.0,2,0.0,1,1.0,25,12,0.0,0.0,1,25,0.5,0.0,0.0,0.0,2,0,0,0.0,0,1.0,2,1,1.0,2,25,0.0,1.0,0,0.0,25,0,6,0,0.0,25,0.0,1.0,0,25,0.0,0,0.0,0.0,25,0,0,0.0,0,25,0,0.0,0.0,0,3,0.0,0,0,0,25,0.0,0,0,0.0,25,0.0,0.0,0,4,25,0,0.0,0,3,25,0,0,0.0,0.0,25
2021-12,2,0.0,0,0,21,0,1.0,1,0.0,4,0.0,0.5,0.0,0,5,0.0,0.0,0,0.0,21,0,0.0,6,0,21,0.0,0,2,1.0,21,0,0.0,0.5,0.0,0.5,2,0.0,0,0.0,21,9,0.0,0.0,1,21,0.5,0.0,0.0,0.0,2,0,0,0.0,0,1.0,3,1,0.0,1,21,0.0,1.0,0,0.0,21,0,6,0,0.0,21,1.0,0.0,0,21,0.0,0,0.0,0.0,21,0,0,0.0,0,21,0,0.0,0.0,0,3,0.0,0,0,0,21,0.0,0,0,0.0,21,0.0,0.0,0,4,21,0,0.0,0,3,21,0,0,0.0,0.0,21
2022-01,1,0.0,0,0,25,0,1.0,1,0.0,5,0.0,0.5,0.0,0,6,0.0,0.0,0,0.0,25,0,0.0,6,0,25,0.0,0,2,1.0,25,0,0.5,0.5,0.0,1.0,2,0.0,1,1.0,25,9,0.0,0.0,1,25,0.5,0.0,0.0,0.5,2,0,0,0.0,0,1.0,3,1,0.0,1,25,0.0,1.0,0,1.0,25,0,6,0,0.0,25,1.0,0.0,0,25,0.0,0,0.0,0.0,25,0,0,0.0,0,25,0,0.0,0.0,0,3,0.0,0,0,0,25,0.0,0,0,0.0,25,0.0,0.0,0,4,25,0,0.0,0,4,25,0,0,0.0,0.0,25
2022-02,2,0.0,0,0,24,0,1.0,1,0.5,5,0.0,0.5,0.0,0,6,0.0,0.0,0,0.0,24,0,0.0,10,0,24,0.0,0,2,1.0,24,0,0.0,0.5,0.0,1.0,2,0.0,1,1.0,24,11,0.0,0.0,1,24,0.5,0.0,0.0,0.0,2,0,0,0.0,0,1.0,2,1,0.0,1,24,0.0,1.0,0,0.0,24,0,5,0,1.0,24,0.0,0.0,0,24,0.0,0,0.0,0.0,24,0,0,0.0,0,24,0,0.0,0.0,0,3,0.0,0,0,0,24,0.0,0,0,0.0,24,0.0,0.0,0,7,24,0,0.0,1,5,24,0,0,0.0,0.0,24
2022-03,2,0.0,0,0,31,0,1.0,3,0.0,6,0.0,2.0,0.0,0,7,0.0,1.0,0,0.0,31,0,0.0,10,0,31,0.0,0,2,1.0,31,0,0.5,0.5,0.0,1.0,2,0.5,1,1.0,31,16,0.5,0.0,1,31,0.5,0.0,0.0,0.5,3,0,0,0.0,0,1.0,3,1,0.0,1,31,1.0,1.0,0,1.0,31,0,9,0,0.0,31,0.5,0.0,0,31,0.0,0,0.0,0.0,31,0,0,0.0,0,31,0,0.0,0.0,0,4,0.0,0,0,0,31,0.0,0,0,0.0,31,0.0,0.0,0,7,31,0,0.0,1,6,31,0,0,0.0,0.0,31
2022-04,1,1.0,0,0,27,0,1.0,1,0.5,5,0.0,1.0,0.0,0,7,0.0,0.5,0,1.0,27,0,0.0,5,0,27,0.0,0,3,1.0,27,0,0.5,0.5,0.0,1.0,3,0.0,1,1.0,27,16,0.0,1.0,0,27,0.5,0.0,0.0,0.5,3,0,0,0.0,0,1.0,3,1,1.0,1,27,1.0,1.0,0,1.0,27,0,6,0,0.0,27,1.0,0.0,0,27,0.0,0,0.0,0.0,27,0,0,0.0,0,27,0,0.0,0.0,0,3,0.0,0,0,0,27,0.0,0,0,0.0,27,0.0,0.0,0,6,27,0,0.0,1,6,27,0,0,0.0,0.0,27
2022-05,1,0.0,0,0,26,0,1.0,1,0.0,5,0.0,1.0,0.0,0,6,0.0,0.0,0,0.0,26,0,0.0,6,0,26,0.0,0,3,1.0,26,0,0.5,0.5,0.0,1.0,3,0.0,1,1.0,26,19,0.5,0.0,0,26,0.5,0.0,0.0,0.5,3,0,0,0.0,0,1.0,2,1,1.0,1,26,0.0,1.0,0,0.0,26,0,7,0,0.0,26,0.0,1.0,0,26,0.0,0,0.0,0.0,26,0,0,0.0,0,26,0,0.0,0.0,0,3,0.0,0,0,0,26,0.0,0,0,0.0,26,0.0,0.0,0,6,26,0,0.0,1,5,26,0,0,0.0,0.0,26
2022-06,1,0.0,0,0,28,0,1.0,1,0.5,5,0.0,1.0,0.0,0,7,0.0,0.0,0,1.0,28,0,0.0,6,0,28,0.0,0,3,1.0,28,0,0.5,0.5,0.0,1.0,3,0.0,1,1.0,28,21,0.0,0.0,1,28,0.5,0.0,0.5,0.5,3,0,0,0.0,0,1.0,3,1,1.0,1,28,0.0,1.0,0,1.0,28,0,7,0,0.0,28,1.0,0.0,0,28,0.0,0,0.0,0.0,28,0,0,0.0,0,28,0,0.0,0.0,0,4,0.0,0,0,0,28,0.0,0,0,0.0,28,0.0,0.0,0,7,28,0,0.0,1,5,28,0,0,0.0,0.0,28
2022-07,1,0.0,0,0,21,0,1.0,1,0.5,4,0.0,0.5,0.0,0,5,0.0,0.0,0,0.0,21,0,0.0,5,0,21,0.0,0,2,1.0,21,0,0.5,0.5,0.0,0.5,2,0.0,1,0.5,21,9,1.0,0.0,1,21,0.5,0.0,0.0,0.5,2,0,0,0.0,0,1.0,2,1,1.0,1,21,0.0,1.0,0,1.0,21,0,6,0,0.0,21,1.0,0.0,0,21,0.0,0,0.0,0.0,21,0,0,0.0,0,21,0,0.0,0.0,0,3,0.0,0,0,0,21,0.0,0,0,0.0,21,0.0,0.0,0,4,21,0,0.0,1,4,21,0,0,0.0,0.0,21
2022-08,1,0.0,0,0,28,0,1.0,1,0.0,5,0.0,0.5,0.0,0,7,0.0,0.0,0,0.0,28,0,0.0,6,0,28,0.0,0,3,1.0,28,0,0.5,0.5,0.0,1.0,3,0.5,1,1.0,28,10,1.0,0.5,1,28,0.5,0.0,0.0,0.5,3,0,0,0.0,0,1.0,3,1,1.0,1,28,1.0,1.0,0,0.5,28,0,6,0,0.0,28,1.0,0.0,0,28,0.0,0,0.0,0.0,28,0,0,0.0,0,28,0,0.0,0.0,0,4,0.5,0,0,0,28,0.0,0,0,0.0,28,0.0,0.0,0,4,28,0,0.0,1,4,28,0,0,0.0,0.0,28
2022-09,1,0.0,0,0,30,0,1.0,2,0.5,6,0.0,0.5,0.0,0,7,0.0,0.5,0,0.0,30,0,0.0,6,0,30,0.0,0,3,1.0,30,0,0.5,1.0,0.0,1.0,3,0.0,1,1.0,30,13,0.0,0.0,1,30,0.5,0.0,0.0,0.5,3,0,0,0.0,0,1.0,2,1,1.0,1,30,0.5,1.0,0,1.0,30,0,7,0,0.0,30,1.0,0.0,0,30,0.0,0,0.0,0.5,30,0,0,0.0,0,30,0,0.0,0.0,0,4,0.0,0,0,0,30,0.0,0,0,0.0,30,0.0,0.0,0,5,30,0,0.0,1,4,30,0,0,0.0,0.0,30
2022-10,2,0.0,0,0,26,0,1.0,1,0.0,5,0.0,0.5,0.0,0,6,0.0,0.5,0,0.0,26,0,0.0,7,0,26,0.0,0,2,1.0,26,0,0.5,1.0,0.0,1.0,2,1.0,1,1.0,26,13,0.0,0.0,1,26,0.5,0.0,0.0,0.5,3,0,0,0.0,0,1.0,2,1,1.0,1,26,1.0,1.0,0,1.0,26,0,7,0,0.0,26,1.0,0.0,0,26,0.0,0,0.0,0.0,26,0,0,0.0,0,26,0,0.0,0.0,0,3,0.0,0,0,0,26,0.0,0,0,0.0,26,0.0,0.0,0,5,26,0,0.0,1,4,26,0,0,0.0,0.0,26
2022-11,1,0.0,0,0,28,0,1.0,1,0.5,5,0.0,0.5,0.0,0,7,0.0,0.0,0,0.0,28,0,0.0,5,0,28,0.0,0,2,1.0,28,0,0.5,0.5,0.0,1.0,2,1.0,1,1.0,28,13,0.0,0.0,1,28,0.5,0.0,0.0,0.5,3,0,0,0.0,0,1.0,2,1,1.0,1,28,0.0,0.5,0,0.0,28,0,7,0,0.0,28,1.0,0.0,0,28,0.0,0,0.0,0.0,28,0,0,0.0,0,28,0,0.0,0.0,0,4,0.0,0,0,0,28,0.0,0,0,0.0,28,0.0,0.0,0,9,28,0,0.0,1,4,28,0,0,0.0,0.0,28
2022-12,1,0.0,0,0,19,0,1.0,1,0.5,4,0.0,0.5,0.0,0,5,0.0,0.0,0,0.0,19,0,0.0,5,0,19,0.0,0,2,1.0,19,0,0.5,0.5,0.0,0.5,2,0.0,1,0.5,19,16,0.0,0.0,1,19,0.5,0.0,0.0,0.5,2,0,0,0.0,0,0.5,2,1,1.0,1,19,0.5,1.0,0,1.0,19,0,6,0,0.0,19,1.0,1.0,0,19,0.0,0,0.0,0.5,19,0,0,0.5,0,19,0,0.0,0.0,0,2,0.0,0,0,0,19,0.0,0,0,0.0,19,0.0,0.0,0,7,19,0,0.0,1,5,19,0,0,0.0,0.0,19
2023-01,1,0.0,0,0,20,0,1.0,1,0.5,4,0.0,0.5,0.0,0,5,0.0,1.0,0,0.0,20,0,0.0,5,0,20,0.0,0,2,1.0,20,0,0.5,0.5,0.0,0.5,2,1.0,1,1.0,20,16,0.0,0.0,1,20,0.5,0.0,0.0,0.5,2,0,0,0.0,0,1.0,2,1,1.0,1,20,1.0,1.0,0,1.0,20,0,8,0,0.0,20,1.0,0.5,0,20,0.0,0,0.0,0.0,20,0,0,0.0,0,20,0,0.0,0.0,0,3,0.0,0,0,0,20,0.0,0,0,0.0,20,0.0,0.0,0,5,20,0,0.0,1,5,20,0,0,0.0,0.0,20
2023-02,2,0.0,0,0,23,0,1.0,2,0.0,4,0.0,0.5,0.0,0,6,0.0,1.0,0,0.0,23,0,0.0,6,0,23,0.0,0,3,1.0,23,0,0.5,0.5,0.0,0.5,3,0.0,1,1.0,23,14,0.0,0.0,1,23,0.5,0.0,0.0,0.5,2,0,0,0.0,0,1.0,3,1,1.0,1,23,0.0,1.0,0,1.0,23,0,8,0,0.0,23,1.0,1.0,0,23,0.0,0,0.0,0.0,23,0,0,0.0,0,23,0,0.0,0.0,0,3,0.0,0,0,0,23,0.0,0,0,0.0,23,0.0,0.0,0,6,23,0,1.0,1,6,23,0,0,0.0,0.0,23
2023-03,2,0.0,0,0,25,0,1.0,2,0.0,5,0.0,0.5,0.0,0,6,0.0,1.0,0,0.0,25,0,0.0,7,0,25,0.0,0,4,1.0,25,0,0.5,0.5,0.0,1.0,4,1.0,1,1.0,25,18,0.5,0.0,1,25,0.5,0.0,0.5,0.5,2,0,0,0.0,0,1.0,2,1,1.0,1,25,1.0,1.0,0,1.0,25,0,9,0,0.0,25,1.0,1.0,0,25,0.0,0,0.0,0.0,25,0,0,0.0,0,25,0,0.0,0.0,0,3,0.0,0,0,0,25,0.0,0,0,1.0,25,0.0,0.0,0,5,25,0,0.0,1,6,25,0,0,0.0,1.0,25
2023-04,1,1.0,0,0,20,0,1.0,1,0.5,4,0.0,0.5,0.0,0,5,0.0,0.0,0,0.0,20,0,0.0,4,0,20,0.0,0,3,1.0,20,0,0.5,0.5,0.0,0.5,3,1.0,1,0.5,20,17,0.0,1.0,1,20,0.5,0.0,0.5,0.5,2,0,0,0.0,0,1.0,2,1,1.0,2,20,0.0,0.5,0,0.0,20,0,6,0,0.0,20,1.0,1.0,0,20,0.0,0,0.0,0.0,20,0,0,0.0,0,20,0,0.0,0.0,0,3,0.0,0,0,0,20,0.0,0,0,0.0,20,0.0,0.0,0,6,20,0,0.0,1,5,20,0,0,0.0,0.0,20
2023-05,2,0.0,0,0,25,0,1.0,2,0.5,5,0.0,1.0,0.0,0,6,0.0,1.0,0,0.0,25,0,0.0,7,0,25,0.0,0,2,1.0,25,0,0.5,0.5,0.0,1.0,2,1.0,1,1.0,25,13,0.0,1.0,1,25,0.5,0.0,0.0,0.5,2,0,0,0.0,0,1.0,2,1,1.0,2,25,0.0,1.0,0,1.0,25,0,7,0,0.0,25,1.0,0.5,0,25,0.0,0,0.0,0.0,25,0,0,0.0,0,25,0,0.0,0.0,0,3,0.0,0,0,0,25,0.0,0,0,0.0,25,0.0,0.0,0,8,25,0,0.0,1,4,25,0,0,0.0,0.0,25
2023-06,1,0.0,0,0,26,0,1.0,1,0.5,5,0.0,1.0,0.0,0,6,0.0,0.0,0,0.0,26,0,0.0,7,0,26,0.0,0,3,1.0,26,0,0.5,0.5,0.0,1.0,3,1.0,1,1.0,26,13,0.5,1.0,1,26,0.5,0.0,0.5,0.5,3,0,0,0.0,0,1.0,2,1,1.0,2,26,0.5,1.0,0,0.5,26,0,7,0,0.0,26,1.0,1.0,0,26,0.0,0,0.0,0.0,26,0,0,0.0,0,26,0,0.0,0.0,0,3,0.0,0,0,0,26,0.0,0,0,1.0,26,0.0,0.0,0,7,26,0,0.0,1,5,26,0,0,1.0,0.0,26
2023-07,1,0.0,0,0,23,0,1.0,1,0.5,4,0.0,1.0,0.0,0,6,0.0,0.0,0,0.0,23,0,0.0,5,0,23,0.0,0,2,1.0,23,0,0.5,0.5,0.0,0.5,2,0.0,1,1.0,23,11,0.0,0.0,1,23,0.5,0.0,0.0,0.5,2,0,0,0.0,0,1.0,2,1,0.5,1,23,1.0,1.0,0,0.5,23,0,7,0,0.0,23,1.0,1.0,0,23,0.0,0,0.0,0.0,23,0,0,0.0,0,23,0,0.0,0.0,0,3,0.0,0,0,0,23,0.0,0,0,0.0,23,0.0,0.0,0,5,23,0,0.0,1,5,23,0,0,0.0,0.5,23
2023-08,1,0.0,0,0,27,0,1.0,2,0.0,5,0.0,4.0,0.0,0,7,0.0,0.0,0,0.0,27,0,0.0,7,0,27,0.0,0,3,1.0,27,0,0.5,0.5,0.0,1.0,3,0.0,1,0.5,27,14,0.0,0.5,1,27,0.5,0.0,0.0,0.5,3,0,0,0.0,0,1.0,2,2,1.0,1,27,1.0,1.0,0,1.0,27,0,7,0,0.0,27,1.0,1.0,0,27,0.0,0,0.0,0.0,27,0,0,0.0,0,27,0,0.0,0.0,0,3,0.0,0,0,0,27,0.0,0,0,0.0,27,0.0,0.0,0,6,27,0,0.0,1,4,27,0,0,0.0,0.0,27
2023-09,1,0.0,0,0,23,0,1.0,2,0.0,4,0.0,2.0,0.0,0,6,0.0,0.0,0,0.0,23,0,0.0,6,0,23,0.0,0,2,1.0,23,0,0.5,0.5,0.0,0.5,2,1.0,1,1.0,23,12,0.0,0.5,1,23,0.5,0.0,0.0,0.5,2,0,0,0.0,0,1.0,2,1,1.0,1,23,1.0,1.0,0,1.0,23,0,7,0,0.0,23,1.0,0.5,0,23,0.0,0,0.0,0.0,23,0,0,0.0,0,23,0,0.0,0.0,0,3,0.0,0,0,0,23,0.0,0,0,0.0,23,0.0,0.0,0,5,23,0,0.0,1,5,23,0,0,0.0,0.0,23
2023-10,2,0.0,0,0,22,0,1.0,1,0.5,4,0.0,1.0,0.0,0,5,0.0,0.5,0,0.0,22,0,0.0,6,0,22,0.0,0,4,1.0,22,0,0.5,1.0,0.0,0.5,4,0.0,1,1.0,22,17,0.0,0.5,1,22,0.5,0.0,0.0,0.5,2,0,0,0.0,0,1.0,2,1,1.0,1,22,1.0,1.0,0,0.5,22,0,8,0,0.5,22,1.0,1.0,0,22,0.0,0,0.0,0.0,22,0,0,0.0,0,22,0,0.0,0.0,0,3,0.0,0,0,0,22,0.0,0,0,2.0,22,0.0,0.0,0,6,22,0,0.0,1,5,22,0,0,0.0,0.0,22
2023-11,2,0.0,0,0,24,0,1.0,2,0.0,5,0.0,0.5,0.0,0,6,0.0,0.0,0,0.0,24,0,0.0,6,0,24,0.0,0,2,1.0,24,0,0.5,0.5,0.0,1.0,2,1.0,1,1.0,24,33,0.0,1.0,1,24,0.5,0.0,0.0,0.5,2,0,0,0.0,0,1.0,2,1,0.5,1,24,0.0,1.0,0,1.0,24,0,8,0,0.0,24,1.0,1.0,0,24,0.5,0,0.0,0.0,24,0,0,0.0,0,24,0,0.0,0.0,0,3,0.0,0,0,0,24,0.0,0,0,1.0,24,0.0,0.0,0,9,24,0,0.0,1,5,24,0,0,0.0,0.0,24
2023-12,1,0.0,0,0,23,0,1.0,2,0.5,4,0.0,0.5,0.0,0,6,0.0,0.0,0,0.0,23,0,0.0,5,0,23,0.0,0,2,1.0,23,0,0.5,0.5,0.0,0.5,2,1.0,1,0.5,23,20,0.0,0.0,1,23,0.5,0.0,0.0,0.5,2,0,0,0.0,0,1.0,2,1,1.0,1,23,1.0,1.0,0,1.0,23,0,7,0,0.0,23,1.0,0.0,0,23,0.0,0,0.0,0.0,23,0,0,0.0,0,23,0,0.0,0.0,0,3,0.0,0,0,0,23,0.0,0,0,0.5,23,0.0,0.0,0,5,23,0,0.0,1,5,23,0,0,0.0,0.0,23
2024-01,3,0.0,0,0,21,0,1.0,2,0.0,4,0.0,0.5,0.0,0,5,0.0,0.0,0,0.0,21,0,0.0,7,0,21,0.0,0,2,1.0,21,0,0.5,0.5,0.0,0.5,2,0.0,1,1.0,21,18,0.0,0.0,2,21,0.5,0.0,0.0,0.5,2,0,0,0.0,0,1.0,15,2,1.0,1,21,1.0,1.0,0,0.0,21,0,7,0,0.0,21,2.0,0.0,0,21,0.0,0,0.0,0.0,21,0,0,0.0,0,21,0,0.0,0.0,0,3,0.0,0,0,0,21,0.0,0,0,0.0,21,0.0,0.5,0,7,21,0,0.0,1,5,21,0,0,0.0,0.0,21
2024-02,2,0.0,0,0,24,0,1.0,2,0.0,5,0.0,1.0,0.0,0,6,0.0,1.0,0,0.0,24,0,0.0,7,0,24,0.0,0,3,1.0,24,0,0.5,0.5,0.0,0.5,3,0.0,1,0.0,24,22,0.0,1.0,1,24,0.5,0.0,0.0,0.5,2,0,0,0.0,0,1.0,4,2,1.0,1,24,0.0,0.0,0,1.0,24,0,7,0,0.0,24,1.0,1.0,0,24,0.0,0,0.0,0.0,24,0,0,0.0,0,24,0,0.0,0.0,0,3,0.0,0,0,0,24,0.0,0,0,0.0,24,0.0,0.0,0,6,24,0,0.0,2,5,24,0,0,0.0,0.0,24
2024-03,2,0.0,0,0,23,0,1.0,2,0.5,4,0.0,1.0,0.5,0,6,0.0,0.0,0,0.0,23,0,0.5,6,0,23,0.0,0,3,1.0,23,0,0.5,0.5,0.0,0.5,3,1.0,1,0.5,23,21,0.0,1.0,1,23,0.5,0.0,0.0,0.5,2,0,0,0.0,0,1.0,4,2,1.0,1,23,1.0,1.0,0,1.0,23,0,8,0,0.0,23,1.0,0.0,0,23,0.0,0,0.0,0.0,23,0,0,0.0,0,23,0,0.0,0.0,0,3,0.0,0,0,0,23,0.0,0,0,1.0,23,0.0,0.0,0,6,23,0,0.0,1,6,23,0,0,0.0,0.0,23
2024-04,2,1.0,0,0,19,0,1.0,1,0.5,4,0.5,1.0,0.0,0,5,0.0,0.0,0,0.0,19,0,0.0,4,0,19,0.0,0,2,1.0,19,0,0.5,0.5,0.0,0.5,2,1.0,0,1.0,19,11,0.0,0.5,1,19,0.5,0.0,0.0,0.5,2,0,0,0.0,0,0.5,3,1,1.0,1,19,0.0,1.0,0,1.0,19,0,5,0,0.0,19,1.0,0.0,0,19,0.0,0,0.0,0.0,19,0,0,0.0,0,19,0,0.0,0.0,0,2,0.0,0,1,0,19,0.0,0,0,1.0,19,0.0,0.0,0,5,19,0,0.0,1,6,19,0,0,0.0,1.0,19
2024-05,1,0.0,0,0,22,0,1.0,1,0.5,4,0.0,0.5,0.0,0,5,0.0,1.0,0,0.0,22,0,0.5,6,0,22,0.0,0,3,1.0,22,0,0.5,0.5,0.0,0.5,3,1.0,1,1.0,22,18,0.5,0.0,1,22,0.5,0.0,0.0,0.5,2,0,0,0.0,0,1.0,3,2,1.0,2,22,1.0,1.0,0,1.0,22,0,6,0,0.0,22,1.0,0.0,0,22,0.0,0,0.0,0.0,22,0,0,0.0,0,22,0,0.0,0.0,0,3,0.0,0,0,0,22,0.0,0,0,0.5,22,0.0,0.0,0,6,22,0,0.0,1,4,22,0,0,0.5,1.0,22
2024-06,2,0.0,0,0,19,0,1.0,1,0.0,4,0.0,0.5,0.0,0,5,1.0,0.5,0,0.0,19,0,0.0,5,0,19,0.0,0,2,1.0,19,0,0.5,0.5,0.0,0.5,2,0.0,1,1.0,19,11,0.0,0.5,1,19,0.5,0.0,0.0,0.5,2,0,0,0.0,0,0.5,3,1,0.0,1,19,0.0,0.5,0,0.5,19,0,6,0,0.0,19,0.5,0.0,0,19,0.0,0,0.0,0.0,19,0,0,0.0,0,19,0,0.0,0.0,0,2,0.0,0,0,0,19,0.0,0,0,0.0,19,0.0,0.0,0,6,19,0,0.0,1,5,19,0,0,0.5,0.0,19
2024-07,1,0.0,0,0,21,0,1.0,1,0.0,4,0.0,1.0,0.0,0,5,0.0,1.0,0,0.0,21,0,0.0,5,0,21,0.0,0,2,1.0,21,0,0.5,0.5,0.0,0.5,2,0.0,1,0.0,21,14,0.0,0.0,1,21,0.5,0.0,0.0,0.5,2,0,0,0.0,0,1.0,3,1,1.0,0,21,0.0,0.0,0,1.0,21,0,6,0,0.0,21,1.0,0.0,0,21,0.0,0,0.0,0.0,21,0,0,0.0,0,21,0,0.0,0.0,0,3,0.0,0,0,0,21,0.0,0,0,0.0,21,0.0,0.0,0,8,21,0,0.0,1,4,21,0,0,0.0,0.0,21
2024-08,2,0.0,0,0,23,0,1.0,1,0.5,5,0.0,0.5,0.0,0,6,0.0,5.0,0,0.0,23,0,0.0,8,0,23,0.0,0,3,1.0,23,0,0.5,1.0,0.0,0.5,3,0.0,1,1.0,23,8,1.0,0.0,2,23,0.5,0.0,0.5,0.5,2,0,0,0.0,0,1.0,6,2,1.0,1,23,0.0,1.0,0,0.0,23,0,6,0,0.0,23,1.0,0.0,0,23,0.0,0,0.0,0.0,23,0,0,0.0,0,23,0,0.0,0.0,0,3,0.0,0,0,0,23,0.0,0,0,0.0,23,0.0,0.0,0,5,23,0,0.5,1,4,23,0,0,0.0,0.0,23
2024-09,2,0.0,0,0,25,0,1.0,1,0.5,5,0.0,0.5,0.0,0,6,0.5,3.0,0,0.0,25,0,0.0,6,0,25,1.0,0,2,1.0,25,0,0.5,0.5,0.0,1.0,2,0.0,1,1.0,25,11,1.0,1.0,3,25,0.5,0.0,0.5,0.5,2,0,0,0.0,0,1.0,2,2,1.0,1,25,1.0,1.0,0,0.0,25,0,6,0,0.0,25,1.0,0.0,0,25,0.0,0,0.0,0.0,25,0,0,0.0,0,25,0,0.0,0.0,0,3,0.0,0,0,0,25,0.0,0,0,0.0,25,0.0,0.0,0,5,25,0,0.0,2,5,25,0,0,0.0,0.5,25
2024-10,2,0.0,0,0,25,0,1.0,2,0.5,5,0.0,1.0,0.0,0,6,0.5,2.0,0,0.0,25,0,0.0,7,0,25,0.0,0,3,1.0,25,0,0.5,0.5,0.0,1.0,3,0.0,1,1.0,25,16,1.0,1.0,1,25,0.5,0.0,0.5,0.5,2,0,0,0.0,0,1.0,1,2,1.0,1,25,0.0,1.0,0,0.5,25,0,7,0,0.0,25,1.0,0.0,0,25,0.0,0,0.0,0.0,25,0,0,0.0,0,25,0,0.0,0.0,0,3,0.0,0,0,0,25,0.0,0,0,1.0,25,0.0,0.0,0,6,25,0,0.0,1,5,25,0,0,0.0,0.0,25
2024-11,2,0.0,0,0,23,0,1.0,2,0.5,4,0.0,1.0,0.0,0,6,0.0,3.0,0,0.0,23,0,0.0,7,0,23,0.0,0,3,1.0,23,0,0.5,0.5,0.0,0.5,3,1.0,1,1.0,23,12,1.0,1.0,1,23,0.5,0.0,0.0,0.5,2,0,0,0.0,0,1.0,1,2,1.0,1,23,1.0,1.0,0,1.0,23,0,7,0,0.0,23,1.0,0.0,0,23,0.0,0,0.0,0.0,23,0,0,0.0,0,23,0,0.0,0.0,0,3,0.0,0,0,0,23,0.0,0,0,1.0,23,0.0,0.0,0,7,23,0,0.0,1,5,23,0,0,1.0,0.0,23
2024-12,2,0.0,0,0,23,0,1.0,2,0.5,4,0.0,1.0,0.0,0,6,0.0,2.0,0,0.0,23,0,0.0,6,0,23,0.0,0,2,1.0,23,0,0.0,0.5,0.0,0.5,2,0.0,1,1.0,23,10,1.0,1.0,1,23,0.5,0.0,0.0,0.0,2,0,0,0.0,0,1.0,0,2,1.0,1,23,1.0,0.0,0,1.0,23,0,6,0,0.0,23,1.0,0.0,0,23,0.0,0,0.0,0.0,23,0,0,0.0,0,23,0,0.0,0.0,0,3,0.0,0,0,0,23,0.0,0,0,0.0,23,0.0,0.0,0,7,23,0,0.0,1,5,23,0,0,0.0,0.0,23
2025-01,1,0.0,0,0,22,0,1.0,1,0.0,4,0.0,1.0,0.0,0,5,0.0,2.0,0,0.5,22,0,1.0,5,0,22,0.0,0,3,1.0,22,0,0.0,0.5,0.0,0.5,3,1.0,1,0.0,22,12,0.0,0.0,1,22,0.5,0.0,0.0,0.5,2,0,0,0.0,0,1.0,1,3,1.0,1,22,0.5,1.0,0,1.0,22,0,6,0,0.0,22,1.0,0.0,0,22,0.0,0,0.0,0.0,22,0,0,0.0,0,22,0,0.0,0.0,0,3,0.0,0,0,0,22,0.0,0,0,0.0,22,0.0,0.0,0,5,22,0,0.0,1,4,22,0,0,0.0,0.0,22
2025-02,1,0.0,0,0,21,0,1.0,1,0.5,4,0.0,1.0,0.0,0,5,0.0,1.0,0,0.0,21,0,0.0,5,0,21,0.0,0,2,0.0,21,0,0.5,0.5,0.0,0.5,2,0.0,1,1.0,21,10,1.0,0.5,2,21,0.5,0.0,0.0,0.5,2,0,0,0.0,0,1.0,1,3,1.0,1,21,1.0,1.0,0,1.0,21,0,6,0,0.0,21,1.0,0.0,0,21,0.0,0,0.0,0.0,21,0,0,0.0,0,21,0,0.0,0.0,0,3,0.0,0,0,0,21,0.0,0,0,0.0,21,0.0,0.0,0,5,21,0,0.0,1,4,21,0,0,0.0,0.0,21
2025-03,1,0.0,0,0,21,0,1.0,2,0.5,4,0.0,0.5,0.0,0,5,0.0,1.0,0,0.0,21,0,0.0,5,0,21,1.0,0,3,1.0,21,0,0.5,0.5,0.0,0.5,3,0.0,1,0.0,21,9,0.0,1.0,2,21,0.5,0.0,0.0,0.5,2,0,0,0.0,0,1.0,1,2,0.0,1,21,0.0,0.5,0,1.0,21,0,6,0,0.0,21,1.0,0.0,0,21,0.0,0,0.0,0.0,21,0,0,0.0,0,21,0,0.0,0.0,0,3,0.0,0,0,0,21,0.0,0,0,1.0,21,0.0,0.0,0,5,21,0,0.0,1,5,21,0,0,0.0,0.0,21
2025-04,1,1.0,0,0,20,0,1.0,1,0.5,4,0.0,3.0,0.0,0,5,0.0,1.0,0,0.5,20,0,0.0,6,0,20,0.0,0,3,1.0,20,0,0.5,0.5,0.0,0.5,3,0.0,1,1.0,20,11,0.5,0.0,1,20,0.5,0.0,0.0,0.5,2,0,0,0.0,0,0.5,1,1,1.0,2,20,1.0,1.0,0,1.0,20,0,6,0,0.0,20,1.0,1.0,0,20,0.0,0,0.0,0.0,20,0,0,0.0,0,20,0,0.0,0.0,0,3,0.0,0,0,0,20,0.0,0,0,2.0,20,0.0,0.0,0,5,20,0,0.0,1,6,20,0,0,0.0,0.0,20
2025-05,1,0.0,0,0,20,0,1.0,2,0.0,4,0.0,1.0,0.0,0,5,0.0,1.0,0,0.0,20,0,0.0,5,0,20,0.0,0,3,1.0,20,0,0.5,0.5,0.0,0.5,3,0.0,1,1.0,20,12,0.0,1.0,1,20,0.5,0.0,0.5,0.5,2,0,0,0.0,0,0.5,1,3,1.0,3,20,1.0,1.0,0,1.0,20,0,7,0,0.0,20,1.0,0.0,0,20,0.0,0,0.0,0.0,20,0,0,0.0,0,20,0,0.0,0.0,0,3,0.0,0,0,0,20,0.0,0,0,0.0,20,0.0,0.0,0,5,20,0,0.0,1,4,20,0,0,0.0,0.0,20
2025-06,1,0.0,0,0,20,0,1.0,1,0.5,4,0.0,1.0,0.0,0,5,0.0,0.0,0,0.0,20,0,0.0,5,0,20,0.0,0,1,0.5,20,0,0.5,0.5,0.5,0.5,1,0.0,1,1.0,20,13,0.0,1.0,1,20,0.5,0.0,0.0,0.5,2,0,0,0.0,0,0.5,1,1,1.0,1,20,1.0,0.5,0,1.0,20,0,6,0,0.0,20,1.0,0.0,0,20,0.0,0,0.0,0.0,20,0,0,0.0,0,20,0,0.0,0.0,0,3,0.0,0,0,0,20,0.0,0,0,1.0,20,0.0,0.0,0,4,20,0,0.0,1,3,20,0,0,0.5,1.0,20
2025-07,2,0.0,0,0,18,0,1.0,2,0.5,3,0.0,1.0,0.0,0,4,0.0,1.0,0,0.0,18,0,0.0,6,0,18,0.0,0,3,1.0,18,0,0.5,0.5,0.0,0.5,3,0.0,1,1.0,18,13,1.0,0.5,2,18,0.5,0.0,0.5,0.5,2,0,0,0.0,0,0.5,1,2,1.0,1,18,1.0,1.0,0,1.0,18,0,7,0,0.0,18,1.0,0.0,0,18,0.0,0,0.0,0.0,18,0,0,0.0,0,18,0,0.0,0.0,0,2,0.0,0,0,0,18,0.0,0,0,0.5,18,0.0,0.0,0,5,18,0,0.0,1,4,18,0,0,0.0,0.0,18
2025-08,2,0.0,0,0,19,0,1.0,2,0.5,4,0.0,1.0,0.0,0,5,0.0,1.0,0,1.0,19,0,0.0,7,0,19,0.0,0,2,1.0,19,0,0.0,0.5,0.0,0.5,2,0.5,1,1.0,19,15,1.0,1.0,2,19,0.5,0.0,0.5,0.5,2,0,0,0.0,0,0.5,1,2,1.0,1,19,1.0,1.0,0,1.0,19,0,8,0,0.0,19,1.0,0.5,0,19,0.0,0,0.0,0.5,19,0,0,0.0,0,19,0,0.0,0.0,0,2,0.0,0,0,0,19,0.0,0,0,0.0,19,0.0,0.0,0,5,19,0,0.0,1,4,19,0,0,0.0,0.5,19
2025-09,2,0.5,0,0,18,0,1.0,2,0.5,3,0.5,1.0,0.0,0,4,0.5,1.0,0,0.5,18,0,0.5,7,0,18,0.5,0,2,1.0,18,0,0.5,0.5,0.5,0.5,2,1.0,1,1.0,18,25,0.5,1.0,2,18,0.5,0.5,0.5,0.5,2,0,0,0.5,0,0.5,1,3,1.0,2,18,1.0,1.0,0,1.0,18,0,8,0,0.5,18,1.0,0.5,0,18,0.5,0,0.5,0.5,18,0,0,0.0,0,18,0,0.5,0.5,0,2,0.0,0,0,0,18,0.5,0,0,0.5,18,0.5,0.5,0,5,18,0,0.5,2,5,18,0,0,0.5,0.5,18
