Month,অপ্রাতিষ্ঠানিক খাত,অপ্রাতিষ্ঠানিক বাজার,কালোবাজার,বিদেশি মুদ্রা,Email,বৈদেশিক মুদ্রা,বৈদেশিক বাণিজ্য,তেল,ঋণ,দেনা,গবাদি পশু,ঋণসমূহ,দেনাসমূহ,দুর্নীতি,ঘুষ,চুক্তি,পাচার,পাচারকারী,ব্যবসা,স্থগিতাদেশ,স্থগিত ঘোষণা,জ্বালানী,বিদেশি,বৈদেশিক,বিনিয়োগকারী,শুল্ক,গুদাম,আড়ত,শুল্ক বিভাগ,কাস্টমস বিভাগ,লাইসেন্স,অনুমতিপত্র,পাঠানো,চালান,শিপমেন্ট,টাকা,জোগান,চাহিদা,জিডিপি,বিনিয়োগ,নিষেধাজ্ঞা,চাকরি,রোজগার,কর্মসংস্থান,বাধা,বিধিনিষেধ,বেকারত্ব,মুদ্রা,শ্রম বাজার,বাজার,বিনিময় হার,কর,করসমূহ,পণ্য,দ্রব্য,উৎপাদনের স্তর,ঋতুভিত্তিক কাজ,মৌসুমি কাজ,অস্থায়ী কাজ,প্রবাসী নেটওয়ার্ক,প্রবাসী জনগোষ্ঠী,আমদানি,রপ্তানি,বাণিজ্য,স্থানীয় অর্থনীতি,ব্যবসায়ী,অর্থনীতি,রেমিট্যান্স,সরবরাহ
2004-01,0,0,0,0,0.0,0.0,0.0,0.0,0.0,0.0,0.0,0.0,0.0,0.0,0.0,0.0,0.0,0.0,0.0,0.0,0.0,0.0,0.0,0.0,0.0,0.0,0.0,0.0,0.0,0.0,0.0,0.0,0.0,0.0,0.0,0.0,0.0,0.0,0.0,0.0,0.0,0.0,0.0,0.0,0.0,0.0,0.0,0.0,0.0,0.0,0.0,0.0,0.0,0.0,0.0,0.0,0.0,0.0,0.0,0.0,0.0,0.0,0.0,0.0,0.0,0.0,0.0,0.0,0.0
2004-02,0,0,0,0,0.0,0.0,0.0,0.0,0.0,0.0,0.0,0.0,0.0,0.0,0.0,0.0,0.0,0.0,0.0,0.0,0.0,0.0,0.0,0.0,0.0,0.0,0.0,0.0,0.0,0.0,0.0,0.0,0.0,0.0,0.0,0.0,0.0,0.0,0.0,0.0,0.0,0.0,0.0,0.0,0.0,0.0,0.0,0.0,0.0,0.0,0.0,0.0,0.0,0.0,0.0,0.0,0.0,0.0,0.0,0.0,0.0,0.0,0.0,0.0,0.0,0.0,0.0,0.0,0.0
2004-03,0,0,0,0,0.0,0.0,0.0,0.0,0.0,0.0,0.0,0.0,0.0,0.0,0.0,0.0,0.0,0.0,0.0,0.0,0.0,0.0,0.0,0.0,0.0,0.0,0.0,0.0,0.0,0.0,0.0,0.0,0.0,0.0,0.0,0.0,0.0,0.0,0.0,0.0,0.0,0.0,0.0,0.0,0.0,0.0,0.0,0.0,0.0,0.0,0.0,0.0,0.0,0.0,0.0,0.0,0.0,0.0,0.0,0.0,0.0,0.0,0.0,0.0,0.0,0.0,0.0,0.0,0.0
2004-04,0,0,0,0,0.0,0.0,0.0,0.0,0.0,0.0,0.0,0.0,0.0,0.0,0.0,0.0,0.0,0.0,0.0,0.0,0.0,0.0,0.0,0.0,0.0,0.0,0.0,0.0,0.0,0.0,0.0,0.0,0.0,0.0,0.0,0.0,0.0,0.0,0.0,0.0,0.0,0.0,0.0,0.0,0.0,0.0,0.0,0.0,0.0,0.0,0.0,0.0,0.0,0.0,0.0,0.0,0.0,0.0,0.0,0.0,0.0,0.0,0.0,0.0,0.0,0.0,0.0,0.0,0.0
2004-05,0,0,0,0,0.0,0.0,0.0,0.0,0.0,0.0,0.0,0.0,0.0,0.0,0.0,0.0,0.0,0.0,0.0,0.0,0.0,0.0,0.0,0.0,0.0,0.0,0.0,0.0,0.0,0.0,0.0,0.0,0.0,0.0,0.0,0.0,0.0,0.0,0.0,0.0,0.0,0.0,0.0,0.0,0.0,0.0,0.0,0.0,0.0,0.0,0.0,0.0,0.0,0.0,0.0,0.0,0.0,0.0,0.0,0.0,0.0,0.0,0.0,0.0,0.0,0.0,0.0,0.0,0.0
2004-06,0,0,0,0,0.0,0.0,0.0,0.0,0.0,0.0,0.0,0.0,0.0,0.0,0.0,0.0,0.0,0.0,0.0,0.0,0.0,0.0,0.0,0.0,0.0,0.0,0.0,0.0,0.0,0.0,0.0,0.0,0.0,0.0,0.0,0.0,0.0,0.0,0.0,0.0,0.0,0.0,0.0,0.0,0.0,0.0,0.0,0.0,0.0,0.0,0.0,0.0,0.0,0.0,0.0,0.0,0.0,0.0,0.0,0.0,0.0,0.0,0.0,0.0,0.0,0.0,0.0,0.0,0.0
2004-07,0,0,0,0,0.0,0.0,0.0,0.0,0.0,0.0,0.0,0.0,0.0,0.0,0.0,0.0,0.0,0.0,0.0,0.0,0.0,0.0,0.0,0.0,0.0,0.0,0.0,0.0,0.0,0.0,0.0,0.0,0.0,0.0,0.0,0.0,0.0,0.0,0.0,0.0,0.0,0.0,0.0,0.0,0.0,0.0,0.0,0.0,0.0,0.0,0.0,0.0,0.0,0.0,0.0,0.0,0.0,0.0,0.0,0.0,0.0,0.0,0.0,0.0,0.0,0.0,0.0,0.0,0.0
2004-08,0,0,0,0,0.0,0.0,0.0,0.0,0.0,0.0,0.0,0.0,0.0,0.0,0.0,0.0,0.0,0.0,0.0,0.0,0.0,0.0,0.0,0.0,0.0,0.0,0.0,0.0,0.0,0.0,0.0,0.0,0.0,0.0,0.0,0.0,0.0,0.0,0.0,0.0,0.0,0.0,0.0,0.0,0.0,0.0,0.0,0.0,0.0,0.0,0.0,0.0,0.0,0.0,0.0,0.0,0.0,0.0,0.0,0.0,0.0,0.0,0.0,0.0,0.0,0.0,0.0,0.0,0.0
2004-09,0,0,0,0,0.0,0.0,0.0,0.0,0.0,0.0,0.0,0.0,0.0,0.0,0.0,0.0,0.0,0.0,0.0,0.0,0.0,0.0,0.0,0.0,0.0,0.0,0.0,0.0,0.0,0.0,0.0,0.0,0.0,0.0,0.0,0.0,0.0,0.0,0.0,0.0,0.0,0.0,0.0,0.0,0.0,0.0,0.0,0.0,0.0,0.0,0.0,0.0,0.0,0.0,0.0,0.0,0.0,0.0,0.0,0.0,0.0,0.0,0.0,0.0,0.0,0.0,0.0,0.0,0.0
2004-10,0,0,0,0,0.0,0.0,0.0,0.0,0.0,0.0,0.0,0.0,0.0,0.0,0.0,0.0,0.0,0.0,0.0,0.0,0.0,0.0,0.0,0.0,0.0,0.0,0.0,0.0,0.0,0.0,0.0,0.0,0.0,0.0,0.0,0.0,0.0,0.0,0.0,0.0,0.0,0.0,0.0,0.0,0.0,0.0,0.0,0.0,0.0,0.0,0.0,0.0,0.0,0.0,0.0,0.0,0.0,0.0,0.0,0.0,0.0,0.0,0.0,0.0,0.0,0.0,0.0,0.0,0.0
2004-11,0,0,0,0,0.0,0.0,0.0,0.0,0.0,0.0,0.0,0.0,0.0,0.0,0.0,0.0,0.0,0.0,0.0,0.0,0.0,0.0,0.0,0.0,0.0,0.0,0.0,0.0,0.0,0.0,0.0,0.0,0.0,0.0,0.0,0.0,0.0,0.0,0.0,0.0,0.0,0.0,0.0,0.0,0.0,0.0,0.0,0.0,0.0,0.0,0.0,0.0,0.0,0.0,0.0,0.0,0.0,0.0,0.0,0.0,0.0,0.0,0.0,0.0,0.0,0.0,0.0,0.0,0.0
2004-12,0,0,0,0,0.0,0.0,0.0,0.0,0.0,0.0,0.0,0.0,0.0,0.0,0.0,0.0,0.0,0.0,0.0,0.0,0.0,0.0,0.0,0.0,0.0,0.0,0.0,0.0,0.0,0.0,0.0,0.0,0.0,0.0,0.0,0.0,0.0,0.0,0.0,0.0,0.0,0.0,0.0,0.0,0.0,0.0,0.0,0.0,0.0,0.0,0.0,0.0,0.0,0.0,0.0,0.0,0.0,0.0,0.0,0.0,0.0,0.0,0.0,0.0,0.0,0.0,0.0,0.0,0.0
2005-01,0,0,0,0,0.0,0.0,0.0,0.0,0.0,0.0,0.0,0.0,0.0,0.0,0.0,0.0,0.0,0.0,0.0,0.0,0.0,0.0,0.0,0.0,0.0,0.0,0.0,0.0,0.0,0.0,0.0,0.0,0.0,0.0,0.0,0.0,0.0,0.0,0.0,0.0,0.0,0.0,0.0,0.0,0.0,0.0,0.0,0.0,0.0,0.0,0.0,0.0,0.0,0.0,0.0,0.0,0.0,0.0,0.0,0.0,0.0,0.0,0.0,0.0,0.0,0.0,0.0,0.0,0.0
2005-02,0,0,0,0,0.0,0.0,0.0,0.0,0.0,0.0,0.0,0.0,0.0,0.0,0.0,0.0,0.0,0.0,0.0,0.0,0.0,0.0,0.0,0.0,0.0,0.0,0.0,0.0,0.0,0.0,0.0,0.0,0.0,0.0,0.0,0.0,0.0,0.0,0.0,0.0,0.0,0.0,0.0,0.0,0.0,0.0,0.0,0.0,0.0,0.0,0.0,0.0,0.0,0.0,0.0,0.0,0.0,0.0,0.0,0.0,0.0,0.0,0.0,0.0,0.0,0.0,0.0,0.0,0.0
2005-03,0,0,0,0,0.0,0.0,0.0,0.0,0.0,0.0,0.0,0.0,0.0,0.0,0.0,0.0,0.0,0.0,0.0,0.0,0.0,0.0,0.0,0.0,0.0,0.0,0.0,0.0,0.0,0.0,0.0,0.0,0.0,0.0,0.0,0.0,0.0,0.0,0.0,0.0,0.0,0.0,0.0,0.0,0.0,0.0,0.0,0.0,0.0,0.0,0.0,0.0,0.0,0.0,0.0,0.0,0.0,0.0,0.0,0.0,0.0,0.0,0.0,0.0,0.0,0.0,0.0,0.0,0.0
2005-04,0,0,0,0,0.0,0.0,0.0,0.0,0.0,0.0,0.0,0.0,0.0,0.0,0.0,0.0,0.0,0.0,0.0,0.0,0.0,0.0,0.0,0.0,0.0,0.0,0.0,0.0,0.0,0.0,0.0,0.0,0.0,0.0,0.0,0.0,0.0,0.0,0.0,0.0,0.0,0.0,0.0,0.0,0.0,0.0,0.0,0.0,0.0,0.0,0.0,0.0,0.0,0.0,0.0,0.0,0.0,0.0,0.0,0.0,0.0,0.0,0.0,0.0,0.0,0.0,0.0,0.0,0.0
2005-05,0,0,0,0,0.0,0.0,0.0,0.0,0.0,0.0,0.0,0.0,0.0,0.0,0.0,0.0,0.0,0.0,0.0,0.0,0.0,0.0,0.0,0.0,0.0,0.0,0.0,0.0,0.0,0.0,0.0,0.0,0.0,0.0,0.0,0.0,0.0,0.0,0.0,0.0,0.0,0.0,0.0,0.0,0.0,0.0,0.0,0.0,0.0,0.0,0.0,0.0,0.0,0.0,0.0,0.0,0.0,0.0,0.0,0.0,0.0,0.0,0.0,0.0,0.0,0.0,0.0,0.0,0.0
2005-06,0,0,0,0,0.0,0.0,0.0,0.0,0.0,0.0,0.0,0.0,0.0,0.0,0.0,0.0,0.0,0.0,0.0,0.0,0.0,0.0,0.0,0.0,0.0,0.0,0.0,0.0,0.0,0.0,0.0,0.0,0.0,0.0,0.0,0.0,0.0,0.0,0.0,0.0,0.0,0.0,0.0,0.0,0.0,0.0,0.0,0.0,0.0,0.0,0.0,0.0,0.0,0.0,0.0,0.0,0.0,0.0,0.0,0.0,0.0,0.0,0.0,0.0,0.0,0.0,0.0,0.0,0.0
2005-07,0,0,0,0,0.0,0.0,0.0,0.0,0.0,0.0,0.0,0.0,0.0,0.0,0.0,0.0,0.0,0.0,0.0,0.0,0.0,0.0,0.0,0.0,0.0,0.0,0.0,0.0,0.0,0.0,0.0,0.0,0.0,0.0,0.0,0.0,0.0,0.0,0.0,0.0,0.0,0.0,0.0,0.0,0.0,0.0,0.0,0.0,0.0,0.0,0.0,0.0,0.0,0.0,0.0,0.0,0.0,0.0,0.0,0.0,0.0,0.0,0.0,0.0,0.0,0.0,0.0,0.0,0.0
2005-08,0,0,0,0,0.0,0.0,0.0,0.0,0.0,0.0,0.0,0.0,0.0,0.0,0.0,0.0,0.0,0.0,0.0,0.0,0.0,0.0,0.0,0.0,0.0,0.0,0.0,0.0,0.0,0.0,0.0,0.0,0.0,0.0,0.0,0.0,0.0,0.0,0.0,0.0,0.0,0.0,0.0,0.0,0.0,0.0,0.0,0.0,0.0,0.0,0.0,0.0,0.0,0.0,0.0,0.0,0.0,0.0,0.0,0.0,0.0,0.0,0.0,0.0,0.0,0.0,0.0,0.0,0.0
2005-09,0,0,0,0,0.0,0.0,0.0,0.0,0.0,0.0,0.0,0.0,0.0,0.0,0.0,0.0,0.0,0.0,0.0,0.0,0.0,0.0,0.0,0.0,0.0,0.0,0.0,0.0,0.0,0.0,0.0,0.0,0.0,0.0,0.0,0.0,0.0,0.0,0.0,0.0,0.0,0.0,0.0,0.0,0.0,0.0,0.0,0.0,0.0,0.0,0.0,0.0,0.0,0.0,0.0,0.0,0.0,0.0,0.0,0.0,0.0,0.0,0.0,0.0,0.0,0.0,0.0,0.0,0.0
2005-10,0,0,0,0,0.0,0.0,0.0,0.0,0.0,0.0,0.0,0.0,0.0,0.0,0.0,0.0,0.0,0.0,0.0,0.0,0.0,0.0,0.0,0.0,0.0,0.0,0.0,0.0,0.0,0.0,0.0,0.0,0.0,0.0,0.0,0.0,0.0,0.0,0.0,0.0,0.0,0.0,0.0,0.0,0.0,0.0,0.0,0.0,0.0,0.0,0.0,0.0,0.0,0.0,0.0,0.0,0.0,0.0,0.0,0.0,0.0,0.0,0.0,0.0,0.0,0.0,0.0,0.0,0.0
2005-11,0,0,0,0,0.0,0.0,0.0,0.0,0.0,0.0,0.0,0.0,0.0,0.0,0.0,0.0,0.0,0.0,0.0,0.0,0.0,0.0,0.0,0.0,0.0,0.0,0.0,0.0,0.0,0.0,0.0,0.0,0.0,0.0,0.0,0.0,0.0,0.0,0.0,0.0,0.0,0.0,0.0,0.0,0.0,0.0,0.0,0.0,0.0,0.0,0.0,0.0,0.0,0.0,0.0,0.0,0.0,0.0,0.0,0.0,0.0,0.0,0.0,0.0,0.0,0.0,0.0,0.0,0.0
2005-12,0,0,0,0,0.0,0.0,0.0,0.0,0.0,0.0,0.0,0.0,0.0,0.0,0.0,0.0,0.0,0.0,0.0,0.0,0.0,0.0,0.0,0.0,0.0,0.0,0.0,0.0,0.0,0.0,0.0,0.0,0.0,0.0,0.0,0.0,0.0,0.0,0.0,0.0,0.0,0.0,0.0,0.0,0.0,0.0,0.0,0.0,0.0,0.0,0.0,0.0,0.0,0.0,0.0,0.0,0.0,0.0,0.0,0.0,0.0,0.0,0.0,0.0,0.0,0.0,0.0,0.0,0.0
2006-01,0,0,0,0,0.0,0.0,0.0,0.0,0.0,0.0,0.0,0.0,0.0,0.0,0.0,0.0,0.0,0.0,0.0,0.0,0.0,0.0,0.0,0.0,0.0,0.0,0.0,0.0,0.0,0.0,0.0,0.0,0.0,0.0,0.0,0.0,0.0,0.0,0.0,0.0,0.0,0.0,0.0,0.0,0.0,0.0,0.0,0.0,0.0,0.0,0.0,0.0,0.0,0.0,0.0,0.0,0.0,0.0,0.0,0.0,0.0,0.0,0.0,0.0,0.0,0.0,0.0,0.0,0.0
2006-02,0,0,0,0,0.0,0.0,0.0,0.0,0.0,0.0,0.0,0.0,0.0,0.0,0.0,0.0,0.0,0.0,0.0,0.0,0.0,0.0,0.0,0.0,0.0,0.0,0.0,0.0,0.0,0.0,0.0,0.0,0.0,0.0,0.0,0.0,0.0,0.0,0.0,0.0,0.0,0.0,0.0,0.0,0.0,0.0,0.0,0.0,0.0,0.0,0.0,0.0,0.0,0.0,0.0,0.0,0.0,0.0,0.0,0.0,0.0,0.0,0.0,0.0,0.0,0.0,0.0,0.0,0.0
2006-03,0,0,0,0,0.0,0.0,0.0,0.0,0.0,0.0,0.0,0.0,0.0,0.0,0.0,0.0,0.0,0.0,0.0,0.0,0.0,0.0,0.0,0.0,0.0,0.0,0.0,0.0,0.0,0.0,0.0,0.0,0.0,0.0,0.0,0.0,0.0,0.0,0.0,0.0,0.0,0.0,0.0,0.0,0.0,0.0,0.0,0.0,0.0,0.0,0.0,0.0,0.0,0.0,0.0,0.0,0.0,0.0,0.0,0.0,0.0,0.0,0.0,0.0,0.0,0.0,0.0,0.0,0.0
2006-04,0,0,0,0,0.0,0.0,0.0,0.0,0.0,0.0,0.0,0.0,0.0,0.0,0.0,0.0,0.0,0.0,0.0,0.0,0.0,0.0,0.0,0.0,0.0,0.0,0.0,0.0,0.0,0.0,0.0,0.0,0.0,0.0,0.0,0.0,0.0,0.0,0.0,0.0,0.0,0.0,0.0,0.0,0.0,0.0,0.0,0.0,0.0,0.0,0.0,0.0,0.0,0.0,0.0,0.0,0.0,0.0,0.0,0.0,0.0,0.0,0.0,0.0,0.0,0.0,0.0,0.0,0.0
2006-05,0,0,0,0,0.0,0.0,0.0,0.0,0.0,0.0,0.0,0.0,0.0,0.0,0.0,0.0,0.0,0.0,0.0,0.0,0.0,0.0,0.0,0.0,0.0,0.0,0.0,0.0,0.0,0.0,0.0,0.0,0.0,0.0,0.0,0.0,0.0,0.0,0.0,0.0,0.0,0.0,0.0,0.0,0.0,0.0,0.0,0.0,0.0,0.0,0.0,0.0,0.0,0.0,0.0,0.0,0.0,0.0,0.0,0.0,0.0,0.0,0.0,0.0,0.0,0.0,0.0,0.0,0.0
2006-06,0,0,0,0,0.0,0.0,0.0,0.0,0.0,0.0,0.0,0.0,0.0,0.0,0.0,0.0,0.0,0.0,0.0,0.0,0.0,0.0,0.0,0.0,0.0,0.0,0.0,0.0,0.0,0.0,0.0,0.0,0.0,0.0,0.0,0.0,0.0,0.0,0.0,0.0,0.0,0.0,0.0,0.0,0.0,0.0,0.0,0.0,0.0,0.0,0.0,0.0,0.0,0.0,0.0,0.0,0.0,0.0,0.0,0.0,0.0,0.0,0.0,0.0,0.0,0.0,0.0,0.0,0.0
2006-07,0,0,0,0,0.0,0.0,0.0,0.0,0.0,0.0,0.0,0.0,0.0,0.0,0.0,0.0,0.0,0.0,0.0,0.0,0.0,0.0,0.0,0.0,0.0,0.0,0.0,0.0,0.0,0.0,0.0,0.0,0.0,0.0,0.0,0.0,0.0,0.0,0.0,0.0,0.0,0.0,0.0,0.0,0.0,0.0,0.0,0.0,0.0,0.0,0.0,0.0,0.0,0.0,0.0,0.0,0.0,0.0,0.0,0.0,0.0,0.0,0.0,0.0,0.0,0.0,0.0,0.0,0.0
2006-08,0,0,0,0,0.0,0.0,0.0,0.0,0.0,0.0,0.0,0.0,0.0,0.0,0.0,0.0,0.0,0.0,0.0,0.0,0.0,0.0,0.0,0.0,0.0,0.0,0.0,0.0,0.0,0.0,0.0,0.0,0.0,0.0,0.0,0.0,0.0,0.0,0.0,0.0,0.0,0.0,0.0,0.0,0.0,0.0,0.0,0.0,0.0,0.0,0.0,0.0,0.0,0.0,0.0,0.0,0.0,0.0,0.0,0.0,0.0,0.0,0.0,0.0,0.0,0.0,0.0,0.0,0.0
2006-09,0,0,0,0,0.0,0.0,0.0,0.0,0.0,0.0,0.0,0.0,0.0,0.0,0.0,0.0,0.0,0.0,0.0,0.0,0.0,0.0,0.0,0.0,0.0,0.0,0.0,0.0,0.0,0.0,0.0,0.0,0.0,0.0,0.0,0.0,0.0,0.0,0.0,0.0,0.0,0.0,0.0,0.0,0.0,0.0,0.0,0.0,0.0,0.0,0.0,0.0,0.0,0.0,0.0,0.0,0.0,0.0,0.0,0.0,0.0,0.0,0.0,0.0,0.0,0.0,0.0,0.0,0.0
2006-10,0,0,0,0,0.0,0.0,0.0,0.0,0.0,0.0,0.0,0.0,0.0,0.0,0.0,0.0,0.0,0.0,0.0,0.0,0.0,0.0,0.0,0.0,0.0,0.0,0.0,0.0,0.0,0.0,0.0,0.0,0.0,0.0,0.0,0.0,0.0,0.0,0.0,0.0,0.0,0.0,0.0,0.0,0.0,0.0,0.0,0.0,0.0,0.0,0.0,0.0,0.0,0.0,0.0,0.0,0.0,0.0,0.0,0.0,0.0,0.0,0.0,0.0,0.0,0.0,0.0,0.0,0.0
2006-11,0,0,0,0,0.0,0.0,0.0,0.0,0.0,0.0,0.0,0.0,0.0,0.0,0.0,0.0,0.0,0.0,0.0,0.0,0.0,0.0,0.0,0.0,0.0,0.0,0.0,0.0,0.0,0.0,0.0,0.0,0.0,0.0,0.0,0.0,0.0,0.0,0.0,0.0,0.0,0.0,0.0,0.0,0.0,0.0,0.0,0.0,0.0,0.0,0.0,0.0,0.0,0.0,0.0,0.0,0.0,0.0,0.0,0.0,0.0,0.0,0.0,0.0,0.0,0.0,0.0,0.0,0.0
2006-12,0,0,0,0,0.0,0.0,0.0,0.0,0.0,0.0,0.0,0.0,0.0,0.0,0.0,0.0,0.0,0.0,0.0,0.0,0.0,0.0,0.0,0.0,0.0,0.0,0.0,0.0,0.0,0.0,0.0,0.0,0.0,0.0,0.0,0.0,0.0,0.0,0.0,0.0,0.0,0.0,0.0,0.0,0.0,0.0,0.0,0.0,0.0,0.0,0.0,0.0,0.0,0.0,0.0,0.0,0.0,0.0,0.0,0.0,0.0,0.0,0.0,0.0,0.0,0.0,0.0,0.0,0.0
2007-01,0,0,0,0,0.0,0.0,0.0,0.0,0.0,0.0,0.0,0.0,0.0,0.0,0.0,0.0,0.0,0.0,0.0,0.0,0.0,0.0,0.0,0.0,0.0,0.0,0.0,0.0,0.0,0.0,0.0,0.0,0.0,0.0,0.0,0.0,0.0,0.0,0.0,0.0,0.0,0.0,0.0,0.0,0.0,0.0,0.0,0.0,0.0,0.0,0.0,0.0,0.0,0.0,0.0,0.0,0.0,0.0,0.0,0.0,0.0,0.0,0.0,0.0,0.0,0.0,0.0,0.0,0.0
2007-02,0,0,0,0,0.0,0.0,0.0,0.0,0.0,0.0,0.0,0.0,0.0,0.0,0.0,0.0,0.0,0.0,0.0,0.0,0.0,0.0,0.0,0.0,0.0,0.0,0.0,0.0,0.0,0.0,0.0,0.0,0.0,0.0,0.0,0.0,0.0,0.0,0.0,0.0,0.0,0.0,0.0,0.0,0.0,0.0,0.0,0.0,0.0,0.0,0.0,0.0,0.0,0.0,0.0,0.0,0.0,0.0,0.0,0.0,0.0,0.0,0.0,0.0,0.0,0.0,0.0,0.0,0.0
2007-03,0,0,0,0,0.0,0.0,0.0,0.0,0.0,0.0,0.0,0.0,0.0,0.0,0.0,0.0,0.0,0.0,0.0,0.0,0.0,0.0,0.0,0.0,0.0,0.0,0.0,0.0,0.0,0.0,0.0,0.0,0.0,0.0,0.0,0.0,0.0,0.0,0.0,0.0,0.0,0.0,0.0,0.0,0.0,0.0,0.0,0.0,0.0,0.0,0.0,0.0,0.0,0.0,0.0,0.0,0.0,0.0,0.0,0.0,0.0,0.0,0.0,0.0,0.0,0.0,0.0,0.0,0.0
2007-04,0,0,0,0,0.0,0.0,0.0,0.0,0.0,0.0,0.0,0.0,0.0,0.0,0.0,0.0,0.0,0.0,0.0,0.0,0.0,0.0,0.0,0.0,0.0,0.0,0.0,0.0,0.0,0.0,0.0,0.0,0.0,0.0,0.0,0.0,0.0,0.0,0.0,0.0,0.0,0.0,0.0,0.0,0.0,0.0,0.0,0.0,0.0,0.0,0.0,0.0,0.0,0.0,0.0,0.0,0.0,0.0,0.0,0.0,0.0,0.0,0.0,0.0,0.0,0.0,0.0,0.0,0.0
2007-05,0,0,0,0,0.0,0.0,0.0,0.0,0.0,0.0,0.0,0.0,0.0,0.0,0.0,0.0,0.0,0.0,0.0,0.0,0.0,0.0,0.0,0.0,0.0,0.0,0.0,0.0,0.0,0.0,0.0,0.0,0.0,0.0,0.0,0.0,0.0,0.0,0.0,0.0,0.0,0.0,0.0,0.0,0.0,0.0,0.0,0.0,0.0,0.0,0.0,0.0,0.0,0.0,0.0,0.0,0.0,0.0,0.0,0.0,0.0,0.0,0.0,0.0,0.0,0.0,0.0,0.0,0.0
2007-06,0,0,0,0,0.0,0.0,0.0,0.0,0.0,0.0,0.0,0.0,0.0,0.0,0.0,0.0,0.0,0.0,0.0,0.0,0.0,0.0,0.0,0.0,0.0,0.0,0.0,0.0,0.0,0.0,0.0,0.0,0.0,0.0,0.0,0.0,0.0,0.0,0.0,0.0,0.0,0.0,0.0,0.0,0.0,0.0,0.0,0.0,0.0,0.0,0.0,0.0,0.0,0.0,0.0,0.0,0.0,0.0,0.0,0.0,0.0,0.0,0.0,0.0,0.0,0.0,0.0,0.0,0.0
2007-07,0,0,0,0,0.0,0.0,0.0,0.0,0.0,0.0,0.0,0.0,0.0,0.0,0.0,0.0,0.0,0.0,0.0,0.0,0.0,0.0,0.0,0.0,0.0,0.0,0.0,0.0,0.0,0.0,0.0,0.0,0.0,0.0,0.0,0.0,0.0,0.0,0.0,0.0,0.0,0.0,0.0,0.0,0.0,0.0,0.0,0.0,0.0,0.0,0.0,0.0,0.0,0.0,0.0,0.0,0.0,0.0,0.0,0.0,0.0,0.0,0.0,0.0,0.0,0.0,0.0,0.0,0.0
2007-08,0,0,0,0,0.0,0.0,0.0,0.0,0.0,0.0,0.0,0.0,0.0,0.0,0.0,0.0,0.0,0.0,0.0,0.0,0.0,0.0,0.0,0.0,0.0,0.0,0.0,0.0,0.0,0.0,0.0,0.0,0.0,0.0,0.0,0.0,0.0,0.0,0.0,0.0,0.0,0.0,0.0,0.0,0.0,0.0,0.0,0.0,0.0,0.0,0.0,0.0,0.0,0.0,0.0,0.0,0.0,0.0,0.0,0.0,0.0,0.0,0.0,0.0,0.0,0.0,0.0,0.0,0.0
2007-09,0,0,0,0,0.0,0.0,0.0,0.0,0.0,0.0,0.0,0.0,0.0,0.0,0.0,0.0,0.0,0.0,0.0,0.0,0.0,0.0,0.0,0.0,0.0,0.0,0.0,0.0,0.0,0.0,0.0,0.0,0.0,0.0,0.0,0.0,0.0,0.0,0.0,0.0,0.0,0.0,0.0,0.0,0.0,0.0,0.0,0.0,0.0,0.0,0.0,0.0,0.0,0.0,0.0,0.0,0.0,0.0,0.0,0.0,0.0,0.0,0.0,0.0,0.0,0.0,0.0,0.0,0.0
2007-10,0,0,0,0,0.0,0.0,0.0,0.0,0.0,0.0,0.0,0.0,0.0,0.0,0.0,0.0,0.0,0.0,0.0,0.0,0.0,0.0,0.0,0.0,0.0,0.0,0.0,0.0,0.0,0.0,0.0,0.0,0.0,0.0,0.0,0.0,0.0,0.0,0.0,0.0,0.0,0.0,0.0,0.0,0.0,0.0,0.0,0.0,0.0,0.0,0.0,0.0,0.0,0.0,0.0,0.0,0.0,0.0,0.0,0.0,0.0,0.0,0.0,0.0,0.0,0.0,0.0,0.0,0.0
2007-11,0,0,0,0,0.0,0.0,0.0,0.0,0.0,0.0,0.0,0.0,0.0,0.0,0.0,0.0,0.0,0.0,0.0,0.0,0.0,0.0,0.0,0.0,0.0,0.0,0.0,0.0,0.0,0.0,0.0,0.0,0.0,0.0,0.0,0.0,0.0,0.0,0.0,0.0,0.0,0.0,0.0,0.0,0.0,0.0,0.0,0.0,0.0,0.0,0.0,0.0,0.0,0.0,0.0,0.0,0.0,0.0,0.0,0.0,0.0,0.0,0.0,0.0,0.0,0.0,0.0,0.0,0.0
2007-12,0,0,0,0,0.0,0.0,0.0,0.0,0.0,0.0,0.0,0.0,0.0,0.0,0.0,0.0,0.0,0.0,0.0,0.0,0.0,0.0,0.0,0.0,0.0,0.0,0.0,0.0,0.0,0.0,0.0,0.0,0.0,0.0,0.0,0.0,0.0,0.0,0.0,0.0,0.0,0.0,0.0,0.0,0.0,0.0,0.0,0.0,0.0,0.0,0.0,0.0,0.0,0.0,0.0,0.0,0.0,0.0,0.0,0.0,0.0,0.0,0.0,0.0,0.0,0.0,0.0,0.0,0.0
2008-01,0,0,0,0,0.0,0.0,0.0,0.0,0.0,0.0,0.0,0.0,0.0,0.0,0.0,0.0,0.0,0.0,0.0,0.0,0.0,0.0,0.0,0.0,0.0,0.0,0.0,0.0,0.0,0.0,0.0,0.0,0.0,0.0,0.0,0.0,0.0,0.0,0.0,0.0,0.0,0.0,0.0,0.0,0.0,0.0,0.0,0.0,0.0,0.0,0.0,0.0,0.0,0.0,0.0,0.0,0.0,0.0,0.0,0.0,0.0,0.0,0.0,0.0,0.0,0.0,0.0,0.0,0.0
2008-02,0,0,0,0,0.0,0.0,0.0,0.0,0.0,0.0,0.0,0.0,0.0,0.0,0.0,0.0,0.0,0.0,0.0,0.0,0.0,0.0,0.0,0.0,0.0,0.0,0.0,0.0,0.0,0.0,0.0,0.0,0.0,0.0,0.0,0.0,0.0,0.0,0.0,0.0,0.0,0.0,0.0,0.0,0.0,0.0,0.0,0.0,0.0,0.0,0.0,0.0,0.0,0.0,0.0,0.0,0.0,0.0,0.0,0.0,0.0,0.0,0.0,0.0,0.0,0.0,0.0,0.0,0.0
2008-03,0,0,0,0,0.0,0.0,0.0,0.0,0.0,0.0,0.0,0.0,0.0,0.0,0.0,0.0,0.0,0.0,0.0,0.0,0.0,0.0,0.0,0.0,0.0,0.0,0.0,0.0,0.0,0.0,0.0,0.0,0.0,0.0,0.0,0.0,0.0,0.0,0.0,0.0,0.0,0.0,0.0,0.0,0.0,0.0,0.0,0.0,0.0,0.0,0.0,0.0,0.0,0.0,0.0,0.0,0.0,0.0,0.0,0.0,0.0,0.0,0.0,0.0,0.0,0.0,0.0,0.0,0.0
2008-04,0,0,0,0,0.0,0.0,0.0,0.0,0.0,0.0,0.0,0.0,0.0,0.0,0.0,0.0,0.0,0.0,0.0,0.0,0.0,0.0,0.0,0.0,0.0,0.0,0.0,0.0,0.0,0.0,0.0,0.0,0.0,0.0,0.0,0.0,0.0,0.0,0.0,0.0,0.0,0.0,0.0,0.0,0.0,0.0,0.0,0.0,0.0,0.0,0.0,0.0,0.0,0.0,0.0,0.0,0.0,0.0,0.0,0.0,0.0,0.0,0.0,0.0,0.0,0.0,0.0,0.0,0.0
2008-05,0,0,0,0,0.0,0.0,0.0,0.0,0.0,0.0,0.0,0.0,0.0,0.0,0.0,0.0,0.0,0.0,0.0,0.0,0.0,0.0,0.0,0.0,0.0,0.0,0.0,0.0,0.0,0.0,0.0,0.0,0.0,0.0,0.0,0.0,0.0,0.0,0.0,0.0,0.0,0.0,0.0,0.0,0.0,0.0,0.0,0.0,0.0,0.0,0.0,0.0,0.0,0.0,0.0,0.0,0.0,0.0,0.0,0.0,0.0,0.0,0.0,0.0,0.0,0.0,0.0,0.0,0.0
2008-06,0,0,0,0,0.0,0.0,0.0,0.0,0.0,0.0,0.0,0.0,0.0,0.0,0.0,0.0,0.0,0.0,0.0,0.0,0.0,0.0,0.0,0.0,0.0,0.0,0.0,0.0,0.0,0.0,0.0,0.0,0.0,0.0,0.0,0.0,0.0,0.0,0.0,0.0,0.0,0.0,0.0,0.0,0.0,0.0,0.0,0.0,0.0,0.0,0.0,0.0,0.0,0.0,0.0,0.0,0.0,0.0,0.0,0.0,0.0,0.0,0.0,0.0,0.0,0.0,0.0,0.0,0.0
2008-07,0,0,0,0,0.0,0.0,0.0,0.0,0.0,0.0,0.0,0.0,0.0,0.0,0.0,0.0,0.0,0.0,0.0,0.0,0.0,0.0,0.0,0.0,0.0,0.0,0.0,0.0,0.0,0.0,0.0,0.0,0.0,0.0,0.0,0.0,0.0,0.0,0.0,0.0,0.0,0.0,0.0,0.0,0.0,0.0,0.0,0.0,0.0,0.0,0.0,0.0,0.0,0.0,0.0,0.0,0.0,0.0,0.0,0.0,0.0,0.0,0.0,0.0,0.0,0.0,0.0,0.0,0.0
2008-08,0,0,0,0,0.0,0.0,0.0,0.0,0.0,0.0,0.0,0.0,0.0,0.0,0.0,0.0,0.0,0.0,0.0,0.0,0.0,0.0,0.0,0.0,0.0,0.0,0.0,0.0,0.0,0.0,0.0,0.0,0.0,0.0,0.0,0.0,0.0,0.0,0.0,0.0,0.0,0.0,0.0,0.0,0.0,0.0,0.0,0.0,0.0,0.0,0.0,0.0,0.0,0.0,0.0,0.0,0.0,0.0,0.0,0.0,0.0,0.0,0.0,0.0,0.0,0.0,0.0,0.0,0.0
2008-09,0,0,0,0,0.0,0.0,0.0,0.0,0.0,0.0,0.0,0.0,0.0,0.0,0.0,0.0,0.0,0.0,0.0,0.0,0.0,0.0,0.0,0.0,0.0,0.0,0.0,0.0,0.0,0.0,0.0,0.0,0.0,0.0,0.0,0.0,0.0,0.0,0.0,0.0,0.0,0.0,0.0,0.0,0.0,0.0,0.0,0.0,0.0,0.0,0.0,0.0,0.0,0.0,0.0,0.0,0.0,0.0,0.0,0.0,0.0,0.0,0.0,0.0,0.0,0.0,0.0,0.0,0.0
2008-10,0,0,0,0,0.0,0.0,0.0,0.0,0.0,0.0,0.0,0.0,0.0,0.0,0.0,0.0,0.0,0.0,0.0,0.0,0.0,0.0,0.0,0.0,0.0,0.0,0.0,0.0,0.0,0.0,0.0,0.0,0.0,0.0,0.0,0.0,0.0,0.0,0.0,0.0,0.0,0.0,0.0,0.0,0.0,0.0,0.0,0.0,0.0,0.0,0.0,0.0,0.0,0.0,0.0,0.0,0.0,0.0,0.0,0.0,0.0,0.0,0.0,0.0,0.0,0.0,0.0,0.0,0.0
2008-11,0,0,0,0,0.0,0.0,0.0,0.0,0.0,0.0,0.0,0.0,0.0,0.0,0.0,0.0,0.0,0.0,0.0,0.0,0.0,0.0,0.0,0.0,0.0,0.0,0.0,0.0,0.0,0.0,0.0,0.0,0.0,0.0,0.0,0.0,0.0,0.0,0.0,0.0,0.0,0.0,0.0,0.0,0.0,0.0,0.0,0.0,0.0,0.0,0.0,0.0,0.0,0.0,0.0,0.0,0.0,0.0,0.0,0.0,0.0,0.0,0.0,0.0,0.0,0.0,0.0,0.0,0.0
2008-12,0,0,0,0,0.0,0.0,0.0,0.0,0.0,0.0,0.0,0.0,0.0,0.0,0.0,0.0,0.0,0.0,0.0,0.0,0.0,0.0,0.0,0.0,0.0,0.0,0.0,0.0,0.0,0.0,0.0,0.0,0.0,0.0,0.0,0.0,0.0,0.0,0.0,0.0,0.0,0.0,0.0,0.0,0.0,0.0,0.0,0.0,0.0,0.0,0.0,0.0,0.0,0.0,0.0,0.0,0.0,0.0,0.0,0.0,0.0,0.0,0.0,0.0,0.0,0.0,0.0,0.0,0.0
2009-01,0,0,0,0,0.0,0.0,0.0,0.0,0.0,0.0,0.0,0.0,0.0,0.0,0.0,0.0,0.0,0.0,0.0,0.0,0.0,0.0,0.0,0.0,0.0,0.0,0.0,0.0,0.0,0.0,0.0,0.0,0.0,0.0,0.0,0.0,0.0,0.0,0.0,0.0,0.0,0.0,0.0,0.0,0.0,0.0,0.0,0.0,0.0,0.0,0.0,0.0,0.0,0.0,0.0,0.0,0.0,0.0,0.0,0.0,0.0,0.0,0.0,0.0,0.0,0.0,0.0,0.0,0.0
2009-02,0,0,0,0,0.0,0.0,0.0,0.0,0.0,0.0,0.0,0.0,0.0,0.0,0.0,0.0,0.0,0.0,0.0,0.0,0.0,0.0,0.0,0.0,0.0,0.0,0.0,0.0,0.0,0.0,0.0,0.0,0.0,0.0,0.0,0.0,0.0,0.0,0.0,0.0,0.0,0.0,0.0,0.0,0.0,0.0,0.0,0.0,0.0,0.0,0.0,0.0,0.0,0.0,0.0,0.0,0.0,0.0,0.0,0.0,0.0,0.0,0.0,0.0,0.0,0.0,0.0,0.0,0.0
2009-03,0,0,0,0,0.0,0.0,0.0,0.0,0.0,0.0,0.0,0.0,0.0,0.0,0.0,0.0,0.0,0.0,0.0,0.0,0.0,0.0,0.0,0.0,0.0,0.0,0.0,0.0,0.0,0.0,0.0,0.0,0.0,0.0,0.0,0.0,0.0,0.0,0.0,0.0,0.0,0.0,0.0,0.0,0.0,0.0,0.0,0.0,0.0,0.0,0.0,0.0,0.0,0.0,0.0,0.0,0.0,0.0,0.0,0.0,0.0,0.0,0.0,0.0,0.0,0.0,0.0,0.0,0.0
2009-04,0,0,0,0,0.0,0.0,0.0,0.0,0.0,0.0,0.0,0.0,0.0,0.0,0.0,0.0,0.0,0.0,0.0,0.0,0.0,0.0,0.0,0.0,0.0,0.0,0.0,0.0,0.0,0.0,0.0,0.0,0.0,0.0,0.0,0.0,0.0,0.0,0.0,0.0,0.0,0.0,0.0,0.0,0.0,0.0,0.0,0.0,0.0,0.0,0.0,0.0,0.0,0.0,0.0,0.0,0.0,0.0,0.0,0.0,0.0,0.0,0.0,0.0,0.0,0.0,0.0,0.0,0.0
2009-05,0,0,0,0,0.0,0.0,0.0,0.0,0.0,0.0,0.0,0.0,0.0,0.0,0.0,0.0,0.0,0.0,0.0,0.0,0.0,0.0,0.0,0.0,0.0,0.0,0.0,0.0,0.0,0.0,0.0,0.0,0.0,0.0,0.0,0.0,0.0,0.0,0.0,0.0,0.0,0.0,0.0,0.0,0.0,0.0,0.0,0.0,0.0,0.0,0.0,0.0,0.0,0.0,0.0,0.0,0.0,0.0,0.0,0.0,0.0,0.0,0.0,0.0,0.0,0.0,0.0,0.0,0.0
2009-06,0,0,0,0,0.0,0.0,0.0,0.0,0.0,0.0,0.0,0.0,0.0,0.0,0.0,0.0,0.0,0.0,0.0,0.0,0.0,0.0,0.0,0.0,0.0,0.0,0.0,0.0,0.0,0.0,0.0,0.0,0.0,0.0,0.0,0.0,0.0,0.0,0.0,0.0,0.0,0.0,0.0,0.0,0.0,0.0,0.0,0.0,0.0,0.0,0.0,0.0,0.0,0.0,0.0,0.0,0.0,0.0,0.0,0.0,0.0,0.0,0.0,0.0,0.0,0.0,0.0,0.0,0.0
2009-07,0,0,0,0,0.0,0.0,0.0,0.0,0.0,0.0,0.0,0.0,0.0,0.0,0.0,0.0,0.0,0.0,0.0,0.0,0.0,0.0,0.0,0.0,0.0,0.0,0.0,0.0,0.0,0.0,0.0,0.0,0.0,0.0,0.0,0.0,0.0,0.0,0.0,0.0,0.0,0.0,0.0,0.0,0.0,0.0,0.0,0.0,0.0,0.0,0.0,0.0,0.0,0.0,0.0,0.0,0.0,0.0,0.0,0.0,0.0,0.0,0.0,0.0,0.0,0.0,0.0,0.0,0.0
2009-08,0,0,0,0,0.0,0.0,0.0,0.0,0.0,0.0,0.0,0.0,0.0,0.0,0.0,0.0,0.0,0.0,0.0,0.0,0.0,0.0,0.0,0.0,0.0,0.0,0.0,0.0,0.0,0.0,0.0,0.0,0.0,0.0,0.0,0.0,0.0,0.0,0.0,0.0,0.0,0.0,0.0,0.0,0.0,0.0,0.0,0.0,0.0,0.0,0.0,0.0,0.0,0.0,0.0,0.0,0.0,0.0,0.0,0.0,0.0,0.0,0.0,0.0,0.0,0.0,0.0,0.0,0.0
2009-09,0,0,0,0,0.0,0.0,0.0,0.0,0.0,0.0,0.0,0.0,0.0,0.0,0.0,0.0,0.0,0.0,0.0,0.0,0.0,0.0,0.0,0.0,0.0,0.0,0.0,0.0,0.0,0.0,0.0,0.0,0.0,0.0,0.0,0.0,0.0,0.0,0.0,0.0,0.0,0.0,0.0,0.0,0.0,0.0,0.0,0.0,0.0,0.0,0.0,0.0,0.0,0.0,0.0,0.0,0.0,0.0,0.0,0.0,0.0,0.0,0.0,0.0,0.0,0.0,0.0,0.0,0.0
2009-10,0,0,0,0,0.0,0.0,0.0,0.0,0.0,0.0,0.0,0.0,0.0,0.0,0.0,0.0,0.0,0.0,0.0,0.0,0.0,0.0,0.0,0.0,0.0,0.0,0.0,0.0,0.0,0.0,0.0,0.0,0.0,0.0,0.0,0.0,0.0,0.0,0.0,0.0,0.0,0.0,0.0,0.0,0.0,0.0,0.0,0.0,0.0,0.0,0.0,0.0,0.0,0.0,0.0,0.0,0.0,0.0,0.0,0.0,0.0,0.0,0.0,0.0,0.0,0.0,0.0,0.0,0.0
2009-11,0,0,0,0,0.0,0.0,0.0,0.0,0.0,0.0,0.0,0.0,0.0,0.0,0.0,0.0,0.0,0.0,0.0,0.0,0.0,0.0,0.0,0.0,0.0,0.0,0.0,0.0,0.0,0.0,0.0,0.0,0.0,0.0,0.0,0.0,0.0,0.0,0.0,0.0,0.0,0.0,0.0,0.0,0.0,0.0,0.0,0.0,0.0,0.0,0.0,0.0,0.0,0.0,0.0,0.0,0.0,0.0,0.0,0.0,0.0,0.0,0.0,0.0,0.0,0.0,0.0,0.0,0.0
2009-12,0,0,0,0,0.0,0.0,0.0,0.0,0.0,0.0,0.0,0.0,0.0,0.0,0.0,0.0,0.0,0.0,0.0,0.0,0.0,0.0,0.0,0.0,0.0,0.0,0.0,0.0,0.0,0.0,0.0,0.0,0.0,0.0,0.0,0.0,0.0,0.0,0.0,0.0,0.0,0.0,0.0,0.0,0.0,0.0,0.0,0.0,0.0,0.0,0.0,0.0,0.0,0.0,0.0,0.0,0.0,0.0,0.0,0.0,0.0,0.0,0.0,0.0,0.0,0.0,0.0,0.0,0.0
2010-01,0,0,0,0,0.0,0.0,0.0,0.0,0.0,0.0,0.0,0.0,0.0,0.0,0.0,0.0,0.0,0.0,0.0,0.0,0.0,0.0,0.0,0.0,0.0,0.0,0.0,0.0,0.0,0.0,0.0,0.0,0.0,0.0,0.0,0.0,0.0,0.0,0.0,0.0,0.0,0.0,0.0,0.0,0.0,0.0,0.0,0.0,0.0,0.0,0.0,0.0,0.0,0.0,0.0,0.0,0.0,0.0,0.0,0.0,0.0,0.0,0.0,0.0,0.0,0.0,0.0,0.0,0.0
2010-02,0,0,0,0,0.0,0.0,0.0,0.0,0.0,0.0,0.0,0.0,0.0,0.0,0.0,0.0,0.0,0.0,0.0,0.0,0.0,0.0,0.0,0.0,0.0,0.0,0.0,0.0,0.0,0.0,0.0,0.0,0.0,0.0,0.0,0.0,0.0,0.0,0.0,0.0,0.0,0.0,0.0,0.0,0.0,0.0,0.0,0.0,0.0,0.0,0.0,0.0,0.0,0.0,0.0,0.0,0.0,0.0,0.0,0.0,0.0,0.0,0.0,0.0,0.0,0.0,0.0,0.0,0.0
2010-03,0,0,0,0,0.0,0.0,0.0,0.0,0.0,0.0,0.0,0.0,0.0,0.0,0.0,0.0,0.0,0.0,0.0,0.0,0.0,0.0,0.0,0.0,0.0,0.0,0.0,0.0,0.0,0.0,0.0,0.0,0.0,0.0,0.0,0.0,0.0,0.0,0.0,0.0,0.0,0.0,0.0,0.0,0.0,0.0,0.0,0.0,0.0,0.0,0.0,0.0,0.0,0.0,0.0,0.0,0.0,0.0,0.0,0.0,0.0,0.0,0.0,0.0,0.0,0.0,0.0,0.0,0.0
2010-04,0,0,0,0,0.0,0.0,0.0,0.0,0.0,0.0,0.0,0.0,0.0,0.0,0.0,0.0,0.0,0.0,0.0,0.0,0.0,0.0,0.0,0.0,0.0,0.0,0.0,0.0,0.0,0.0,0.0,0.0,0.0,0.0,0.0,0.0,0.0,0.0,0.0,0.0,0.0,0.0,0.0,0.0,0.0,0.0,0.0,0.0,0.0,0.0,0.0,0.0,0.0,0.0,0.0,0.0,0.0,0.0,0.0,0.0,0.0,0.0,0.0,0.0,0.0,0.0,0.0,0.0,0.0
2010-05,0,0,0,0,0.0,0.0,0.0,0.0,0.0,0.0,0.0,0.0,0.0,0.0,0.0,0.0,0.0,0.0,0.0,0.0,0.0,0.0,0.0,0.0,0.0,0.0,0.0,0.0,0.0,0.0,0.0,0.0,0.0,0.0,0.0,0.0,0.0,0.0,0.0,0.0,0.0,0.0,0.0,0.0,0.0,0.0,0.0,0.0,0.0,0.0,0.0,0.0,0.0,0.0,0.0,0.0,0.0,0.0,0.0,0.0,0.0,0.0,0.0,0.0,0.0,0.0,0.0,0.0,0.0
2010-06,0,0,0,0,0.0,0.0,0.0,0.0,0.0,0.0,0.0,0.0,0.0,0.0,0.0,0.0,0.0,0.0,0.0,0.0,0.0,0.0,0.0,0.0,0.0,0.0,0.0,0.0,0.0,0.0,0.0,0.0,0.0,0.0,0.0,0.0,0.0,0.0,0.0,0.0,0.0,0.0,0.0,0.0,0.0,0.0,0.0,0.0,0.0,0.0,0.0,0.0,0.0,0.0,0.0,0.0,0.0,0.0,0.0,0.0,0.0,0.0,0.0,0.0,0.0,0.0,0.0,0.0,0.0
2010-07,0,0,0,0,0.0,0.0,0.0,0.0,0.0,0.0,0.0,0.0,0.0,0.0,0.0,0.0,0.0,0.0,0.0,0.0,0.0,0.0,0.0,0.0,0.0,0.0,0.0,0.0,0.0,0.0,0.0,0.0,0.0,0.0,0.0,0.0,0.0,0.0,0.0,0.0,0.0,0.0,0.0,0.0,0.0,0.0,0.0,0.0,0.0,0.0,0.0,0.0,0.0,0.0,0.0,0.0,0.0,0.0,0.0,0.0,0.0,0.0,0.0,0.0,0.0,0.0,0.0,0.0,0.0
2010-08,0,0,0,0,0.0,0.0,0.0,0.0,0.0,0.0,0.0,0.0,0.0,0.0,0.0,0.0,0.0,0.0,0.0,0.0,0.0,0.0,0.0,0.0,0.0,0.0,0.0,0.0,0.0,0.0,0.0,0.0,0.0,0.0,0.0,0.0,0.0,0.0,0.0,0.0,0.0,0.0,0.0,0.0,0.0,0.0,0.0,0.0,0.0,0.0,0.0,0.0,0.0,0.0,0.0,0.0,0.0,0.0,0.0,0.0,0.0,0.0,0.0,0.0,0.0,0.0,0.0,0.0,0.0
2010-09,0,0,0,0,0.0,0.0,0.0,0.0,0.0,0.0,0.0,0.0,0.0,0.0,0.0,0.0,0.0,0.0,0.0,0.0,0.0,0.0,0.0,0.0,0.0,0.0,0.0,0.0,0.0,0.0,0.0,0.0,0.0,0.0,0.0,0.0,0.0,0.0,0.0,0.0,0.0,0.0,0.0,0.0,0.0,0.0,0.0,0.0,0.0,0.0,0.0,0.0,0.0,0.0,0.0,0.0,0.0,0.0,0.0,0.0,0.0,0.0,0.0,0.0,0.0,0.0,0.0,0.0,0.0
2010-10,0,0,0,0,0.0,0.0,0.0,0.0,0.0,0.0,0.0,0.0,0.0,0.0,0.0,0.0,0.0,0.0,0.0,0.0,0.0,0.0,0.0,0.0,0.0,0.0,0.0,0.0,0.0,0.0,0.0,0.0,0.0,0.0,0.0,0.0,0.0,0.0,0.0,0.0,0.0,0.0,0.0,0.0,0.0,0.0,0.0,0.0,0.0,0.0,0.0,0.0,0.0,0.0,0.0,0.0,0.0,0.0,0.0,0.0,0.0,0.0,0.0,0.0,0.0,0.0,0.0,0.0,0.0
2010-11,0,0,0,0,0.0,0.0,0.0,0.0,0.0,0.0,0.0,0.0,0.0,0.0,0.0,0.0,0.0,0.0,0.0,0.0,0.0,0.0,0.0,0.0,0.0,0.0,0.0,0.0,0.0,0.0,0.0,0.0,0.0,0.0,0.0,0.0,0.0,0.0,0.0,0.0,0.0,0.0,0.0,0.0,0.0,0.0,0.0,0.0,0.0,0.0,0.0,0.0,0.0,0.0,0.0,0.0,0.0,0.0,0.0,0.0,0.0,0.0,0.0,0.0,0.0,0.0,0.0,0.0,0.0
2010-12,0,0,0,0,0.0,0.0,0.0,0.0,0.0,0.0,0.0,0.0,0.0,0.0,0.0,0.0,0.0,0.0,0.0,0.0,0.0,0.0,0.0,0.0,0.0,0.0,0.0,0.0,0.0,0.0,0.0,0.0,0.0,0.0,0.0,0.0,0.0,0.0,0.0,0.0,0.0,0.0,0.0,0.0,0.0,0.0,0.0,0.0,0.0,0.0,0.0,0.0,0.0,0.0,0.0,0.0,0.0,0.0,0.0,0.0,0.0,0.0,0.0,0.0,0.0,0.0,0.0,0.0,0.0
2011-01,0,0,0,0,0.0,0.0,0.0,0.0,0.0,0.0,0.0,0.0,0.0,0.0,0.0,0.0,0.0,0.0,0.0,0.0,0.0,0.0,0.0,0.0,0.0,0.0,0.0,0.0,0.0,0.0,0.0,0.0,0.0,0.0,0.0,0.0,0.0,0.0,0.0,0.0,0.0,0.0,0.0,0.0,0.0,0.0,0.0,0.0,0.0,0.0,0.0,0.0,0.0,0.0,0.0,0.0,0.0,0.0,0.0,0.0,0.0,0.0,0.0,0.0,0.0,0.0,0.0,0.0,0.0
2011-02,0,0,0,0,0.0,0.0,0.0,0.0,0.0,0.0,0.0,0.0,0.0,0.0,0.0,0.0,0.0,0.0,0.0,0.0,0.0,0.0,0.0,0.0,0.0,0.0,0.0,0.0,0.0,0.0,0.0,0.0,0.0,0.0,0.0,0.0,0.0,0.0,0.0,0.0,0.0,0.0,0.0,0.0,0.0,0.0,0.0,0.0,0.0,0.0,0.0,0.0,0.0,0.0,0.0,0.0,0.0,0.0,49227910.42471043,0.0,0.0,0.0,0.0,0.0,0.0,0.0,0.0,0.0,0.0
2011-03,0,0,0,0,0.0,0.0,0.0,0.0,0.0,0.0,0.0,0.0,0.0,0.0,0.0,0.0,0.0,0.0,0.0,0.0,0.0,0.0,0.0,0.0,0.0,0.0,0.0,0.0,0.0,0.0,0.0,0.0,0.0,0.0,0.0,0.0,0.0,0.0,0.0,0.0,0.0,0.0,0.0,0.0,0.0,0.0,0.0,0.0,0.0,0.0,0.0,0.0,0.0,0.0,0.0,0.0,0.0,0.0,0.0,0.0,0.0,0.0,0.0,0.0,0.0,0.0,0.0,0.0,0.0
2011-04,0,0,0,0,0.0,0.0,0.0,0.0,0.0,0.0,0.0,0.0,0.0,0.0,0.0,0.0,0.0,0.0,0.0,0.0,0.0,0.0,0.0,0.0,0.0,0.0,0.0,0.0,0.0,0.0,0.0,0.0,0.0,0.0,0.0,0.0,0.0,0.0,0.0,0.0,0.0,0.0,0.0,0.0,0.0,0.0,0.0,0.0,0.0,0.0,0.0,0.0,0.0,0.0,0.0,0.0,0.0,0.0,0.0,0.0,0.0,0.0,0.0,0.0,0.0,0.0,0.0,0.0,0.0
2011-05,0,0,0,0,0.0,0.0,0.0,0.0,0.0,0.0,0.0,0.0,0.0,0.0,0.0,0.0,0.0,0.0,0.0,0.0,0.0,0.0,0.0,0.0,0.0,0.0,0.0,0.0,0.0,0.0,0.0,0.0,0.0,0.0,0.0,0.0,0.0,0.0,0.0,0.0,0.0,2490240.0,0.0,0.0,0.0,0.0,0.0,0.0,0.0,0.0,0.0,0.0,0.0,0.0,0.0,0.0,0.0,0.0,0.0,0.0,0.0,0.0,0.0,0.0,0.0,0.0,0.0,0.0,0.0
2011-06,0,0,0,0,0.0,0.0,0.0,0.0,0.0,0.0,0.0,0.0,0.0,0.0,0.0,0.0,0.0,0.0,0.0,0.0,0.0,0.0,0.0,0.0,0.0,0.0,0.0,0.0,0.0,0.0,0.0,0.0,0.0,0.0,0.0,0.0,0.0,0.0,0.0,0.0,0.0,0.0,0.0,0.0,0.0,0.0,0.0,0.0,0.0,0.0,0.0,0.0,0.0,0.0,0.0,0.0,0.0,0.0,0.0,0.0,0.0,0.0,0.0,0.0,0.0,0.0,0.0,0.0,0.0
2011-07,0,0,0,0,0.0,0.0,0.0,0.0,0.0,0.0,0.0,0.0,0.0,0.0,0.0,0.0,0.0,0.0,0.0,0.0,0.0,0.0,0.0,0.0,0.0,0.0,0.0,0.0,0.0,0.0,0.0,0.0,0.0,0.0,0.0,0.0,0.0,0.0,0.0,0.0,0.0,0.0,0.0,0.0,0.0,0.0,0.0,0.0,0.0,0.0,0.0,0.0,0.0,0.0,0.0,0.0,0.0,0.0,0.0,0.0,0.0,0.0,0.0,0.0,0.0,0.0,0.0,0.0,0.0
2011-08,0,0,0,0,0.0,0.0,0.0,0.0,0.0,0.0,0.0,0.0,0.0,0.0,0.0,0.0,0.0,0.0,0.0,0.0,0.0,0.0,0.0,0.0,0.0,0.0,0.0,0.0,0.0,0.0,0.0,0.0,0.0,0.0,0.0,0.0,0.0,0.0,0.0,0.0,0.0,0.0,0.0,0.0,0.0,0.0,0.0,0.0,0.0,0.0,0.0,0.0,0.0,0.0,0.0,0.0,0.0,0.0,0.0,0.0,0.0,0.0,0.0,0.0,0.0,0.0,0.0,0.0,44619523.35958005
2011-09,0,0,0,0,0.0,0.0,0.0,0.0,0.0,0.0,0.0,0.0,0.0,0.0,0.0,0.0,0.0,0.0,0.0,0.0,0.0,0.0,0.0,0.0,0.0,0.0,0.0,0.0,0.0,0.0,0.0,0.0,0.0,0.0,0.0,0.0,0.0,0.0,0.0,0.0,0.0,0.0,0.0,0.0,0.0,0.0,0.0,0.0,0.0,0.0,0.0,0.0,0.0,0.0,0.0,0.0,0.0,0.0,0.0,0.0,0.0,0.0,0.0,0.0,0.0,0.0,0.0,0.0,0.0
2011-10,0,0,0,0,0.0,0.0,0.0,0.0,0.0,0.0,0.0,0.0,0.0,0.0,0.0,0.0,0.0,0.0,0.0,0.0,0.0,0.0,0.0,0.0,0.0,0.0,0.0,0.0,0.0,0.0,0.0,0.0,0.0,0.0,0.0,0.0,0.0,0.0,0.0,0.0,0.0,0.0,0.0,0.0,0.0,0.0,0.0,0.0,0.0,0.0,0.0,0.0,0.0,0.0,0.0,0.0,0.0,0.0,0.0,0.0,0.0,0.0,0.0,0.0,0.0,0.0,0.0,0.0,0.0
2011-11,0,0,0,0,0.0,0.0,0.0,0.0,0.0,0.0,0.0,0.0,0.0,0.0,0.0,0.0,0.0,0.0,0.0,8743.820224719102,0.0,0.0,0.0,0.0,0.0,0.0,0.0,0.0,0.0,0.0,0.0,0.0,0.0,0.0,0.0,0.0,0.0,0.0,0.0,0.0,0.0,0.0,0.0,0.0,0.0,0.0,0.0,0.0,0.0,0.0,0.0,0.0,0.0,0.0,0.0,0.0,0.0,8368744.7722007735,0.0,0.0,0.0,0.0,0.0,0.0,0.0,0.0,0.0,0.0,0.0
2011-12,0,0,0,0,0.0,0.0,0.0,0.0,0.0,0.0,0.0,0.0,0.0,0.0,0.0,0.0,0.0,0.0,0.0,0.0,0.0,0.0,0.0,0.0,0.0,0.0,0.0,0.0,0.0,0.0,0.0,0.0,0.0,0.0,0.0,0.0,0.0,0.0,0.0,0.0,0.0,0.0,0.0,0.0,0.0,0.0,0.0,0.0,0.0,0.0,0.0,0.0,0.0,0.0,0.0,0.0,0.0,0.0,0.0,0.0,0.0,0.0,0.0,0.0,0.0,0.0,0.0,0.0,0.0
2012-01,0,0,0,0,0.0,0.0,0.0,0.0,0.0,0.0,0.0,0.0,0.0,0.0,0.0,0.0,0.0,0.0,0.0,0.0,0.0,0.0,0.0,0.0,0.0,0.0,0.0,0.0,0.0,0.0,0.0,0.0,0.0,0.0,0.0,0.0,0.0,0.0,0.0,0.0,0.0,0.0,0.0,0.0,0.0,0.0,715971.9676549864,0.0,0.0,0.0,0.0,0.0,0.0,0.0,0.0,0.0,0.0,0.0,0.0,0.0,0.0,0.0,0.0,0.0,0.0,0.0,0.0,0.0,0.0
2012-02,0,0,0,0,0.0,0.0,0.0,0.0,0.0,0.0,0.0,0.0,0.0,0.0,0.0,0.0,0.0,0.0,0.0,0.0,0.0,0.0,0.0,0.0,0.0,0.0,0.0,0.0,0.0,0.0,0.0,0.0,0.0,0.0,0.0,0.0,0.0,0.0,0.0,0.0,0.0,0.0,0.0,0.0,0.0,0.0,0.0,0.0,0.0,0.0,0.0,0.0,0.0,0.0,0.0,0.0,0.0,0.0,0.0,0.0,0.0,0.0,0.0,0.0,0.0,0.0,0.0,0.0,0.0
2012-03,0,0,0,0,0.0,0.0,0.0,0.0,0.0,0.0,0.0,0.0,0.0,0.0,0.0,0.0,0.0,0.0,0.0,0.0,0.0,0.0,0.0,0.0,0.0,0.0,0.0,0.0,0.0,0.0,0.0,0.0,0.0,0.0,0.0,0.0,0.0,0.0,0.0,0.0,0.0,0.0,0.0,0.0,0.0,0.0,0.0,0.0,0.0,0.0,0.0,0.0,0.0,0.0,0.0,0.0,0.0,0.0,0.0,0.0,0.0,0.0,0.0,0.0,0.0,0.0,0.0,0.0,0.0
2012-04,0,0,0,0,0.0,0.0,0.0,0.0,0.0,0.0,0.0,0.0,0.0,0.0,0.0,0.0,0.0,0.0,0.0,0.0,0.0,0.0,0.0,0.0,0.0,0.0,0.0,0.0,0.0,0.0,0.0,0.0,0.0,0.0,0.0,0.0,0.0,0.0,0.0,0.0,0.0,0.0,0.0,0.0,0.0,0.0,0.0,0.0,0.0,0.0,0.0,0.0,0.0,0.0,0.0,0.0,0.0,0.0,0.0,0.0,0.0,0.0,0.0,0.0,0.0,0.0,0.0,0.0,0.0
2012-05,0,0,0,0,0.0,0.0,0.0,0.0,0.0,0.0,0.0,0.0,0.0,0.0,0.0,0.0,0.0,0.0,0.0,0.0,0.0,0.0,0.0,0.0,0.0,0.0,0.0,0.0,0.0,0.0,0.0,0.0,0.0,0.0,0.0,0.0,0.0,0.0,0.0,0.0,0.0,0.0,0.0,0.0,0.0,0.0,0.0,0.0,0.0,0.0,0.0,0.0,0.0,0.0,0.0,0.0,0.0,0.0,0.0,0.0,0.0,0.0,0.0,0.0,0.0,0.0,0.0,0.0,0.0
2012-06,0,0,0,0,0.0,0.0,0.0,0.0,0.0,0.0,0.0,0.0,0.0,0.0,0.0,0.0,0.0,0.0,0.0,0.0,0.0,0.0,0.0,0.0,0.0,0.0,0.0,0.0,0.0,0.0,0.0,0.0,0.0,0.0,0.0,0.0,0.0,0.0,0.0,0.0,0.0,0.0,0.0,0.0,0.0,0.0,0.0,0.0,0.0,0.0,0.0,0.0,0.0,0.0,0.0,0.0,0.0,0.0,0.0,0.0,0.0,0.0,0.0,0.0,0.0,0.0,0.0,0.0,0.0
2012-07,0,0,0,0,0.0,0.0,0.0,0.0,0.0,0.0,0.0,0.0,0.0,0.0,0.0,0.0,0.0,0.0,0.0,0.0,0.0,0.0,0.0,0.0,0.0,0.0,0.0,0.0,0.0,0.0,0.0,0.0,0.0,0.0,0.0,0.0,0.0,0.0,0.0,0.0,0.0,0.0,0.0,0.0,0.0,0.0,0.0,0.0,0.0,0.0,0.0,0.0,0.0,0.0,0.0,0.0,0.0,0.0,0.0,0.0,0.0,0.0,0.0,0.0,0.0,0.0,0.0,0.0,0.0
2012-08,0,0,0,0,0.0,0.0,0.0,0.0,0.0,0.0,0.0,0.0,0.0,0.0,0.0,0.0,0.0,0.0,0.0,0.0,0.0,0.0,0.0,0.0,0.0,0.0,0.0,0.0,0.0,0.0,0.0,0.0,0.0,0.0,0.0,0.0,0.0,0.0,0.0,0.0,0.0,0.0,0.0,0.0,0.0,0.0,0.0,0.0,0.0,0.0,0.0,0.0,0.0,0.0,0.0,0.0,0.0,0.0,0.0,0.0,0.0,0.0,0.0,0.0,0.0,0.0,0.0,0.0,0.0
2012-09,0,0,0,0,0.0,0.0,0.0,0.0,0.0,0.0,0.0,0.0,0.0,0.0,0.0,0.0,0.0,0.0,0.0,0.0,0.0,0.0,0.0,0.0,0.0,0.0,0.0,0.0,0.0,0.0,0.0,0.0,0.0,0.0,0.0,0.0,0.0,0.0,0.0,0.0,0.0,0.0,0.0,0.0,0.0,0.0,0.0,0.0,0.0,0.0,0.0,0.0,0.0,0.0,0.0,0.0,0.0,0.0,0.0,0.0,0.0,0.0,0.0,0.0,0.0,0.0,0.0,0.0,0.0
2012-10,0,0,0,0,0.0,0.0,0.0,0.0,0.0,0.0,0.0,0.0,0.0,0.0,0.0,0.0,0.0,0.0,0.0,0.0,0.0,0.0,0.0,0.0,0.0,0.0,0.0,0.0,0.0,0.0,0.0,0.0,0.0,0.0,0.0,0.0,0.0,0.0,0.0,0.0,0.0,0.0,0.0,0.0,0.0,0.0,0.0,0.0,0.0,0.0,0.0,0.0,0.0,0.0,0.0,0.0,0.0,0.0,0.0,0.0,0.0,0.0,0.0,0.0,0.0,0.0,0.0,0.0,0.0
2012-11,0,0,0,0,0.0,0.0,0.0,0.0,0.0,0.0,0.0,0.0,0.0,0.0,0.0,0.0,0.0,0.0,0.0,0.0,0.0,0.0,0.0,0.0,0.0,0.0,0.0,0.0,0.0,0.0,0.0,0.0,0.0,0.0,0.0,0.0,0.0,0.0,0.0,0.0,0.0,0.0,0.0,0.0,0.0,0.0,0.0,0.0,0.0,0.0,0.0,0.0,0.0,0.0,0.0,0.0,0.0,0.0,0.0,0.0,0.0,0.0,0.0,0.0,0.0,0.0,0.0,0.0,0.0
2012-12,0,0,0,0,0.0,0.0,0.0,0.0,0.0,0.0,0.0,0.0,0.0,0.0,0.0,0.0,0.0,0.0,0.0,0.0,0.0,0.0,0.0,0.0,0.0,0.0,0.0,0.0,0.0,0.0,0.0,0.0,0.0,0.0,0.0,0.0,0.0,0.0,0.0,0.0,0.0,0.0,0.0,0.0,0.0,0.0,0.0,0.0,0.0,0.0,0.0,0.0,0.0,0.0,0.0,0.0,0.0,0.0,0.0,0.0,0.0,0.0,0.0,0.0,0.0,0.0,0.0,0.0,0.0
2013-01,0,0,0,0,0.0,0.0,0.0,0.0,0.0,0.0,0.0,0.0,0.0,0.0,0.0,0.0,0.0,0.0,0.0,0.0,0.0,0.0,0.0,0.0,0.0,0.0,0.0,0.0,0.0,0.0,0.0,0.0,0.0,0.0,0.0,0.0,0.0,0.0,0.0,0.0,0.0,0.0,0.0,0.0,0.0,0.0,0.0,0.0,0.0,0.0,0.0,0.0,0.0,0.0,0.0,0.0,0.0,0.0,0.0,0.0,0.0,0.0,0.0,0.0,0.0,0.0,0.0,0.0,0.0
2013-02,0,0,0,0,0.0,0.0,0.0,0.0,0.0,0.0,0.0,0.0,0.0,0.0,0.0,0.0,0.0,0.0,0.0,0.0,0.0,0.0,0.0,0.0,0.0,0.0,0.0,0.0,0.0,0.0,0.0,0.0,0.0,0.0,0.0,0.0,0.0,0.0,0.0,0.0,0.0,0.0,0.0,0.0,0.0,0.0,0.0,0.0,0.0,0.0,0.0,0.0,0.0,0.0,0.0,0.0,0.0,0.0,0.0,0.0,0.0,0.0,0.0,0.0,0.0,0.0,0.0,0.0,0.0
2013-03,0,0,0,0,0.0,0.0,0.0,0.0,0.0,0.0,0.0,0.0,0.0,0.0,0.0,0.0,0.0,0.0,0.0,0.0,0.0,0.0,0.0,0.0,0.0,0.0,0.0,0.0,0.0,0.0,0.0,0.0,0.0,0.0,0.0,0.0,0.0,0.0,0.0,0.0,0.0,0.0,0.0,0.0,0.0,0.0,0.0,0.0,0.0,0.0,0.0,0.0,0.0,0.0,0.0,0.0,0.0,0.0,0.0,0.0,0.0,0.0,0.0,0.0,0.0,0.0,0.0,0.0,0.0
2013-04,0,0,0,0,0.0,0.0,0.0,0.0,0.0,0.0,0.0,0.0,0.0,0.0,0.0,0.0,0.0,0.0,0.0,0.0,0.0,0.0,0.0,0.0,0.0,0.0,0.0,0.0,0.0,0.0,0.0,0.0,0.0,0.0,0.0,0.0,0.0,0.0,0.0,0.0,0.0,0.0,0.0,0.0,0.0,0.0,0.0,0.0,0.0,0.0,0.0,0.0,0.0,0.0,0.0,0.0,0.0,0.0,0.0,0.0,0.0,0.0,0.0,0.0,0.0,0.0,0.0,0.0,0.0
2013-05,0,0,0,0,0.0,0.0,0.0,0.0,0.0,0.0,0.0,0.0,0.0,0.0,0.0,0.0,0.0,0.0,0.0,0.0,0.0,0.0,0.0,0.0,0.0,0.0,0.0,0.0,0.0,0.0,0.0,0.0,0.0,0.0,0.0,0.0,0.0,0.0,0.0,0.0,0.0,0.0,0.0,0.0,0.0,0.0,0.0,0.0,0.0,0.0,0.0,0.0,0.0,0.0,0.0,0.0,0.0,0.0,0.0,0.0,0.0,0.0,0.0,0.0,0.0,0.0,0.0,0.0,0.0
2013-06,0,0,0,0,0.0,0.0,0.0,0.0,0.0,0.0,0.0,0.0,0.0,0.0,0.0,0.0,0.0,0.0,0.0,0.0,0.0,0.0,0.0,0.0,0.0,0.0,0.0,0.0,0.0,0.0,0.0,0.0,0.0,0.0,0.0,0.0,0.0,0.0,0.0,0.0,0.0,0.0,0.0,0.0,0.0,0.0,0.0,0.0,0.0,0.0,0.0,0.0,0.0,0.0,0.0,0.0,0.0,0.0,0.0,0.0,0.0,0.0,0.0,0.0,0.0,0.0,0.0,0.0,0.0
2013-07,0,0,0,0,0.0,0.0,0.0,0.0,0.0,0.0,0.0,0.0,0.0,0.0,0.0,0.0,0.0,0.0,0.0,0.0,0.0,0.0,0.0,0.0,0.0,0.0,0.0,0.0,0.0,0.0,0.0,0.0,0.0,0.0,0.0,0.0,0.0,0.0,0.0,0.0,0.0,0.0,0.0,0.0,0.0,0.0,0.0,0.0,0.0,0.0,0.0,0.0,0.0,0.0,0.0,0.0,0.0,0.0,0.0,0.0,0.0,0.0,0.0,0.0,0.0,0.0,0.0,0.0,0.0
2013-08,0,0,0,0,0.0,0.0,0.0,0.0,0.0,0.0,0.0,0.0,0.0,0.0,0.0,0.0,0.0,0.0,0.0,0.0,0.0,0.0,0.0,0.0,0.0,0.0,0.0,0.0,0.0,0.0,0.0,0.0,0.0,0.0,0.0,0.0,0.0,0.0,0.0,0.0,0.0,0.0,0.0,0.0,0.0,0.0,0.0,0.0,0.0,0.0,0.0,0.0,0.0,0.0,0.0,0.0,0.0,0.0,0.0,0.0,0.0,0.0,0.0,0.0,0.0,0.0,0.0,0.0,0.0
2013-09,0,0,0,0,0.0,0.0,0.0,0.0,0.0,0.0,0.0,0.0,0.0,0.0,0.0,0.0,0.0,0.0,0.0,0.0,0.0,0.0,0.0,0.0,0.0,0.0,0.0,0.0,0.0,0.0,0.0,0.0,0.0,0.0,0.0,0.0,0.0,0.0,0.0,0.0,0.0,0.0,0.0,0.0,0.0,0.0,0.0,0.0,0.0,0.0,0.0,0.0,0.0,0.0,0.0,0.0,0.0,0.0,0.0,0.0,0.0,0.0,0.0,0.0,0.0,0.0,0.0,0.0,0.0
2013-10,0,0,0,0,0.0,0.0,0.0,0.0,0.0,0.0,0.0,0.0,0.0,0.0,0.0,0.0,0.0,0.0,0.0,0.0,0.0,0.0,0.0,0.0,0.0,0.0,0.0,0.0,0.0,0.0,0.0,0.0,0.0,0.0,0.0,0.0,0.0,0.0,0.0,0.0,0.0,0.0,0.0,0.0,0.0,0.0,0.0,0.0,0.0,0.0,0.0,0.0,0.0,0.0,0.0,0.0,0.0,0.0,0.0,0.0,0.0,0.0,0.0,0.0,0.0,0.0,0.0,0.0,0.0
2013-11,0,0,0,0,0.0,0.0,0.0,0.0,0.0,0.0,0.0,0.0,0.0,0.0,0.0,0.0,0.0,0.0,0.0,0.0,0.0,0.0,0.0,0.0,0.0,0.0,0.0,0.0,0.0,0.0,0.0,0.0,0.0,0.0,0.0,0.0,0.0,0.0,0.0,0.0,0.0,0.0,0.0,0.0,0.0,0.0,0.0,0.0,0.0,0.0,0.0,0.0,0.0,0.0,0.0,0.0,0.0,0.0,0.0,0.0,0.0,0.0,0.0,0.0,0.0,0.0,0.0,0.0,0.0
2013-12,0,0,0,0,0.0,0.0,0.0,0.0,0.0,0.0,0.0,0.0,0.0,0.0,0.0,0.0,0.0,0.0,0.0,0.0,0.0,0.0,0.0,0.0,0.0,0.0,0.0,0.0,0.0,0.0,0.0,0.0,0.0,0.0,0.0,0.0,0.0,0.0,0.0,0.0,0.0,0.0,0.0,0.0,0.0,0.0,0.0,0.0,0.0,0.0,0.0,0.0,0.0,0.0,0.0,0.0,0.0,0.0,0.0,0.0,0.0,0.0,0.0,0.0,0.0,0.0,0.0,0.0,0.0
2014-01,0,0,0,0,0.0,0.0,0.0,0.0,0.0,0.0,0.0,0.0,0.0,0.0,0.0,0.0,0.0,0.0,0.0,0.0,0.0,0.0,0.0,0.0,0.0,0.0,0.0,0.0,0.0,0.0,0.0,0.0,0.0,0.0,0.0,0.0,0.0,0.0,0.0,0.0,0.0,0.0,0.0,0.0,0.0,0.0,0.0,0.0,0.0,0.0,0.0,0.0,0.0,0.0,0.0,0.0,0.0,0.0,0.0,0.0,0.0,0.0,0.0,0.0,0.0,0.0,0.0,0.0,0.0
2014-02,0,0,0,0,0.0,0.0,0.0,0.0,0.0,0.0,0.0,0.0,0.0,0.0,0.0,0.0,0.0,0.0,0.0,0.0,0.0,0.0,0.0,0.0,0.0,0.0,0.0,0.0,0.0,0.0,0.0,0.0,0.0,0.0,0.0,0.0,0.0,0.0,0.0,0.0,0.0,0.0,0.0,0.0,0.0,0.0,0.0,0.0,0.0,0.0,0.0,0.0,0.0,0.0,0.0,0.0,0.0,0.0,0.0,0.0,0.0,0.0,0.0,0.0,0.0,0.0,0.0,0.0,0.0
2014-03,0,0,0,0,0.0,0.0,0.0,0.0,0.0,0.0,0.0,0.0,0.0,0.0,0.0,0.0,0.0,0.0,0.0,0.0,0.0,0.0,0.0,0.0,0.0,0.0,0.0,0.0,0.0,0.0,0.0,0.0,0.0,0.0,0.0,0.0,0.0,0.0,0.0,0.0,0.0,0.0,0.0,0.0,0.0,0.0,0.0,0.0,0.0,0.0,0.0,0.0,0.0,0.0,0.0,0.0,0.0,0.0,0.0,0.0,0.0,0.0,0.0,0.0,0.0,0.0,0.0,0.0,0.0
2014-04,0,0,0,0,0.0,0.0,0.0,0.0,0.0,0.0,0.0,0.0,0.0,0.0,0.0,0.0,0.0,0.0,0.0,0.0,0.0,0.0,0.0,0.0,0.0,0.0,0.0,0.0,0.0,0.0,0.0,0.0,0.0,0.0,0.0,0.0,0.0,0.0,0.0,0.0,0.0,0.0,0.0,0.0,0.0,0.0,0.0,0.0,0.0,0.0,0.0,0.0,0.0,0.0,0.0,0.0,0.0,0.0,0.0,0.0,0.0,0.0,0.0,0.0,0.0,0.0,0.0,0.0,0.0
2014-05,0,0,0,0,0.0,0.0,0.0,0.0,0.0,0.0,0.0,0.0,0.0,0.0,0.0,0.0,0.0,0.0,0.0,0.0,0.0,0.0,0.0,0.0,0.0,0.0,0.0,0.0,0.0,0.0,0.0,0.0,0.0,0.0,0.0,0.0,0.0,0.0,0.0,0.0,0.0,0.0,0.0,0.0,0.0,0.0,0.0,0.0,0.0,0.0,0.0,0.0,0.0,0.0,0.0,0.0,0.0,0.0,0.0,0.0,0.0,0.0,0.0,0.0,0.0,0.0,0.0,0.0,0.0
2014-06,0,0,0,0,0.0,0.0,0.0,0.0,0.0,0.0,0.0,0.0,0.0,0.0,0.0,0.0,0.0,0.0,0.0,0.0,0.0,0.0,0.0,0.0,0.0,0.0,0.0,0.0,0.0,0.0,0.0,0.0,0.0,0.0,0.0,0.0,0.0,0.0,0.0,0.0,0.0,0.0,0.0,0.0,0.0,0.0,0.0,0.0,0.0,0.0,0.0,0.0,0.0,0.0,0.0,0.0,0.0,0.0,12306977.606177608,0.0,0.0,0.0,0.0,0.0,0.0,0.0,0.0,0.0,0.0
2014-07,0,0,0,0,0.0,0.0,0.0,0.0,0.0,0.0,0.0,0.0,0.0,0.0,0.0,0.0,0.0,0.0,0.0,0.0,0.0,0.0,0.0,0.0,0.0,0.0,0.0,0.0,0.0,0.0,0.0,0.0,0.0,0.0,0.0,0.0,0.0,0.0,0.0,0.0,0.0,0.0,0.0,0.0,0.0,0.0,0.0,0.0,0.0,0.0,0.0,0.0,0.0,0.0,0.0,0.0,0.0,0.0,0.0,0.0,0.0,0.0,0.0,0.0,0.0,0.0,0.0,0.0,0.0
2014-08,0,0,0,0,0.0,0.0,0.0,0.0,0.0,0.0,0.0,0.0,0.0,0.0,0.0,0.0,0.0,0.0,0.0,0.0,0.0,0.0,0.0,0.0,0.0,0.0,0.0,0.0,0.0,0.0,0.0,0.0,0.0,0.0,0.0,0.0,0.0,0.0,0.0,0.0,0.0,0.0,0.0,0.0,0.0,0.0,0.0,0.0,0.0,0.0,0.0,0.0,0.0,0.0,0.0,0.0,0.0,0.0,0.0,0.0,0.0,0.0,0.0,0.0,0.0,0.0,0.0,0.0,0.0
2014-09,0,0,0,0,0.0,0.0,0.0,0.0,0.0,0.0,0.0,0.0,0.0,0.0,0.0,0.0,0.0,0.0,0.0,0.0,0.0,0.0,0.0,0.0,0.0,0.0,0.0,0.0,0.0,0.0,0.0,0.0,0.0,0.0,0.0,0.0,0.0,0.0,0.0,0.0,0.0,0.0,0.0,0.0,0.0,0.0,0.0,0.0,0.0,0.0,0.0,0.0,0.0,0.0,0.0,0.0,0.0,0.0,0.0,0.0,0.0,0.0,0.0,0.0,0.0,0.0,0.0,0.0,0.0
2014-10,0,0,0,0,0.0,0.0,0.0,0.0,0.0,0.0,0.0,0.0,0.0,0.0,0.0,0.0,0.0,0.0,0.0,0.0,0.0,0.0,0.0,0.0,0.0,0.0,0.0,0.0,0.0,0.0,0.0,0.0,0.0,0.0,0.0,0.0,0.0,0.0,0.0,0.0,0.0,0.0,0.0,0.0,0.0,0.0,0.0,0.0,0.0,0.0,0.0,0.0,0.0,0.0,0.0,0.0,0.0,0.0,0.0,0.0,0.0,0.0,0.0,0.0,0.0,0.0,0.0,0.0,0.0
2014-11,0,0,0,0,0.0,0.0,0.0,0.0,0.0,0.0,0.0,0.0,0.0,0.0,0.0,0.0,0.0,0.0,0.0,0.0,0.0,0.0,0.0,0.0,0.0,0.0,0.0,0.0,0.0,0.0,0.0,0.0,0.0,0.0,0.0,0.0,0.0,0.0,0.0,0.0,0.0,0.0,0.0,0.0,0.0,0.0,0.0,0.0,0.0,0.0,0.0,0.0,0.0,0.0,0.0,0.0,0.0,0.0,0.0,0.0,0.0,0.0,0.0,0.0,0.0,0.0,0.0,0.0,0.0
2014-12,0,0,0,0,0.0,0.0,0.0,0.0,0.0,0.0,0.0,0.0,0.0,0.0,0.0,0.0,0.0,0.0,0.0,0.0,0.0,0.0,0.0,0.0,0.0,0.0,0.0,0.0,0.0,0.0,0.0,0.0,0.0,0.0,0.0,0.0,0.0,0.0,0.0,0.0,0.0,0.0,0.0,0.0,0.0,0.0,0.0,0.0,0.0,0.0,0.0,0.0,0.0,0.0,0.0,0.0,0.0,0.0,0.0,0.0,0.0,0.0,0.0,0.0,0.0,0.0,0.0,0.0,0.0
2015-01,0,0,0,0,0.0,0.0,0.0,0.0,0.0,0.0,0.0,0.0,0.0,0.0,0.0,0.0,0.0,0.0,0.0,0.0,0.0,0.0,0.0,0.0,0.0,0.0,0.0,0.0,0.0,0.0,0.0,0.0,0.0,0.0,0.0,0.0,0.0,0.0,0.0,0.0,0.0,0.0,0.0,0.0,0.0,0.0,0.0,0.0,0.0,0.0,0.0,0.0,0.0,0.0,0.0,0.0,0.0,0.0,0.0,0.0,0.0,0.0,0.0,0.0,0.0,0.0,0.0,0.0,0.0
2015-02,0,0,0,0,0.0,0.0,0.0,0.0,0.0,0.0,0.0,0.0,0.0,0.0,0.0,0.0,0.0,0.0,0.0,0.0,0.0,0.0,0.0,0.0,0.0,0.0,0.0,0.0,0.0,0.0,0.0,0.0,0.0,0.0,0.0,0.0,0.0,0.0,0.0,0.0,0.0,0.0,0.0,0.0,0.0,0.0,0.0,0.0,0.0,0.0,0.0,0.0,0.0,0.0,0.0,0.0,0.0,0.0,0.0,0.0,0.0,0.0,0.0,0.0,0.0,0.0,0.0,0.0,0.0
2015-03,0,0,0,0,0.0,0.0,0.0,0.0,0.0,0.0,0.0,0.0,0.0,0.0,0.0,0.0,0.0,0.0,0.0,0.0,0.0,0.0,0.0,0.0,0.0,0.0,0.0,0.0,0.0,0.0,0.0,0.0,0.0,0.0,0.0,0.0,0.0,0.0,0.0,0.0,0.0,0.0,0.0,0.0,0.0,0.0,0.0,0.0,0.0,0.0,0.0,0.0,0.0,0.0,0.0,0.0,0.0,0.0,0.0,0.0,0.0,0.0,0.0,0.0,0.0,0.0,0.0,0.0,0.0
2015-04,0,0,0,0,0.0,0.0,0.0,0.0,0.0,0.0,0.0,0.0,0.0,0.0,0.0,0.0,0.0,0.0,0.0,0.0,0.0,0.0,0.0,0.0,0.0,0.0,0.0,0.0,0.0,0.0,0.0,0.0,0.0,0.0,0.0,0.0,0.0,0.0,0.0,0.0,0.0,0.0,0.0,0.0,0.0,0.0,0.0,0.0,0.0,0.0,0.0,0.0,0.0,0.0,0.0,0.0,0.0,0.0,0.0,0.0,0.0,0.0,0.0,0.0,0.0,0.0,0.0,0.0,0.0
2015-05,0,0,0,0,0.0,0.0,0.0,0.0,0.0,0.0,0.0,0.0,0.0,0.0,0.0,0.0,0.0,0.0,0.0,0.0,0.0,0.0,0.0,0.0,0.0,0.0,0.0,0.0,0.0,0.0,0.0,0.0,0.0,0.0,0.0,0.0,0.0,0.0,0.0,0.0,0.0,0.0,0.0,0.0,0.0,0.0,0.0,0.0,0.0,0.0,0.0,0.0,0.0,0.0,0.0,0.0,0.0,0.0,0.0,0.0,0.0,0.0,0.0,0.0,0.0,0.0,0.0,0.0,0.0
2015-06,0,0,0,0,0.0,0.0,0.0,0.0,0.0,0.0,0.0,0.0,0.0,0.0,0.0,0.0,0.0,0.0,0.0,0.0,0.0,0.0,0.0,0.0,0.0,0.0,0.0,0.0,0.0,0.0,0.0,0.0,0.0,0.0,0.0,0.0,0.0,0.0,0.0,0.0,0.0,0.0,0.0,0.0,0.0,0.0,0.0,0.0,0.0,0.0,0.0,0.0,0.0,0.0,0.0,0.0,0.0,0.0,0.0,0.0,0.0,0.0,0.0,0.0,0.0,0.0,0.0,0.0,0.0
2015-07,0,0,0,0,0.0,0.0,0.0,0.0,0.0,0.0,0.0,0.0,0.0,0.0,0.0,0.0,0.0,0.0,0.0,0.0,0.0,0.0,0.0,0.0,0.0,0.0,0.0,0.0,0.0,0.0,0.0,0.0,0.0,0.0,0.0,0.0,0.0,0.0,0.0,0.0,0.0,0.0,0.0,0.0,0.0,0.0,0.0,0.0,0.0,0.0,0.0,0.0,0.0,0.0,0.0,0.0,0.0,0.0,0.0,0.0,0.0,0.0,0.0,0.0,0.0,0.0,0.0,0.0,0.0
2015-08,0,0,0,0,0.0,0.0,0.0,0.0,0.0,0.0,0.0,0.0,0.0,0.0,0.0,0.0,0.0,0.0,0.0,0.0,0.0,0.0,0.0,0.0,0.0,0.0,0.0,0.0,0.0,0.0,0.0,0.0,0.0,0.0,0.0,0.0,0.0,0.0,0.0,0.0,0.0,0.0,0.0,0.0,0.0,0.0,0.0,0.0,0.0,0.0,0.0,0.0,0.0,0.0,0.0,0.0,0.0,0.0,0.0,0.0,0.0,0.0,0.0,0.0,0.0,0.0,0.0,0.0,0.0
2015-09,0,0,0,0,25885314.445279926,0.0,0.0,0.0,0.0,0.0,0.0,0.0,0.0,0.0,0.0,0.0,0.0,0.0,0.0,0.0,0.0,0.0,0.0,0.0,0.0,0.0,0.0,0.0,0.0,0.0,0.0,0.0,0.0,0.0,0.0,0.0,0.0,0.0,0.0,0.0,0.0,0.0,0.0,0.0,0.0,0.0,0.0,0.0,0.0,0.0,0.0,0.0,0.0,0.0,0.0,0.0,0.0,0.0,0.0,0.0,0.0,0.0,0.0,0.0,0.0,0.0,0.0,0.0,0.0
2015-10,0,0,0,0,15096311.876470089,0.0,0.0,0.0,0.0,0.0,0.0,0.0,0.0,0.0,0.0,0.0,0.0,0.0,0.0,0.0,0.0,0.0,0.0,0.0,0.0,0.0,0.0,0.0,0.0,0.0,0.0,0.0,0.0,0.0,0.0,0.0,0.0,0.0,0.0,0.0,0.0,0.0,0.0,0.0,0.0,0.0,0.0,0.0,0.0,0.0,0.0,0.0,0.0,0.0,0.0,0.0,0.0,0.0,0.0,0.0,0.0,0.0,0.0,0.0,0.0,0.0,0.0,0.0,0.0
2015-11,0,0,0,0,22017040.651538923,0.0,0.0,0.0,0.0,0.0,0.0,0.0,0.0,0.0,0.0,0.0,0.0,0.0,0.0,0.0,0.0,0.0,0.0,0.0,0.0,0.0,0.0,0.0,0.0,0.0,0.0,0.0,0.0,0.0,0.0,0.0,0.0,0.0,0.0,0.0,0.0,0.0,0.0,0.0,0.0,0.0,0.0,0.0,0.0,0.0,0.0,0.0,0.0,0.0,0.0,0.0,0.0,0.0,0.0,0.0,0.0,0.0,0.0,0.0,0.0,0.0,0.0,0.0,0.0
2015-12,0,0,0,0,21761691.093660124,0.0,0.0,0.0,0.0,0.0,0.0,0.0,0.0,0.0,0.0,0.0,0.0,0.0,0.0,0.0,0.0,0.0,0.0,0.0,0.0,0.0,0.0,0.0,0.0,0.0,0.0,0.0,0.0,0.0,0.0,0.0,0.0,0.0,0.0,0.0,0.0,0.0,0.0,0.0,0.0,0.0,0.0,0.0,0.0,0.0,0.0,0.0,0.0,0.0,0.0,0.0,0.0,0.0,0.0,0.0,0.0,0.0,0.0,0.0,0.0,0.0,0.0,0.0,0.0
2016-01,0,0,0,0,14426916.642874287,0.0,0.0,0.0,0.0,0.0,0.0,0.0,0.0,0.0,0.0,0.0,0.0,0.0,0.0,0.0,0.0,0.0,0.0,0.0,0.0,0.0,0.0,0.0,0.0,0.0,0.0,0.0,0.0,0.0,0.0,0.0,0.0,0.0,0.0,0.0,0.0,0.0,0.0,0.0,0.0,0.0,0.0,0.0,0.0,0.0,0.0,0.0,0.0,0.0,0.0,0.0,0.0,0.0,0.0,0.0,0.0,0.0,0.0,0.0,0.0,0.0,0.0,0.0,0.0
2016-02,0,0,0,0,10439795.69125449,0.0,0.0,0.0,0.0,0.0,0.0,0.0,0.0,0.0,0.0,0.0,0.0,0.0,0.0,0.0,0.0,0.0,0.0,0.0,0.0,0.0,0.0,0.0,0.0,0.0,0.0,0.0,0.0,0.0,0.0,0.0,0.0,0.0,0.0,0.0,0.0,0.0,0.0,0.0,0.0,0.0,0.0,0.0,0.0,0.0,0.0,0.0,0.0,0.0,0.0,0.0,0.0,0.0,0.0,0.0,0.0,0.0,0.0,0.0,0.0,0.0,0.0,0.0,0.0
2016-03,0,0,0,0,11228038.082729086,0.0,0.0,0.0,0.0,0.0,0.0,0.0,0.0,0.0,0.0,0.0,0.0,0.0,0.0,0.0,0.0,0.0,0.0,0.0,0.0,0.0,0.0,0.0,0.0,0.0,0.0,0.0,0.0,0.0,0.0,0.0,0.0,0.0,0.0,0.0,0.0,0.0,0.0,0.0,0.0,0.0,0.0,0.0,0.0,0.0,0.0,0.0,0.0,0.0,0.0,0.0,0.0,0.0,0.0,0.0,0.0,0.0,0.0,0.0,0.0,0.0,2677171.4015748026,0.0,0.0
2016-04,0,0,0,0,15326759.034348886,0.0,0.0,0.0,0.0,0.0,0.0,0.0,0.0,0.0,0.0,0.0,0.0,0.0,0.0,0.0,0.0,0.0,0.0,0.0,0.0,0.0,0.0,0.0,0.0,0.0,0.0,0.0,0.0,0.0,0.0,0.0,0.0,0.0,0.0,0.0,0.0,0.0,0.0,0.0,0.0,0.0,0.0,0.0,0.0,0.0,0.0,0.0,0.0,0.0,0.0,0.0,0.0,0.0,0.0,0.0,0.0,0.0,0.0,0.0,0.0,0.0,0.0,0.0,0.0
2016-05,0,0,0,0,9882000.45765869,0.0,0.0,0.0,0.0,0.0,0.0,0.0,0.0,0.0,0.0,0.0,0.0,0.0,0.0,0.0,0.0,0.0,0.0,0.0,0.0,0.0,0.0,0.0,0.0,0.0,0.0,0.0,0.0,0.0,0.0,0.0,0.0,0.0,0.0,0.0,0.0,0.0,0.0,0.0,0.0,0.0,0.0,0.0,0.0,0.0,0.0,0.0,0.0,0.0,0.0,0.0,0.0,0.0,0.0,0.0,0.0,0.0,0.0,0.0,0.0,0.0,0.0,0.0,0.0
2016-06,0,0,0,0,15096311.876470089,0.0,0.0,0.0,0.0,0.0,0.0,0.0,0.0,0.0,0.0,0.0,0.0,0.0,0.0,0.0,0.0,0.0,0.0,0.0,0.0,0.0,0.0,0.0,0.0,0.0,0.0,0.0,0.0,0.0,0.0,0.0,0.0,0.0,0.0,0.0,0.0,0.0,0.0,0.0,0.0,0.0,0.0,0.0,0.0,0.0,0.0,0.0,0.0,0.0,0.0,0.0,0.0,0.0,0.0,0.0,0.0,0.0,0.0,0.0,0.0,0.0,0.0,0.0,0.0
2016-07,0,0,0,0,15326759.034348886,0.0,0.0,0.0,0.0,0.0,0.0,0.0,0.0,0.0,0.0,0.0,0.0,0.0,0.0,0.0,0.0,0.0,0.0,0.0,0.0,0.0,0.0,0.0,0.0,0.0,0.0,0.0,0.0,0.0,0.0,0.0,0.0,0.0,0.0,0.0,0.0,0.0,0.0,0.0,0.0,0.0,0.0,0.0,0.0,0.0,0.0,0.0,0.0,0.0,0.0,0.0,0.0,0.0,0.0,0.0,0.0,0.0,0.0,0.0,0.0,0.0,0.0,0.0,0.0
2016-08,0,0,0,0,11569997.802405637,0.0,0.0,0.0,0.0,0.0,0.0,0.0,0.0,0.0,0.0,0.0,0.0,0.0,0.0,0.0,0.0,0.0,0.0,0.0,0.0,0.0,0.0,0.0,0.0,0.0,0.0,0.0,0.0,0.0,0.0,0.0,0.0,0.0,0.0,0.0,0.0,0.0,0.0,0.0,0.0,0.0,0.0,0.0,0.0,0.0,0.0,0.0,0.0,0.0,0.0,0.0,0.0,0.0,0.0,0.0,0.0,0.0,0.0,0.0,0.0,0.0,0.0,0.0,0.0
2016-09,0,0,0,0,7157658.321437144,0.0,0.0,0.0,0.0,0.0,0.0,0.0,0.0,0.0,0.0,0.0,0.0,0.0,0.0,0.0,0.0,0.0,0.0,0.0,0.0,0.0,0.0,0.0,0.0,0.0,0.0,0.0,0.0,0.0,0.0,0.0,0.0,0.0,0.0,0.0,0.0,0.0,0.0,0.0,0.0,0.0,0.0,0.0,0.0,0.0,0.0,0.0,0.0,0.0,0.0,0.0,0.0,0.0,0.0,0.0,0.0,0.0,0.0,0.0,0.0,0.0,0.0,0.0,0.0
2016-10,0,0,0,0,10439795.69125449,0.0,0.0,0.0,0.0,0.0,0.0,0.0,0.0,0.0,0.0,0.0,0.0,0.0,0.0,0.0,0.0,0.0,0.0,0.0,0.0,0.0,0.0,0.0,0.0,0.0,0.0,0.0,0.0,0.0,0.0,0.0,0.0,0.0,0.0,0.0,0.0,0.0,0.0,0.0,0.0,0.0,0.0,0.0,0.0,0.0,0.0,0.0,0.0,0.0,0.0,0.0,0.0,0.0,0.0,0.0,0.0,0.0,0.0,0.0,0.0,0.0,0.0,0.0,0.0
2016-11,0,0,0,0,11346797.802405637,0.0,0.0,0.0,0.0,0.0,0.0,0.0,0.0,0.0,0.0,0.0,0.0,0.0,0.0,0.0,0.0,0.0,0.0,0.0,0.0,0.0,0.0,0.0,0.0,0.0,0.0,0.0,0.0,0.0,0.0,0.0,0.0,0.0,0.0,0.0,0.0,0.0,0.0,0.0,0.0,0.0,0.0,0.0,0.0,0.0,0.0,0.0,0.0,0.0,0.0,0.0,0.0,0.0,0.0,0.0,0.0,0.0,0.0,0.0,0.0,0.0,0.0,0.0,0.0
2016-12,0,0,0,0,9068855.66618409,0.0,0.0,0.0,0.0,0.0,0.0,0.0,0.0,0.0,0.0,0.0,0.0,0.0,0.0,0.0,0.0,0.0,0.0,0.0,0.0,0.0,0.0,0.0,0.0,0.0,0.0,0.0,0.0,0.0,0.0,0.0,0.0,0.0,0.0,0.0,0.0,0.0,0.0,0.0,0.0,0.0,0.0,0.0,0.0,0.0,0.0,0.0,0.0,0.0,0.0,0.0,0.0,0.0,0.0,0.0,0.0,0.0,0.0,0.0,0.0,0.0,0.0,0.0,0.0
2017-01,0,0,0,0,11228038.082729086,0.0,0.0,0.0,0.0,0.0,0.0,0.0,0.0,0.0,0.0,0.0,0.0,0.0,0.0,0.0,0.0,0.0,0.0,0.0,0.0,0.0,0.0,0.0,0.0,0.0,0.0,0.0,0.0,0.0,0.0,0.0,0.0,0.0,0.0,0.0,0.0,0.0,0.0,0.0,0.0,0.0,0.0,0.0,0.0,0.0,0.0,0.0,0.0,0.0,0.0,0.0,0.0,0.0,0.0,0.0,0.0,0.0,0.0,0.0,0.0,0.0,0.0,0.0,0.0
2017-02,0,0,0,0,9651640.737982139,0.0,0.0,0.0,0.0,0.0,0.0,0.0,0.0,0.0,0.0,0.0,0.0,0.0,0.0,0.0,0.0,0.0,0.0,0.0,0.0,0.0,0.0,0.0,0.0,0.0,0.0,0.0,0.0,0.0,0.0,0.0,0.0,0.0,0.0,0.0,0.0,0.0,0.0,0.0,0.0,0.0,0.0,0.0,0.0,0.0,0.0,0.0,0.0,0.0,0.0,0.0,0.0,0.0,0.0,0.0,0.0,0.0,0.0,0.0,0.0,0.0,0.0,0.0,0.0
2017-03,0,0,0,0,9651640.737982139,0.0,0.0,0.0,0.0,0.0,0.0,0.0,0.0,0.0,0.0,0.0,0.0,0.0,0.0,0.0,0.0,0.0,0.0,0.0,0.0,0.0,0.0,0.0,0.0,511.9999999999999,0.0,0.0,0.0,0.0,0.0,2048.0,0.0,0.0,0.0,0.0,0.0,0.0,0.0,0.0,0.0,0.0,0.0,32768.0,0.0,0.0,0.0,0.0,0.0,0.0,0.0,0.0,0.0,0.0,0.0,0.0,0.0,0.0,0.0,0.0,0.0,0.0,0.0,0.0,0.0
2017-04,0,0,0,0,8845655.66618409,0.0,0.0,0.0,0.0,0.0,0.0,0.0,0.0,0.0,0.0,0.0,0.0,0.0,0.0,0.0,0.0,0.0,0.0,0.0,0.0,0.0,0.0,0.0,0.0,0.0,0.0,0.0,0.0,0.0,0.0,3072.0,0.0,0.0,0.0,0.0,0.0,0.0,0.0,0.0,0.0,0.0,0.0,0.0,0.0,0.0,0.0,0.0,0.0,0.0,0.0,0.0,0.0,0.0,0.0,0.0,0.0,0.0,0.0,458752.0000000001,0.0,0.0,0.0,0.0,0.0
2017-05,0,0,0,0,7945813.274709494,0.0,0.0,0.0,0.0,0.0,0.0,0.0,0.0,0.0,0.0,0.0,0.0,0.0,0.0,0.0,0.0,0.0,0.0,0.0,0.0,0.0,0.0,0.0,0.0,0.0,0.0,0.0,0.0,0.0,0.0,0.0,0.0,0.0,0.0,0.0,0.0,0.0,0.0,0.0,0.0,0.0,0.0,0.0,0.0,36864.0,0.0,0.0,0.0,0.0,0.0,0.0,0.0,0.0,0.0,0.0,0.0,0.0,0.0,0.0,0.0,0.0,0.0,0.0,0.0
2017-06,0,0,0,0,6481103.368164793,0.0,0.0,0.0,0.0,0.0,0.0,0.0,0.0,0.0,0.0,0.0,0.0,0.0,0.0,0.0,0.0,0.0,0.0,0.0,0.0,0.0,0.0,0.0,575.9999999999999,0.0,0.0,0.0,0.0,0.0,0.0,3328.0,0.0,0.0,0.0,0.0,0.0,0.0,0.0,0.0,0.0,0.0,0.0,0.0,0.0,0.0,0.0,0.0,0.0,0.0,0.0,0.0,0.0,0.0,0.0,0.0,0.0,0.0,0.0,0.0,0.0,0.0,0.0,0.0,0.0
2017-07,0,0,0,0,8734055.66618409,0.0,0.0,0.0,0.0,0.0,0.0,0.0,0.0,0.0,0.0,0.0,0.0,0.0,0.0,0.0,0.0,0.0,0.0,0.0,0.0,0.0,0.0,0.0,0.0,0.0,0.0,0.0,0.0,895.9999999999999,0.0,0.0,0.0,0.0,0.0,0.0,0.0,0.0,0.0,0.0,0.0,0.0,0.0,0.0,0.0,0.0,0.0,0.0,0.0,0.0,0.0,0.0,0.0,0.0,0.0,0.0,0.0,0.0,0.0,0.0,0.0,0.0,0.0,0.0,0.0
2017-08,0,0,0,0,8726895.946507543,0.0,0.0,0.0,0.0,0.0,0.0,0.0,0.0,0.0,0.0,0.0,0.0,0.0,56.0,0.0,0.0,0.0,0.0,0.0,0.0,0.0,0.0,0.0,0.0,0.0,0.0,0.0,0.0,0.0,0.0,4096.0,0.0,0.0,0.0,0.0,0.0,0.0,0.0,0.0,0.0,0.0,0.0,0.0,0.0,0.0,0.0,0.0,0.0,0.0,0.0,0.0,0.0,0.0,0.0,0.0,0.0,0.0,0.0,0.0,0.0,0.0,0.0,0.0,0.0
2017-09,0,0,0,0,9515138.33798214,0.0,0.0,0.0,0.0,0.0,0.0,0.0,0.0,0.0,0.0,0.0,0.0,0.0,0.0,0.0,0.0,0.0,0.0,0.0,0.0,0.0,0.0,0.0,0.0,0.0,0.0,0.0,0.0,0.0,0.0,2816.0,0.0,0.0,0.0,0.0,0.0,0.0,0.0,0.0,0.0,0.0,0.0,0.0,0.0,0.0,0.0,0.0,0.0,0.0,0.0,0.0,0.0,0.0,0.0,0.0,0.0,0.0,0.0,0.0,0.0,0.0,0.0,0.0,0.0
2017-10,0,0,0,0,9515138.33798214,0.0,0.0,0.0,0.0,0.0,0.0,36.0,0.0,0.0,0.0,0.0,0.0,0.0,0.0,0.0,0.0,0.0,0.0,0.0,0.0,0.0,0.0,0.0,0.0,0.0,0.0,0.0,0.0,0.0,0.0,2816.0,0.0,0.0,0.0,0.0,0.0,12451.2,0.0,0.0,0.0,0.0,0.0,0.0,0.0,0.0,0.0,0.0,0.0,0.0,0.0,0.0,0.0,0.0,0.0,0.0,0.0,0.0,0.0,0.0,0.0,0.0,0.0,0.0,0.0
2017-11,0,0,0,0,10670242.849133287,0.0,0.0,0.0,0.0,0.0,0.0,0.0,0.0,0.0,0.0,0.0,0.0,0.0,0.0,0.0,0.0,0.0,0.0,0.0,0.0,0.0,0.0,0.0,0.0,0.0,0.0,0.0,0.0,0.0,0.0,1792.0,0.0,0.0,0.0,0.0,0.0,12451.2,0.0,0.0,0.0,0.0,0.0,0.0,0.0,0.0,0.0,0.0,0.0,0.0,0.0,0.0,0.0,0.0,0.0,0.0,0.0,0.0,0.0,0.0,0.0,0.0,0.0,0.0,0.0
2017-12,0,0,0,0,10439795.69125449,0.0,0.0,0.0,0.0,0.0,0.0,0.0,0.0,0.0,0.0,0.0,0.0,0.0,48.0,0.0,0.0,0.0,0.0,0.0,0.0,0.0,0.0,0.0,0.0,0.0,0.0,0.0,0.0,0.0,0.0,1536.0,0.0,0.0,0.0,0.0,0.0,12451.2,0.0,0.0,0.0,0.0,0.0,0.0,0.0,28672.0,0.0,0.0,0.0,0.0,0.0,0.0,0.0,0.0,0.0,0.0,0.0,0.0,0.0,0.0,0.0,0.0,0.0,0.0,0.0
2018-01,0,0,0,0,9658800.45765869,0.0,0.0,0.0,0.0,0.0,0.0,0.0,0.0,0.0,0.0,0.0,0.0,0.0,48.0,0.0,0.0,0.0,0.0,0.0,0.0,0.0,0.0,0.0,0.0,0.0,0.0,0.0,0.0,0.0,0.0,2560.0,0.0,0.0,0.0,0.0,0.0,12451.2,0.0,0.0,0.0,0.0,0.0,0.0,0.0,0.0,0.0,0.0,0.0,0.0,0.0,0.0,0.0,0.0,0.0,0.0,0.0,0.0,0.0,0.0,0.0,0.0,0.0,0.0,0.0
2018-02,0,0,0,0,12135040.193880234,0.0,0.0,0.0,0.0,0.0,0.0,0.0,0.0,0.0,0.0,0.0,0.0,0.0,40.0,0.0,0.0,0.0,0.0,0.0,0.0,0.0,0.0,0.0,0.0,0.0,0.0,0.0,0.0,0.0,0.0,2304.0,0.0,0.0,0.0,0.0,1115769.1065447007,0.0,0.0,0.0,0.0,0.0,0.0,0.0,0.0,0.0,0.0,57344.0,0.0,0.0,0.0,0.0,0.0,0.0,0.0,0.0,0.0,0.0,0.0,0.0,0.0,0.0,0.0,0.0,0.0
2018-03,0,0,0,0,11228038.082729086,0.0,0.0,6.0,0.0,0.0,0.0,0.0,0.0,0.0,0.0,0.0,0.0,0.0,0.0,0.0,0.0,0.0,0.0,0.0,0.0,0.0,0.0,0.0,0.0,0.0,0.0,0.0,0.0,0.0,0.0,2048.0,0.0,0.0,0.0,0.0,0.0,12451.2,0.0,0.0,0.0,0.0,0.0,0.0,0.0,16384.0,0.0,0.0,0.0,0.0,0.0,0.0,0.0,0.0,0.0,0.0,0.0,0.0,0.0,0.0,0.0,0.0,0.0,0.0,0.0
2018-04,0,0,0,0,11228038.082729086,0.0,0.0,5.0,0.0,0.0,0.0,24.0,0.0,0.0,0.0,0.0,0.0,0.0,32.0,0.0,0.0,0.0,0.0,0.0,0.0,0.0,0.0,0.0,0.0,0.0,0.0,0.0,0.0,0.0,0.0,2048.0,0.0,0.0,0.0,0.0,0.0,12451.2,0.0,0.0,0.0,0.0,0.0,0.0,0.0,24576.0,0.0,32768.0,0.0,0.0,0.0,0.0,0.0,0.0,0.0,0.0,0.0,0.0,0.0,0.0,0.0,0.0,0.0,0.0,0.0
2018-05,0,0,0,0,8057500.712911742,0.0,0.0,0.0,0.0,0.0,0.0,0.0,0.0,0.0,0.0,0.0,0.0,0.0,0.0,0.0,0.0,0.0,0.0,0.0,0.0,0.0,0.0,0.0,0.0,0.0,0.0,0.0,0.0,0.0,0.0,2816.0,0.0,0.0,0.0,0.0,0.0,12451.2,0.0,0.0,0.0,0.0,0.0,0.0,0.0,32768.0,0.0,57344.0,0.0,0.0,0.0,0.0,0.0,0.0,0.0,0.0,0.0,0.0,0.0,0.0,0.0,0.0,0.0,0.0,0.0
2018-06,0,0,0,0,7038898.601760594,0.0,0.0,0.0,0.0,0.0,0.0,0.0,0.0,0.0,0.0,0.0,0.0,0.0,40.0,0.0,0.0,0.0,0.0,0.0,0.0,0.0,0.0,0.0,0.0,0.0,0.0,0.0,0.0,0.0,0.0,2560.0,0.0,0.0,0.0,0.0,0.0,0.0,0.0,0.0,0.0,0.0,0.0,0.0,0.0,24576.0,0.0,65536.0,0.0,0.0,0.0,0.0,0.0,0.0,0.0,0.0,0.0,0.0,0.0,0.0,0.0,0.0,0.0,0.0,0.0
2018-07,0,0,0,0,9068855.66618409,0.0,0.0,4.0,0.0,0.0,0.0,0.0,0.0,0.0,0.0,0.0,0.0,0.0,40.0,0.0,0.0,0.0,0.0,0.0,0.0,0.0,0.0,0.0,0.0,0.0,255.99999999999994,0.0,0.0,0.0,0.0,3328.0,0.0,0.0,0.0,0.0,0.0,12451.2,0.0,0.0,0.0,0.0,0.0,0.0,0.0,16384.0,0.0,0.0,0.0,0.0,0.0,0.0,0.0,0.0,0.0,0.0,0.0,0.0,0.0,0.0,0.0,0.0,0.0,0.0,0.0
2018-08,0,0,0,0,7938653.555032944,0.0,0.0,0.0,0.0,0.0,0.0,0.0,0.0,0.0,0.0,0.0,0.0,0.0,0.0,0.0,0.0,0.0,0.0,0.0,0.0,0.0,0.0,0.0,0.0,0.0,319.99999999999994,0.0,0.0,0.0,0.0,2048.0,0.0,0.0,0.0,0.0,0.0,12451.2,0.0,0.0,0.0,0.0,0.0,0.0,0.0,20480.0,0.0,0.0,0.0,0.0,0.0,0.0,0.0,0.0,0.0,0.0,0.0,0.0,0.0,0.0,0.0,0.0,0.0,0.0,0.0
2018-09,0,0,0,0,8957255.66618409,0.0,0.0,0.0,0.0,0.0,0.0,0.0,0.0,0.0,0.0,0.0,0.0,0.0,32.0,0.0,0.0,0.0,0.0,0.0,0.0,0.0,0.0,0.0,0.0,0.0,0.0,0.0,0.0,383.99999999999994,0.0,2304.0,0.0,0.0,0.0,0.0,0.0,12451.2,0.0,0.0,0.0,0.0,0.0,0.0,0.0,24576.0,0.0,49152.0,0.0,0.0,0.0,0.0,0.0,0.0,0.0,0.0,0.0,0.0,0.0,0.0,0.0,0.0,446195.23359580047,0.0,0.0
2018-10,0,0,0,0,8057500.712911742,0.0,0.0,3.0,15.0,0.0,0.0,0.0,0.0,0.0,0.0,0.0,0.0,0.0,0.0,0.0,0.0,0.0,0.0,0.0,0.0,0.0,0.0,0.0,0.0,0.0,0.0,0.0,0.0,0.0,0.0,2816.0,0.0,0.0,0.0,0.0,0.0,12451.2,0.0,0.0,0.0,0.0,0.0,0.0,0.0,20480.0,0.0,24576.0,0.0,0.0,0.0,0.0,0.0,0.0,0.0,0.0,0.0,0.0,0.0,0.0,0.0,0.0,0.0,0.0,0.0
2018-11,0,0,0,0,10439795.69125449,0.0,0.0,4.0,9.0,0.0,0.0,0.0,0.0,0.0,0.0,0.0,0.0,0.0,32.0,0.0,0.0,0.0,0.0,0.0,0.0,0.0,0.0,0.0,0.0,0.0,0.0,0.0,0.0,0.0,0.0,3328.0,0.0,0.0,0.0,0.0,0.0,12451.2,0.0,0.0,0.0,0.0,0.0,0.0,0.0,28672.0,0.0,49152.0,0.0,24576.0,0.0,0.0,0.0,0.0,0.0,0.0,0.0,0.0,0.0,0.0,0.0,0.0,446195.23359580047,0.0,0.0
2018-12,0,0,0,0,9882000.45765869,0.0,0.0,0.0,18.0,0.0,0.0,0.0,0.0,0.0,0.0,0.0,0.0,0.0,0.0,0.0,0.0,0.0,0.0,0.0,0.0,0.0,0.0,0.0,0.0,0.0,0.0,0.0,0.0,0.0,0.0,3584.0,0.0,0.0,0.0,0.0,0.0,12451.2,0.0,0.0,0.0,0.0,0.0,0.0,0.0,20480.0,0.0,40960.0,0.0,0.0,0.0,0.0,0.0,0.0,0.0,0.0,0.0,0.0,0.0,0.0,0.0,0.0,0.0,0.0,0.0
2019-01,0,0,0,0,6257815.929962546,0.0,0.0,3.0,6.0,0.0,0.0,0.0,0.0,0.0,0.0,0.0,0.0,0.0,40.0,0.0,0.0,0.0,43.71910112359551,0.0,0.0,0.0,0.0,0.0,0.0,0.0,127.99999999999997,0.0,0.0,0.0,0.0,2560.0,0.0,0.0,0.0,0.0,0.0,12451.2,0.0,0.0,0.0,0.0,0.0,0.0,0.0,16384.0,0.0,24576.0,0.0,0.0,0.0,0.0,0.0,0.0,0.0,0.0,0.0,0.0,0.0,0.0,0.0,0.0,446195.23359580047,0.0,0.0
2019-02,0,0,0,0,8057500.712911742,0.0,0.0,3.0,6.0,0.0,0.0,0.0,0.0,0.0,0.0,0.0,0.0,0.0,24.0,0.0,0.0,0.0,0.0,0.0,0.0,0.0,0.0,0.0,0.0,0.0,127.99999999999997,0.0,0.0,0.0,0.0,3072.0,0.0,0.0,0.0,0.0,0.0,12451.2,0.0,0.0,0.0,0.0,0.0,0.0,0.0,20480.0,0.0,49152.0,0.0,0.0,0.0,0.0,0.0,0.0,0.0,0.0,0.0,0.0,0.0,196608.00000000006,0.0,0.0,0.0,0.0,0.0
2019-03,0,0,0,0,7945813.274709494,0.0,0.0,4.0,0.0,0.0,0.0,0.0,0.0,4.0,0.0,16.0,0.0,0.0,32.0,0.0,0.0,0.0,43.71910112359551,0.0,0.0,0.0,0.0,0.0,0.0,0.0,191.99999999999994,0.0,0.0,0.0,0.0,3328.0,0.0,0.0,0.0,0.0,0.0,12451.2,0.0,0.0,0.0,0.0,0.0,0.0,0.0,20480.0,0.0,40960.0,0.0,0.0,0.0,0.0,0.0,0.0,0.0,0.0,0.0,0.0,0.0,0.0,0.0,0.0,446195.23359580047,0.0,0.0
2019-04,0,0,0,0,7827053.555032944,0.0,0.0,5.0,6.0,0.0,0.0,0.0,0.0,24.0,0.0,0.0,0.0,0.0,32.0,0.0,0.0,0.0,43.71910112359551,0.0,0.0,0.0,0.0,0.0,0.0,0.0,127.99999999999997,0.0,0.0,0.0,0.0,2816.0,0.0,0.0,0.0,0.0,0.0,12451.2,0.0,0.0,0.0,0.0,0.0,8192.0,0.0,24576.0,0.0,32768.0,0.0,0.0,0.0,0.0,0.0,0.0,0.0,0.0,0.0,65536.00000000001,0.0,0.0,0.0,0.0,446195.23359580047,0.0,0.0
2019-05,0,0,0,0,7827053.555032944,0.0,0.0,3.0,3.0,0.0,0.0,0.0,0.0,4.0,0.0,16.0,0.0,0.0,32.0,0.0,0.0,0.0,43.71910112359551,0.0,0.0,0.0,0.0,0.0,0.0,0.0,63.999999999999986,0.0,0.0,0.0,0.0,3840.0,0.0,0.0,0.0,0.0,0.0,24902.4,0.0,0.0,3579.8598382749324,0.0,0.0,4096.0,0.0,28672.0,0.0,24576.0,0.0,16384.0,0.0,0.0,0.0,0.0,0.0,0.0,0.0,0.0,0.0,0.0,0.0,0.0,0.0,0.0,0.0
2019-06,0,0,0,0,4546879.033092046,0.0,0.0,2.0,0.0,0.0,0.0,0.0,0.0,8.0,0.0,0.0,0.0,0.0,32.0,0.0,0.0,0.0,87.43820224719101,0.0,0.0,0.0,0.0,0.0,0.0,0.0,0.0,0.0,0.0,0.0,0.0,3072.0,0.0,0.0,0.0,0.0,0.0,12451.2,0.0,0.0,0.0,0.0,0.0,0.0,0.0,20480.0,0.0,40960.0,0.0,0.0,0.0,0.0,0.0,0.0,0.0,0.0,0.0,0.0,0.0,0.0,0.0,0.0,0.0,0.0,0.0
2019-07,0,0,0,0,5581260.9766901955,0.0,0.0,3.0,6.0,0.0,0.0,0.0,0.0,24.0,0.0,8.0,0.0,0.0,40.0,0.0,0.0,0.0,43.71910112359551,0.0,0.0,0.0,0.0,0.0,0.0,0.0,127.99999999999997,0.0,0.0,0.0,0.0,3840.0,0.0,0.0,0.0,0.0,0.0,24902.4,0.0,0.0,0.0,0.0,0.0,0.0,0.0,32768.0,0.0,49152.0,0.0,0.0,0.0,0.0,0.0,0.0,0.0,0.0,0.0,0.0,0.0,0.0,0.0,0.0,446195.23359580047,0.0,0.0
2019-08,0,0,0,0,7157658.321437144,0.0,0.0,3.0,3.0,0.0,0.0,0.0,0.0,12.0,0.0,16.0,0.0,0.0,40.0,0.0,0.0,0.0,43.71910112359551,0.0,0.0,0.0,0.0,0.0,0.0,0.0,127.99999999999997,0.0,0.0,0.0,0.0,3840.0,0.0,0.0,0.0,0.0,0.0,12451.2,0.0,0.0,0.0,0.0,0.0,0.0,0.0,28672.0,0.0,40960.0,0.0,16384.0,0.0,0.0,0.0,0.0,0.0,0.0,0.0,65536.00000000001,0.0,0.0,0.0,0.0,0.0,0.0,0.0
2019-09,0,0,0,0,7038898.601760594,0.0,0.0,3.0,6.0,0.0,0.0,0.0,0.0,12.0,0.0,8.0,0.0,0.0,40.0,0.0,0.0,0.0,43.71910112359551,0.0,0.0,0.0,0.0,0.0,0.0,0.0,127.99999999999997,127.99999999999999,0.0,0.0,0.0,4352.0,0.0,1024.0,0.0,512.0,0.0,24902.4,0.0,12451.2,3579.8598382749324,0.0,0.0,0.0,0.0,36864.0,0.0,40960.0,0.0,8192.0,0.0,0.0,0.0,0.0,0.0,0.0,0.0,32768.00000000001,0.0,0.0,0.0,0.0,446195.23359580047,223097.61679790023,0.0
2019-10,0,0,0,0,7038898.601760594,0.0,0.0,3.0,3.0,0.0,0.0,0.0,0.0,4.0,0.0,16.0,0.0,0.0,32.0,0.0,0.0,0.0,43.71910112359551,31.999999999999996,0.0,0.0,0.0,0.0,0.0,0.0,191.99999999999994,0.0,0.0,0.0,0.0,3840.0,0.0,0.0,0.0,0.0,0.0,12451.2,0.0,12451.2,3579.8598382749324,0.0,0.0,0.0,0.0,32768.0,0.0,32768.0,0.0,8192.0,0.0,0.0,0.0,0.0,0.0,0.0,0.0,0.0,65536.00000000001,0.0,0.0,0.0,223097.61679790023,0.0,0.0
2019-11,0,0,0,0,7380858.321437144,0.0,0.0,3.0,3.0,0.0,0.0,0.0,0.0,12.0,0.0,0.0,0.0,0.0,24.0,0.0,0.0,0.0,87.43820224719101,0.0,0.0,0.0,0.0,0.0,0.0,0.0,383.9999999999999,0.0,0.0,0.0,0.0,4096.0,0.0,512.0,0.0,0.0,0.0,24902.4,0.0,12451.2,0.0,0.0,0.0,0.0,0.0,32768.0,0.0,49152.0,0.0,8192.0,0.0,0.0,0.0,0.0,0.0,0.0,0.0,0.0,65536.00000000001,0.0,0.0,0.0,446195.23359580047,0.0,0.0
2019-12,0,0,0,0,5581260.9766901955,0.0,0.0,4.0,3.0,0.0,2.0,0.0,0.0,12.0,0.0,8.0,0.0,0.0,32.0,0.0,0.0,0.0,43.71910112359551,0.0,0.0,0.0,0.0,0.0,0.0,0.0,191.99999999999994,0.0,0.0,0.0,0.0,4096.0,0.0,0.0,0.0,0.0,0.0,12451.2,0.0,12451.2,3579.8598382749324,0.0,0.0,4096.0,0.0,32768.0,0.0,40960.0,0.0,0.0,0.0,0.0,0.0,0.0,0.0,0.0,0.0,0.0,0.0,0.0,0.0,0.0,446195.23359580047,0.0,0.0
2020-01,0,0,0,0,6481103.368164793,0.0,0.0,3.0,6.0,0.0,0.0,0.0,0.0,32.0,0.0,8.0,0.0,0.0,32.0,0.0,0.0,0.0,43.71910112359551,0.0,0.0,0.0,0.0,0.0,0.0,0.0,191.99999999999994,0.0,0.0,0.0,0.0,4352.0,0.0,0.0,0.0,0.0,0.0,12451.2,0.0,12451.2,3579.8598382749324,0.0,0.0,0.0,0.0,28672.0,0.0,32768.0,0.0,8192.0,0.0,0.0,0.0,0.0,0.0,0.0,0.0,0.0,0.0,0.0,0.0,0.0,223097.61679790023,0.0,0.0
2020-02,0,0,0,0,7157658.321437144,0.0,0.0,4.0,6.0,0.0,0.0,0.0,0.0,28.0,0.0,8.0,0.0,0.0,40.0,0.0,0.0,0.0,43.71910112359551,0.0,0.0,0.0,0.0,0.0,0.0,0.0,191.99999999999994,0.0,0.0,0.0,0.0,4096.0,0.0,512.0,0.0,0.0,0.0,12451.2,0.0,0.0,0.0,0.0,0.0,0.0,0.0,28672.0,0.0,40960.0,0.0,0.0,0.0,0.0,0.0,0.0,0.0,0.0,0.0,0.0,65536.00000000001,0.0,0.0,0.0,446195.23359580047,0.0,0.0
2020-03,0,0,0,0,7945813.274709494,0.0,0.0,4.0,3.0,0.0,0.0,0.0,0.0,36.0,0.0,8.0,0.0,0.0,32.0,0.0,0.0,0.0,43.71910112359551,0.0,0.0,0.0,0.0,0.0,0.0,0.0,191.99999999999994,0.0,0.0,0.0,0.0,4352.0,0.0,512.0,0.0,0.0,0.0,12451.2,0.0,12451.2,3579.8598382749324,0.0,0.0,0.0,0.0,32768.0,0.0,40960.0,0.0,0.0,0.0,0.0,0.0,0.0,0.0,0.0,0.0,0.0,0.0,65536.00000000001,0.0,0.0,446195.23359580047,0.0,0.0
2020-04,0,0,0,0,9658800.45765869,0.0,0.0,6.0,6.0,0.0,0.0,0.0,0.0,0.0,0.0,0.0,0.0,0.0,24.0,0.0,0.0,0.0,87.43820224719101,0.0,0.0,0.0,0.0,0.0,0.0,0.0,127.99999999999997,0.0,0.0,0.0,0.0,5888.0,0.0,0.0,0.0,0.0,0.0,12451.2,0.0,0.0,7159.719676549865,0.0,0.0,0.0,0.0,45056.0,0.0,32768.0,0.0,0.0,0.0,0.0,0.0,0.0,0.0,0.0,0.0,0.0,0.0,0.0,0.0,0.0,0.0,0.0,0.0
2020-05,0,0,0,0,10439795.69125449,0.0,0.0,5.0,6.0,0.0,0.0,0.0,0.0,0.0,0.0,0.0,0.0,0.0,40.0,0.0,0.0,0.0,0.0,0.0,0.0,0.0,0.0,0.0,0.0,0.0,0.0,0.0,0.0,0.0,0.0,6912.0,0.0,0.0,0.0,0.0,0.0,12451.2,0.0,0.0,0.0,0.0,0.0,0.0,0.0,45056.0,0.0,40960.0,0.0,16384.0,0.0,0.0,0.0,0.0,0.0,0.0,0.0,0.0,0.0,0.0,0.0,0.0,0.0,0.0,0.0
2020-06,0,0,0,0,11228038.082729086,0.0,0.0,4.0,0.0,0.0,0.0,0.0,0.0,0.0,0.0,0.0,0.0,0.0,56.0,0.0,0.0,0.0,43.71910112359551,0.0,0.0,0.0,0.0,0.0,0.0,0.0,127.99999999999997,0.0,0.0,0.0,0.0,5632.0,0.0,0.0,0.0,0.0,0.0,12451.2,0.0,0.0,3579.8598382749324,0.0,0.0,8192.0,0.0,36864.0,0.0,57344.0,0.0,16384.0,0.0,0.0,0.0,0.0,0.0,0.0,0.0,0.0,0.0,0.0,0.0,0.0,0.0,0.0,0.0
2020-07,0,0,0,0,12135040.193880234,0.0,0.0,5.0,9.0,0.0,0.0,0.0,0.0,0.0,0.0,24.0,0.0,0.0,48.0,0.0,0.0,0.0,43.71910112359551,0.0,0.0,0.0,0.0,0.0,0.0,0.0,191.99999999999994,0.0,0.0,0.0,0.0,5888.0,0.0,1024.0,0.0,0.0,0.0,12451.2,0.0,0.0,0.0,0.0,0.0,0.0,4096.0,40960.0,0.0,40960.0,0.0,0.0,0.0,0.0,0.0,0.0,0.0,0.0,0.0,65536.00000000001,0.0,0.0,0.0,0.0,223097.61679790023,0.0,0.0
2020-08,0,0,0,0,11569997.802405637,0.0,0.0,5.0,6.0,0.0,0.0,0.0,0.0,4.0,0.0,16.0,0.0,0.0,48.0,0.0,0.0,0.0,43.71910112359551,0.0,0.0,0.0,0.0,0.0,0.0,0.0,127.99999999999997,0.0,0.0,0.0,0.0,5632.0,0.0,0.0,0.0,0.0,0.0,12451.2,0.0,0.0,0.0,0.0,0.0,4096.0,0.0,36864.0,0.0,32768.0,0.0,0.0,0.0,0.0,0.0,0.0,0.0,0.0,0.0,0.0,0.0,0.0,0.0,0.0,223097.61679790023,0.0,0.0
2020-09,0,0,0,0,12016193.036001436,0.0,0.0,4.0,6.0,0.0,0.0,0.0,0.0,0.0,0.0,8.0,0.0,0.0,48.0,0.0,0.0,0.0,43.71910112359551,0.0,0.0,0.0,0.0,0.0,0.0,0.0,319.99999999999994,0.0,0.0,0.0,0.0,6144.0,0.0,512.0,0.0,0.0,0.0,12451.2,0.0,0.0,0.0,0.0,0.0,0.0,0.0,45056.0,0.0,65536.0,0.0,0.0,0.0,0.0,0.0,0.0,0.0,0.0,0.0,0.0,0.0,0.0,0.0,0.0,446195.23359580047,0.0,0.0
2020-10,0,0,0,0,11228038.082729086,0.0,0.0,4.0,6.0,2.0,0.0,0.0,0.0,4.0,0.0,16.0,0.0,0.0,32.0,0.0,0.0,0.0,0.0,0.0,0.0,0.0,0.0,0.0,0.0,0.0,255.99999999999994,0.0,127.99999999999999,0.0,0.0,5120.0,0.0,512.0,512.0,0.0,0.0,12451.2,0.0,12451.2,3579.8598382749324,0.0,0.0,4096.0,0.0,53248.0,0.0,57344.0,0.0,16384.0,0.0,0.0,0.0,0.0,0.0,0.0,0.0,0.0,0.0,0.0,0.0,0.0,446195.23359580047,0.0,0.0
2020-11,0,0,0,0,10558642.849133287,0.0,0.0,4.0,3.0,0.0,0.0,0.0,0.0,8.0,0.0,16.0,0.0,0.0,48.0,0.0,0.0,0.0,43.71910112359551,0.0,0.0,0.0,0.0,0.0,0.0,0.0,255.99999999999994,0.0,0.0,0.0,0.0,5632.0,0.0,512.0,0.0,0.0,0.0,12451.2,0.0,12451.2,3579.8598382749324,0.0,0.0,4096.0,0.0,36864.0,0.0,811008.0,0.0,16384.0,0.0,0.0,0.0,0.0,0.0,0.0,0.0,0.0,0.0,65536.00000000001,0.0,0.0,446195.23359580047,0.0,0.0
2020-12,0,0,0,0,9882000.45765869,0.0,0.0,5.0,6.0,0.0,0.0,6.0,0.0,4.0,0.0,16.0,0.0,0.0,40.0,0.0,0.0,0.0,87.43820224719101,0.0,0.0,0.0,0.0,0.0,0.0,0.0,255.99999999999994,0.0,0.0,0.0,0.0,6144.0,0.0,512.0,0.0,0.0,0.0,12451.2,0.0,0.0,3579.8598382749324,0.0,0.0,4096.0,0.0,45056.0,0.0,278528.0,0.0,24576.0,0.0,0.0,0.0,0.0,0.0,0.0,0.0,0.0,0.0,0.0,0.0,65536.00000000001,446195.23359580047,0.0,0.0
2021-01,0,0,0,0,8957255.66618409,0.0,0.0,5.0,6.0,0.0,0.0,0.0,0.0,0.0,0.0,16.0,0.0,0.0,24.0,0.0,0.0,0.0,43.71910112359551,95.99999999999999,0.0,0.0,0.0,0.0,0.0,0.0,255.99999999999994,0.0,0.0,127.99999999999999,0.0,5376.0,0.0,512.0,0.0,0.0,0.0,12451.2,0.0,12451.2,7159.719676549865,0.0,0.0,8192.0,0.0,36864.0,0.0,98304.0,0.0,8192.0,0.0,0.0,0.0,0.0,0.0,0.0,0.0,65536.00000000001,0.0,65536.00000000001,0.0,0.0,446195.23359580047,0.0,0.0
2021-02,0,0,0,0,8845655.66618409,0.0,0.0,4.0,6.0,0.0,0.0,0.0,0.0,0.0,0.0,16.0,0.0,0.0,40.0,0.0,0.0,0.0,43.71910112359551,0.0,0.0,0.0,0.0,0.0,0.0,0.0,255.99999999999994,0.0,0.0,0.0,0.0,5632.0,0.0,1024.0,0.0,512.0,0.0,12451.2,0.0,12451.2,0.0,0.0,0.0,4096.0,0.0,40960.0,0.0,122880.0,0.0,16384.0,0.0,0.0,0.0,0.0,0.0,0.0,0.0,0.0,65536.00000000001,0.0,0.0,0.0,892390.4671916009,0.0,0.0
2021-03,0,0,0,0,8169100.712911742,0.0,0.0,3.0,6.0,0.0,0.0,0.0,0.0,4.0,0.0,24.0,0.0,0.0,32.0,0.0,43.71910112359551,0.0,43.71910112359551,31.999999999999996,0.0,0.0,0.0,0.0,0.0,0.0,191.99999999999994,0.0,127.99999999999999,0.0,0.0,6400.0,0.0,512.0,0.0,0.0,0.0,12451.2,0.0,12451.2,3579.8598382749324,0.0,0.0,8192.0,0.0,36864.0,0.0,98304.0,0.0,16384.0,0.0,0.0,0.0,0.0,0.0,0.0,0.0,0.0,65536.00000000001,65536.00000000001,0.0,0.0,223097.61679790023,0.0,0.0
2021-04,0,0,0,0,8057500.712911742,0.0,0.0,4.0,3.0,0.0,0.0,0.0,0.0,0.0,0.0,16.0,0.0,0.0,24.0,0.0,0.0,0.0,43.71910112359551,0.0,0.0,0.0,0.0,0.0,0.0,0.0,127.99999999999997,0.0,0.0,0.0,0.0,5888.0,0.0,512.0,0.0,0.0,0.0,12451.2,0.0,0.0,3579.8598382749324,0.0,0.0,4096.0,0.0,40960.0,0.0,65536.0,0.0,16384.0,8192.0,0.0,0.0,0.0,0.0,0.0,0.0,32768.00000000001,0.0,0.0,0.0,0.0,446195.23359580047,0.0,0.0
2021-05,0,0,0,0,7827053.555032944,0.0,0.0,4.0,3.0,0.0,0.0,0.0,0.0,0.0,0.0,8.0,0.0,0.0,32.0,0.0,0.0,0.0,43.71910112359551,0.0,0.0,0.0,0.0,0.0,0.0,0.0,191.99999999999994,0.0,0.0,0.0,0.0,6144.0,0.0,0.0,0.0,0.0,0.0,12451.2,0.0,12451.2,3579.8598382749324,0.0,0.0,4096.0,0.0,45056.0,0.0,57344.0,0.0,24576.0,0.0,0.0,0.0,0.0,0.0,0.0,0.0,0.0,0.0,0.0,0.0,0.0,223097.61679790023,0.0,0.0
2021-06,0,0,0,0,7945900.712911742,0.0,0.0,4.0,6.0,0.0,0.0,0.0,0.0,0.0,0.0,8.0,0.0,0.0,32.0,0.0,0.0,0.0,43.71910112359551,31.999999999999996,0.0,0.0,0.0,0.0,0.0,0.0,191.99999999999994,0.0,0.0,0.0,0.0,5888.0,0.0,1024.0,0.0,0.0,0.0,12451.2,0.0,12451.2,0.0,3579.8598382749324,0.0,4096.0,0.0,49152.0,0.0,106496.0,0.0,24576.0,0.0,0.0,0.0,0.0,0.0,0.0,0.0,32768.00000000001,0.0,0.0,0.0,0.0,446195.23359580047,0.0,0.0
2021-07,0,0,0,0,7157658.321437144,0.0,0.0,4.0,0.0,0.0,0.0,0.0,0.0,4.0,0.0,16.0,0.0,0.0,40.0,0.0,0.0,0.0,87.43820224719101,31.999999999999996,0.0,0.0,0.0,0.0,0.0,0.0,127.99999999999997,0.0,0.0,0.0,0.0,6912.0,0.0,0.0,0.0,0.0,0.0,12451.2,0.0,12451.2,3579.8598382749324,0.0,0.0,0.0,0.0,28672.0,0.0,57344.0,0.0,8192.0,0.0,0.0,0.0,0.0,0.0,0.0,0.0,0.0,0.0,0.0,65536.00000000001,65536.00000000001,446195.23359580047,0.0,0.0
2021-08,0,0,0,0,7157658.321437144,0.0,0.0,5.0,3.0,0.0,0.0,0.0,0.0,4.0,0.0,8.0,0.0,0.0,32.0,0.0,0.0,0.0,87.43820224719101,0.0,0.0,0.0,0.0,0.0,0.0,0.0,127.99999999999997,0.0,0.0,0.0,0.0,7168.0,0.0,1024.0,0.0,512.0,0.0,12451.2,0.0,12451.2,3579.8598382749324,0.0,0.0,8192.0,0.0,32768.0,0.0,122880.0,0.0,16384.0,8192.0,0.0,0.0,0.0,0.0,0.0,0.0,0.0,0.0,65536.00000000001,0.0,0.0,1338585.7007874013,0.0,0.0
2021-09,0,0,0,0,7046058.321437144,0.0,0.0,3.0,3.0,0.0,0.0,0.0,0.0,4.0,0.0,16.0,0.0,0.0,24.0,0.0,0.0,0.0,87.43820224719101,0.0,0.0,0.0,0.0,0.0,0.0,0.0,191.99999999999994,0.0,0.0,127.99999999999999,0.0,5888.0,0.0,1024.0,0.0,0.0,0.0,12451.2,0.0,12451.2,0.0,0.0,0.0,4096.0,0.0,36864.0,0.0,114688.0,0.0,24576.0,0.0,0.0,0.0,0.0,0.0,0.0,0.0,0.0,65536.00000000001,65536.00000000001,0.0,0.0,892390.4671916009,0.0,0.0
2021-10,0,0,0,0,6257815.929962546,0.0,0.0,5.0,6.0,0.0,0.0,0.0,0.0,4.0,0.0,16.0,0.0,0.0,32.0,0.0,0.0,0.0,87.43820224719101,0.0,0.0,0.0,0.0,0.0,0.0,0.0,191.99999999999994,0.0,0.0,127.99999999999999,0.0,5376.0,0.0,512.0,0.0,0.0,0.0,12451.2,0.0,12451.2,3579.8598382749324,0.0,0.0,8192.0,0.0,32768.0,0.0,81920.0,0.0,16384.0,0.0,0.0,0.0,0.0,0.0,0.0,0.0,0.0,131072.00000000003,0.0,0.0,0.0,446195.23359580047,0.0,0.0
2021-11,0,0,0,0,6481103.368164793,0.0,0.0,5.0,6.0,0.0,0.0,0.0,0.0,4.0,0.0,8.0,0.0,0.0,32.0,0.0,0.0,0.0,87.43820224719101,0.0,0.0,0.0,0.0,0.0,0.0,0.0,127.99999999999997,0.0,0.0,0.0,0.0,5120.0,0.0,1024.0,0.0,0.0,0.0,12451.2,0.0,12451.2,3579.8598382749324,0.0,0.0,4096.0,0.0,32768.0,0.0,131072.0,0.0,16384.0,0.0,0.0,0.0,0.0,0.0,0.0,0.0,0.0,0.0,0.0,0.0,0.0,446195.23359580047,0.0,0.0
2021-12,0,0,0,0,5581260.9766901955,0.0,0.0,5.0,6.0,0.0,0.0,0.0,0.0,4.0,0.0,16.0,0.0,0.0,24.0,0.0,0.0,0.0,87.43820224719101,0.0,0.0,0.0,0.0,0.0,0.0,0.0,127.99999999999997,0.0,0.0,0.0,0.0,5632.0,0.0,1024.0,0.0,0.0,0.0,12451.2,0.0,12451.2,3579.8598382749324,0.0,3579.8598382749324,4096.0,0.0,32768.0,0.0,90112.0,0.0,0.0,0.0,0.0,0.0,0.0,0.0,0.0,0.0,0.0,65536.00000000001,0.0,0.0,0.0,446195.23359580047,0.0,0.0
2022-01,0,0,0,0,6481103.368164793,0.0,0.0,4.0,3.0,0.0,0.0,0.0,0.0,4.0,0.0,16.0,0.0,0.0,24.0,0.0,0.0,0.0,87.43820224719101,31.999999999999996,0.0,0.0,0.0,0.0,0.0,0.0,191.99999999999994,0.0,0.0,127.99999999999999,0.0,6400.0,0.0,512.0,0.0,0.0,0.0,12451.2,0.0,12451.2,3579.8598382749324,0.0,0.0,4096.0,0.0,32768.0,0.0,81920.0,0.0,8192.0,0.0,0.0,0.0,0.0,0.0,0.0,0.0,32768.00000000001,65536.00000000001,65536.00000000001,0.0,0.0,446195.23359580047,0.0,0.0
2022-02,0,0,0,0,6369415.929962546,0.0,0.0,5.0,6.0,0.0,0.0,0.0,0.0,0.0,0.0,16.0,0.0,0.0,24.0,0.0,0.0,0.0,87.43820224719101,31.999999999999996,0.0,0.0,0.0,0.0,0.0,0.0,255.99999999999994,0.0,0.0,127.99999999999999,0.0,6656.0,0.0,1024.0,0.0,0.0,0.0,12451.2,0.0,12451.2,3579.8598382749324,0.0,0.0,8192.0,0.0,36864.0,0.0,114688.0,0.0,16384.0,8192.0,0.0,0.0,0.0,0.0,0.0,0.0,32768.00000000001,65536.00000000001,65536.00000000001,0.0,0.0,446195.23359580047,0.0,0.0
2022-03,0,0,0,0,8057500.712911742,0.0,0.0,6.0,6.0,2.0,0.0,0.0,0.0,4.0,0.0,16.0,0.0,0.0,24.0,0.0,0.0,0.0,87.43820224719101,31.999999999999996,0.0,0.0,0.0,0.0,0.0,0.0,191.99999999999994,0.0,0.0,0.0,0.0,6912.0,0.0,1024.0,512.0,512.0,0.0,12451.2,0.0,12451.2,3579.8598382749324,0.0,3579.8598382749324,8192.0,0.0,45056.0,0.0,172032.0,0.0,24576.0,8192.0,0.0,0.0,0.0,0.0,0.0,0.0,32768.00000000001,65536.00000000001,65536.00000000001,0.0,0.0,446195.23359580047,0.0,0.0
2022-04,0,0,0,0,7157658.321437144,0.0,0.0,5.0,6.0,0.0,0.0,0.0,0.0,4.0,4.0,16.0,0.0,0.0,24.0,0.0,0.0,0.0,87.43820224719101,31.999999999999996,0.0,0.0,0.0,0.0,0.0,0.0,191.99999999999994,0.0,0.0,0.0,0.0,9728.0,0.0,512.0,512.0,512.0,0.0,12451.2,0.0,12451.2,3579.8598382749324,0.0,0.0,8192.0,0.0,40960.0,0.0,114688.0,0.0,24576.0,8192.0,0.0,0.0,0.0,0.0,0.0,0.0,0.0,65536.00000000001,65536.00000000001,0.0,65536.00000000001,446195.23359580047,0.0,223097.61679790023
2022-05,0,0,0,0,7046058.321437144,0.0,0.0,6.0,6.0,1.0,0.0,0.0,0.0,8.0,0.0,24.0,4.0,0.0,32.0,0.0,0.0,0.0,87.43820224719101,31.999999999999996,0.0,0.0,0.0,0.0,0.0,0.0,191.99999999999994,0.0,0.0,0.0,0.0,8192.0,0.0,1024.0,512.0,512.0,0.0,12451.2,0.0,12451.2,3579.8598382749324,0.0,0.0,8192.0,0.0,40960.0,0.0,131072.0,0.0,32768.0,8192.0,0.0,0.0,0.0,0.0,0.0,0.0,32768.00000000001,65536.00000000001,65536.00000000001,0.0,0.0,446195.23359580047,0.0,223097.61679790023
2022-06,0,0,0,0,7269258.321437144,0.0,0.0,5.0,6.0,0.0,0.0,0.0,0.0,12.0,0.0,16.0,4.0,0.0,32.0,0.0,0.0,0.0,87.43820224719101,31.999999999999996,0.0,31.999999999999996,0.0,0.0,0.0,0.0,191.99999999999994,0.0,63.99999999999999,127.99999999999999,0.0,8960.0,0.0,1024.0,256.0,512.0,0.0,12451.2,0.0,12451.2,3579.8598382749324,0.0,0.0,8192.0,0.0,36864.0,0.0,180224.0,0.0,24576.0,8192.0,0.0,0.0,0.0,0.0,0.0,0.0,32768.00000000001,65536.00000000001,131072.00000000003,0.0,0.0,446195.23359580047,0.0,223097.61679790023
2022-07,0,0,0,0,5581260.9766901955,0.0,0.0,4.0,3.0,0.0,0.0,0.0,0.0,4.0,0.0,16.0,0.0,0.0,16.0,0.0,0.0,0.0,87.43820224719101,31.999999999999996,0.0,0.0,0.0,0.0,0.0,0.0,191.99999999999994,0.0,0.0,127.99999999999999,0.0,9728.0,0.0,512.0,0.0,0.0,0.0,12451.2,0.0,12451.2,3579.8598382749324,0.0,0.0,4096.0,0.0,36864.0,0.0,81920.0,0.0,16384.0,0.0,0.0,0.0,0.0,0.0,0.0,0.0,32768.00000000001,65536.00000000001,65536.00000000001,0.0,0.0,446195.23359580047,223097.61679790023,223097.61679790023
2022-08,0,0,0,0,7269258.321437144,0.0,0.0,7.0,6.0,0.0,0.0,0.0,0.0,4.0,0.0,16.0,4.0,0.0,24.0,0.0,0.0,43.71910112359551,87.43820224719101,31.999999999999996,0.0,0.0,0.0,0.0,0.0,0.0,191.99999999999994,0.0,127.99999999999999,127.99999999999999,0.0,10496.0,0.0,1024.0,0.0,512.0,0.0,12451.2,0.0,12451.2,3579.8598382749324,0.0,0.0,8192.0,0.0,40960.0,0.0,106496.0,0.0,8192.0,8192.0,0.0,0.0,246139.55212355216,0.0,0.0,0.0,32768.00000000001,65536.00000000001,65536.00000000001,0.0,32768.00000000001,446195.23359580047,0.0,0.0
2022-09,0,0,0,0,7945900.712911742,0.0,0.0,5.0,6.0,0.0,0.0,0.0,0.0,12.0,0.0,16.0,0.0,0.0,24.0,0.0,0.0,0.0,87.43820224719101,31.999999999999996,0.0,15.999999999999998,0.0,0.0,0.0,0.0,191.99999999999994,0.0,127.99999999999999,127.99999999999999,0.0,9728.0,0.0,1024.0,0.0,512.0,0.0,12451.2,0.0,12451.2,3579.8598382749324,0.0,0.0,4096.0,0.0,36864.0,0.0,122880.0,0.0,16384.0,4096.0,0.0,0.0,0.0,0.0,0.0,0.0,32768.00000000001,65536.00000000001,65536.00000000001,0.0,0.0,446195.23359580047,0.0,0.0
2022-10,0,0,0,0,7046058.321437144,0.0,0.0,4.0,9.0,0.0,0.0,0.0,0.0,4.0,0.0,16.0,0.0,0.0,24.0,0.0,0.0,0.0,87.43820224719101,31.999999999999996,0.0,0.0,0.0,0.0,0.0,63.999999999999986,191.99999999999994,0.0,0.0,127.99999999999999,0.0,9472.0,0.0,1024.0,0.0,512.0,271896.6766361752,12451.2,0.0,12451.2,3579.8598382749324,0.0,0.0,4096.0,0.0,40960.0,0.0,147456.0,0.0,16384.0,8192.0,0.0,0.0,0.0,0.0,0.0,0.0,32768.00000000001,65536.00000000001,65536.00000000001,32768.00000000001,0.0,446195.23359580047,0.0,223097.61679790023
2022-11,0,0,0,0,7269258.321437144,0.0,0.0,4.0,6.0,0.0,0.0,0.0,0.0,4.0,0.0,16.0,0.0,0.0,16.0,0.0,0.0,0.0,87.43820224719101,31.999999999999996,0.0,15.999999999999998,0.0,0.0,0.0,0.0,255.99999999999994,0.0,63.99999999999999,127.99999999999999,0.0,8448.0,0.0,512.0,0.0,512.0,0.0,12451.2,0.0,12451.2,3579.8598382749324,0.0,0.0,8192.0,0.0,32768.0,0.0,131072.0,0.0,16384.0,8192.0,0.0,0.0,0.0,0.0,0.0,0.0,32768.00000000001,65536.00000000001,32768.00000000001,0.0,0.0,446195.23359580047,0.0,223097.61679790023
2022-12,0,0,0,0,4904618.585215598,0.5,0.0,5.0,6.0,0.0,0.0,0.0,0.0,4.0,0.0,16.0,0.0,0.0,16.0,0.0,0.0,0.0,87.43820224719101,31.999999999999996,0.0,15.999999999999998,0.0,0.0,0.0,0.0,191.99999999999994,0.0,63.99999999999999,127.99999999999999,0.0,8704.0,0.0,1024.0,0.0,256.0,0.0,12451.2,0.0,12451.2,3579.8598382749324,0.0,3579.8598382749324,8192.0,0.0,24576.0,0.0,139264.0,0.0,8192.0,8192.0,0.0,0.0,0.0,0.0,0.0,0.0,0.0,65536.00000000001,65536.00000000001,0.0,0.0,446195.23359580047,0.0,0.0
2023-01,0,0,0,0,5469660.9766901955,0.0,0.0,5.0,6.0,0.0,0.0,0.0,2.0,4.0,0.0,16.0,0.0,0.0,24.0,0.0,0.0,0.0,87.43820224719101,31.999999999999996,0.0,0.0,0.0,0.0,0.0,0.0,255.99999999999994,0.0,0.0,127.99999999999999,0.0,9984.0,0.0,1024.0,0.0,0.0,0.0,12451.2,0.0,12451.2,3579.8598382749324,0.0,0.0,4096.0,0.0,32768.0,0.0,147456.0,0.0,8192.0,8192.0,0.0,0.0,0.0,0.0,0.0,0.0,32768.00000000001,32768.00000000001,131072.00000000003,0.0,0.0,446195.23359580047,0.0,0.0
2023-02,0,0,0,0,6257815.929962546,0.0,0.0,6.0,6.0,0.0,0.0,0.0,0.0,4.0,0.0,24.0,0.0,0.0,24.0,0.0,0.0,0.0,87.43820224719101,31.999999999999996,0.0,0.0,0.0,0.0,0.0,0.0,255.99999999999994,0.0,63.99999999999999,127.99999999999999,0.0,10496.0,0.0,512.0,256.0,512.0,0.0,12451.2,0.0,12451.2,3579.8598382749324,0.0,0.0,4096.0,0.0,32768.0,0.0,163840.0,0.0,16384.0,8192.0,0.0,0.0,0.0,0.0,0.0,0.0,32768.00000000001,0.0,131072.00000000003,0.0,0.0,446195.23359580047,0.0,223097.61679790023
2023-03,0,0,0,0,6481103.368164793,0.0,0.0,5.0,6.0,0.0,0.0,0.0,0.0,4.0,0.0,16.0,0.0,0.0,16.0,0.0,0.0,0.0,87.43820224719101,31.999999999999996,0.0,0.0,0.0,0.0,0.0,0.0,191.99999999999994,0.0,0.0,127.99999999999999,0.0,9728.0,0.0,1024.0,0.0,512.0,0.0,12451.2,0.0,12451.2,3579.8598382749324,0.0,0.0,4096.0,0.0,36864.0,0.0,147456.0,0.0,24576.0,8192.0,0.0,0.0,0.0,0.0,0.0,0.0,32768.00000000001,65536.00000000001,65536.00000000001,0.0,0.0,446195.23359580047,0.0,0.0
2023-04,0,0,0,0,5469660.9766901955,0.0,0.0,4.0,6.0,0.0,0.0,0.0,0.0,2.0,0.0,16.0,0.0,0.0,16.0,0.0,0.0,0.0,87.43820224719101,31.999999999999996,0.0,0.0,0.0,0.0,0.0,0.0,191.99999999999994,0.0,63.99999999999999,127.99999999999999,63.99999999999999,11520.0,0.0,512.0,0.0,512.0,0.0,12451.2,0.0,12451.2,3579.8598382749324,0.0,0.0,4096.0,0.0,40960.0,0.0,98304.0,0.0,16384.0,4096.0,0.0,0.0,0.0,0.0,0.0,0.0,16384.000000000004,65536.00000000001,65536.00000000001,0.0,65536.00000000001,446195.23359580047,0.0,0.0
2023-05,0,0,0,0,6481103.368164793,0.0,0.0,5.0,9.0,0.0,0.0,0.0,0.0,8.0,0.0,24.0,0.0,0.0,24.0,0.0,0.0,0.0,87.43820224719101,31.999999999999996,0.0,0.0,0.0,0.0,0.0,0.0,191.99999999999994,0.0,127.99999999999999,127.99999999999999,0.0,10752.0,0.0,1024.0,512.0,512.0,255512.67663617517,12451.2,12451.2,12451.2,3579.8598382749324,0.0,0.0,8192.0,0.0,40960.0,0.0,212992.0,0.0,32768.0,8192.0,0.0,0.0,0.0,0.0,0.0,0.0,32768.00000000001,131072.00000000003,65536.00000000001,0.0,65536.00000000001,446195.23359580047,0.0,223097.61679790023
2023-06,0,0,0,0,7038898.601760594,0.0,0.0,5.0,9.0,1.0,0.0,0.0,0.0,4.0,0.0,24.0,0.0,0.0,16.0,0.0,0.0,0.0,87.43820224719101,31.999999999999996,0.0,0.0,0.0,0.0,0.0,0.0,191.99999999999994,0.0,127.99999999999999,127.99999999999999,0.0,11520.0,0.0,1536.0,0.0,0.0,0.0,12451.2,0.0,12451.2,3579.8598382749324,0.0,3579.8598382749324,8192.0,0.0,45056.0,0.0,303104.0,0.0,24576.0,8192.0,0.0,0.0,0.0,0.0,16384.000000000004,0.0,65536.00000000001,65536.00000000001,65536.00000000001,0.0,65536.00000000001,446195.23359580047,0.0,223097.61679790023
2023-07,0,0,0,0,6250656.210285996,0.0,0.0,6.0,3.0,0.0,0.0,0.0,0.0,4.0,0.0,16.0,0.0,0.0,24.0,0.0,0.0,0.0,87.43820224719101,31.999999999999996,0.0,0.0,0.0,0.0,0.0,0.0,191.99999999999994,0.0,127.99999999999999,127.99999999999999,0.0,11520.0,0.0,1024.0,0.0,0.0,0.0,12451.2,0.0,12451.2,3579.8598382749324,0.0,0.0,4096.0,0.0,40960.0,0.0,155648.0,0.0,32768.0,8192.0,0.0,0.0,0.0,0.0,0.0,0.0,32768.00000000001,65536.00000000001,65536.00000000001,0.0,0.0,446195.23359580047,0.0,0.0
2023-08,0,0,0,0,7157658.321437144,0.0,0.0,5.0,6.0,0.0,0.0,0.0,0.0,4.0,0.0,16.0,0.0,0.0,24.0,0.0,0.0,0.0,87.43820224719101,31.999999999999996,0.0,0.0,0.0,0.0,0.0,0.0,319.99999999999994,0.0,127.99999999999999,127.99999999999999,0.0,11776.0,0.0,1024.0,0.0,0.0,271896.6766361752,12451.2,0.0,12451.2,3579.8598382749324,0.0,3579.8598382749324,4096.0,0.0,36864.0,0.0,163840.0,0.0,24576.0,8192.0,0.0,0.0,0.0,0.0,0.0,0.0,32768.00000000001,65536.00000000001,65536.00000000001,0.0,32768.00000000001,446195.23359580047,0.0,0.0
2023-09,0,0,0,0,6257815.929962546,0.0,0.0,5.0,6.0,0.0,0.0,0.0,0.0,4.0,0.0,16.0,0.0,0.0,24.0,0.0,0.0,0.0,87.43820224719101,31.999999999999996,0.0,0.0,0.0,0.0,0.0,0.0,191.99999999999994,0.0,0.0,127.99999999999999,0.0,10240.0,0.0,1024.0,512.0,512.0,271896.6766361752,12451.2,0.0,12451.2,3579.8598382749324,0.0,3579.8598382749324,8192.0,0.0,36864.0,0.0,180224.0,0.0,16384.0,8192.0,0.0,246139.55212355216,0.0,0.0,0.0,0.0,32768.00000000001,65536.00000000001,65536.00000000001,0.0,32768.00000000001,446195.23359580047,0.0,0.0
2023-10,0,0,0,0,5692860.9766901955,0.0,0.0,5.0,6.0,0.0,0.0,0.0,0.0,4.0,0.0,16.0,0.0,0.0,16.0,0.0,0.0,0.0,87.43820224719101,31.999999999999996,0.0,0.0,0.0,0.0,0.0,0.0,191.99999999999994,0.0,63.99999999999999,255.99999999999997,0.0,9728.0,0.0,1024.0,256.0,512.0,0.0,12451.2,0.0,12451.2,3579.8598382749324,0.0,3579.8598382749324,4096.0,0.0,32768.0,0.0,196608.0,0.0,24576.0,8192.0,0.0,0.0,0.0,0.0,0.0,0.0,32768.00000000001,65536.00000000001,65536.00000000001,0.0,32768.00000000001,446195.23359580047,0.0,223097.61679790023
2023-11,0,0,0,0,6369415.929962546,0.0,0.0,6.0,6.0,0.0,0.0,0.0,0.0,4.0,0.0,16.0,0.0,0.0,16.0,0.0,0.0,0.0,87.43820224719101,31.999999999999996,0.0,0.0,0.0,0.0,0.0,0.0,255.99999999999994,0.0,63.99999999999999,127.99999999999999,0.0,9216.0,0.0,1024.0,0.0,0.0,0.0,12451.2,0.0,12451.2,3579.8598382749324,0.0,0.0,8192.0,0.0,36864.0,0.0,245760.0,0.0,40960.0,8192.0,0.0,0.0,0.0,0.0,0.0,0.0,32768.00000000001,65536.00000000001,65536.00000000001,0.0,65536.00000000001,446195.23359580047,0.0,223097.61679790023
2023-12,0,0,0,0,6250656.210285996,0.0,0.0,6.0,6.0,0.0,0.0,0.0,0.0,4.0,0.0,16.0,0.0,0.0,24.0,0.0,0.0,0.0,87.43820224719101,31.999999999999996,0.0,31.999999999999996,0.0,0.0,0.0,0.0,255.99999999999994,0.0,63.99999999999999,127.99999999999999,0.0,9984.0,0.0,512.0,0.0,512.0,0.0,12451.2,0.0,12451.2,3579.8598382749324,0.0,0.0,8192.0,0.0,32768.0,0.0,114688.0,0.0,24576.0,8192.0,0.0,0.0,0.0,0.0,0.0,0.0,16384.000000000004,65536.00000000001,65536.00000000001,0.0,0.0,446195.23359580047,0.0,0.0
2024-01,0,0,0,0,5581260.9766901955,0.0,0.0,5.0,3.0,0.0,0.0,0.0,0.0,4.0,0.0,16.0,0.0,0.0,24.0,0.0,0.0,0.0,87.43820224719101,31.999999999999996,0.0,0.0,0.0,0.0,0.0,0.0,255.99999999999994,0.0,0.0,127.99999999999999,0.0,10752.0,0.0,1024.0,256.0,512.0,0.0,12451.2,0.0,12451.2,3579.8598382749324,0.0,0.0,8192.0,0.0,36864.0,0.0,139264.0,0.0,32768.0,8192.0,0.0,0.0,0.0,0.0,0.0,0.0,32768.00000000001,65536.00000000001,131072.00000000003,0.0,0.0,446195.23359580047,0.0,0.0
2024-02,0,0,0,0,6369415.929962546,0.0,1.0,6.0,6.0,0.0,0.0,0.0,0.0,4.0,0.0,16.0,0.0,0.0,24.0,0.0,0.0,0.0,87.43820224719101,31.999999999999996,0.0,0.0,0.0,0.0,0.0,0.0,255.99999999999994,0.0,127.99999999999999,127.99999999999999,0.0,10752.0,0.0,1536.0,0.0,512.0,271896.6766361752,12451.2,0.0,12451.2,3579.8598382749324,0.0,0.0,8192.0,0.0,36864.0,0.0,204800.0,0.0,49152.0,8192.0,0.0,0.0,0.0,0.0,0.0,0.0,32768.00000000001,65536.00000000001,131072.00000000003,0.0,65536.00000000001,446195.23359580047,0.0,0.0
2024-03,0,0,0,0,6257815.929962546,0.0,0.0,9.0,6.0,0.0,0.0,0.0,0.0,4.0,0.0,16.0,0.0,0.0,24.0,0.0,0.0,0.0,87.43820224719101,0.0,0.0,31.999999999999996,0.0,0.0,0.0,0.0,255.99999999999994,0.0,0.0,127.99999999999999,0.0,11776.0,0.0,1024.0,512.0,512.0,0.0,12451.2,0.0,12451.2,3579.8598382749324,0.0,0.0,4096.0,0.0,40960.0,0.0,163840.0,0.0,49152.0,8192.0,0.0,0.0,0.0,0.0,0.0,0.0,32768.00000000001,65536.00000000001,65536.00000000001,0.0,65536.00000000001,446195.23359580047,0.0,223097.61679790023
2024-04,0,0,0,0,4904618.585215598,0.0,0.0,6.0,6.0,0.0,0.0,0.0,0.0,4.0,0.0,8.0,0.0,0.0,16.0,0.0,0.0,0.0,87.43820224719101,31.999999999999996,0.0,0.0,0.0,0.0,0.0,0.0,191.99999999999994,0.0,127.99999999999999,255.99999999999997,0.0,10752.0,0.0,512.0,512.0,512.0,0.0,12451.2,0.0,12451.2,3579.8598382749324,0.0,0.0,4096.0,0.0,36864.0,0.0,106496.0,0.0,32768.0,8192.0,246139.55212355216,0.0,0.0,0.0,0.0,0.0,32768.00000000001,65536.00000000001,65536.00000000001,0.0,32768.00000000001,446195.23359580047,0.0,0.0
2024-05,0,0,0,0,5692860.9766901955,0.0,0.0,6.0,6.0,0.0,0.0,0.0,0.0,12.0,2.0,16.0,0.0,0.0,24.0,0.0,0.0,0.0,87.43820224719101,31.999999999999996,0.0,15.999999999999998,0.0,0.0,0.0,0.0,191.99999999999994,0.0,63.99999999999999,255.99999999999997,0.0,9984.0,0.0,1024.0,0.0,512.0,0.0,12451.2,0.0,12451.2,3579.8598382749324,0.0,0.0,8192.0,2048.0,36864.0,0.0,188416.0,0.0,24576.0,4096.0,0.0,0.0,0.0,0.0,0.0,0.0,0.0,32768.00000000001,65536.00000000001,0.0,0.0,446195.23359580047,0.0,0.0
2024-06,0,0,0,0,4904618.585215598,0.0,0.0,5.0,6.0,0.0,0.0,0.0,0.0,8.0,0.0,16.0,4.0,0.0,16.0,0.0,0.0,0.0,87.43820224719101,0.0,0.0,0.0,0.0,0.0,0.0,0.0,191.99999999999994,0.0,63.99999999999999,255.99999999999997,0.0,9984.0,0.0,1024.0,0.0,512.0,0.0,12451.2,0.0,12451.2,3579.8598382749324,0.0,0.0,4096.0,0.0,40960.0,0.0,139264.0,0.0,32768.0,8192.0,0.0,0.0,0.0,0.0,0.0,0.0,32768.00000000001,65536.00000000001,65536.00000000001,0.0,32768.00000000001,446195.23359580047,0.0,0.0
2024-07,0,0,0,0,5581260.9766901955,0.0,0.0,5.0,6.0,0.0,0.0,0.0,0.0,4.0,0.0,16.0,8.0,0.0,24.0,0.0,0.0,0.0,87.43820224719101,0.0,0.0,0.0,0.0,0.0,0.0,0.0,255.99999999999994,0.0,0.0,255.99999999999997,0.0,10240.0,0.0,1024.0,512.0,512.0,0.0,12451.2,0.0,12451.2,3579.8598382749324,0.0,0.0,4096.0,0.0,36864.0,0.0,163840.0,0.0,16384.0,8192.0,0.0,0.0,0.0,0.0,0.0,0.0,32768.00000000001,65536.00000000001,0.0,0.0,0.0,446195.23359580047,223097.61679790023,223097.61679790023
2024-08,0,0,0,0,6257815.929962546,0.0,0.0,6.0,6.0,0.0,0.0,0.0,0.0,4.0,0.0,8.0,8.0,0.0,16.0,0.0,0.0,0.0,87.43820224719101,15.999999999999998,0.0,0.0,0.0,0.0,0.0,0.0,255.99999999999994,0.0,127.99999999999999,127.99999999999999,0.0,12544.0,0.0,512.0,0.0,512.0,271896.6766361752,12451.2,0.0,12451.2,3579.8598382749324,0.0,0.0,4096.0,0.0,45056.0,0.0,90112.0,0.0,16384.0,8192.0,0.0,0.0,0.0,0.0,0.0,0.0,32768.00000000001,65536.00000000001,65536.00000000001,0.0,0.0,223097.61679790023,223097.61679790023,0.0
2024-09,0,0,0,0,6481103.368164793,0.0,0.0,6.0,6.0,0.0,0.0,0.0,0.0,4.0,0.0,16.0,8.0,0.0,32.0,0.0,0.0,0.0,87.43820224719101,15.999999999999998,0.0,0.0,0.0,0.0,0.0,0.0,255.99999999999994,0.0,63.99999999999999,255.99999999999997,0.0,12800.0,0.0,1024.0,0.0,0.0,0.0,12451.2,0.0,12451.2,3579.8598382749324,0.0,0.0,8192.0,0.0,40960.0,0.0,147456.0,0.0,16384.0,8192.0,0.0,0.0,0.0,0.0,0.0,0.0,32768.00000000001,65536.00000000001,65536.00000000001,0.0,65536.00000000001,446195.23359580047,0.0,0.0
2024-10,0,0,0,0,6481103.368164793,0.0,0.0,7.0,6.0,0.0,0.0,0.0,0.0,4.0,0.0,16.0,0.0,0.0,24.0,0.0,0.0,0.0,87.43820224719101,31.999999999999996,0.0,0.0,0.0,0.0,0.0,0.0,255.99999999999994,0.0,127.99999999999999,255.99999999999997,0.0,12032.0,0.0,1024.0,0.0,512.0,0.0,12451.2,0.0,12451.2,3579.8598382749324,0.0,0.0,4096.0,0.0,40960.0,0.0,204800.0,0.0,24576.0,8192.0,0.0,0.0,0.0,0.0,0.0,0.0,32768.00000000001,65536.00000000001,65536.00000000001,0.0,65536.00000000001,446195.23359580047,0.0,223097.61679790023
2024-11,0,0,0,0,6257815.929962546,0.0,0.0,7.0,6.0,0.0,0.0,0.0,0.0,4.0,0.0,16.0,4.0,0.0,24.0,0.0,0.0,0.0,87.43820224719101,31.999999999999996,0.0,31.999999999999996,0.0,0.0,0.0,0.0,319.99999999999994,0.0,127.99999999999999,255.99999999999997,0.0,11776.0,0.0,1536.0,256.0,512.0,0.0,12451.2,0.0,12451.2,3579.8598382749324,0.0,3579.8598382749324,8192.0,0.0,36864.0,0.0,278528.0,0.0,24576.0,8192.0,0.0,0.0,0.0,0.0,0.0,0.0,32768.00000000001,65536.00000000001,131072.00000000003,0.0,65536.00000000001,446195.23359580047,0.0,223097.61679790023
2024-12,0,0,0,0,6257815.929962546,0.0,0.0,7.0,6.0,0.0,0.0,0.0,0.0,4.0,0.0,16.0,8.0,0.0,24.0,0.0,0.0,0.0,87.43820224719101,31.999999999999996,0.0,0.0,0.0,0.0,0.0,0.0,255.99999999999994,0.0,127.99999999999999,383.99999999999994,0.0,12032.0,0.0,1536.0,512.0,512.0,271896.6766361752,12451.2,0.0,12451.2,3579.8598382749324,0.0,0.0,8192.0,0.0,45056.0,4096.0,196608.0,0.0,24576.0,0.0,0.0,0.0,0.0,0.0,0.0,0.0,32768.00000000001,65536.00000000001,65536.00000000001,0.0,65536.00000000001,446195.23359580047,0.0,0.0
2025-01,0,0,0,0,5692860.9766901955,0.0,0.0,5.0,6.0,0.0,0.0,0.0,0.0,4.0,0.0,16.0,8.0,0.0,24.0,0.0,0.0,0.0,87.43820224719101,31.999999999999996,0.0,31.999999999999996,0.0,0.0,0.0,0.0,319.99999999999994,0.0,127.99999999999999,255.99999999999997,0.0,10752.0,0.0,1024.0,256.0,512.0,0.0,12451.2,0.0,12451.2,3579.8598382749324,0.0,0.0,8192.0,0.0,36864.0,4096.0,180224.0,0.0,24576.0,8192.0,0.0,0.0,0.0,0.0,0.0,0.0,0.0,65536.00000000001,131072.00000000003,0.0,0.0,446195.23359580047,0.0,223097.61679790023
2025-02,0,0,0,0,5581260.9766901955,0.0,0.0,6.0,6.0,0.0,0.0,0.0,0.0,8.0,0.0,16.0,0.0,0.0,16.0,0.0,0.0,0.0,87.43820224719101,31.999999999999996,0.0,0.0,0.0,0.0,0.0,0.0,255.99999999999994,0.0,0.0,255.99999999999997,0.0,11264.0,0.0,1024.0,0.0,512.0,0.0,12451.2,0.0,12451.2,3579.8598382749324,0.0,0.0,8192.0,0.0,40960.0,4096.0,204800.0,0.0,16384.0,8192.0,0.0,0.0,0.0,0.0,0.0,0.0,32768.00000000001,65536.00000000001,65536.00000000001,0.0,32768.00000000001,446195.23359580047,0.0,223097.61679790023
2025-03,0,0,0,0,5581260.9766901955,0.0,0.0,7.0,3.0,2.0,0.0,0.0,0.0,4.0,0.0,8.0,0.0,0.0,24.0,0.0,0.0,0.0,87.43820224719101,15.999999999999998,0.0,0.0,0.0,0.0,0.0,0.0,255.99999999999994,0.0,0.0,255.99999999999997,0.0,13312.0,0.0,1024.0,256.0,512.0,0.0,12451.2,0.0,0.0,3579.8598382749324,0.0,0.0,4096.0,0.0,40960.0,0.0,98304.0,0.0,16384.0,0.0,0.0,0.0,0.0,0.0,0.0,0.0,0.0,65536.00000000001,65536.00000000001,0.0,65536.00000000001,446195.23359580047,0.0,0.0
2025-04,0,0,0,0,5469660.9766901955,0.0,0.0,7.0,6.0,1.0,0.0,0.0,0.0,4.0,0.0,16.0,8.0,0.0,16.0,0.0,0.0,0.0,87.43820224719101,0.0,0.0,31.999999999999996,0.0,0.0,0.0,0.0,255.99999999999994,0.0,127.99999999999999,127.99999999999999,0.0,11008.0,0.0,512.0,0.0,512.0,271896.6766361752,12451.2,0.0,12451.2,3579.8598382749324,0.0,0.0,4096.0,0.0,40960.0,0.0,131072.0,0.0,49152.0,0.0,0.0,0.0,0.0,0.0,0.0,0.0,32768.00000000001,65536.00000000001,65536.00000000001,0.0,0.0,446195.23359580047,0.0,0.0
2025-05,0,0,0,0,5469660.9766901955,0.0,0.0,6.0,6.0,0.0,2.0,0.0,0.0,8.0,0.0,16.0,0.0,0.0,16.0,0.0,0.0,0.0,87.43820224719101,31.999999999999996,0.0,0.0,0.0,0.0,0.0,0.0,191.99999999999994,0.0,127.99999999999999,255.99999999999997,0.0,11264.0,0.0,1024.0,0.0,512.0,0.0,12451.2,0.0,12451.2,3579.8598382749324,0.0,0.0,4096.0,0.0,49152.0,0.0,163840.0,0.0,24576.0,8192.0,0.0,0.0,0.0,0.0,0.0,0.0,32768.00000000001,65536.00000000001,65536.00000000001,0.0,65536.00000000001,446195.23359580047,0.0,0.0
2025-06,0,0,0,0,5469660.9766901955,0.0,0.0,6.0,3.0,0.0,0.0,0.0,0.0,4.0,0.0,8.0,0.0,0.0,16.0,0.0,0.0,0.0,87.43820224719101,15.999999999999998,0.0,0.0,0.0,0.0,0.0,0.0,191.99999999999994,0.0,127.99999999999999,255.99999999999997,0.0,12288.0,0.0,1024.0,512.0,0.0,0.0,12451.2,0.0,0.0,3579.8598382749324,0.0,0.0,4096.0,0.0,45056.0,0.0,139264.0,0.0,16384.0,8192.0,0.0,0.0,0.0,0.0,0.0,0.0,32768.00000000001,65536.00000000001,65536.00000000001,0.0,65536.00000000001,223097.61679790023,0.0,0.0
2025-07,0,0,0,0,4793018.585215598,0.0,0.0,7.0,6.0,0.0,0.0,0.0,0.0,4.0,0.0,16.0,0.0,0.0,24.0,0.0,0.0,0.0,87.43820224719101,31.999999999999996,0.0,31.999999999999996,0.0,0.0,0.0,0.0,255.99999999999994,0.0,63.99999999999999,383.99999999999994,0.0,14336.0,0.0,1024.0,512.0,512.0,0.0,12451.2,0.0,12451.2,3579.8598382749324,0.0,3579.8598382749324,4096.0,0.0,49152.0,0.0,270336.0,0.0,24576.0,8192.0,0.0,0.0,0.0,0.0,0.0,0.0,32768.00000000001,65536.00000000001,131072.00000000003,0.0,32768.00000000001,446195.23359580047,0.0,223097.61679790023
2025-08,0,0,0,0,5358060.9766901955,0.0,0.0,8.0,6.0,1.0,0.0,0.0,0.0,12.0,0.0,16.0,8.0,0.0,24.0,0.0,0.0,0.0,87.43820224719101,31.999999999999996,0.0,31.999999999999996,0.0,0.0,0.0,31.999999999999993,319.99999999999994,0.0,127.99999999999999,255.99999999999997,0.0,15360.0,0.0,1024.0,512.0,512.0,0.0,12451.2,0.0,12451.2,3579.8598382749324,0.0,0.0,8192.0,0.0,49152.0,0.0,237568.0,0.0,24576.0,8192.0,0.0,0.0,0.0,0.0,0.0,0.0,32768.00000000001,65536.00000000001,65536.00000000001,0.0,65536.00000000001,446195.23359580047,0.0,223097.61679790023
2025-09,0,0,0,0,4793018.585215598,0.5,0.5,8.0,6.0,1.0,1.0,0.0,0.0,16.0,2.0,16.0,4.0,0.0,24.0,0.0,0.0,43.71910112359551,87.43820224719101,31.999999999999996,0.0,15.999999999999998,15.999999999999998,0.0,0.0,0.0,255.99999999999994,0.0,127.99999999999999,127.99999999999999,0.0,15872.0,0.0,1024.0,512.0,512.0,255512.67663617517,12451.2,0.0,12451.2,3579.8598382749324,3579.8598382749324,3579.8598382749324,8192.0,0.0,49152.0,0.0,270336.0,0.0,24576.0,8192.0,0.0,0.0,0.0,0.0,0.0,0.0,32768.00000000001,65536.00000000001,65536.00000000001,0.0,65536.00000000001,446195.23359580047,223097.61679790023,223097.61679790023
