Month,বড়দিন,ঈদে মিলাদুন্নবী,আশুরা,হিজরী,Email,হিজরত,চেহল্লুম,চল্লিশা,নওরোজ,ইস্টার,কল্যাণ,অবসর,পেনশন,দান,ভাতা,যাকাত,জাকাত,রমজান,ঈদুল ফিতর,ঈদুল আজহা,ক্রিসমাস
2004-01,0,0.0,0.0,0.0,0.0,0.0,0.0,0.0,0.0,0.0,0.0,0.0,0.0,0.0,0.0,0.0,0.0,0.0,0.0,0.0,0.0
2004-02,0,0.0,0.0,0.0,0.0,0.0,0.0,0.0,0.0,0.0,0.0,0.0,0.0,0.0,0.0,0.0,0.0,0.0,0.0,0.0,0.0
2004-03,0,0.0,0.0,0.0,0.0,0.0,0.0,0.0,0.0,0.0,0.0,0.0,0.0,0.0,0.0,0.0,0.0,0.0,0.0,0.0,0.0
2004-04,0,0.0,0.0,0.0,0.0,0.0,0.0,0.0,0.0,0.0,0.0,0.0,0.0,0.0,0.0,0.0,0.0,0.0,0.0,0.0,0.0
2004-05,0,0.0,0.0,0.0,0.0,0.0,0.0,0.0,0.0,0.0,0.0,0.0,0.0,0.0,0.0,0.0,0.0,0.0,0.0,0.0,0.0
2004-06,0,0.0,0.0,0.0,0.0,0.0,0.0,0.0,0.0,0.0,0.0,0.0,0.0,0.0,0.0,0.0,0.0,0.0,0.0,0.0,0.0
2004-07,0,0.0,0.0,0.0,0.0,0.0,0.0,0.0,0.0,0.0,0.0,0.0,0.0,0.0,0.0,0.0,0.0,0.0,0.0,0.0,0.0
2004-08,0,0.0,0.0,0.0,0.0,0.0,0.0,0.0,0.0,0.0,0.0,0.0,0.0,0.0,0.0,0.0,0.0,0.0,0.0,0.0,0.0
2004-09,0,0.0,0.0,0.0,0.0,0.0,0.0,0.0,0.0,0.0,0.0,0.0,0.0,0.0,0.0,0.0,0.0,0.0,0.0,0.0,0.0
2004-10,0,0.0,0.0,0.0,0.0,0.0,0.0,0.0,0.0,0.0,0.0,0.0,0.0,0.0,0.0,0.0,0.0,0.0,0.0,0.0,0.0
2004-11,0,0.0,0.0,0.0,0.0,0.0,0.0,0.0,0.0,0.0,0.0,0.0,0.0,0.0,0.0,0.0,0.0,0.0,0.0,0.0,0.0
2004-12,0,0.0,0.0,0.0,0.0,0.0,0.0,0.0,0.0,0.0,0.0,0.0,0.0,0.0,0.0,0.0,0.0,0.0,0.0,0.0,0.0
2005-01,0,0.0,0.0,0.0,0.0,0.0,0.0,0.0,0.0,0.0,0.0,0.0,0.0,0.0,0.0,0.0,0.0,0.0,0.0,0.0,0.0
2005-02,0,0.0,0.0,0.0,0.0,0.0,0.0,0.0,0.0,0.0,0.0,0.0,0.0,0.0,0.0,0.0,0.0,0.0,0.0,0.0,0.0
2005-03,0,0.0,0.0,0.0,0.0,0.0,0.0,0.0,0.0,0.0,0.0,0.0,0.0,0.0,0.0,0.0,0.0,0.0,0.0,0.0,0.0
2005-04,0,0.0,0.0,0.0,0.0,0.0,0.0,0.0,0.0,0.0,0.0,0.0,0.0,0.0,0.0,0.0,0.0,0.0,0.0,0.0,0.0
2005-05,0,0.0,0.0,0.0,0.0,0.0,0.0,0.0,0.0,0.0,0.0,0.0,0.0,0.0,0.0,0.0,0.0,0.0,0.0,0.0,0.0
2005-06,0,0.0,0.0,0.0,0.0,0.0,0.0,0.0,0.0,0.0,0.0,0.0,0.0,0.0,0.0,0.0,0.0,0.0,0.0,0.0,0.0
2005-07,0,0.0,0.0,0.0,0.0,0.0,0.0,0.0,0.0,0.0,0.0,0.0,0.0,0.0,0.0,0.0,0.0,0.0,0.0,0.0,0.0
2005-08,0,0.0,0.0,0.0,0.0,0.0,0.0,0.0,0.0,0.0,0.0,0.0,0.0,0.0,0.0,0.0,0.0,0.0,0.0,0.0,0.0
2005-09,0,0.0,0.0,0.0,0.0,0.0,0.0,0.0,0.0,0.0,0.0,0.0,0.0,0.0,0.0,0.0,0.0,0.0,0.0,0.0,0.0
2005-10,0,0.0,0.0,0.0,0.0,0.0,0.0,0.0,0.0,0.0,0.0,0.0,0.0,0.0,0.0,0.0,0.0,0.0,0.0,0.0,0.0
2005-11,0,0.0,0.0,0.0,0.0,0.0,0.0,0.0,0.0,0.0,0.0,0.0,0.0,0.0,0.0,0.0,0.0,0.0,0.0,0.0,0.0
2005-12,0,0.0,0.0,0.0,0.0,0.0,0.0,0.0,0.0,0.0,0.0,0.0,0.0,0.0,0.0,0.0,0.0,0.0,0.0,0.0,0.0
2006-01,0,0.0,0.0,0.0,0.0,0.0,0.0,0.0,0.0,0.0,0.0,0.0,0.0,0.0,0.0,0.0,0.0,0.0,0.0,0.0,0.0
2006-02,0,0.0,0.0,0.0,0.0,0.0,0.0,0.0,0.0,0.0,0.0,0.0,0.0,0.0,0.0,0.0,0.0,0.0,0.0,0.0,0.0
2006-03,0,0.0,0.0,0.0,0.0,0.0,0.0,0.0,0.0,0.0,0.0,0.0,0.0,0.0,0.0,0.0,0.0,0.0,0.0,0.0,0.0
2006-04,0,0.0,0.0,0.0,0.0,0.0,0.0,0.0,0.0,0.0,0.0,0.0,0.0,0.0,0.0,0.0,0.0,0.0,0.0,0.0,0.0
2006-05,0,0.0,0.0,0.0,0.0,0.0,0.0,0.0,0.0,0.0,0.0,0.0,0.0,0.0,0.0,0.0,0.0,0.0,0.0,0.0,0.0
2006-06,0,0.0,0.0,0.0,0.0,0.0,0.0,0.0,0.0,0.0,0.0,0.0,0.0,0.0,0.0,0.0,0.0,0.0,0.0,0.0,0.0
2006-07,0,0.0,0.0,0.0,0.0,0.0,0.0,0.0,0.0,0.0,0.0,0.0,0.0,0.0,0.0,0.0,0.0,0.0,0.0,0.0,0.0
2006-08,0,0.0,0.0,0.0,0.0,0.0,0.0,0.0,0.0,0.0,0.0,0.0,0.0,0.0,0.0,0.0,0.0,0.0,0.0,0.0,0.0
2006-09,0,0.0,0.0,0.0,0.0,0.0,0.0,0.0,0.0,0.0,0.0,0.0,0.0,0.0,0.0,0.0,0.0,0.0,0.0,0.0,0.0
2006-10,0,0.0,0.0,0.0,0.0,0.0,0.0,0.0,0.0,0.0,0.0,0.0,0.0,0.0,0.0,0.0,0.0,0.0,0.0,0.0,0.0
2006-11,0,0.0,0.0,0.0,0.0,0.0,0.0,0.0,0.0,0.0,0.0,0.0,0.0,0.0,0.0,0.0,0.0,0.0,0.0,0.0,0.0
2006-12,0,0.0,0.0,0.0,0.0,0.0,0.0,0.0,0.0,0.0,0.0,0.0,0.0,0.0,0.0,0.0,0.0,0.0,0.0,0.0,0.0
2007-01,0,0.0,0.0,0.0,0.0,0.0,0.0,0.0,0.0,0.0,0.0,0.0,0.0,0.0,0.0,0.0,0.0,0.0,0.0,0.0,0.0
2007-02,0,0.0,0.0,0.0,0.0,0.0,0.0,0.0,0.0,0.0,0.0,0.0,0.0,0.0,0.0,0.0,0.0,0.0,0.0,0.0,0.0
2007-03,0,0.0,0.0,0.0,0.0,0.0,0.0,0.0,0.0,0.0,0.0,0.0,0.0,0.0,0.0,0.0,0.0,0.0,0.0,0.0,0.0
2007-04,0,0.0,0.0,0.0,0.0,0.0,0.0,0.0,0.0,0.0,0.0,0.0,0.0,0.0,0.0,0.0,0.0,0.0,0.0,0.0,0.0
2007-05,0,0.0,0.0,0.0,0.0,0.0,0.0,0.0,0.0,0.0,0.0,0.0,0.0,0.0,0.0,0.0,0.0,0.0,0.0,0.0,0.0
2007-06,0,0.0,0.0,0.0,0.0,0.0,0.0,0.0,0.0,0.0,0.0,0.0,0.0,0.0,0.0,0.0,0.0,0.0,0.0,0.0,0.0
2007-07,0,0.0,0.0,0.0,0.0,0.0,0.0,0.0,0.0,0.0,0.0,0.0,0.0,0.0,0.0,0.0,0.0,0.0,0.0,0.0,0.0
2007-08,0,0.0,0.0,0.0,0.0,0.0,0.0,0.0,0.0,0.0,0.0,0.0,0.0,0.0,0.0,0.0,0.0,0.0,0.0,0.0,0.0
2007-09,0,0.0,0.0,0.0,0.0,0.0,0.0,0.0,0.0,0.0,0.0,0.0,0.0,0.0,0.0,0.0,0.0,0.0,0.0,0.0,0.0
2007-10,0,0.0,0.0,0.0,0.0,0.0,0.0,0.0,0.0,0.0,0.0,0.0,0.0,0.0,0.0,0.0,0.0,0.0,0.0,0.0,0.0
2007-11,0,0.0,0.0,0.0,0.0,0.0,0.0,0.0,0.0,0.0,0.0,0.0,0.0,0.0,0.0,0.0,0.0,0.0,0.0,0.0,0.0
2007-12,0,0.0,0.0,0.0,0.0,0.0,0.0,0.0,0.0,0.0,0.0,0.0,0.0,0.0,0.0,0.0,0.0,0.0,0.0,0.0,0.0
2008-01,0,0.0,0.0,0.0,0.0,0.0,0.0,0.0,0.0,0.0,0.0,0.0,0.0,0.0,0.0,0.0,0.0,0.0,0.0,0.0,0.0
2008-02,0,0.0,0.0,0.0,0.0,0.0,0.0,0.0,0.0,0.0,0.0,0.0,0.0,0.0,0.0,0.0,0.0,0.0,0.0,0.0,0.0
2008-03,0,0.0,0.0,0.0,0.0,0.0,0.0,0.0,0.0,0.0,0.0,0.0,0.0,0.0,0.0,0.0,0.0,0.0,0.0,0.0,0.0
2008-04,0,0.0,0.0,0.0,0.0,0.0,0.0,0.0,0.0,0.0,0.0,0.0,0.0,0.0,0.0,0.0,0.0,0.0,0.0,0.0,0.0
2008-05,0,0.0,0.0,0.0,0.0,0.0,0.0,0.0,0.0,0.0,0.0,0.0,0.0,0.0,0.0,0.0,0.0,0.0,0.0,0.0,0.0
2008-06,0,0.0,0.0,0.0,0.0,0.0,0.0,0.0,0.0,0.0,0.0,0.0,0.0,0.0,0.0,0.0,0.0,0.0,0.0,0.0,0.0
2008-07,0,0.0,0.0,0.0,0.0,0.0,0.0,0.0,0.0,0.0,0.0,0.0,0.0,0.0,0.0,0.0,0.0,0.0,0.0,0.0,0.0
2008-08,0,0.0,0.0,0.0,0.0,0.0,0.0,0.0,0.0,0.0,0.0,0.0,0.0,0.0,0.0,0.0,0.0,0.0,0.0,0.0,0.0
2008-09,0,0.0,0.0,0.0,0.0,0.0,0.0,0.0,0.0,0.0,0.0,0.0,0.0,0.0,0.0,0.0,0.0,0.0,0.0,0.0,0.0
2008-10,0,0.0,0.0,0.0,0.0,0.0,0.0,0.0,0.0,0.0,0.0,0.0,0.0,0.0,0.0,0.0,0.0,0.0,0.0,0.0,0.0
2008-11,0,0.0,0.0,0.0,0.0,0.0,0.0,0.0,0.0,0.0,0.0,0.0,0.0,0.0,0.0,0.0,0.0,0.0,0.0,0.0,0.0
2008-12,0,0.0,0.0,0.0,0.0,0.0,0.0,0.0,0.0,0.0,0.0,0.0,0.0,0.0,0.0,0.0,0.0,0.0,0.0,0.0,0.0
2009-01,0,0.0,0.0,0.0,0.0,0.0,0.0,0.0,0.0,0.0,0.0,0.0,0.0,0.0,0.0,0.0,0.0,0.0,0.0,0.0,0.0
2009-02,0,0.0,0.0,0.0,0.0,0.0,0.0,0.0,0.0,0.0,0.0,0.0,0.0,0.0,0.0,0.0,0.0,0.0,0.0,0.0,0.0
2009-03,0,0.0,0.0,0.0,0.0,0.0,0.0,0.0,0.0,0.0,0.0,0.0,0.0,0.0,0.0,0.0,0.0,0.0,0.0,0.0,0.0
2009-04,0,0.0,0.0,0.0,0.0,0.0,0.0,0.0,0.0,0.0,0.0,0.0,0.0,0.0,0.0,0.0,0.0,0.0,0.0,0.0,0.0
2009-05,0,0.0,0.0,0.0,0.0,0.0,0.0,0.0,0.0,0.0,0.0,0.0,0.0,0.0,0.0,0.0,0.0,0.0,0.0,0.0,0.0
2009-06,0,0.0,0.0,0.0,0.0,0.0,0.0,0.0,0.0,0.0,0.0,0.0,0.0,0.0,0.0,0.0,0.0,0.0,0.0,0.0,0.0
2009-07,0,0.0,0.0,0.0,0.0,0.0,0.0,0.0,0.0,0.0,0.0,0.0,0.0,0.0,0.0,0.0,0.0,0.0,0.0,0.0,0.0
2009-08,0,0.0,0.0,0.0,0.0,0.0,0.0,0.0,0.0,0.0,0.0,0.0,0.0,0.0,0.0,0.0,0.0,0.0,0.0,0.0,0.0
2009-09,0,0.0,0.0,0.0,0.0,0.0,0.0,0.0,0.0,0.0,0.0,0.0,0.0,0.0,0.0,0.0,0.0,0.0,0.0,0.0,0.0
2009-10,0,0.0,0.0,0.0,0.0,0.0,0.0,0.0,0.0,0.0,0.0,0.0,0.0,0.0,0.0,0.0,0.0,0.0,0.0,0.0,0.0
2009-11,0,0.0,0.0,0.0,0.0,0.0,0.0,0.0,0.0,0.0,0.0,0.0,0.0,0.0,0.0,0.0,0.0,0.0,0.0,0.0,0.0
2009-12,0,0.0,0.0,0.0,0.0,0.0,0.0,0.0,0.0,0.0,0.0,0.0,0.0,0.0,0.0,0.0,0.0,0.0,0.0,0.0,0.0
2010-01,0,0.0,0.0,0.0,0.0,0.0,0.0,0.0,0.0,0.0,0.0,0.0,0.0,0.0,0.0,0.0,0.0,0.0,0.0,0.0,0.0
2010-02,0,0.0,0.0,0.0,0.0,0.0,0.0,0.0,0.0,0.0,0.0,0.0,0.0,0.0,0.0,0.0,0.0,0.0,0.0,0.0,0.0
2010-03,0,0.0,0.0,0.0,0.0,0.0,0.0,0.0,0.0,0.0,0.0,0.0,0.0,0.0,0.0,0.0,0.0,0.0,0.0,0.0,0.0
2010-04,0,0.0,0.0,0.0,0.0,0.0,0.0,0.0,0.0,0.0,0.0,0.0,0.0,0.0,0.0,0.0,0.0,0.0,0.0,0.0,0.0
2010-05,0,0.0,0.0,0.0,0.0,0.0,0.0,0.0,0.0,0.0,0.0,0.0,0.0,0.0,0.0,0.0,0.0,0.0,0.0,0.0,0.0
2010-06,0,0.0,0.0,0.0,0.0,0.0,0.0,0.0,0.0,0.0,0.0,0.0,0.0,0.0,0.0,0.0,0.0,0.0,0.0,0.0,0.0
2010-07,0,0.0,0.0,0.0,0.0,0.0,0.0,0.0,0.0,0.0,0.0,0.0,0.0,0.0,0.0,0.0,0.0,0.0,0.0,0.0,0.0
2010-08,0,0.0,0.0,0.0,0.0,0.0,0.0,0.0,0.0,0.0,0.0,0.0,0.0,0.0,0.0,0.0,0.0,0.0,0.0,0.0,0.0
2010-09,0,0.0,0.0,0.0,0.0,0.0,0.0,0.0,0.0,0.0,0.0,0.0,0.0,0.0,0.0,0.0,0.0,0.0,0.0,0.0,0.0
2010-10,0,0.0,0.0,0.0,0.0,0.0,0.0,0.0,0.0,0.0,0.0,0.0,0.0,0.0,0.0,0.0,0.0,0.0,0.0,0.0,0.0
2010-11,0,0.0,0.0,0.0,0.0,0.0,0.0,0.0,0.0,0.0,0.0,0.0,0.0,0.0,0.0,0.0,0.0,0.0,0.0,0.0,0.0
2010-12,0,0.0,0.0,0.0,0.0,0.0,0.0,0.0,0.0,0.0,0.0,0.0,0.0,0.0,0.0,0.0,0.0,0.0,0.0,0.0,0.0
2011-01,0,0.0,0.0,0.0,0.0,0.0,0.0,0.0,0.0,0.0,0.0,0.0,0.0,0.0,0.0,0.0,0.0,0.0,0.0,0.0,0.0
2011-02,0,0.0,0.0,0.0,0.0,0.0,0.0,0.0,0.0,0.0,0.0,0.0,0.0,0.0,0.0,0.0,0.0,0.0,0.0,0.0,0.0
2011-03,0,0.0,0.0,0.0,0.0,0.0,0.0,0.0,0.0,0.0,0.0,0.0,0.0,0.0,0.0,0.0,0.0,0.0,0.0,0.0,0.0
2011-04,0,0.0,0.0,0.0,0.0,0.0,0.0,0.0,0.0,0.0,0.0,0.0,0.0,0.0,0.0,0.0,0.0,0.0,0.0,0.0,0.0
2011-05,0,0.0,0.0,0.0,0.0,0.0,0.0,0.0,0.0,0.0,0.0,0.0,0.0,0.0,0.0,0.0,0.0,0.0,0.0,0.0,0.0
2011-06,0,0.0,0.0,0.0,0.0,0.0,0.0,0.0,0.0,0.0,0.0,0.0,0.0,0.0,0.0,0.0,0.0,0.0,0.0,0.0,0.0
2011-07,0,0.0,0.0,0.0,0.0,0.0,0.0,0.0,0.0,0.0,0.0,0.0,0.0,0.0,0.0,0.0,0.0,9179.941002949852,0.0,0.0,0.0
2011-08,0,0.0,0.0,0.0,0.0,0.0,0.0,0.0,0.0,0.0,0.0,0.0,0.0,0.0,0.0,0.0,0.0,0.0,0.0,0.0,0.0
2011-09,0,0.0,0.0,0.0,0.0,0.0,0.0,0.0,0.0,0.0,0.0,0.0,0.0,0.0,0.0,0.0,0.0,0.0,0.0,0.0,0.0
2011-10,0,0.0,0.0,0.0,0.0,0.0,0.0,0.0,0.0,0.0,0.0,0.0,0.0,0.0,0.0,0.0,0.0,0.0,0.0,8996.342182890854,0.0
2011-11,0,0.0,0.0,0.0,0.0,0.0,4094.736842105263,0.0,0.0,0.0,0.0,0.0,0.0,0.0,0.0,0.0,0.0,0.0,0.0,0.0,0.0
2011-12,0,0.0,0.0,0.0,0.0,0.0,0.0,0.0,0.0,0.0,0.0,0.0,0.0,0.0,0.0,0.0,0.0,0.0,0.0,0.0,0.0
2012-01,0,0.0,0.0,0.0,0.0,0.0,0.0,0.0,0.0,0.0,0.0,0.0,0.0,0.0,0.0,0.0,0.0,0.0,0.0,0.0,0.0
2012-02,0,0.0,0.0,0.0,0.0,0.0,0.0,0.0,0.0,0.0,0.0,0.0,0.0,0.0,0.0,0.0,0.0,0.0,0.0,0.0,0.0
2012-03,0,0.0,0.0,0.0,0.0,0.0,0.0,0.0,0.0,0.0,0.0,0.0,0.0,0.0,0.0,0.0,0.0,0.0,0.0,0.0,0.0
2012-04,0,0.0,0.0,0.0,0.0,0.0,0.0,0.0,0.0,0.0,0.0,0.0,0.0,0.0,0.0,0.0,0.0,0.0,0.0,0.0,0.0
2012-05,0,0.0,0.0,0.0,0.0,0.0,0.0,0.0,0.0,0.0,0.0,0.0,0.0,0.0,0.0,0.0,0.0,0.0,0.0,0.0,0.0
2012-06,0,0.0,0.0,0.0,0.0,0.0,0.0,0.0,0.0,0.0,0.0,0.0,0.0,0.0,0.0,0.0,0.0,0.0,0.0,0.0,0.0
2012-07,0,0.0,0.0,0.0,0.0,0.0,0.0,0.0,0.0,0.0,0.0,0.0,0.0,0.0,0.0,0.0,0.0,0.0,0.0,0.0,0.0
2012-08,0,0.0,0.0,0.0,0.0,0.0,0.0,0.0,0.0,0.0,0.0,0.0,0.0,0.0,0.0,0.0,0.0,0.0,0.0,0.0,0.0
2012-09,0,0.0,0.0,0.0,0.0,0.0,0.0,0.0,0.0,0.0,0.0,0.0,0.0,0.0,0.0,0.0,0.0,0.0,0.0,0.0,0.0
2012-10,0,0.0,0.0,0.0,0.0,0.0,0.0,0.0,0.0,0.0,0.0,0.0,0.0,0.0,0.0,0.0,0.0,0.0,0.0,0.0,0.0
2012-11,0,0.0,0.0,0.0,0.0,0.0,0.0,0.0,0.0,0.0,0.0,0.0,0.0,0.0,0.0,0.0,0.0,0.0,0.0,0.0,0.0
2012-12,0,0.0,0.0,0.0,0.0,0.0,0.0,0.0,0.0,0.0,0.0,0.0,0.0,0.0,0.0,0.0,0.0,0.0,0.0,0.0,0.0
2013-01,0,0.0,0.0,0.0,0.0,0.0,0.0,0.0,0.0,0.0,0.0,0.0,0.0,0.0,0.0,0.0,0.0,8261.946902654867,0.0,0.0,0.0
2013-02,0,0.0,0.0,0.0,0.0,0.0,0.0,0.0,0.0,0.0,0.0,0.0,0.0,0.0,0.0,0.0,0.0,0.0,0.0,0.0,0.0
2013-03,0,0.0,0.0,0.0,0.0,0.0,0.0,0.0,0.0,0.0,0.0,0.0,0.0,0.0,0.0,0.0,0.0,0.0,0.0,0.0,0.0
2013-04,0,0.0,0.0,0.0,0.0,0.0,0.0,0.0,0.0,0.0,0.0,0.0,0.0,0.0,0.0,0.0,0.0,0.0,0.0,0.0,0.0
2013-05,0,0.0,0.0,0.0,0.0,0.0,0.0,0.0,0.0,0.0,0.0,0.0,0.0,0.0,0.0,0.0,0.0,0.0,0.0,0.0,0.0
2013-06,0,0.0,0.0,0.0,0.0,0.0,0.0,0.0,0.0,0.0,0.0,0.0,0.0,0.0,0.0,0.0,0.0,0.0,0.0,0.0,0.0
2013-07,0,0.0,0.0,0.0,0.0,0.0,0.0,0.0,0.0,2248.5549132947976,0.0,0.0,0.0,0.0,0.0,0.0,0.0,0.0,0.0,0.0,0.0
2013-08,0,0.0,0.0,0.0,0.0,0.0,0.0,0.0,0.0,0.0,0.0,0.0,0.0,0.0,0.0,0.0,0.0,0.0,0.0,0.0,0.0
2013-09,0,0.0,0.0,0.0,0.0,0.0,0.0,0.0,0.0,0.0,0.0,0.0,0.0,0.0,0.0,0.0,0.0,0.0,0.0,0.0,0.0
2013-10,0,0.0,0.0,0.0,0.0,0.0,0.0,0.0,0.0,0.0,0.0,0.0,0.0,0.0,0.0,0.0,0.0,0.0,0.0,0.0,0.0
2013-11,0,0.0,0.0,0.0,0.0,0.0,0.0,0.0,0.0,0.0,0.0,0.0,0.0,0.0,0.0,0.0,0.0,0.0,0.0,0.0,0.0
2013-12,0,0.0,0.0,0.0,0.0,0.0,0.0,0.0,0.0,0.0,0.0,0.0,0.0,0.0,0.0,0.0,0.0,0.0,0.0,0.0,0.0
2014-01,0,0.0,0.0,0.0,0.0,0.0,0.0,0.0,0.0,0.0,0.0,0.0,0.0,0.0,0.0,0.0,0.0,0.0,0.0,0.0,0.0
2014-02,0,0.0,0.0,0.0,0.0,0.0,0.0,0.0,0.0,0.0,0.0,0.0,0.0,0.0,0.0,0.0,0.0,0.0,0.0,0.0,0.0
2014-03,0,0.0,0.0,0.0,0.0,0.0,0.0,0.0,0.0,0.0,0.0,0.0,0.0,0.0,0.0,0.0,0.0,0.0,0.0,0.0,0.0
2014-04,0,0.0,0.0,0.0,0.0,0.0,0.0,0.0,0.0,0.0,0.0,0.0,0.0,0.0,0.0,0.0,0.0,0.0,0.0,0.0,0.0
2014-05,0,0.0,0.0,0.0,0.0,0.0,0.0,0.0,0.0,0.0,0.0,0.0,0.0,0.0,0.0,0.0,0.0,0.0,0.0,0.0,0.0
2014-06,0,0.0,0.0,0.0,0.0,0.0,0.0,0.0,0.0,0.0,0.0,0.0,0.0,0.0,0.0,0.0,0.0,0.0,0.0,0.0,0.0
2014-07,0,0.0,0.0,0.0,0.0,0.0,0.0,0.0,0.0,0.0,0.0,0.0,0.0,0.0,0.0,0.0,0.0,0.0,0.0,0.0,0.0
2014-08,0,0.0,0.0,0.0,0.0,0.0,0.0,0.0,0.0,0.0,0.0,0.0,0.0,0.0,0.0,0.0,0.0,0.0,0.0,0.0,0.0
2014-09,0,0.0,0.0,0.0,0.0,0.0,0.0,0.0,0.0,0.0,0.0,0.0,0.0,0.0,0.0,0.0,0.0,0.0,0.0,0.0,0.0
2014-10,0,0.0,0.0,0.0,0.0,0.0,0.0,0.0,0.0,0.0,0.0,0.0,0.0,0.0,0.0,0.0,0.0,0.0,0.0,0.0,0.0
2014-11,0,0.0,0.0,0.0,0.0,0.0,0.0,0.0,0.0,0.0,0.0,0.0,0.0,0.0,0.0,0.0,0.0,0.0,0.0,0.0,0.0
2014-12,0,0.0,0.0,0.0,0.0,0.0,0.0,0.0,0.0,0.0,0.0,0.0,0.0,0.0,0.0,0.0,0.0,0.0,0.0,0.0,0.0
2015-01,0,0.0,0.0,0.0,0.0,0.0,0.0,0.0,0.0,0.0,0.0,0.0,0.0,0.0,0.0,0.0,0.0,0.0,0.0,0.0,0.0
2015-02,0,0.0,0.0,0.0,0.0,0.0,0.0,0.0,0.0,0.0,0.0,0.0,0.0,0.0,0.0,0.0,0.0,0.0,0.0,0.0,0.0
2015-03,0,0.0,0.0,0.0,0.0,0.0,0.0,0.0,0.0,0.0,0.0,0.0,0.0,0.0,0.0,0.0,0.0,0.0,0.0,0.0,0.0
2015-04,0,0.0,0.0,0.0,0.0,0.0,0.0,0.0,0.0,0.0,0.0,0.0,0.0,0.0,0.0,0.0,0.0,0.0,0.0,0.0,0.0
2015-05,0,0.0,0.0,0.0,0.0,0.0,0.0,0.0,0.0,0.0,0.0,0.0,0.0,0.0,0.0,0.0,0.0,0.0,0.0,0.0,0.0
2015-06,0,0.0,0.0,0.0,0.0,0.0,0.0,0.0,0.0,0.0,0.0,0.0,0.0,0.0,0.0,0.0,0.0,0.0,0.0,0.0,0.0
2015-07,0,0.0,0.0,0.0,0.0,0.0,0.0,0.0,0.0,0.0,0.0,0.0,0.0,0.0,0.0,0.0,0.0,0.0,0.0,0.0,0.0
2015-08,0,0.0,0.0,0.0,0.0,0.0,0.0,0.0,0.0,0.0,0.0,0.0,0.0,0.0,0.0,0.0,0.0,0.0,0.0,0.0,0.0
2015-09,0,0.0,0.0,0.0,3154.328333750638,0.0,0.0,0.0,0.0,0.0,0.0,0.0,0.0,0.0,0.0,0.0,0.0,0.0,0.0,0.0,0.0
2015-10,0,0.0,0.0,0.0,1830.0534249070934,0.0,0.0,0.0,0.0,0.0,0.0,0.0,0.0,0.0,0.0,0.0,0.0,0.0,0.0,0.0,0.0
2015-11,0,0.0,0.0,0.0,2740.349227716588,0.0,0.0,0.0,0.0,0.0,0.0,0.0,0.0,0.0,0.0,0.0,0.0,0.0,0.0,0.0,0.0
2015-12,0,0.0,0.0,0.0,2699.8636785836397,0.0,0.0,0.0,0.0,0.0,0.0,0.0,0.0,0.0,0.0,0.0,0.0,0.0,0.0,0.0,0.0
2016-01,0,0.0,0.0,0.0,1812.0534249070934,0.0,0.0,0.0,0.0,0.0,0.0,0.0,0.0,0.0,0.0,0.0,0.0,0.0,0.0,0.0,0.0
2016-02,0,0.0,0.0,0.0,1297.2749088435448,0.0,0.0,0.0,0.0,0.0,0.0,0.0,0.0,0.0,0.0,0.0,0.0,0.0,0.0,0.0,0.0
2016-03,0,0.0,0.0,0.0,1324.2749088435448,0.0,0.0,0.0,0.0,0.0,0.0,0.0,0.0,0.0,0.0,0.0,0.0,0.0,0.0,0.0,0.0
2016-04,0,0.0,0.0,0.0,1848.0534249070934,0.0,0.0,0.0,0.0,0.0,0.0,0.0,0.0,0.0,0.0,0.0,0.0,0.0,0.0,0.0,0.0
2016-05,0,0.0,0.0,0.0,1265.7893597105967,0.0,0.0,0.0,0.0,0.0,0.0,0.0,0.0,0.0,0.0,0.0,0.0,0.0,0.0,0.0,0.0
2016-06,0,0.0,0.0,0.0,1830.0534249070934,0.0,0.0,0.0,0.0,0.0,0.0,0.0,0.0,0.0,0.0,0.0,0.0,0.0,0.0,0.0,0.0
2016-07,0,0.0,0.0,0.0,1848.0534249070934,0.0,0.0,0.0,0.0,0.0,0.0,0.0,0.0,0.0,0.0,0.0,0.0,0.0,0.0,0.0,0.0
2016-08,0,0.0,0.0,0.0,1484.021687294096,0.0,0.0,0.0,0.0,0.0,0.0,0.0,0.0,0.0,0.0,0.0,0.0,0.0,0.0,0.0,0.0
2016-09,0,0.0,0.0,0.0,869.8102536765464,0.0,0.0,0.0,0.0,0.0,0.0,0.0,0.0,0.0,0.0,0.0,0.0,0.0,0.0,0.0,0.0
2016-10,0,0.0,0.0,0.0,1297.2749088435448,0.0,0.0,0.0,0.0,0.0,0.0,0.0,0.0,0.0,0.0,0.0,0.0,0.0,0.0,0.0,0.0
2016-11,0,0.0,0.0,0.0,1425.0743188730432,0.0,0.0,0.0,0.0,0.0,0.0,0.0,0.0,0.0,0.0,0.0,0.0,0.0,0.0,0.0,0.0
2016-12,0,0.0,0.0,0.0,1106.0425812600456,0.0,0.0,0.0,0.0,0.0,0.0,0.0,0.0,0.0,0.0,0.0,0.0,0.0,0.0,0.0,0.0
2017-01,0,0.0,0.0,0.0,1416.0743188730432,0.0,0.0,0.0,0.0,0.0,0.0,0.0,0.0,0.0,0.0,0.0,0.0,0.0,0.0,0.0,0.0
2017-02,0,0.0,0.0,0.0,1115.0425812600456,0.0,0.0,0.0,0.0,0.0,0.0,0.0,0.0,0.0,0.0,0.0,0.0,0.0,0.0,0.0,0.0
2017-03,0,0.0,0.0,0.0,1115.0425812600456,0.0,0.0,0.0,0.0,0.0,0.0,0.0,0.0,0.0,0.0,0.0,0.0,0.0,0.0,0.0,0.0
2017-04,0,0.0,0.0,0.0,1088.0425812600456,0.0,0.0,0.0,0.0,0.0,0.0,0.0,0.0,0.0,0.0,0.0,0.0,0.0,0.0,0.0,0.0
2017-05,0,0.0,0.0,0.0,960.243171230547,0.0,0.0,0.0,0.0,0.0,0.0,0.0,0.0,0.0,0.0,0.0,0.0,183.59882005899703,0.0,0.0,0.0
2017-06,0,0.0,0.0,0.0,760.010843647048,0.0,0.0,0.0,0.0,0.0,0.0,0.0,0.0,0.0,0.0,0.0,0.0,0.0,0.0,0.0,0.0
2017-07,0,0.0,0.0,0.0,1079.0425812600456,0.0,0.0,0.0,0.0,0.0,0.0,0.0,0.0,0.0,0.0,0.0,0.0,0.0,0.0,0.0,0.0
2017-08,0,0.0,0.0,0.0,1079.0425812600456,0.0,0.0,0.0,0.0,0.0,0.0,0.0,0.0,0.0,0.0,0.0,0.0,0.0,0.0,0.0,0.0
2017-09,0,0.0,0.0,0.0,1106.0425812600456,0.0,0.0,0.0,0.0,0.0,0.0,0.0,0.0,0.0,0.0,0.0,0.0,0.0,0.0,0.0,0.0
2017-10,0,0.0,0.0,0.0,1106.0425812600456,0.0,0.0,0.0,0.0,0.0,0.0,0.0,0.0,0.0,0.0,0.0,0.0,0.0,0.0,0.0,0.0
2017-11,0,0.0,0.0,0.0,1315.2749088435448,0.0,0.0,0.0,0.0,0.0,0.0,0.0,0.0,0.0,0.0,0.0,0.0,0.0,0.0,0.0,0.0
2017-12,0,0.0,0.0,0.0,1297.2749088435448,0.0,0.0,0.0,0.0,0.0,0.0,0.0,0.0,0.0,0.0,0.0,0.0,0.0,0.0,0.0,0.0
2018-01,0,0.0,0.0,0.0,1155.989949681098,0.0,0.0,0.0,0.0,0.0,0.0,0.0,0.0,0.0,0.0,0.0,0.0,0.0,0.0,0.0,0.0
2018-02,0,0.0,0.0,0.0,1493.021687294096,0.0,0.0,0.0,0.0,0.0,0.0,0.0,0.0,0.0,0.0,0.0,0.0,0.0,0.0,0.0,0.0
2018-03,0,0.0,0.0,0.0,1416.0743188730432,0.0,0.0,0.0,0.0,0.0,0.0,0.0,0.0,0.0,0.0,0.0,0.0,0.0,0.0,0.0,0.0
2018-04,0,0.0,0.0,0.0,1416.0743188730432,0.0,0.0,0.0,0.0,0.0,11.242774566473988,0.0,0.0,0.0,0.0,0.0,0.0,0.0,0.0,0.0,0.0
2018-05,0,0.0,0.0,0.0,969.243171230547,0.0,0.0,0.0,0.0,0.0,0.0,0.0,0.0,0.0,0.0,0.0,0.0,275.39823008849555,0.0,0.0,0.0
2018-06,0,0.0,0.0,0.0,860.8102536765464,0.0,0.0,0.0,0.0,0.0,0.0,0.0,0.0,0.0,0.0,0.0,0.0,0.0,0.0,0.0,0.0
2018-07,0,0.0,0.0,0.0,1106.0425812600456,0.0,0.0,0.0,0.0,0.0,0.0,0.0,0.0,0.0,32.0,0.0,0.0,0.0,0.0,0.0,0.0
2018-08,0,0.0,0.0,0.0,960.243171230547,0.0,0.0,0.0,0.0,0.0,0.0,0.0,0.0,0.0,0.0,0.0,0.0,0.0,0.0,0.0,0.0
2018-09,0,0.0,0.0,0.0,1097.0425812600456,0.0,0.0,0.0,0.0,0.0,11.242774566473988,0.0,0.0,0.0,32.0,0.0,0.0,0.0,0.0,0.0,0.0
2018-10,0,0.0,0.0,0.0,969.243171230547,0.0,0.0,0.0,0.0,0.0,0.0,0.0,0.0,0.0,24.0,0.0,0.0,0.0,0.0,0.0,0.0
2018-11,0,0.0,0.0,0.0,1297.2749088435448,0.0,0.0,0.0,0.0,0.0,11.242774566473988,0.0,0.0,0.0,0.0,0.0,0.0,0.0,0.0,0.0,0.0
2018-12,0,0.0,0.0,0.0,1265.7893597105967,0.0,0.0,0.0,0.0,0.0,0.0,0.0,0.0,0.0,0.0,0.0,0.0,0.0,0.0,0.0,0.0
2019-01,0,0.0,0.0,0.0,742.010843647048,0.0,0.0,0.0,0.0,0.0,11.242774566473988,11.242774566473988,0.0,16.378947368421052,8.0,0.0,0.0,0.0,0.0,0.0,0.0
2019-02,0,0.0,0.0,0.0,969.243171230547,0.0,0.0,0.0,0.0,0.0,11.242774566473988,0.0,0.0,16.378947368421052,32.0,0.0,0.0,0.0,0.0,0.0,0.0
2019-03,0,0.0,0.0,0.0,960.243171230547,0.0,0.0,0.0,0.0,0.0,0.0,0.0,0.0,0.0,24.0,0.0,0.0,0.0,0.0,0.0,0.0
2019-04,0,0.0,0.0,0.0,951.243171230547,0.0,0.0,0.0,0.0,0.0,0.0,0.0,0.0,16.378947368421052,24.0,0.0,0.0,45.89970501474926,0.0,0.0,0.0
2019-05,0,0.0,0.0,0.0,951.243171230547,0.0,0.0,0.0,0.0,0.0,11.242774566473988,0.0,0.0,0.0,24.0,32.0,0.0,183.59882005899703,45.89970501474926,0.0,0.0
2019-06,0,0.0,0.0,0.0,564.2640651964967,0.0,0.0,0.0,0.0,0.0,11.242774566473988,0.0,0.0,0.0,16.0,8.0,0.0,0.0,91.79941002949852,0.0,0.0
2019-07,0,0.0,0.0,0.0,724.010843647048,0.0,0.0,0.0,0.0,0.0,11.242774566473988,0.0,0.0,16.378947368421052,16.0,0.0,0.0,0.0,0.0,0.0,0.0
2019-08,0,0.0,0.0,0.0,869.8102536765464,0.0,0.0,0.0,4.094736842105263,0.0,11.242774566473988,0.0,0.0,16.378947368421052,24.0,0.0,0.0,0.0,0.0,0.0,0.0
2019-09,0,0.0,18.378947368421052,0.0,860.8102536765464,4.094736842105263,0.0,0.0,0.0,0.0,11.242774566473988,0.0,11.242774566473988,16.378947368421052,16.0,0.0,0.0,0.0,0.0,0.0,0.0
2019-10,0,0.0,0.0,1.0,860.8102536765464,0.0,0.0,0.0,0.0,0.0,11.242774566473988,0.0,0.0,16.378947368421052,16.0,0.0,0.0,0.0,45.89970501474926,0.0,0.0
2019-11,0,3.0,0.0,0.0,951.243171230547,0.0,0.0,0.0,0.0,0.0,11.242774566473988,11.242774566473988,11.242774566473988,16.378947368421052,16.0,0.0,0.0,0.0,0.0,0.0,0.0
2019-12,0,0.0,0.0,0.0,724.010843647048,0.0,0.0,0.0,0.0,0.0,11.242774566473988,11.242774566473988,0.0,16.378947368421052,24.0,0.0,0.0,0.0,0.0,0.0,0.0
2020-01,0,0.0,0.0,0.0,760.010843647048,0.0,0.0,0.0,0.0,0.0,11.242774566473988,0.0,11.242774566473988,0.0,16.0,0.0,0.0,0.0,0.0,0.0,0.0
2020-02,0,0.0,0.0,0.0,869.8102536765464,0.0,0.0,0.0,0.0,0.0,11.242774566473988,11.242774566473988,0.0,16.378947368421052,16.0,0.0,0.0,0.0,0.0,0.0,0.0
2020-03,0,0.0,0.0,0.0,960.243171230547,0.0,0.0,0.0,0.0,0.0,11.242774566473988,0.0,0.0,16.378947368421052,16.0,0.0,0.0,45.89970501474926,0.0,0.0,0.0
2020-04,0,0.0,0.0,0.0,1115.0425812600456,0.0,0.0,0.0,0.0,0.0,11.242774566473988,0.0,0.0,32.757894736842104,32.0,16.0,0.0,367.19764011799407,0.0,0.0,0.0
2020-05,0,0.0,0.0,0.0,1297.2749088435448,0.0,0.0,0.0,0.0,0.0,11.242774566473988,0.0,0.0,0.0,24.0,48.0,0.0,91.79941002949852,91.79941002949852,0.0,0.0
2020-06,0,0.0,0.0,0.0,1416.0743188730432,0.0,0.0,0.0,0.0,0.0,11.242774566473988,0.0,11.242774566473988,16.378947368421052,32.0,0.0,0.0,0.0,0.0,0.0,0.0
2020-07,0,0.0,0.0,0.0,1493.021687294096,0.0,0.0,0.0,0.0,0.0,11.242774566473988,0.0,0.0,16.378947368421052,16.0,0.0,0.0,0.0,0.0,91.79941002949852,0.0
2020-08,0,0.0,20.378947368421052,0.0,1484.021687294096,0.0,0.0,0.0,0.0,0.0,11.242774566473988,0.0,0.0,16.378947368421052,24.0,0.0,0.0,0.0,0.0,0.0,0.0
2020-09,0,0.0,0.0,2.0,1484.021687294096,0.0,0.0,0.0,0.0,0.0,11.242774566473988,0.0,0.0,16.378947368421052,16.0,0.0,0.0,0.0,0.0,0.0,0.0
2020-10,0,2.0,0.0,0.0,1324.2749088435448,0.0,0.0,0.0,0.0,0.0,11.242774566473988,0.0,11.242774566473988,16.378947368421052,16.0,0.0,0.0,0.0,0.0,0.0,0.0
2020-11,0,0.0,0.0,0.0,1306.2749088435448,0.0,0.0,0.0,0.0,0.0,11.242774566473988,0.0,0.0,0.0,24.0,0.0,0.0,0.0,0.0,0.0,0.0
2020-12,0,0.0,0.0,0.0,1265.7893597105967,0.0,0.0,0.0,0.0,0.0,11.242774566473988,11.242774566473988,0.0,16.378947368421052,24.0,0.0,0.0,0.0,0.0,0.0,0.0
2021-01,0,0.0,0.0,0.0,1097.0425812600456,0.0,0.0,0.0,0.0,0.0,11.242774566473988,11.242774566473988,11.242774566473988,16.378947368421052,24.0,0.0,0.0,0.0,0.0,0.0,0.0
2021-02,0,0.0,0.0,0.0,1088.0425812600456,0.0,0.0,0.0,0.0,0.0,11.242774566473988,11.242774566473988,0.0,0.0,24.0,0.0,0.0,45.89970501474926,0.0,0.0,0.0
2021-03,0,0.0,0.0,0.0,1070.0425812600456,0.0,0.0,0.0,0.0,0.0,11.242774566473988,11.242774566473988,11.242774566473988,16.378947368421052,32.0,0.0,0.0,45.89970501474926,0.0,0.0,0.0
2021-04,0,0.0,0.0,0.0,969.243171230547,0.0,0.0,0.0,0.0,0.0,11.242774566473988,0.0,0.0,16.378947368421052,24.0,40.0,0.0,275.39823008849555,0.0,0.0,0.0
2021-05,0,0.0,0.0,0.0,951.243171230547,0.0,0.0,0.0,0.0,0.0,11.242774566473988,0.0,0.0,16.378947368421052,24.0,32.0,0.0,91.79941002949852,91.79941002949852,0.0,0.0
2021-06,0,0.0,0.0,0.0,960.243171230547,0.0,0.0,0.0,0.0,0.0,11.242774566473988,0.0,0.0,16.378947368421052,32.0,8.0,0.0,0.0,0.0,45.89970501474926,0.0
2021-07,0,0.0,0.0,0.0,869.8102536765464,0.0,0.0,0.0,0.0,0.0,11.242774566473988,0.0,0.0,16.378947368421052,24.0,0.0,0.0,0.0,0.0,91.79941002949852,0.0
2021-08,0,0.0,19.378947368421052,0.0,869.8102536765464,0.0,0.0,0.0,0.0,0.0,11.242774566473988,0.0,0.0,16.378947368421052,64.0,8.0,0.0,0.0,0.0,0.0,0.0
2021-09,0,0.0,0.0,0.0,860.8102536765464,0.0,0.0,0.0,0.0,0.0,11.242774566473988,11.242774566473988,11.242774566473988,16.378947368421052,24.0,0.0,0.0,0.0,0.0,0.0,0.0
2021-10,0,4.0,0.0,0.0,742.010843647048,0.0,0.0,0.0,0.0,0.0,11.242774566473988,0.0,11.242774566473988,16.378947368421052,16.0,0.0,0.0,0.0,0.0,0.0,0.0
2021-11,0,0.0,0.0,0.0,760.010843647048,0.0,0.0,0.0,0.0,0.0,11.242774566473988,11.242774566473988,11.242774566473988,16.378947368421052,24.0,0.0,0.0,0.0,0.0,0.0,0.0
2021-12,1,0.0,0.0,0.0,724.010843647048,0.0,0.0,0.0,0.0,0.0,11.242774566473988,0.0,0.0,16.378947368421052,24.0,0.0,0.0,0.0,0.0,0.0,0.0
2022-01,0,0.0,0.0,0.0,760.010843647048,0.0,0.0,0.0,0.0,0.0,11.242774566473988,11.242774566473988,0.0,16.378947368421052,16.0,0.0,0.0,45.89970501474926,0.0,0.0,0.0
2022-02,0,0.0,0.0,0.0,751.010843647048,0.0,0.0,0.0,0.0,0.0,11.242774566473988,11.242774566473988,11.242774566473988,16.378947368421052,24.0,0.0,0.0,45.89970501474926,0.0,0.0,0.0
2022-03,0,0.0,0.0,0.0,969.243171230547,4.094736842105263,0.0,0.0,0.0,0.0,11.242774566473988,11.242774566473988,11.242774566473988,16.378947368421052,64.0,8.0,0.0,91.79941002949852,0.0,0.0,0.0
2022-04,0,0.0,0.0,0.0,869.8102536765464,0.0,0.0,0.0,0.0,11.242774566473988,11.242774566473988,11.242774566473988,11.242774566473988,16.378947368421052,48.0,56.0,8.0,275.39823008849555,45.89970501474926,0.0,0.0
2022-05,0,0.0,0.0,0.0,860.8102536765464,0.0,0.0,0.0,0.0,0.0,11.242774566473988,11.242774566473988,11.242774566473988,16.378947368421052,24.0,8.0,0.0,45.89970501474926,45.89970501474926,45.89970501474926,0.0
2022-06,0,0.0,0.0,0.0,878.8102536765464,0.0,0.0,0.0,0.0,0.0,22.485549132947977,11.242774566473988,11.242774566473988,16.378947368421052,24.0,8.0,0.0,0.0,45.89970501474926,45.89970501474926,0.0
2022-07,0,0.0,17.378947368421052,0.0,724.010843647048,0.0,0.0,0.0,0.0,0.0,11.242774566473988,11.242774566473988,11.242774566473988,16.378947368421052,24.0,8.0,0.0,45.89970501474926,0.0,91.79941002949852,0.0
2022-08,0,0.0,19.378947368421052,0.0,878.8102536765464,0.0,0.0,0.0,0.0,0.0,11.242774566473988,11.242774566473988,11.242774566473988,16.378947368421052,48.0,8.0,0.0,45.89970501474926,0.0,0.0,0.0
2022-09,0,1.0,0.0,0.0,960.243171230547,0.0,0.0,0.0,0.0,0.0,11.242774566473988,11.242774566473988,11.242774566473988,16.378947368421052,32.0,8.0,0.0,0.0,0.0,0.0,0.0
2022-10,0,3.0,0.0,0.5,860.8102536765464,4.094736842105263,0.0,0.0,0.0,0.0,11.242774566473988,11.242774566473988,11.242774566473988,16.378947368421052,24.0,4.0,0.0,45.89970501474926,0.0,0.0,0.0
2022-11,0,0.0,0.0,0.0,878.8102536765464,4.094736842105263,0.0,0.0,0.0,0.0,11.242774566473988,11.242774566473988,11.242774566473988,16.378947368421052,32.0,8.0,0.0,45.89970501474926,0.0,0.0,0.0
2022-12,0,0.0,0.0,0.0,573.2640651964967,4.094736842105263,0.0,0.0,0.0,0.0,11.242774566473988,11.242774566473988,11.242774566473988,16.378947368421052,16.0,8.0,0.0,45.89970501474926,0.0,0.0,0.0
2023-01,0,0.0,0.0,0.0,715.010843647048,0.0,0.0,0.0,0.0,0.0,11.242774566473988,11.242774566473988,11.242774566473988,16.378947368421052,56.0,4.0,0.0,45.89970501474926,0.0,0.0,0.0
2023-02,0,0.0,0.0,0.0,742.010843647048,0.0,0.0,0.0,0.0,0.0,11.242774566473988,11.242774566473988,11.242774566473988,16.378947368421052,40.0,8.0,0.0,45.89970501474926,0.0,0.0,45.89970501474926
2023-03,0,0.0,0.0,0.0,760.010843647048,0.0,0.0,0.0,0.0,0.0,11.242774566473988,11.242774566473988,11.242774566473988,16.378947368421052,32.0,16.0,0.0,275.39823008849555,0.0,0.0,0.0
2023-04,0,0.0,0.0,0.0,674.0634752259953,0.0,0.0,0.0,0.0,0.0,11.242774566473988,11.242774566473988,11.242774566473988,16.378947368421052,48.0,48.0,8.0,183.59882005899703,91.79941002949852,0.0,0.0
2023-05,0,0.0,0.0,0.0,760.010843647048,4.094736842105263,0.0,0.0,0.0,0.0,11.242774566473988,11.242774566473988,11.242774566473988,16.378947368421052,56.0,8.0,0.0,45.89970501474926,45.89970501474926,45.89970501474926,0.0
2023-06,0,0.0,0.0,0.0,860.8102536765464,0.0,0.0,0.0,0.0,0.0,11.242774566473988,11.242774566473988,11.242774566473988,16.378947368421052,48.0,16.0,0.0,45.89970501474926,45.89970501474926,91.79941002949852,0.0
2023-07,0,0.0,19.378947368421052,0.5,742.010843647048,0.0,0.0,0.0,0.0,0.0,11.242774566473988,11.242774566473988,11.242774566473988,16.378947368421052,32.0,4.0,0.0,0.0,45.89970501474926,0.0,0.0
2023-08,0,0.0,0.0,0.0,869.8102536765464,0.0,0.0,0.0,0.0,0.0,22.485549132947977,11.242774566473988,22.485549132947977,16.378947368421052,160.0,8.0,0.0,0.0,0.0,0.0,0.0
2023-09,0,5.0,0.0,0.0,742.010843647048,0.0,0.0,0.0,0.0,0.0,11.242774566473988,11.242774566473988,11.242774566473988,16.378947368421052,72.0,8.0,0.0,45.89970501474926,0.0,0.0,0.0
2023-10,0,0.5,0.0,0.0,733.010843647048,4.094736842105263,0.0,0.0,0.0,0.0,11.242774566473988,11.242774566473988,11.242774566473988,16.378947368421052,32.0,8.0,0.0,45.89970501474926,0.0,0.0,0.0
2023-11,0,0.0,0.0,0.0,751.010843647048,4.094736842105263,0.0,0.0,0.0,0.0,11.242774566473988,11.242774566473988,11.242774566473988,16.378947368421052,24.0,8.0,0.0,45.89970501474926,0.0,0.0,0.0
2023-12,1,0.0,0.0,0.0,742.010843647048,0.0,0.0,0.0,0.0,0.0,11.242774566473988,11.242774566473988,11.242774566473988,16.378947368421052,24.0,8.0,0.0,45.89970501474926,0.0,0.0,45.89970501474926
2024-01,0,0.0,0.0,0.0,724.010843647048,0.0,0.0,0.0,0.0,0.0,11.242774566473988,11.242774566473988,11.242774566473988,16.378947368421052,24.0,0.0,0.0,45.89970501474926,45.89970501474926,0.0,0.0
2024-02,0,0.0,0.0,0.0,751.010843647048,0.0,0.0,0.0,0.0,0.0,11.242774566473988,11.242774566473988,11.242774566473988,16.378947368421052,32.0,8.0,0.0,91.79941002949852,0.0,0.0,0.0
2024-03,0,0.0,0.0,0.0,742.010843647048,0.0,0.0,0.0,0.0,0.0,11.242774566473988,11.242774566473988,11.242774566473988,16.378947368421052,24.0,40.0,0.0,367.19764011799407,45.89970501474926,0.0,0.0
2024-04,0,0.0,0.0,0.0,573.2640651964967,0.0,0.0,0.0,0.0,0.0,11.242774566473988,11.242774566473988,22.485549132947977,16.378947368421052,24.0,16.0,8.0,91.79941002949852,91.79941002949852,45.89970501474926,0.0
2024-05,0,0.0,0.0,0.0,733.010843647048,0.0,0.0,0.0,0.0,11.242774566473988,11.242774566473988,11.242774566473988,11.242774566473988,16.378947368421052,24.0,8.0,0.0,45.89970501474926,45.89970501474926,45.89970501474926,0.0
2024-06,0,0.0,0.0,0.0,573.2640651964967,0.0,0.0,0.0,0.0,0.0,11.242774566473988,11.242774566473988,11.242774566473988,16.378947368421052,32.0,8.0,0.0,45.89970501474926,45.89970501474926,45.89970501474926,0.0
2024-07,0,0.0,18.378947368421052,1.0,724.010843647048,0.0,0.0,0.0,0.0,0.0,11.242774566473988,11.242774566473988,11.242774566473988,16.378947368421052,24.0,0.0,8.0,0.0,0.0,0.0,0.0
2024-08,0,0.0,0.0,0.0,742.010843647048,0.0,0.0,0.0,0.0,11.242774566473988,11.242774566473988,11.242774566473988,11.242774566473988,16.378947368421052,24.0,8.0,0.0,0.0,0.0,0.0,0.0
2024-09,0,4.0,0.0,0.0,760.010843647048,4.094736842105263,0.0,0.0,0.0,0.0,11.242774566473988,11.242774566473988,11.242774566473988,16.378947368421052,16.0,0.0,0.0,45.89970501474926,0.0,0.0,0.0
2024-10,0,0.0,0.0,0.0,760.010843647048,4.094736842105263,0.0,0.0,0.0,11.242774566473988,11.242774566473988,11.242774566473988,11.242774566473988,16.378947368421052,32.0,8.0,0.0,45.89970501474926,0.0,0.0,0.0
2024-11,0,1.0,0.0,0.0,742.010843647048,0.0,0.0,0.0,0.0,0.0,11.242774566473988,11.242774566473988,11.242774566473988,16.378947368421052,40.0,8.0,0.0,45.89970501474926,0.0,0.0,0.0
2024-12,1,0.0,0.0,0.0,742.010843647048,4.094736842105263,0.0,0.0,0.0,0.0,11.242774566473988,11.242774566473988,11.242774566473988,16.378947368421052,80.0,8.0,0.0,45.89970501474926,0.0,0.0,0.0
2025-01,0,0.0,0.0,0.0,733.010843647048,0.0,0.0,0.0,0.0,11.242774566473988,11.242774566473988,11.242774566473988,11.242774566473988,16.378947368421052,88.0,8.0,0.0,45.89970501474926,0.0,0.0,0.0
2025-02,0,0.0,0.0,0.0,724.010843647048,0.0,0.0,0.0,0.0,0.0,11.242774566473988,11.242774566473988,11.242774566473988,16.378947368421052,40.0,8.0,0.0,183.59882005899703,0.0,0.0,0.0
2025-03,0,0.0,0.0,0.0,724.010843647048,0.0,0.0,0.0,0.0,0.0,11.242774566473988,11.242774566473988,11.242774566473988,16.378947368421052,32.0,56.0,0.0,275.39823008849555,91.79941002949852,0.0,0.0
2025-04,0,0.0,0.0,0.0,582.2640651964967,0.0,0.0,0.0,0.0,11.242774566473988,11.242774566473988,11.242774566473988,11.242774566473988,16.378947368421052,128.0,8.0,0.0,45.89970501474926,45.89970501474926,45.89970501474926,0.0
2025-05,0,0.0,0.0,0.0,674.0634752259953,0.0,0.0,0.0,0.0,0.0,11.242774566473988,11.242774566473988,11.242774566473988,16.378947368421052,80.0,8.0,0.0,45.89970501474926,45.89970501474926,45.89970501474926,0.0
2025-06,0,0.0,17.378947368421052,0.0,582.2640651964967,0.0,0.0,0.0,0.0,0.0,11.242774566473988,11.242774566473988,11.242774566473988,16.378947368421052,48.0,4.0,0.0,45.89970501474926,0.0,45.89970501474926,0.0
2025-07,0,0.0,17.378947368421052,0.0,564.2640651964967,4.094736842105263,0.0,0.0,0.0,0.0,11.242774566473988,11.242774566473988,11.242774566473988,16.378947368421052,32.0,8.0,0.0,0.0,0.0,0.0,0.0
2025-08,0,1.0,0.0,0.5,573.2640651964967,4.094736842105263,0.0,0.0,0.0,0.0,11.242774566473988,11.242774566473988,11.242774566473988,16.378947368421052,40.0,0.0,0.0,45.89970501474926,0.0,0.0,0.0
2025-09,0,9.0,0.0,0.5,555.2640651964967,4.094736842105263,0.0,0.0,0.0,11.242774566473988,11.242774566473988,11.242774566473988,11.242774566473988,16.378947368421052,32.0,8.0,4.0,45.89970501474926,45.89970501474926,45.89970501474926,0.0
