Month,polio,cholera,operation,operation(2),Email,operation_file1,nutrition,malnourishment,malnutrition,Email_file1,reconstruction,supplies,medical,grant,Email_file2,workshop,rationing,PDS,PDS(2),Email_file3,charity,charity(2),organisation,shelter,Email_file4,refuge,refuge(2),temporary,temporary(2),Email_file5,death,immunisation,protection,faeces,Email_file6,cash assistance,medicine,medicine(2),medicine(3),Email_file7,suffering,pregnant,basket,container,Email_file8,container_file9,container(2),carton,clothes,Email_file9,humanitarian organisations,humanitarian organisations(2),humanitarian organisations(3),humanitarian agencies,Email_file10,emergency,food parcels,money,voucher,Email_file11,voucher_file12,dehydration,undernutrition,cash grant,Email_file12,cash grant_file13,cash grant(2),army,Email_file13,humanitarian agencies_file14,humanitarian agencies(2),refugee camp,tent,Email_file14,host community,refugee camps,tents,host communities,Email_file15,coping strategies,coping strategies(2),aid,aid(2),Email_file16,aid_file17,relief,outbreak,outbreak(2),Email_file17,infectious diseases,epidemic,disease,contagious,Email_file18,donor,donor(2),donor(3),vaccination,Email_file19,vaccination_file20,campaign,campaign(2),campaign(3),Email_file20,relief efforts,disaster,emergency situation,complex humanitarian emergency situation,Email_file21
2004-01,0.0,0.0,0,0,0,0,0,0,0.0,0,0.0,0.0,0,0.0,0,0.0,0,0.0,0.0,0,0.0,0.0,0.0,0.0,0,0,0,0.0,0.0,0,0,0.0,0,0,0,0,0,0,0,0,0.0,0,0.0,0,0,0,0,0,0,0,0,0,0,0,0,0,0,0,0.0,0,0.0,0.0,0,0,0,0,0,0,0,0,0,0,0.0,0,0,0,0.0,0,0,0.0,0,0.0,0.0,0,0.0,0.0,0.0,0.0,0,0,0.0,0,0.0,0,0.0,0.0,0.0,0.0,0.0,0.0,0.0,0.0,0.0,0,0.0,0.0,0,0,0
2004-02,0.0,0.0,0,0,0,0,0,0,0.0,0,0.0,0.0,0,0.0,0,0.0,0,0.0,0.0,0,0.0,0.0,0.0,0.0,0,0,0,0.0,0.0,0,0,0.0,0,0,0,0,0,0,0,0,0.0,0,0.0,0,0,0,0,0,0,0,0,0,0,0,0,0,0,0,0.0,0,0.0,0.0,0,0,0,0,0,0,0,0,0,0,0.0,0,0,0,0.0,0,0,0.0,0,0.0,0.0,0,0.0,0.0,0.0,0.0,0,0,0.0,0,0.0,0,0.0,0.0,0.0,0.0,0.0,0.0,0.0,0.0,0.0,0,0.0,0.0,0,0,0
2004-03,0.0,0.0,0,0,0,0,0,0,0.0,0,0.0,0.0,0,0.0,0,0.0,0,0.0,0.0,0,0.0,0.0,0.0,0.0,0,0,0,0.0,0.0,0,0,0.0,0,0,0,0,0,0,0,0,0.0,0,0.0,0,0,0,0,0,0,0,0,0,0,0,0,0,0,0,0.0,0,0.0,0.0,0,0,0,0,0,0,0,0,0,0,0.0,0,0,0,0.0,0,0,0.0,0,0.0,0.0,0,0.0,0.0,0.0,0.0,0,0,0.0,0,0.0,0,0.0,0.0,0.0,0.0,0.0,0.0,0.0,0.0,0.0,0,0.0,0.0,0,0,0
2004-04,0.0,0.0,0,0,0,0,0,0,0.0,0,0.0,0.0,0,0.0,0,0.0,0,0.0,0.0,0,0.0,0.0,0.0,0.0,0,0,0,0.0,0.0,0,0,0.0,0,0,0,0,0,0,0,0,0.0,0,0.0,0,0,0,0,0,0,0,0,0,0,0,0,0,0,0,0.0,0,0.0,0.0,0,0,0,0,0,0,0,0,0,0,0.0,0,0,0,0.0,0,0,0.0,0,0.0,0.0,0,0.0,0.0,0.0,0.0,0,0,0.0,0,0.0,0,0.0,0.0,0.0,0.0,0.0,0.0,0.0,0.0,0.0,0,0.0,0.0,0,0,0
2004-05,0.0,0.0,0,0,0,0,0,0,0.0,0,0.0,0.0,0,0.0,0,0.0,0,0.0,0.0,0,0.0,0.0,0.0,0.0,0,0,0,0.0,0.0,0,0,0.0,0,0,0,0,0,0,0,0,0.0,0,0.0,0,0,0,0,0,0,0,0,0,0,0,0,0,0,0,0.0,0,0.0,0.0,0,0,0,0,0,0,0,0,0,0,0.0,0,0,0,0.0,0,0,0.0,0,0.0,0.0,0,0.0,0.0,0.0,0.0,0,0,0.0,0,0.0,0,0.0,0.0,0.0,0.0,0.0,0.0,0.0,0.0,0.0,0,0.0,0.0,0,0,0
2004-06,0.0,0.0,0,0,0,0,0,0,0.0,0,0.0,0.0,0,0.0,0,0.0,0,0.0,0.0,0,0.0,0.0,0.0,0.0,0,0,0,0.0,0.0,0,0,0.0,0,0,0,0,0,0,0,0,0.0,0,0.0,0,0,0,0,0,0,0,0,0,0,0,0,0,0,0,0.0,0,0.0,0.0,0,0,0,0,0,0,0,0,0,0,0.0,0,0,0,0.0,0,0,0.0,0,0.0,0.0,0,0.0,0.0,0.0,0.0,0,0,0.0,0,0.0,0,0.0,0.0,0.0,0.0,0.0,0.0,0.0,0.0,0.0,0,0.0,0.0,0,0,0
2004-07,0.0,0.0,0,0,0,0,0,0,0.0,0,0.0,0.0,0,0.0,0,0.0,0,0.0,0.0,0,0.0,0.0,0.0,0.0,0,0,0,0.0,0.0,0,0,0.0,0,0,0,0,0,0,0,0,0.0,0,0.0,0,0,0,0,0,0,0,0,0,0,0,0,0,0,0,0.0,0,0.0,0.0,0,0,0,0,0,0,0,0,0,0,0.0,0,0,0,0.0,0,0,0.0,0,0.0,0.0,0,0.0,0.0,0.0,0.0,0,0,0.0,0,0.0,0,0.0,0.0,0.0,0.0,0.0,0.0,0.0,0.0,0.0,0,0.0,0.0,0,0,0
2004-08,0.0,0.0,0,0,0,0,0,0,0.0,0,0.0,0.0,0,0.0,0,0.0,0,0.0,0.0,0,0.0,0.0,0.0,0.0,0,0,0,0.0,0.0,0,0,0.0,0,0,0,0,0,0,0,0,0.0,0,0.0,0,0,0,0,0,0,0,0,0,0,0,0,0,0,0,0.0,0,0.0,0.0,0,0,0,0,0,0,0,0,0,0,0.0,0,0,0,0.0,0,0,0.0,0,0.0,0.0,0,0.0,0.0,0.0,0.0,0,0,0.0,0,0.0,0,0.0,0.0,0.0,0.0,0.0,0.0,0.0,0.0,0.0,0,0.0,0.0,0,0,0
2004-09,0.0,0.0,0,0,0,0,0,0,0.0,0,0.0,0.0,0,0.0,0,0.0,0,0.0,0.0,0,0.0,0.0,0.0,0.0,0,0,0,0.0,0.0,0,0,0.0,0,0,0,0,0,0,0,0,0.0,0,0.0,0,0,0,0,0,0,0,0,0,0,0,0,0,0,0,0.0,0,0.0,0.0,0,0,0,0,0,0,0,0,0,0,0.0,0,0,0,0.0,0,0,0.0,0,0.0,0.0,0,0.0,0.0,0.0,0.0,0,0,0.0,0,0.0,0,0.0,0.0,0.0,0.0,0.0,0.0,0.0,0.0,0.0,0,0.0,0.0,0,0,0
2004-10,0.0,0.0,0,0,0,0,0,0,0.0,0,0.0,0.0,0,0.0,0,0.0,0,0.0,0.0,0,0.0,0.0,0.0,0.0,0,0,0,0.0,0.0,0,0,0.0,0,0,0,0,0,0,0,0,0.0,0,0.0,0,0,0,0,0,0,0,0,0,0,0,0,0,0,0,0.0,0,0.0,0.0,0,0,0,0,0,0,0,0,0,0,0.0,0,0,0,0.0,0,0,0.0,0,0.0,0.0,0,0.0,0.0,0.0,0.0,0,0,0.0,0,0.0,0,0.0,0.0,0.0,0.0,0.0,0.0,0.0,0.0,0.0,0,0.0,0.0,0,0,0
2004-11,0.0,0.0,0,0,0,0,0,0,0.0,0,0.0,0.0,0,0.0,0,0.0,0,0.0,0.0,0,0.0,0.0,0.0,0.0,0,0,0,0.0,0.0,0,0,0.0,0,0,0,0,0,0,0,0,0.0,0,0.0,0,0,0,0,0,0,0,0,0,0,0,0,0,0,0,0.0,0,0.0,0.0,0,0,0,0,0,0,0,0,0,0,0.0,0,0,0,0.0,0,0,0.0,0,0.0,0.0,0,0.0,0.0,0.0,0.0,0,0,0.0,0,0.0,0,0.0,0.0,0.0,0.0,0.0,0.0,0.0,0.0,0.0,0,0.0,0.0,0,0,0
2004-12,0.0,0.0,0,0,0,0,0,0,0.0,0,0.0,0.0,0,0.0,0,0.0,0,0.0,0.0,0,0.0,0.0,0.0,0.0,0,0,0,0.0,0.0,0,0,0.0,0,0,0,0,0,0,0,0,0.0,0,0.0,0,0,0,0,0,0,0,0,0,0,0,0,0,0,0,0.0,0,0.0,0.0,0,0,0,0,0,0,0,0,0,0,0.0,0,0,0,0.0,0,0,0.0,0,0.0,0.0,0,0.0,0.0,0.0,0.0,0,0,0.0,0,0.0,0,0.0,0.0,0.0,0.0,0.0,0.0,0.0,0.0,0.0,0,0.0,0.0,0,0,0
2005-01,0.0,0.0,0,0,0,0,0,0,0.0,0,0.0,0.0,0,0.0,0,0.0,0,0.0,0.0,0,0.0,0.0,0.0,0.0,0,0,0,0.0,0.0,0,0,0.0,0,0,0,0,0,0,0,0,0.0,0,0.0,0,0,0,0,0,0,0,0,0,0,0,0,0,0,0,0.0,0,0.0,0.0,0,0,0,0,0,0,0,0,0,0,0.0,0,0,0,0.0,0,0,0.0,0,0.0,0.0,0,0.0,0.0,0.0,0.0,0,0,0.0,0,0.0,0,0.0,0.0,0.0,0.0,0.0,0.0,0.0,0.0,0.0,0,0.0,0.0,0,0,0
2005-02,0.0,0.0,0,0,0,0,0,0,0.0,0,0.0,0.0,0,0.0,0,0.0,0,0.0,0.0,0,0.0,0.0,0.0,0.0,0,0,0,0.0,0.0,0,0,0.0,0,0,0,0,0,0,0,0,0.0,0,0.0,0,0,0,0,0,0,0,0,0,0,0,0,0,0,0,0.0,0,0.0,0.0,0,0,0,0,0,0,0,0,0,0,0.0,0,0,0,0.0,0,0,0.0,0,0.0,0.0,0,0.0,0.0,0.0,0.0,0,0,0.0,0,0.0,0,0.0,0.0,0.0,0.0,0.0,0.0,0.0,0.0,0.0,0,0.0,0.0,0,0,0
2005-03,0.0,0.0,0,0,0,0,0,0,0.0,0,0.0,0.0,0,0.0,0,0.0,0,0.0,0.0,0,0.0,0.0,0.0,0.0,0,0,0,0.0,0.0,0,0,0.0,0,0,0,0,0,0,0,0,0.0,0,0.0,0,0,0,0,0,0,0,0,0,0,0,0,0,0,0,0.0,0,0.0,0.0,0,0,0,0,0,0,0,0,0,0,0.0,0,0,0,0.0,0,0,0.0,0,0.0,0.0,0,0.0,0.0,0.0,0.0,0,0,0.0,0,0.0,0,0.0,0.0,0.0,0.0,0.0,0.0,0.0,0.0,0.0,0,0.0,0.0,0,0,0
2005-04,0.0,0.0,0,0,0,0,0,0,0.0,0,0.0,0.0,0,0.0,0,0.0,0,0.0,0.0,0,0.0,0.0,0.0,0.0,0,0,0,0.0,0.0,0,0,0.0,0,0,0,0,0,0,0,0,0.0,0,0.0,0,0,0,0,0,0,0,0,0,0,0,0,0,0,0,0.0,0,0.0,0.0,0,0,0,0,0,0,0,0,0,0,0.0,0,0,0,0.0,0,0,0.0,0,0.0,0.0,0,0.0,0.0,0.0,0.0,0,0,0.0,0,0.0,0,0.0,0.0,0.0,0.0,0.0,0.0,0.0,0.0,0.0,0,0.0,0.0,0,0,0
2005-05,0.0,0.0,0,0,0,0,0,0,0.0,0,0.0,0.0,0,0.0,0,0.0,0,0.0,0.0,0,0.0,0.0,0.0,0.0,0,0,0,0.0,0.0,0,0,0.0,0,0,0,0,0,0,0,0,0.0,0,0.0,0,0,0,0,0,0,0,0,0,0,0,0,0,0,0,0.0,0,0.0,0.0,0,0,0,0,0,0,0,0,0,0,0.0,0,0,0,0.0,0,0,0.0,0,0.0,0.0,0,0.0,0.0,0.0,0.0,0,0,0.0,0,0.0,0,0.0,0.0,0.0,0.0,0.0,0.0,0.0,0.0,0.0,0,0.0,0.0,0,0,0
2005-06,0.0,0.0,0,0,0,0,0,0,0.0,0,0.0,0.0,0,0.0,0,0.0,0,0.0,0.0,0,0.0,0.0,0.0,0.0,0,0,0,0.0,0.0,0,0,0.0,0,0,0,0,0,0,0,0,0.0,0,0.0,0,0,0,0,0,0,0,0,0,0,0,0,0,0,0,0.0,0,0.0,0.0,0,0,0,0,0,0,0,0,0,0,0.0,0,0,0,0.0,0,0,0.0,0,0.0,0.0,0,0.0,0.0,0.0,0.0,0,0,0.0,0,0.0,0,0.0,0.0,0.0,0.0,0.0,0.0,0.0,0.0,0.0,0,0.0,0.0,0,0,0
2005-07,0.0,0.0,0,0,0,0,0,0,0.0,0,0.0,0.0,0,0.0,0,0.0,0,0.0,0.0,0,0.0,0.0,0.0,0.0,0,0,0,0.0,0.0,0,0,0.0,0,0,0,0,0,0,0,0,0.0,0,0.0,0,0,0,0,0,0,0,0,0,0,0,0,0,0,0,0.0,0,0.0,0.0,0,0,0,0,0,0,0,0,0,0,0.0,0,0,0,0.0,0,0,0.0,0,0.0,0.0,0,0.0,0.0,0.0,0.0,0,0,0.0,0,0.0,0,0.0,0.0,0.0,0.0,0.0,0.0,0.0,0.0,0.0,0,0.0,0.0,0,0,0
2005-08,0.0,0.0,0,0,0,0,0,0,0.0,0,0.0,0.0,0,0.0,0,0.0,0,0.0,0.0,0,0.0,0.0,0.0,0.0,0,0,0,0.0,0.0,0,0,0.0,0,0,0,0,0,0,0,0,0.0,0,0.0,0,0,0,0,0,0,0,0,0,0,0,0,0,0,0,0.0,0,0.0,0.0,0,0,0,0,0,0,0,0,0,0,0.0,0,0,0,0.0,0,0,0.0,0,0.0,0.0,0,0.0,0.0,0.0,0.0,0,0,0.0,0,0.0,0,0.0,0.0,0.0,0.0,0.0,0.0,0.0,0.0,0.0,0,0.0,0.0,0,0,0
2005-09,0.0,0.0,0,0,0,0,0,0,0.0,0,0.0,0.0,0,0.0,0,0.0,0,0.0,0.0,0,0.0,0.0,0.0,0.0,0,0,0,0.0,0.0,0,0,0.0,0,0,0,0,0,0,0,0,0.0,0,0.0,0,0,0,0,0,0,0,0,0,0,0,0,0,0,0,0.0,0,0.0,0.0,0,0,0,0,0,0,0,0,0,0,0.0,0,0,0,0.0,0,0,0.0,0,0.0,0.0,0,0.0,0.0,0.0,0.0,0,0,0.0,0,0.0,0,0.0,0.0,0.0,0.0,0.0,0.0,0.0,0.0,0.0,0,0.0,0.0,0,0,0
2005-10,0.0,0.0,0,0,0,0,0,0,0.0,0,0.0,0.0,0,0.0,0,0.0,0,0.0,0.0,0,0.0,0.0,0.0,0.0,0,0,0,0.0,0.0,0,0,0.0,0,0,0,0,0,0,0,0,0.0,0,0.0,0,0,0,0,0,0,0,0,0,0,0,0,0,0,0,0.0,0,0.0,0.0,0,0,0,0,0,0,0,0,0,0,0.0,0,0,0,0.0,0,0,0.0,0,0.0,0.0,0,0.0,0.0,0.0,0.0,0,0,0.0,0,0.0,0,0.0,0.0,0.0,0.0,0.0,0.0,0.0,0.0,0.0,0,0.0,0.0,0,0,0
2005-11,0.0,0.0,0,0,0,0,0,0,0.0,0,0.0,0.0,0,0.0,0,0.0,0,0.0,0.0,0,0.0,0.0,0.0,0.0,0,0,0,0.0,0.0,0,0,0.0,0,0,0,0,0,0,0,0,0.0,0,0.0,0,0,0,0,0,0,0,0,0,0,0,0,0,0,0,0.0,0,0.0,0.0,0,0,0,0,0,0,0,0,0,0,0.0,0,0,0,0.0,0,0,0.0,0,0.0,0.0,0,0.0,0.0,0.0,0.0,0,0,0.0,0,0.0,0,0.0,0.0,0.0,0.0,0.0,0.0,0.0,0.0,0.0,0,0.0,0.0,0,0,0
2005-12,0.0,0.0,0,0,0,0,0,0,0.0,0,0.0,0.0,0,0.0,0,0.0,0,0.0,0.0,0,0.0,0.0,0.0,0.0,0,0,0,0.0,0.0,0,0,0.0,0,0,0,0,0,0,0,0,0.0,0,0.0,0,0,0,0,0,0,0,0,0,0,0,0,0,0,0,0.0,0,0.0,0.0,0,0,0,0,0,0,0,0,0,0,0.0,0,0,0,0.0,0,0,0.0,0,0.0,0.0,0,0.0,0.0,0.0,0.0,0,0,0.0,0,0.0,0,0.0,0.0,0.0,0.0,0.0,0.0,0.0,0.0,0.0,0,0.0,0.0,0,0,0
2006-01,0.0,0.0,0,0,0,0,0,0,0.0,0,0.0,0.0,0,0.0,0,0.0,0,0.0,0.0,0,0.0,0.0,0.0,0.0,0,0,0,0.0,0.0,0,0,0.0,0,0,0,0,0,0,0,0,0.0,0,0.0,0,0,0,0,0,0,0,0,0,0,0,0,0,0,0,0.0,0,0.0,0.0,0,0,0,0,0,0,0,0,0,0,0.0,0,0,0,0.0,0,0,0.0,0,0.0,0.0,0,0.0,0.0,0.0,0.0,0,0,0.0,0,0.0,0,0.0,0.0,0.0,0.0,0.0,0.0,0.0,0.0,0.0,0,0.0,0.0,0,0,0
2006-02,0.0,0.0,0,0,0,0,0,0,0.0,0,0.0,0.0,0,0.0,0,0.0,0,0.0,0.0,0,0.0,0.0,0.0,0.0,0,0,0,0.0,0.0,0,0,0.0,0,0,0,0,0,0,0,0,0.0,0,0.0,0,0,0,0,0,0,0,0,0,0,0,0,0,0,0,0.0,0,0.0,0.0,0,0,0,0,0,0,0,0,0,0,0.0,0,0,0,0.0,0,0,0.0,0,0.0,0.0,0,0.0,0.0,0.0,0.0,0,0,0.0,0,0.0,0,0.0,0.0,0.0,0.0,0.0,0.0,0.0,0.0,0.0,0,0.0,0.0,0,0,0
2006-03,0.0,0.0,0,0,0,0,0,0,0.0,0,0.0,0.0,0,0.0,0,0.0,0,0.0,0.0,0,0.0,0.0,0.0,0.0,0,0,0,0.0,0.0,0,0,0.0,0,0,0,0,0,0,0,0,0.0,0,0.0,0,0,0,0,0,0,0,0,0,0,0,0,0,0,0,0.0,0,0.0,0.0,0,0,0,0,0,0,0,0,0,0,0.0,0,0,0,0.0,0,0,0.0,0,0.0,0.0,0,0.0,0.0,0.0,0.0,0,0,0.0,0,0.0,0,0.0,0.0,0.0,0.0,0.0,0.0,0.0,0.0,0.0,0,0.0,0.0,0,0,0
2006-04,0.0,0.0,0,0,0,0,0,0,0.0,0,0.0,0.0,0,0.0,0,0.0,0,0.0,0.0,0,0.0,0.0,0.0,0.0,0,0,0,0.0,0.0,0,0,0.0,0,0,0,0,0,0,0,0,0.0,0,0.0,0,0,0,0,0,0,0,0,0,0,0,0,0,0,0,0.0,0,0.0,0.0,0,0,0,0,0,0,0,0,0,0,0.0,0,0,0,0.0,0,0,0.0,0,0.0,0.0,0,0.0,0.0,0.0,0.0,0,0,0.0,0,0.0,0,0.0,0.0,0.0,0.0,0.0,0.0,0.0,0.0,0.0,0,0.0,0.0,0,0,0
2006-05,0.0,0.0,0,0,0,0,0,0,0.0,0,0.0,0.0,0,0.0,0,0.0,0,0.0,0.0,0,0.0,0.0,0.0,0.0,0,0,0,0.0,0.0,0,0,0.0,0,0,0,0,0,0,0,0,0.0,0,0.0,0,0,0,0,0,0,0,0,0,0,0,0,0,0,0,0.0,0,0.0,0.0,0,0,0,0,0,0,0,0,0,0,0.0,0,0,0,0.0,0,0,0.0,0,0.0,0.0,0,0.0,0.0,0.0,0.0,0,0,0.0,0,0.0,0,0.0,0.0,0.0,0.0,0.0,0.0,0.0,0.0,0.0,0,0.0,0.0,0,0,0
2006-06,0.0,0.0,0,0,0,0,0,0,0.0,0,0.0,0.0,0,0.0,0,0.0,0,0.0,0.0,0,0.0,0.0,0.0,0.0,0,0,0,0.0,0.0,0,0,0.0,0,0,0,0,0,0,0,0,0.0,0,0.0,0,0,0,0,0,0,0,0,0,0,0,0,0,0,0,0.0,0,0.0,0.0,0,0,0,0,0,0,0,0,0,0,0.0,0,0,0,0.0,0,0,0.0,0,0.0,0.0,0,0.0,0.0,0.0,0.0,0,0,0.0,0,0.0,0,0.0,0.0,0.0,0.0,0.0,0.0,0.0,0.0,0.0,0,0.0,0.0,0,0,0
2006-07,0.0,0.0,0,0,0,0,0,0,0.0,0,0.0,0.0,0,0.0,0,0.0,0,0.0,0.0,0,0.0,0.0,0.0,0.0,0,0,0,0.0,0.0,0,0,0.0,0,0,0,0,0,0,0,0,0.0,0,0.0,0,0,0,0,0,0,0,0,0,0,0,0,0,0,0,0.0,0,0.0,0.0,0,0,0,0,0,0,0,0,0,0,0.0,0,0,0,0.0,0,0,0.0,0,0.0,0.0,0,0.0,0.0,0.0,0.0,0,0,0.0,0,0.0,0,0.0,0.0,0.0,0.0,0.0,0.0,0.0,0.0,0.0,0,0.0,0.0,0,0,0
2006-08,0.0,0.0,0,0,0,0,0,0,0.0,0,0.0,0.0,0,0.0,0,0.0,0,0.0,0.0,0,0.0,0.0,0.0,0.0,0,0,0,0.0,0.0,0,0,0.0,0,0,0,0,0,0,0,0,0.0,0,0.0,0,0,0,0,0,0,0,0,0,0,0,0,0,0,0,0.0,0,0.0,0.0,0,0,0,0,0,0,0,0,0,0,0.0,0,0,0,0.0,0,0,0.0,0,0.0,0.0,0,0.0,0.0,0.0,0.0,0,0,0.0,0,0.0,0,0.0,0.0,0.0,0.0,0.0,0.0,0.0,0.0,0.0,0,0.0,0.0,0,0,0
2006-09,0.0,0.0,0,0,0,0,0,0,0.0,0,0.0,0.0,0,0.0,0,0.0,0,0.0,0.0,0,0.0,0.0,0.0,0.0,0,0,0,0.0,0.0,0,0,0.0,0,0,0,0,0,0,0,0,0.0,0,0.0,0,0,0,0,0,0,0,0,0,0,0,0,0,0,0,0.0,0,0.0,0.0,0,0,0,0,0,0,0,0,0,0,0.0,0,0,0,0.0,0,0,0.0,0,0.0,0.0,0,0.0,0.0,0.0,0.0,0,0,0.0,0,0.0,0,0.0,0.0,0.0,0.0,0.0,0.0,0.0,0.0,0.0,0,0.0,0.0,0,0,0
2006-10,0.0,0.0,0,0,0,0,0,0,0.0,0,0.0,0.0,0,0.0,0,0.0,0,0.0,0.0,0,0.0,0.0,0.0,0.0,0,0,0,0.0,0.0,0,0,0.0,0,0,0,0,0,0,0,0,0.0,0,0.0,0,0,0,0,0,0,0,0,0,0,0,0,0,0,0,0.0,0,0.0,0.0,0,0,0,0,0,0,0,0,0,0,0.0,0,0,0,0.0,0,0,0.0,0,0.0,0.0,0,0.0,0.0,0.0,0.0,0,0,0.0,0,0.0,0,0.0,0.0,0.0,0.0,0.0,0.0,0.0,0.0,0.0,0,0.0,0.0,0,0,0
2006-11,0.0,0.0,0,0,0,0,0,0,0.0,0,0.0,0.0,0,0.0,0,0.0,0,0.0,0.0,0,0.0,0.0,0.0,0.0,0,0,0,0.0,0.0,0,0,0.0,0,0,0,0,0,0,0,0,0.0,0,0.0,0,0,0,0,0,0,0,0,0,0,0,0,0,0,0,0.0,0,0.0,0.0,0,0,0,0,0,0,0,0,0,0,0.0,0,0,0,0.0,0,0,0.0,0,0.0,0.0,0,0.0,0.0,0.0,0.0,0,0,0.0,0,0.0,0,0.0,0.0,0.0,0.0,0.0,0.0,0.0,0.0,0.0,0,0.0,0.0,0,0,0
2006-12,0.0,0.0,0,0,0,0,0,0,0.0,0,0.0,0.0,0,0.0,0,0.0,0,0.0,0.0,0,0.0,0.0,0.0,0.0,0,0,0,0.0,0.0,0,0,0.0,0,0,0,0,0,0,0,0,0.0,0,0.0,0,0,0,0,0,0,0,0,0,0,0,0,0,0,0,0.0,0,0.0,0.0,0,0,0,0,0,0,0,0,0,0,0.0,0,0,0,0.0,0,0,0.0,0,0.0,0.0,0,0.0,0.0,0.0,0.0,0,0,0.0,0,0.0,0,0.0,0.0,0.0,0.0,0.0,0.0,0.0,0.0,0.0,0,0.0,0.0,0,0,0
2007-01,0.0,0.0,0,0,0,0,0,0,0.0,0,0.0,0.0,0,0.0,0,0.0,0,0.0,0.0,0,0.0,0.0,0.0,0.0,0,0,0,0.0,0.0,0,0,0.0,0,0,0,0,0,0,0,0,0.0,0,0.0,0,0,0,0,0,0,0,0,0,0,0,0,0,0,0,0.0,0,0.0,0.0,0,0,0,0,0,0,0,0,0,0,0.0,0,0,0,0.0,0,0,0.0,0,0.0,0.0,0,0.0,0.0,0.0,0.0,0,0,0.0,0,0.0,0,0.0,0.0,0.0,0.0,0.0,0.0,0.0,0.0,0.0,0,0.0,0.0,0,0,0
2007-02,0.0,0.0,0,0,0,0,0,0,0.0,0,0.0,0.0,0,0.0,0,0.0,0,0.0,0.0,0,0.0,0.0,0.0,0.0,0,0,0,0.0,0.0,0,0,0.0,0,0,0,0,0,0,0,0,0.0,0,0.0,0,0,0,0,0,0,0,0,0,0,0,0,0,0,0,0.0,0,0.0,0.0,0,0,0,0,0,0,0,0,0,0,0.0,0,0,0,0.0,0,0,0.0,0,0.0,0.0,0,0.0,0.0,0.0,0.0,0,0,0.0,0,0.0,0,0.0,0.0,0.0,0.0,0.0,0.0,0.0,0.0,0.0,0,0.0,0.0,0,0,0
2007-03,0.0,0.0,0,0,0,0,0,0,0.0,0,0.0,0.0,0,0.0,0,0.0,0,0.0,0.0,0,0.0,0.0,0.0,0.0,0,0,0,0.0,0.0,0,0,0.0,0,0,0,0,0,0,0,0,0.0,0,0.0,0,0,0,0,0,0,0,0,0,0,0,0,0,0,0,0.0,0,0.0,0.0,0,0,0,0,0,0,0,0,0,0,0.0,0,0,0,0.0,0,0,0.0,0,0.0,0.0,0,0.0,0.0,0.0,0.0,0,0,0.0,0,0.0,0,0.0,0.0,0.0,0.0,0.0,0.0,0.0,0.0,0.0,0,0.0,0.0,0,0,0
2007-04,0.0,0.0,0,0,0,0,0,0,0.0,0,0.0,0.0,0,0.0,0,0.0,0,0.0,0.0,0,0.0,0.0,0.0,0.0,0,0,0,0.0,0.0,0,0,0.0,0,0,0,0,0,0,0,0,0.0,0,0.0,0,0,0,0,0,0,0,0,0,0,0,0,0,0,0,0.0,0,0.0,0.0,0,0,0,0,0,0,0,0,0,0,0.0,0,0,0,0.0,0,0,0.0,0,0.0,0.0,0,0.0,0.0,0.0,0.0,0,0,0.0,0,0.0,0,0.0,0.0,0.0,0.0,0.0,0.0,0.0,0.0,0.0,0,0.0,0.0,0,0,0
2007-05,0.0,0.0,0,0,0,0,0,0,0.0,0,0.0,0.0,0,0.0,0,0.0,0,0.0,0.0,0,0.0,0.0,0.0,0.0,0,0,0,0.0,0.0,0,0,0.0,0,0,0,0,0,0,0,0,0.0,0,0.0,0,0,0,0,0,0,0,0,0,0,0,0,0,0,0,0.0,0,0.0,0.0,0,0,0,0,0,0,0,0,0,0,0.0,0,0,0,0.0,0,0,0.0,0,0.0,0.0,0,0.0,0.0,0.0,0.0,0,0,0.0,0,0.0,0,0.0,0.0,0.0,0.0,0.0,0.0,0.0,0.0,0.0,0,0.0,0.0,0,0,0
2007-06,0.0,0.0,0,0,0,0,0,0,0.0,0,0.0,0.0,0,0.0,0,0.0,0,0.0,0.0,0,0.0,0.0,0.0,0.0,0,0,0,0.0,0.0,0,0,0.0,0,0,0,0,0,0,0,0,0.0,0,0.0,0,0,0,0,0,0,0,0,0,0,0,0,0,0,0,0.0,0,0.0,0.0,0,0,0,0,0,0,0,0,0,0,0.0,0,0,0,0.0,0,0,0.0,0,0.0,0.0,0,0.0,0.0,0.0,0.0,0,0,0.0,0,0.0,0,0.0,0.0,0.0,0.0,0.0,0.0,0.0,0.0,0.0,0,0.0,0.0,0,0,0
2007-07,0.0,0.0,0,0,0,0,0,0,0.0,0,0.0,0.0,0,0.0,0,0.0,0,0.0,0.0,0,0.0,0.0,0.0,0.0,0,0,0,0.0,0.0,0,0,0.0,0,0,0,0,0,0,0,0,0.0,0,0.0,0,0,0,0,0,0,0,0,0,0,0,0,0,0,0,0.0,0,0.0,0.0,0,0,0,0,0,0,0,0,0,0,0.0,0,0,0,0.0,0,0,0.0,0,0.0,0.0,0,0.0,0.0,0.0,0.0,0,0,0.0,0,0.0,0,0.0,0.0,0.0,0.0,0.0,0.0,0.0,0.0,0.0,0,0.0,0.0,0,0,0
2007-08,0.0,0.0,0,0,0,0,0,0,0.0,0,0.0,0.0,0,0.0,0,0.0,0,0.0,0.0,0,0.0,0.0,0.0,0.0,0,0,0,0.0,0.0,0,0,0.0,0,0,0,0,0,0,0,0,0.0,0,0.0,0,0,0,0,0,0,0,0,0,0,0,0,0,0,0,0.0,0,0.0,0.0,0,0,0,0,0,0,0,0,0,0,0.0,0,0,0,0.0,0,0,0.0,0,0.0,0.0,0,0.0,0.0,0.0,0.0,0,0,0.0,0,0.0,0,0.0,0.0,0.0,0.0,0.0,0.0,0.0,0.0,0.0,0,0.0,0.0,0,0,0
2007-09,0.0,0.0,0,0,0,0,0,0,0.0,0,0.0,0.0,0,0.0,0,0.0,0,0.0,0.0,0,0.0,0.0,0.0,0.0,0,0,0,0.0,0.0,0,0,0.0,0,0,0,0,0,0,0,0,0.0,0,0.0,0,0,0,0,0,0,0,0,0,0,0,0,0,0,0,0.0,0,0.0,0.0,0,0,0,0,0,0,0,0,0,0,0.0,0,0,0,0.0,0,0,0.0,0,0.0,0.0,0,0.0,0.0,0.0,0.0,0,0,0.0,0,0.0,0,0.0,0.0,0.0,0.0,0.0,0.0,0.0,0.0,0.0,0,0.0,0.0,0,0,0
2007-10,0.0,0.0,0,0,0,0,0,0,0.0,0,0.0,0.0,0,0.0,0,0.0,0,0.0,0.0,0,0.0,0.0,0.0,0.0,0,0,0,0.0,0.0,0,0,0.0,0,0,0,0,0,0,0,0,0.0,0,0.0,0,0,0,0,0,0,0,0,0,0,0,0,0,0,0,0.0,0,0.0,0.0,0,0,0,0,0,0,0,0,0,0,0.0,0,0,0,0.0,0,0,0.0,0,0.0,0.0,0,0.0,0.0,0.0,0.0,0,0,0.0,0,0.0,0,0.0,0.0,0.0,0.0,0.0,0.0,0.0,0.0,0.0,0,0.0,0.0,0,0,0
2007-11,0.0,0.0,0,0,0,0,0,0,0.0,0,0.0,0.0,0,0.0,0,0.0,0,0.0,0.0,0,0.0,0.0,0.0,0.0,0,0,0,0.0,0.0,0,0,0.0,0,0,0,0,0,0,0,0,0.0,0,0.0,0,0,0,0,0,0,0,0,0,0,0,0,0,0,0,0.0,0,0.0,0.0,0,0,0,0,0,0,0,0,0,0,0.0,0,0,0,0.0,0,0,0.0,0,0.0,0.0,0,0.0,0.0,0.0,0.0,0,0,0.0,0,0.0,0,0.0,0.0,0.0,0.0,0.0,0.0,0.0,0.0,0.0,0,0.0,0.0,0,0,0
2007-12,0.0,0.0,0,0,0,0,0,0,0.0,0,0.0,0.0,0,0.0,0,0.0,0,0.0,0.0,0,0.0,0.0,0.0,0.0,0,0,0,0.0,0.0,0,0,0.0,0,0,0,0,0,0,0,0,0.0,0,0.0,0,0,0,0,0,0,0,0,0,0,0,0,0,0,0,0.0,0,0.0,0.0,0,0,0,0,0,0,0,0,0,0,0.0,0,0,0,0.0,0,0,0.0,0,0.0,0.0,0,0.0,0.0,0.0,0.0,0,0,0.0,0,0.0,0,0.0,0.0,0.0,0.0,0.0,0.0,0.0,0.0,0.0,0,0.0,0.0,0,0,0
2008-01,0.0,0.0,0,0,0,0,0,0,0.0,0,0.0,0.0,0,0.0,0,0.0,0,0.0,0.0,0,0.0,0.0,0.0,0.0,0,0,0,0.0,0.0,0,0,0.0,0,0,0,0,0,0,0,0,0.0,0,0.0,0,0,0,0,0,0,0,0,0,0,0,0,0,0,0,0.0,0,0.0,0.0,0,0,0,0,0,0,0,0,0,0,0.0,0,0,0,0.0,0,0,0.0,0,0.0,0.0,0,0.0,0.0,0.0,0.0,0,0,0.0,0,0.0,0,0.0,0.0,0.0,0.0,0.0,0.0,0.0,0.0,0.0,0,0.0,0.0,0,0,0
2008-02,0.0,0.0,0,0,0,0,0,0,0.0,0,0.0,0.0,0,0.0,0,0.0,0,0.0,0.0,0,0.0,0.0,0.0,0.0,0,0,0,0.0,0.0,0,0,0.0,0,0,0,0,0,0,0,0,0.0,0,0.0,0,0,0,0,0,0,0,0,0,0,0,0,0,0,0,0.0,0,0.0,0.0,0,0,0,0,0,0,0,0,0,0,0.0,0,0,0,0.0,0,0,0.0,0,0.0,0.0,0,0.0,0.0,0.0,0.0,0,0,0.0,0,0.0,0,0.0,0.0,0.0,0.0,0.0,0.0,0.0,0.0,0.0,0,0.0,0.0,0,0,0
2008-03,0.0,0.0,0,0,0,0,0,0,0.0,0,0.0,0.0,0,0.0,0,0.0,0,0.0,0.0,0,0.0,0.0,0.0,0.0,0,0,0,0.0,0.0,0,0,0.0,0,0,0,0,0,0,0,0,0.0,0,0.0,0,0,0,0,0,0,0,0,0,0,0,0,0,0,0,0.0,0,0.0,0.0,0,0,0,0,0,0,0,0,0,0,0.0,0,0,0,0.0,0,0,0.0,0,0.0,0.0,0,0.0,0.0,0.0,0.0,0,0,0.0,0,0.0,0,0.0,0.0,0.0,0.0,0.0,0.0,0.0,0.0,0.0,0,0.0,0.0,0,0,0
2008-04,0.0,0.0,0,0,0,0,0,0,0.0,0,0.0,0.0,0,0.0,0,0.0,0,0.0,0.0,0,0.0,0.0,0.0,0.0,0,0,0,0.0,0.0,0,0,0.0,0,0,0,0,0,0,0,0,0.0,0,0.0,0,0,0,0,0,0,0,0,0,0,0,0,0,0,0,0.0,0,0.0,0.0,0,0,0,0,0,0,0,0,0,0,0.0,0,0,0,0.0,0,0,0.0,0,0.0,0.0,0,0.0,0.0,0.0,0.0,0,0,0.0,0,0.0,0,0.0,0.0,0.0,0.0,0.0,0.0,0.0,0.0,0.0,0,0.0,0.0,0,0,0
2008-05,0.0,0.0,0,0,0,0,0,0,0.0,0,0.0,0.0,0,0.0,0,0.0,0,0.0,0.0,0,0.0,0.0,0.0,0.0,0,0,0,0.0,0.0,0,0,0.0,0,0,0,0,0,0,0,0,0.0,0,0.0,0,0,0,0,0,0,0,0,0,0,0,0,0,0,0,0.0,0,0.0,0.0,0,0,0,0,0,0,0,0,0,0,0.0,0,0,0,0.0,0,0,0.0,0,0.0,0.0,0,0.0,0.0,0.0,0.0,0,0,0.0,0,0.0,0,0.0,0.0,0.0,0.0,0.0,0.0,0.0,0.0,0.0,0,0.0,0.0,0,0,0
2008-06,0.0,0.0,0,0,0,0,0,0,0.0,0,0.0,0.0,0,0.0,0,0.0,0,0.0,0.0,0,0.0,0.0,0.0,0.0,0,0,0,0.0,0.0,0,0,0.0,0,0,0,0,0,0,0,0,0.0,0,0.0,0,0,0,0,0,0,0,0,0,0,0,0,0,0,0,0.0,0,0.0,0.0,0,0,0,0,0,0,0,0,0,0,0.0,0,0,0,0.0,0,0,0.0,0,0.0,0.0,0,0.0,0.0,0.0,0.0,0,0,0.0,0,0.0,0,0.0,0.0,0.0,0.0,0.0,0.0,0.0,0.0,0.0,0,0.0,0.0,0,0,0
2008-07,0.0,0.0,0,0,0,0,0,0,0.0,0,0.0,0.0,0,0.0,0,0.0,0,0.0,0.0,0,0.0,0.0,0.0,0.0,0,0,0,0.0,0.0,0,0,0.0,0,0,0,0,0,0,0,0,0.0,0,0.0,0,0,0,0,0,0,0,0,0,0,0,0,0,0,0,0.0,0,0.0,0.0,0,0,0,0,0,0,0,0,0,0,0.0,0,0,0,0.0,0,0,0.0,0,0.0,0.0,0,0.0,0.0,0.0,0.0,0,0,0.0,0,0.0,0,0.0,0.0,0.0,0.0,0.0,0.0,0.0,0.0,0.0,0,0.0,0.0,0,0,0
2008-08,0.0,0.0,0,0,0,0,0,0,0.0,0,0.0,0.0,0,0.0,0,0.0,0,0.0,0.0,0,0.0,0.0,0.0,0.0,0,0,0,0.0,0.0,0,0,0.0,0,0,0,0,0,0,0,0,0.0,0,0.0,0,0,0,0,0,0,0,0,0,0,0,0,0,0,0,0.0,0,0.0,0.0,0,0,0,0,0,0,0,0,0,0,0.0,0,0,0,0.0,0,0,0.0,0,0.0,0.0,0,0.0,0.0,0.0,0.0,0,0,0.0,0,0.0,0,0.0,0.0,0.0,0.0,0.0,0.0,0.0,0.0,0.0,0,0.0,0.0,0,0,0
2008-09,0.0,0.0,0,0,0,0,0,0,0.0,0,0.0,0.0,0,0.0,0,0.0,0,0.0,0.0,0,0.0,0.0,0.0,0.0,0,0,0,0.0,0.0,0,0,0.0,0,0,0,0,0,0,0,0,0.0,0,0.0,0,0,0,0,0,0,0,0,0,0,0,0,0,0,0,0.0,0,0.0,0.0,0,0,0,0,0,0,0,0,0,0,0.0,0,0,0,0.0,0,0,0.0,0,0.0,0.0,0,0.0,0.0,0.0,0.0,0,0,0.0,0,0.0,0,0.0,0.0,0.0,0.0,0.0,0.0,0.0,0.0,0.0,0,0.0,0.0,0,0,0
2008-10,0.0,0.0,0,0,0,0,0,0,0.0,0,0.0,0.0,0,0.0,0,0.0,0,0.0,0.0,0,0.0,0.0,0.0,0.0,0,0,0,0.0,0.0,0,0,0.0,0,0,0,0,0,0,0,0,0.0,0,0.0,0,0,0,0,0,0,0,0,0,0,0,0,0,0,0,0.0,0,0.0,0.0,0,0,0,0,0,0,0,0,0,0,0.0,0,0,0,0.0,0,0,0.0,0,0.0,0.0,0,0.0,0.0,0.0,0.0,0,0,0.0,0,0.0,0,0.0,0.0,0.0,0.0,0.0,0.0,0.0,0.0,0.0,0,0.0,0.0,0,0,0
2008-11,0.0,0.0,0,0,0,0,0,0,0.0,0,0.0,0.0,0,0.0,0,0.0,0,0.0,0.0,0,0.0,0.0,0.0,0.0,0,0,0,0.0,0.0,0,0,0.0,0,0,0,0,0,0,0,0,0.0,0,0.0,0,0,0,0,0,0,0,0,0,0,0,0,0,0,0,0.0,0,0.0,0.0,0,0,0,0,0,0,0,0,0,0,0.0,0,0,0,0.0,0,0,0.0,0,0.0,0.0,0,0.0,0.0,0.0,0.0,0,0,0.0,0,0.0,0,0.0,0.0,0.0,0.0,0.0,0.0,0.0,0.0,0.0,0,0.0,0.0,0,0,0
2008-12,0.0,0.0,0,0,0,0,0,0,0.0,0,0.0,0.0,0,0.0,0,0.0,0,0.0,0.0,0,0.0,0.0,0.0,0.0,0,0,0,0.0,0.0,0,0,0.0,0,0,0,0,0,0,0,0,0.0,0,0.0,0,0,0,0,0,0,0,0,0,0,0,0,0,0,0,0.0,0,0.0,0.0,0,0,0,0,0,0,0,0,0,0,0.0,0,0,0,0.0,0,0,0.0,0,0.0,0.0,0,0.0,0.0,0.0,0.0,0,0,0.0,0,0.0,0,0.0,0.0,0.0,0.0,0.0,0.0,0.0,0.0,0.0,0,0.0,0.0,0,0,0
2009-01,0.0,0.0,0,0,0,0,0,0,0.0,0,0.0,0.0,0,0.0,0,0.0,0,0.0,0.0,0,0.0,0.0,0.0,0.0,0,0,0,0.0,0.0,0,0,0.0,0,0,0,0,0,0,0,0,0.0,0,0.0,0,0,0,0,0,0,0,0,0,0,0,0,0,0,0,0.0,0,0.0,0.0,0,0,0,0,0,0,0,0,0,0,0.0,0,0,0,0.0,0,0,0.0,0,0.0,0.0,0,0.0,0.0,0.0,0.0,0,0,0.0,0,0.0,0,0.0,0.0,0.0,0.0,0.0,0.0,0.0,0.0,0.0,0,0.0,0.0,0,0,0
2009-02,0.0,0.0,0,0,0,0,0,0,0.0,0,0.0,0.0,0,0.0,0,0.0,0,0.0,0.0,0,0.0,0.0,0.0,0.0,0,0,0,0.0,0.0,0,0,0.0,0,0,0,0,0,0,0,0,0.0,0,0.0,0,0,0,0,0,0,0,0,0,0,0,0,0,0,0,0.0,0,0.0,0.0,0,0,0,0,0,0,0,0,0,0,0.0,0,0,0,0.0,0,0,0.0,0,0.0,0.0,0,0.0,0.0,0.0,0.0,0,0,0.0,0,0.0,0,0.0,0.0,0.0,0.0,0.0,0.0,0.0,0.0,0.0,0,0.0,0.0,0,0,0
2009-03,0.0,0.0,0,0,0,0,0,0,0.0,0,0.0,0.0,0,0.0,0,0.0,0,0.0,0.0,0,0.0,0.0,0.0,0.0,0,0,0,0.0,0.0,0,0,0.0,0,0,0,0,0,0,0,0,0.0,0,0.0,0,0,0,0,0,0,0,0,0,0,0,0,0,0,0,0.0,0,0.0,0.0,0,0,0,0,0,0,0,0,0,0,0.0,0,0,0,0.0,0,0,0.0,0,0.0,0.0,0,0.0,0.0,0.0,0.0,0,0,0.0,0,0.0,0,0.0,0.0,0.0,0.0,0.0,0.0,0.0,0.0,0.0,0,0.0,0.0,0,0,0
2009-04,0.0,0.0,0,0,0,0,0,0,0.0,0,0.0,0.0,0,0.0,0,0.0,0,0.0,0.0,0,0.0,0.0,0.0,0.0,0,0,0,0.0,0.0,0,0,0.0,0,0,0,0,0,0,0,0,0.0,0,0.0,0,0,0,0,0,0,0,0,0,0,0,0,0,0,0,0.0,0,0.0,0.0,0,0,0,0,0,0,0,0,0,0,0.0,0,0,0,0.0,0,0,0.0,0,0.0,0.0,0,0.0,0.0,0.0,0.0,0,0,0.0,0,0.0,0,0.0,0.0,0.0,0.0,0.0,0.0,0.0,0.0,0.0,0,0.0,0.0,0,0,0
2009-05,0.0,0.0,0,0,0,0,0,0,0.0,0,0.0,0.0,0,0.0,0,0.0,0,0.0,0.0,0,0.0,0.0,0.0,0.0,0,0,0,0.0,0.0,0,0,0.0,0,0,0,0,0,0,0,0,0.0,0,0.0,0,0,0,0,0,0,0,0,0,0,0,0,0,0,0,0.0,0,0.0,0.0,0,0,0,0,0,0,0,0,0,0,0.0,0,0,0,0.0,0,0,0.0,0,0.0,0.0,0,0.0,0.0,0.0,0.0,0,0,0.0,0,0.0,0,0.0,0.0,0.0,0.0,0.0,0.0,0.0,0.0,0.0,0,0.0,0.0,0,0,0
2009-06,0.0,0.0,0,0,0,0,0,0,0.0,0,0.0,0.0,0,0.0,0,0.0,0,0.0,0.0,0,0.0,0.0,0.0,0.0,0,0,0,0.0,0.0,0,0,0.0,0,0,0,0,0,0,0,0,0.0,0,0.0,0,0,0,0,0,0,0,0,0,0,0,0,0,0,0,0.0,0,0.0,0.0,0,0,0,0,0,0,0,0,0,0,0.0,0,0,0,0.0,0,0,0.0,0,0.0,0.0,0,0.0,0.0,0.0,0.0,0,0,0.0,0,0.0,0,0.0,0.0,0.0,0.0,0.0,0.0,0.0,0.0,0.0,0,0.0,0.0,0,0,0
2009-07,0.0,0.0,0,0,0,0,0,0,0.0,0,0.0,0.0,0,0.0,0,0.0,0,0.0,0.0,0,0.0,0.0,0.0,0.0,0,0,0,0.0,0.0,0,0,0.0,0,0,0,0,0,0,0,0,0.0,0,0.0,0,0,0,0,0,0,0,0,0,0,0,0,0,0,0,0.0,0,0.0,0.0,0,0,0,0,0,0,0,0,0,0,0.0,0,0,0,0.0,0,0,0.0,0,0.0,0.0,0,0.0,0.0,0.0,0.0,0,0,0.0,0,0.0,0,0.0,0.0,0.0,0.0,0.0,0.0,0.0,0.0,0.0,0,0.0,0.0,0,0,0
2009-08,0.0,0.0,0,0,0,0,0,0,0.0,0,0.0,0.0,0,0.0,0,0.0,0,0.0,0.0,0,0.0,0.0,0.0,0.0,0,0,0,0.0,0.0,0,0,0.0,0,0,0,0,0,0,0,0,0.0,0,0.0,0,0,0,0,0,0,0,0,0,0,0,0,0,0,0,0.0,0,0.0,0.0,0,0,0,0,0,0,0,0,0,0,0.0,0,0,0,0.0,0,0,0.0,0,0.0,0.0,0,0.0,0.0,0.0,0.0,0,0,0.0,0,0.0,0,0.0,0.0,0.0,0.0,0.0,0.0,0.0,0.0,0.0,0,0.0,0.0,0,0,0
2009-09,0.0,0.0,0,0,0,0,0,0,0.0,0,0.0,0.0,0,0.0,0,0.0,0,0.0,0.0,0,0.0,0.0,0.0,0.0,0,0,0,0.0,0.0,0,0,0.0,0,0,0,0,0,0,0,0,0.0,0,0.0,0,0,0,0,0,0,0,0,0,0,0,0,0,0,0,0.0,0,0.0,0.0,0,0,0,0,0,0,0,0,0,0,0.0,0,0,0,0.0,0,0,0.0,0,0.0,0.0,0,0.0,0.0,0.0,0.0,0,0,0.0,0,0.0,0,0.0,0.0,0.0,0.0,0.0,0.0,0.0,0.0,0.0,0,0.0,0.0,0,0,0
2009-10,0.0,0.0,0,0,0,0,0,0,0.0,0,0.0,0.0,0,0.0,0,0.0,0,0.0,0.0,0,0.0,0.0,0.0,0.0,0,0,0,0.0,0.0,0,0,0.0,0,0,0,0,0,0,0,0,0.0,0,0.0,0,0,0,0,0,0,0,0,0,0,0,0,0,0,0,0.0,0,0.0,0.0,0,0,0,0,0,0,0,0,0,0,0.0,0,0,0,0.0,0,0,0.0,0,0.0,0.0,0,0.0,0.0,0.0,0.0,0,0,0.0,0,0.0,0,0.0,0.0,0.0,0.0,0.0,0.0,0.0,0.0,0.0,0,0.0,0.0,0,0,0
2009-11,0.0,0.0,0,0,0,0,0,0,0.0,0,0.0,0.0,0,0.0,0,0.0,0,0.0,0.0,0,0.0,0.0,0.0,0.0,0,0,0,0.0,0.0,0,0,0.0,0,0,0,0,0,0,0,0,0.0,0,0.0,0,0,0,0,0,0,0,0,0,0,0,0,0,0,0,0.0,0,0.0,0.0,0,0,0,0,0,0,0,0,0,0,0.0,0,0,0,0.0,0,0,0.0,0,0.0,0.0,0,0.0,0.0,0.0,0.0,0,0,0.0,0,0.0,0,0.0,0.0,0.0,0.0,0.0,0.0,0.0,0.0,0.0,0,0.0,0.0,0,0,0
2009-12,0.0,0.0,0,0,0,0,0,0,0.0,0,0.0,0.0,0,0.0,0,0.0,0,0.0,0.0,0,0.0,0.0,0.0,0.0,0,0,0,0.0,0.0,0,0,0.0,0,0,0,0,0,0,0,0,0.0,0,0.0,0,0,0,0,0,0,0,0,0,0,0,0,0,0,0,0.0,0,0.0,0.0,0,0,0,0,0,0,0,0,0,0,0.0,0,0,0,0.0,0,0,0.0,0,0.0,0.0,0,0.0,0.0,0.0,0.0,0,0,0.0,0,0.0,0,0.0,0.0,0.0,0.0,0.0,0.0,0.0,0.0,0.0,0,0.0,0.0,0,0,0
2010-01,0.0,0.0,0,0,0,0,0,0,0.0,0,0.0,0.0,0,0.0,0,0.0,0,0.0,0.0,0,0.0,0.0,0.0,0.0,0,0,0,0.0,0.0,0,0,0.0,0,0,0,0,0,0,0,0,0.0,0,0.0,0,0,0,0,0,0,0,0,0,0,0,0,0,0,0,0.0,0,0.0,0.0,0,0,0,0,0,0,0,0,0,0,0.0,0,0,0,0.0,0,0,0.0,0,0.0,0.0,0,0.0,0.0,0.0,0.0,0,0,0.0,0,0.0,0,0.0,0.0,0.0,0.0,0.0,0.0,0.0,0.0,0.0,0,0.0,0.0,0,0,0
2010-02,0.0,0.0,0,0,0,0,0,0,0.0,0,0.0,0.0,0,0.0,0,0.0,0,0.0,0.0,0,0.0,0.0,0.0,0.0,0,0,0,0.0,0.0,0,0,0.0,0,0,0,0,0,0,0,0,0.0,0,0.0,0,0,0,0,0,0,0,0,0,0,0,0,0,0,0,0.0,0,0.0,0.0,0,0,0,0,0,0,0,0,0,0,0.0,0,0,0,0.0,0,0,0.0,0,0.0,0.0,0,0.0,0.0,0.0,0.0,0,0,0.0,0,0.0,0,0.0,0.0,0.0,0.0,0.0,0.0,0.0,0.0,0.0,0,0.0,0.0,0,0,0
2010-03,0.0,0.0,0,0,0,0,0,0,0.0,0,0.0,0.0,0,0.0,0,0.0,0,0.0,0.0,0,0.0,0.0,0.0,0.0,0,0,0,0.0,0.0,0,0,0.0,0,0,0,0,0,0,0,0,0.0,0,0.0,0,0,0,0,0,0,0,0,0,0,0,0,0,0,0,0.0,0,0.0,0.0,0,0,0,0,0,0,0,0,0,0,0.0,0,0,0,0.0,0,0,0.0,0,0.0,0.0,0,0.0,0.0,0.0,0.0,0,0,0.0,0,0.0,0,0.0,0.0,0.0,0.0,0.0,0.0,0.0,0.0,0.0,0,0.0,0.0,0,0,0
2010-04,0.0,0.0,0,0,0,0,0,0,0.0,0,0.0,0.0,0,0.0,0,0.0,0,0.0,0.0,0,0.0,0.0,0.0,0.0,0,0,0,0.0,0.0,0,0,0.0,0,0,0,0,0,0,0,0,0.0,0,0.0,0,0,0,0,0,0,0,0,0,0,0,0,0,0,0,0.0,0,0.0,0.0,0,0,0,0,0,0,0,0,0,0,0.0,0,0,0,0.0,0,0,0.0,0,0.0,0.0,0,0.0,0.0,0.0,0.0,0,0,0.0,0,0.0,0,0.0,0.0,0.0,0.0,0.0,0.0,0.0,0.0,0.0,0,0.0,0.0,0,0,0
2010-05,0.0,0.0,0,0,0,0,0,0,0.0,0,0.0,0.0,0,0.0,0,0.0,0,0.0,0.0,0,0.0,0.0,0.0,0.0,0,0,0,0.0,0.0,0,0,0.0,0,0,0,0,0,0,0,0,0.0,0,0.0,0,0,0,0,0,0,0,0,0,0,0,0,0,0,0,0.0,0,0.0,0.0,0,0,0,0,0,0,0,0,0,0,0.0,0,0,0,0.0,0,0,0.0,0,0.0,0.0,0,0.0,0.0,0.0,0.0,0,0,0.0,0,0.0,0,0.0,0.0,0.0,0.0,0.0,0.0,0.0,0.0,0.0,0,0.0,0.0,0,0,0
2010-06,0.0,0.0,0,0,0,0,0,0,0.0,0,0.0,0.0,0,0.0,0,0.0,0,0.0,0.0,0,0.0,0.0,0.0,0.0,0,0,0,0.0,0.0,0,0,0.0,0,0,0,0,0,0,0,0,0.0,0,0.0,0,0,0,0,0,0,0,0,0,0,0,0,0,0,0,0.0,0,0.0,0.0,0,0,0,0,0,0,0,0,0,0,0.0,0,0,0,0.0,0,0,0.0,0,0.0,0.0,0,0.0,0.0,0.0,0.0,0,0,0.0,0,0.0,0,0.0,0.0,0.0,0.0,0.0,0.0,0.0,0.0,0.0,0,0.0,0.0,0,0,0
2010-07,0.0,0.0,0,0,0,0,0,0,0.0,0,0.0,0.0,0,0.0,0,0.0,0,0.0,0.0,0,0.0,0.0,0.0,0.0,0,0,0,0.0,0.0,0,0,0.0,0,0,0,0,0,0,0,0,0.0,0,0.0,0,0,0,0,0,0,0,0,0,0,0,0,0,0,0,0.0,0,0.0,0.0,0,0,0,0,0,0,0,0,0,0,0.0,0,0,0,0.0,0,0,0.0,0,0.0,0.0,0,0.0,0.0,0.0,0.0,0,0,0.0,0,0.0,0,0.0,0.0,0.0,0.0,0.0,0.0,0.0,0.0,0.0,0,0.0,0.0,0,0,0
2010-08,0.0,0.0,0,0,0,0,0,0,0.0,0,0.0,0.0,0,0.0,0,0.0,0,0.0,0.0,0,0.0,0.0,0.0,0.0,0,0,0,0.0,0.0,0,0,0.0,0,0,0,0,0,0,0,0,0.0,0,0.0,0,0,0,0,0,0,0,0,0,0,0,0,0,0,0,0.0,0,0.0,0.0,0,0,0,0,0,0,0,0,0,0,0.0,0,0,0,0.0,0,0,0.0,0,0.0,0.0,0,0.0,0.0,0.0,0.0,0,0,0.0,0,0.0,0,0.0,0.0,0.0,0.0,0.0,0.0,0.0,0.0,0.0,0,0.0,0.0,0,0,0
2010-09,0.0,0.0,0,0,0,0,0,0,0.0,0,0.0,0.0,0,0.0,0,0.0,0,0.0,0.0,0,0.0,0.0,0.0,0.0,0,0,0,0.0,0.0,0,0,0.0,0,0,0,0,0,0,0,0,0.0,0,0.0,0,0,0,0,0,0,0,0,0,0,0,0,0,0,0,0.0,0,0.0,0.0,0,0,0,0,0,0,0,0,0,0,0.0,0,0,0,0.0,0,0,0.0,0,0.0,0.0,0,0.0,0.0,0.0,0.0,0,0,0.0,0,0.0,0,0.0,0.0,0.0,0.0,0.0,0.0,0.0,0.0,0.0,0,0.0,0.0,0,0,0
2010-10,0.0,0.0,0,0,0,0,0,0,0.0,0,0.0,0.0,0,0.0,0,0.0,0,0.0,0.0,0,0.0,0.0,0.0,0.0,0,0,0,0.0,0.0,0,0,0.0,0,0,0,0,0,0,0,0,0.0,0,0.0,0,0,0,0,0,0,0,0,0,0,0,0,0,0,0,0.0,0,0.0,0.0,0,0,0,0,0,0,0,0,0,0,0.0,0,0,0,0.0,0,0,0.0,0,0.0,0.0,0,0.0,0.0,0.0,0.0,0,0,0.0,0,0.0,0,0.0,0.0,0.0,0.0,0.0,0.0,0.0,0.0,0.0,0,0.0,0.0,0,0,0
2010-11,0.0,0.0,0,0,0,0,0,0,0.0,0,0.0,0.0,0,0.0,0,0.0,0,0.0,0.0,0,0.0,0.0,0.0,0.0,0,0,0,0.0,0.0,0,0,0.0,0,0,0,0,0,0,0,0,0.0,0,0.0,0,0,0,0,0,0,0,0,0,0,0,0,0,0,0,0.0,0,0.0,0.0,0,0,0,0,0,0,0,0,0,0,0.0,0,0,0,0.0,0,0,0.0,0,0.0,0.0,0,0.0,0.0,0.0,0.0,0,0,0.0,0,0.0,0,0.0,0.0,0.0,0.0,0.0,0.0,0.0,0.0,0.0,0,0.0,0.0,0,0,0
2010-12,0.0,0.0,0,0,0,0,0,0,0.0,0,0.0,0.0,0,0.0,0,0.0,0,0.0,0.0,0,0.0,0.0,0.0,0.0,0,0,0,0.0,0.0,0,0,0.0,0,0,0,0,0,0,0,0,0.0,0,0.0,0,0,0,0,0,0,0,0,0,0,0,0,0,0,0,0.0,0,0.0,0.0,0,0,0,0,0,0,0,0,0,0,0.0,0,0,0,0.0,0,0,0.0,0,0.0,0.0,0,0.0,0.0,0.0,0.0,0,0,0.0,0,0.0,0,0.0,0.0,0.0,0.0,0.0,0.0,0.0,0.0,0.0,0,0.0,0.0,0,0,0
2011-01,0.0,0.0,0,0,0,0,0,0,0.0,0,0.0,0.0,0,0.0,0,0.0,0,0.0,0.0,0,0.0,0.0,0.0,0.0,0,0,0,0.0,0.0,0,0,0.0,0,0,0,0,0,0,0,0,0.0,0,0.0,0,0,0,0,0,0,0,0,0,0,0,0,0,0,0,0.0,0,0.0,0.0,0,0,0,0,0,0,0,0,0,0,0.0,0,0,0,0.0,0,0,0.0,0,0.0,0.0,0,0.0,0.0,0.0,0.0,0,0,0.0,0,0.0,0,0.0,0.0,0.0,0.0,0.0,0.0,0.0,0.0,0.0,0,0.0,0.0,0,0,0
2011-02,0.0,0.0,0,0,0,0,0,0,0.0,0,0.0,0.0,0,0.0,0,0.0,0,0.0,0.0,0,0.0,0.0,0.0,0.0,0,0,0,0.0,0.0,0,0,0.0,0,0,0,0,0,0,0,0,0.0,0,0.0,0,0,0,0,0,0,0,0,0,0,0,0,0,0,0,0.0,0,0.0,0.0,0,0,0,0,0,0,0,0,0,0,0.0,0,0,0,0.0,0,0,0.0,0,100.0,0.0,0,100.0,0.0,0.0,0.0,0,0,0.0,0,0.0,0,0.0,0.0,0.0,0.0,0.0,0.0,0.0,0.0,0.0,0,0.0,0.0,0,0,0
2011-03,0.0,0.0,0,0,0,0,0,0,0.0,0,0.0,0.0,0,0.0,0,0.0,0,0.0,0.0,0,0.0,0.0,0.0,0.0,0,0,0,0.0,0.0,0,0,0.0,0,0,0,0,0,0,0,0,0.0,0,0.0,0,0,0,0,0,0,0,0,0,0,0,0,0,0,0,0.0,0,0.0,0.0,0,0,0,0,0,0,0,0,0,0,0.0,0,0,0,0.0,0,0,0.0,0,0.0,0.0,0,0.0,0.0,0.0,0.0,0,0,0.0,0,0.0,0,100.0,0.0,0.0,0.0,0.0,0.0,0.0,0.0,0.0,0,0.0,0.0,0,0,0
2011-04,0.0,0.0,0,0,0,0,0,0,0.0,0,0.0,0.0,0,0.0,0,0.0,0,0.0,0.0,0,0.0,0.0,0.0,0.0,0,0,0,0.0,0.0,0,0,0.0,0,0,0,0,0,0,0,0,0.0,0,0.0,0,0,0,0,0,0,0,0,0,0,0,0,0,0,0,0.0,0,0.0,0.0,0,0,0,0,0,0,0,0,0,0,0.0,0,0,0,0.0,0,0,0.0,0,0.0,0.0,0,0.0,0.0,0.0,0.0,0,0,0.0,0,0.0,0,0.0,0.0,0.0,0.0,0.0,0.0,0.0,0.0,0.0,0,0.0,0.0,0,0,0
2011-05,0.0,0.0,0,0,0,0,0,0,0.0,0,0.0,0.0,0,0.0,0,0.0,0,0.0,0.0,0,0.0,0.0,0.0,0.0,0,0,0,0.0,0.0,0,0,0.0,0,0,0,0,0,0,0,0,0.0,0,0.0,0,0,0,0,0,0,0,0,0,0,0,0,0,0,0,0.0,0,0.0,0.0,0,0,0,0,0,0,0,0,0,0,0.0,0,0,0,0.0,0,0,0.0,0,0.0,0.0,0,0.0,0.0,0.0,0.0,0,0,0.0,0,0.0,0,0.0,0.0,0.0,0.0,0.0,0.0,0.0,0.0,0.0,0,0.0,0.0,0,0,0
2011-06,0.0,0.0,0,0,0,0,0,0,0.0,0,0.0,0.0,0,0.0,0,0.0,0,0.0,0.0,0,0.0,18.0,0.0,0.0,0,0,0,0.0,0.0,0,0,0.0,0,0,0,0,0,0,0,0,0.0,0,0.0,0,0,0,0,0,0,0,0,0,0,0,0,0,0,0,0.0,0,0.0,0.0,0,0,0,0,0,0,0,0,0,0,0.0,0,0,0,0.0,0,0,0.0,0,0.0,0.0,0,0.0,0.0,0.0,19.0,0,0,0.0,0,0.0,0,0.0,0.0,0.0,0.0,0.0,0.0,0.0,0.0,0.0,0,0.0,0.0,0,0,0
2011-07,0.0,0.0,0,0,0,0,0,0,0.0,0,0.0,0.0,0,0.0,0,0.0,0,0.0,0.0,0,0.0,0.0,0.0,0.0,0,0,0,0.0,0.0,0,0,0.0,0,0,0,0,0,0,0,0,0.0,0,0.0,0,0,0,0,0,0,0,0,0,0,0,0,0,0,0,0.0,0,0.0,0.0,0,0,0,0,0,0,0,0,0,0,0.0,0,0,0,0.0,0,0,0.0,0,0.0,0.0,0,0.0,0.0,0.0,0.0,0,0,0.0,0,0.0,0,0.0,0.0,0.0,0.0,0.0,0.0,0.0,0.0,0.0,0,0.0,0.0,0,0,0
2011-08,0.0,0.0,0,0,0,0,0,0,0.0,0,0.0,0.0,0,0.0,0,0.0,0,0.0,0.0,0,0.0,0.0,0.0,0.0,0,0,0,0.0,0.0,0,0,0.0,0,0,0,0,0,0,0,0,0.0,0,0.0,0,0,0,0,0,0,0,0,0,0,0,0,0,0,0,0.0,0,0.0,0.0,0,0,0,0,0,0,0,0,0,0,0.0,0,0,0,0.0,0,0,0.0,0,0.0,0.0,0,0.0,0.0,0.0,0.0,0,0,0.0,0,0.0,0,0.0,0.0,0.0,0.0,0.0,0.0,0.0,0.0,0.0,0,0.0,0.0,0,0,0
2011-09,0.0,0.0,0,0,0,0,0,0,0.0,0,0.0,0.0,0,0.0,0,0.0,0,0.0,0.0,0,0.0,0.0,0.0,0.0,0,0,0,0.0,0.0,0,0,0.0,0,0,0,0,0,0,0,0,0.0,0,0.0,0,0,0,0,0,0,0,0,0,0,0,0,0,0,0,0.0,0,0.0,0.0,0,0,0,0,0,0,0,0,0,0,0.0,0,0,0,0.0,0,0,0.0,0,0.0,0.0,0,0.0,0.0,0.0,0.0,0,0,0.0,0,0.0,0,0.0,0.0,0.0,0.0,0.0,0.0,100.0,0.0,0.0,0,0.0,0.0,0,0,0
2011-10,0.0,0.0,0,0,0,0,0,0,0.0,0,0.0,0.0,0,0.0,0,0.0,0,0.0,0.0,0,0.0,0.0,0.0,0.0,0,0,0,0.0,0.0,0,0,0.0,0,0,0,0,0,0,0,0,0.0,0,0.0,0,0,0,0,0,0,0,0,0,0,0,0,0,0,0,0.0,0,0.0,0.0,0,0,0,0,0,0,0,0,0,0,0.0,0,0,0,0.0,0,0,0.0,0,0.0,0.0,0,0.0,0.0,0.0,0.0,0,0,0.0,0,0.0,0,0.0,0.0,0.0,0.0,0.0,0.0,0.0,0.0,0.0,0,0.0,0.0,0,0,0
2011-11,0.0,0.0,0,0,0,0,0,0,0.0,0,0.0,0.0,0,0.0,0,0.0,0,0.0,0.0,0,0.0,0.0,0.0,0.0,0,0,0,0.0,0.0,0,0,0.0,0,0,0,0,0,0,0,0,0.0,0,0.0,0,0,0,0,0,0,0,0,0,0,0,0,0,0,0,0.0,0,0.0,0.0,0,0,0,0,0,0,0,0,0,0,0.0,0,0,100,0.0,0,0,0.0,0,0.0,0.0,0,0.0,0.0,0.0,0.0,0,0,0.0,0,0.0,0,0.0,0.0,0.0,0.0,0.0,0.0,0.0,0.0,0.0,0,0.0,0.0,0,0,0
2011-12,0.0,0.0,0,0,0,0,0,0,0.0,0,0.0,0.0,0,0.0,0,0.0,0,0.0,0.0,0,0.0,0.0,0.0,0.0,0,0,0,0.0,0.0,0,0,0.0,0,0,0,0,0,0,0,0,0.0,0,0.0,0,0,0,0,0,0,0,0,0,0,0,0,0,0,0,0.0,0,0.0,0.0,0,0,0,0,0,0,0,0,0,0,0.0,0,0,0,0.0,0,0,0.0,0,0.0,0.0,0,0.0,0.0,0.0,0.0,0,0,0.0,0,0.0,0,21.0,0.0,0.0,0.0,0.0,0.0,0.0,0.0,0.0,0,0.0,0.0,0,0,0
2012-01,0.0,0.0,0,0,0,0,0,0,0.0,0,0.0,0.0,0,0.0,0,0.0,0,0.0,0.0,0,0.0,0.0,0.0,0.0,0,0,0,0.0,0.0,0,0,0.0,0,0,0,0,0,0,0,0,0.0,0,0.0,0,0,0,0,0,0,0,0,0,0,0,0,0,0,0,0.0,0,0.0,0.0,0,0,0,0,0,0,0,0,0,0,0.0,0,0,0,0.0,0,0,0.0,0,0.0,0.0,0,0.0,0.0,0.0,0.0,0,0,0.0,0,0.0,0,0.0,0.0,0.0,0.0,0.0,0.0,0.0,0.0,0.0,0,0.0,0.0,0,0,0
2012-02,0.0,0.0,0,0,0,0,0,0,0.0,0,0.0,0.0,0,0.0,0,0.0,0,0.0,0.0,0,0.0,0.0,100.0,0.0,0,0,0,0.0,0.0,0,0,0.0,0,0,0,0,0,0,0,0,0.0,0,0.0,0,0,0,0,0,0,0,0,0,0,0,0,0,0,0,0.0,0,0.0,0.0,0,0,0,0,0,0,0,0,0,0,0.0,0,0,0,0.0,0,0,0.0,0,0.0,0.0,0,0.0,0.0,0.0,0.0,0,0,0.0,0,0.0,0,0.0,0.0,0.0,0.0,0.0,0.0,0.0,0.0,0.0,0,0.0,0.0,0,0,0
2012-03,0.0,0.0,0,0,0,0,0,0,0.0,0,0.0,0.0,0,0.0,0,0.0,0,0.0,0.0,0,0.0,0.0,0.0,0.0,0,0,0,0.0,0.0,0,0,0.0,0,0,0,0,0,0,0,0,0.0,0,0.0,0,0,0,0,0,0,0,0,0,0,0,0,0,0,0,0.0,0,0.0,0.0,0,0,0,0,0,0,0,0,0,0,0.0,0,0,0,0.0,0,0,0.0,0,0.0,0.0,0,0.0,0.0,0.0,0.0,0,0,0.0,0,0.0,0,0.0,0.0,0.0,0.0,0.0,0.0,0.0,0.0,0.0,0,0.0,0.0,0,0,0
2012-04,0.0,0.0,0,0,0,0,0,0,0.0,0,0.0,0.0,0,0.0,0,0.0,0,0.0,0.0,0,0.0,0.0,0.0,0.0,0,0,0,0.0,0.0,0,0,0.0,0,0,0,0,0,0,0,0,0.0,0,0.0,0,0,0,0,0,0,0,0,0,0,0,0,0,0,0,0.0,0,0.0,0.0,0,0,0,0,0,0,0,0,0,0,0.0,0,0,0,0.0,0,0,0.0,0,0.0,0.0,0,0.0,0.0,0.0,0.0,0,0,0.0,0,0.0,0,0.0,0.0,0.0,0.0,0.0,0.0,0.0,0.0,0.0,0,0.0,0.0,0,0,0
2012-05,0.0,0.0,0,0,0,0,0,0,0.0,0,0.0,0.0,0,0.0,0,0.0,0,0.0,0.0,0,0.0,0.0,0.0,0.0,0,0,0,0.0,0.0,0,0,0.0,0,0,0,0,0,0,0,0,0.0,0,0.0,0,0,0,0,0,0,0,0,0,0,0,0,0,0,0,0.0,0,0.0,0.0,0,0,0,0,0,0,0,0,0,0,0.0,0,0,0,0.0,0,0,0.0,0,0.0,0.0,0,0.0,0.0,0.0,0.0,0,0,0.0,0,0.0,0,0.0,0.0,0.0,0.0,0.0,0.0,0.0,0.0,0.0,0,0.0,0.0,0,0,0
2012-06,0.0,0.0,0,0,0,0,0,0,0.0,0,0.0,0.0,0,0.0,0,0.0,0,0.0,0.0,0,0.0,0.0,0.0,0.0,0,0,0,0.0,0.0,0,0,0.0,0,0,0,0,0,0,0,0,0.0,0,0.0,0,0,0,0,0,0,0,0,0,0,0,0,0,0,0,0.0,0,0.0,0.0,0,0,0,0,0,0,0,0,0,0,0.0,0,0,0,0.0,0,0,0.0,0,0.0,0.0,0,0.0,0.0,0.0,0.0,0,0,0.0,0,0.0,0,0.0,0.0,0.0,0.0,0.0,0.0,0.0,0.0,0.0,0,0.0,0.0,0,0,0
2012-07,0.0,0.0,0,0,0,0,0,0,0.0,0,0.0,0.0,0,0.0,0,0.0,0,0.0,0.0,0,0.0,0.0,0.0,0.0,0,0,0,0.0,0.0,0,0,0.0,0,0,0,0,0,0,0,0,0.0,0,0.0,0,0,0,0,0,0,0,0,0,0,0,0,0,0,0,0.0,0,0.0,0.0,0,0,0,0,0,0,0,0,0,0,0.0,0,0,0,0.0,0,0,0.0,0,0.0,0.0,0,0.0,0.0,0.0,0.0,0,0,0.0,0,0.0,0,0.0,0.0,0.0,0.0,0.0,0.0,0.0,0.0,0.0,0,0.0,0.0,0,0,0
2012-08,0.0,0.0,0,0,0,0,0,0,0.0,0,0.0,0.0,0,0.0,0,0.0,0,0.0,0.0,0,0.0,0.0,0.0,0.0,0,0,0,0.0,0.0,0,0,0.0,0,0,0,0,0,0,0,0,0.0,0,0.0,0,0,0,0,0,0,0,0,0,0,0,0,0,0,0,0.0,0,0.0,0.0,0,0,0,0,0,0,0,0,0,0,0.0,0,0,0,0.0,0,0,0.0,0,0.0,0.0,0,0.0,0.0,0.0,0.0,0,0,0.0,0,0.0,0,0.0,0.0,0.0,0.0,0.0,0.0,0.0,0.0,0.0,0,0.0,0.0,0,0,0
2012-09,0.0,0.0,0,0,0,0,0,0,0.0,0,0.0,0.0,0,0.0,0,0.0,0,0.0,0.0,0,0.0,0.0,0.0,0.0,0,0,0,0.0,0.0,0,0,0.0,0,0,0,0,0,0,0,0,0.0,0,0.0,0,0,0,0,0,0,0,0,0,0,0,0,0,0,0,0.0,0,0.0,0.0,0,0,0,0,0,0,0,0,0,0,0.0,0,0,0,0.0,0,0,0.0,0,0.0,0.0,0,0.0,0.0,0.0,0.0,0,0,0.0,0,0.0,0,0.0,0.0,0.0,0.0,0.0,0.0,0.0,0.0,0.0,0,0.0,0.0,0,0,0
2012-10,0.0,0.0,0,0,0,0,0,0,0.0,0,0.0,0.0,0,0.0,0,0.0,0,0.0,0.0,0,0.0,0.0,0.0,0.0,0,0,0,0.0,0.0,0,0,0.0,0,0,0,0,0,0,0,0,0.0,0,0.0,0,0,0,0,0,0,0,0,0,0,0,0,0,0,0,0.0,0,0.0,0.0,0,0,0,0,0,0,0,0,0,0,0.0,0,0,0,0.0,0,0,0.0,0,0.0,0.0,0,0.0,0.0,0.0,0.0,0,0,0.0,0,0.0,0,0.0,0.0,0.0,0.0,0.0,0.0,0.0,0.0,0.0,0,0.0,0.0,0,0,0
2012-11,0.0,0.0,0,0,0,0,0,0,0.0,0,0.0,0.0,0,0.0,0,0.0,0,0.0,0.0,0,0.0,0.0,0.0,0.0,0,0,0,0.0,0.0,0,0,0.0,0,0,0,0,0,0,0,0,0.0,0,0.0,0,0,0,0,0,0,0,0,0,0,0,0,0,0,0,0.0,0,0.0,0.0,0,0,0,0,0,0,0,0,0,0,0.0,0,0,0,0.0,0,0,0.0,0,0.0,0.0,0,0.0,0.0,0.0,0.0,0,0,0.0,0,0.0,0,0.0,0.0,0.0,0.0,0.0,0.0,0.0,0.0,0.0,0,0.0,0.0,0,0,0
2012-12,0.0,0.0,0,0,0,0,0,0,0.0,0,0.0,0.0,0,0.0,0,0.0,0,0.0,0.0,0,0.0,0.0,0.0,0.0,0,0,0,0.0,0.0,0,0,0.0,0,0,0,0,0,0,0,0,0.0,0,0.0,0,0,0,0,0,0,0,0,0,0,0,0,0,0,0,0.0,0,0.0,0.0,0,0,0,0,0,0,0,0,0,0,0.0,0,0,0,0.0,0,0,0.0,0,0.0,0.0,0,0.0,0.0,0.0,0.0,0,0,0.0,0,0.0,0,0.0,0.0,0.0,0.0,0.0,0.0,0.0,0.0,0.0,0,0.0,0.0,0,0,0
2013-01,0.0,0.0,0,0,0,0,0,0,0.0,0,0.0,0.0,0,0.0,0,0.0,0,0.0,0.0,0,0.0,0.0,0.0,0.0,0,0,0,0.0,0.0,0,0,0.0,0,0,0,0,0,0,0,0,0.0,0,0.0,0,0,0,0,0,0,0,0,0,0,0,0,0,0,0,0.0,0,0.0,0.0,0,0,0,0,0,0,0,0,0,0,0.0,0,0,0,0.0,0,0,0.0,0,0.0,0.0,0,0.0,0.0,0.0,0.0,0,0,0.0,0,0.0,0,0.0,0.0,0.0,0.0,0.0,0.0,0.0,0.0,0.0,0,0.0,0.0,0,0,0
2013-02,0.0,0.0,0,0,0,0,0,0,0.0,0,0.0,0.0,0,0.0,0,0.0,0,0.0,0.0,0,0.0,0.0,0.0,0.0,0,0,0,0.0,0.0,0,0,0.0,0,0,0,0,0,0,0,0,0.0,0,0.0,0,0,0,0,0,0,0,0,0,0,0,0,0,0,0,0.0,0,0.0,0.0,0,0,0,0,0,0,0,0,0,0,0.0,0,0,0,0.0,0,0,0.0,0,0.0,0.0,0,0.0,0.0,0.0,0.0,0,0,0.0,0,0.0,0,0.0,0.0,0.0,0.0,0.0,0.0,0.0,0.0,0.0,0,0.0,0.0,0,0,0
2013-03,0.0,0.0,0,0,0,0,0,0,0.0,0,0.0,0.0,0,0.0,0,0.0,0,0.0,0.0,0,0.0,0.0,0.0,0.0,0,0,0,0.0,0.0,0,0,0.0,0,0,0,0,0,0,0,0,0.0,0,0.0,0,0,0,0,0,0,0,0,0,0,0,0,0,0,0,0.0,0,0.0,0.0,0,0,0,0,0,0,0,0,0,0,0.0,0,0,0,0.0,0,0,0.0,0,0.0,0.0,0,0.0,0.0,0.0,0.0,0,0,0.0,0,0.0,0,0.0,0.0,0.0,0.0,0.0,0.0,0.0,0.0,0.0,0,0.0,0.0,0,0,0
2013-04,0.0,0.0,0,0,0,0,0,0,0.0,0,0.0,0.0,0,0.0,0,0.0,0,0.0,0.0,0,0.0,0.0,0.0,0.0,0,0,0,0.0,0.0,0,0,0.0,0,0,0,0,0,0,0,0,0.0,0,0.0,0,0,0,0,0,0,0,0,0,0,0,0,0,0,0,0.0,0,0.0,0.0,0,0,0,0,0,0,0,0,0,0,0.0,0,0,0,0.0,0,0,0.0,0,0.0,0.0,0,0.0,0.0,0.0,0.0,0,0,0.0,0,0.0,0,0.0,0.0,0.0,0.0,0.0,0.0,0.0,0.0,0.0,0,0.0,0.0,0,0,0
2013-05,0.0,0.0,0,0,0,0,0,0,0.0,0,0.0,0.0,0,0.0,0,0.0,0,0.0,0.0,0,47.0,0.0,0.0,0.0,0,0,0,0.0,100.0,0,0,0.0,0,0,0,0,0,0,0,0,0.0,0,0.0,0,0,0,0,0,0,0,0,0,0,0,0,0,0,0,0.0,0,0.0,0.0,0,0,0,0,0,0,0,0,0,0,0.0,0,0,0,0.0,0,0,0.0,0,0.0,0.0,0,0.0,0.0,0.0,0.0,0,0,0.0,0,0.0,0,0.0,0.0,0.0,0.0,0.0,0.0,0.0,0.0,0.0,0,0.0,0.0,0,0,0
2013-06,0.0,0.0,0,0,0,0,0,0,0.0,0,0.0,0.0,0,0.0,0,0.0,0,0.0,0.0,0,0.0,0.0,0.0,0.0,0,0,0,0.0,0.0,0,0,0.0,0,0,0,0,0,0,0,0,0.0,0,0.0,0,0,0,0,0,0,0,0,0,0,0,0,0,0,0,0.0,0,0.0,0.0,0,0,0,0,0,0,0,0,0,0,0.0,0,0,0,0.0,0,0,0.0,0,0.0,0.0,0,0.0,0.0,0.0,0.0,0,0,0.0,0,0.0,0,0.0,0.0,0.0,0.0,0.0,0.0,0.0,0.0,0.0,0,0.0,0.0,0,0,0
2013-07,0.0,0.0,0,0,0,0,0,0,0.0,0,0.0,0.0,0,0.0,0,0.0,0,0.0,0.0,0,0.0,0.0,0.0,0.0,0,0,0,0.0,0.0,0,0,0.0,0,0,0,0,0,0,0,0,0.0,0,0.0,0,0,0,0,0,0,0,0,0,0,0,0,0,0,0,0.0,0,0.0,0.0,0,0,0,0,0,0,0,0,0,0,0.0,0,0,0,0.0,0,0,0.0,0,0.0,0.0,0,0.0,0.0,0.0,0.0,0,0,0.0,0,0.0,0,0.0,0.0,0.0,0.0,0.0,0.0,0.0,0.0,0.0,0,0.0,0.0,0,0,0
2013-08,0.0,0.0,0,0,0,0,0,0,0.0,0,0.0,0.0,0,0.0,0,0.0,0,0.0,0.0,0,0.0,0.0,0.0,0.0,0,0,0,0.0,0.0,0,0,0.0,0,0,0,0,0,0,0,0,0.0,0,0.0,0,0,0,0,0,0,0,0,0,0,0,0,0,0,0,0.0,0,0.0,0.0,0,0,0,0,0,0,0,0,0,0,0.0,0,0,0,0.0,0,0,0.0,0,0.0,0.0,0,0.0,0.0,0.0,0.0,0,0,0.0,0,0.0,0,0.0,0.0,0.0,0.0,0.0,0.0,0.0,0.0,0.0,0,0.0,0.0,0,0,0
2013-09,0.0,0.0,0,0,0,0,0,0,0.0,0,0.0,0.0,0,0.0,0,0.0,0,0.0,0.0,0,0.0,0.0,0.0,0.0,0,0,0,0.0,0.0,0,0,0.0,0,0,0,0,0,0,0,0,0.0,0,0.0,0,0,0,0,0,0,0,0,0,0,0,0,0,0,0,0.0,0,0.0,0.0,0,0,0,0,0,0,0,0,0,0,0.0,0,0,0,0.0,0,0,0.0,0,0.0,0.0,0,0.0,0.0,0.0,0.0,0,0,0.0,0,0.0,0,0.0,0.0,0.0,0.0,0.0,0.0,0.0,0.0,0.0,0,0.0,0.0,0,0,0
2013-10,0.0,0.0,0,0,0,0,0,0,0.0,0,0.0,0.0,0,0.0,0,0.0,0,0.0,0.0,0,0.0,0.0,0.0,0.0,0,0,0,0.0,0.0,0,0,0.0,0,0,0,0,0,0,0,0,0.0,0,0.0,0,0,0,0,0,0,0,0,0,0,0,0,0,0,0,0.0,0,0.0,0.0,0,0,0,0,0,0,0,0,0,0,0.0,0,0,0,0.0,0,0,0.0,0,0.0,0.0,0,0.0,0.0,0.0,0.0,0,0,0.0,0,0.0,0,0.0,0.0,0.0,0.0,0.0,0.0,0.0,0.0,0.0,0,0.0,0.0,0,0,0
2013-11,0.0,0.0,0,0,0,0,0,0,0.0,0,0.0,0.0,0,0.0,0,0.0,0,0.0,0.0,0,0.0,0.0,0.0,0.0,0,0,0,0.0,0.0,0,0,0.0,0,0,0,0,0,0,0,0,0.0,0,0.0,0,0,0,0,0,0,0,0,0,0,0,0,0,0,0,0.0,0,0.0,0.0,0,0,0,0,0,0,0,0,0,0,0.0,0,0,0,0.0,0,0,0.0,0,0.0,0.0,0,0.0,0.0,0.0,0.0,0,0,0.0,0,0.0,0,0.0,0.0,0.0,0.0,0.0,0.0,0.0,0.0,0.0,0,0.0,0.0,0,100,0
2013-12,0.0,0.0,0,0,0,0,0,0,0.0,0,0.0,0.0,0,0.0,0,0.0,0,0.0,0.0,0,0.0,0.0,0.0,0.0,0,0,0,0.0,0.0,0,0,0.0,0,0,0,0,0,0,0,0,0.0,0,0.0,0,0,0,0,0,0,0,0,0,0,0,0,0,0,0,0.0,0,0.0,0.0,0,0,0,0,0,0,0,0,0,0,0.0,0,0,0,0.0,0,0,0.0,0,0.0,0.0,0,0.0,0.0,0.0,0.0,0,0,0.0,0,0.0,0,0.0,0.0,0.0,0.0,0.0,0.0,0.0,0.0,0.0,0,0.0,0.0,0,0,0
2014-01,0.0,0.0,0,0,0,0,0,0,0.0,0,0.0,0.0,0,0.0,0,0.0,0,0.0,0.0,0,0.0,0.0,0.0,0.0,0,0,0,0.0,0.0,0,0,0.0,0,0,0,0,0,0,0,0,0.0,0,0.0,0,0,0,0,0,0,0,0,0,0,0,0,0,0,0,0.0,0,0.0,0.0,0,0,0,0,0,0,0,0,0,0,0.0,0,0,0,0.0,0,0,0.0,0,0.0,0.0,0,0.0,0.0,0.0,0.0,0,0,0.0,0,0.0,0,0.0,0.0,0.0,0.0,0.0,0.0,0.0,0.0,0.0,0,0.0,0.0,0,0,0
2014-02,0.0,0.0,0,0,0,0,0,0,0.0,0,0.0,0.0,0,0.0,0,0.0,0,0.0,100.0,0,0.0,0.0,0.0,0.0,0,0,0,0.0,0.0,0,0,0.0,0,0,0,0,0,0,0,0,0.0,0,0.0,0,0,0,0,0,0,0,0,0,0,0,0,0,0,0,0.0,0,0.0,0.0,0,0,0,0,0,0,0,0,0,0,0.0,0,0,0,0.0,0,0,0.0,0,0.0,0.0,0,0.0,0.0,0.0,0.0,0,0,0.0,0,0.0,0,0.0,0.0,0.0,0.0,0.0,0.0,0.0,0.0,0.0,0,0.0,0.0,0,0,0
2014-03,0.0,0.0,0,0,0,0,0,0,0.0,0,0.0,0.0,0,0.0,0,0.0,0,0.0,0.0,0,0.0,0.0,0.0,0.0,0,0,0,0.0,0.0,0,0,0.0,0,0,0,0,0,0,0,0,0.0,0,0.0,0,0,0,0,0,0,0,0,0,0,0,0,0,0,0,0.0,0,0.0,0.0,0,0,0,0,0,0,0,0,0,0,0.0,0,0,0,0.0,0,0,0.0,0,0.0,0.0,0,0.0,0.0,0.0,0.0,0,0,0.0,0,0.0,0,0.0,0.0,0.0,0.0,0.0,0.0,0.0,0.0,0.0,0,0.0,0.0,0,0,0
2014-04,0.0,0.0,0,0,0,0,0,0,0.0,0,0.0,0.0,0,0.0,0,0.0,0,0.0,0.0,0,0.0,0.0,0.0,0.0,0,0,0,0.0,0.0,0,0,0.0,0,0,0,0,0,0,0,0,0.0,0,0.0,0,0,0,0,0,0,0,0,0,0,0,0,0,0,0,0.0,0,0.0,0.0,0,0,0,0,0,0,0,0,0,0,0.0,0,0,0,0.0,0,0,0.0,0,0.0,0.0,0,0.0,0.0,0.0,0.0,0,0,0.0,0,0.0,0,0.0,0.0,0.0,0.0,0.0,0.0,0.0,0.0,0.0,0,0.0,0.0,0,0,0
2014-05,0.0,0.0,0,0,0,0,0,0,0.0,0,0.0,0.0,0,0.0,0,0.0,0,0.0,0.0,0,0.0,0.0,0.0,0.0,0,0,0,0.0,0.0,0,0,0.0,0,0,0,0,0,0,0,0,0.0,0,0.0,0,0,0,0,0,0,0,0,0,0,0,0,0,0,0,0.0,0,0.0,0.0,0,0,0,0,0,0,0,0,0,0,0.0,0,0,0,0.0,0,0,0.0,0,0.0,0.0,0,0.0,0.0,0.0,0.0,0,0,0.0,0,0.0,0,0.0,0.0,0.0,0.0,0.0,0.0,0.0,0.0,0.0,0,0.0,0.0,0,0,0
2014-06,0.0,0.0,0,0,0,0,0,0,0.0,0,0.0,0.0,0,0.0,0,0.0,0,0.0,0.0,0,0.0,0.0,0.0,0.0,0,0,0,0.0,0.0,0,0,0.0,0,0,0,0,0,0,0,0,0.0,0,0.0,0,0,0,0,0,0,0,0,0,0,0,0,0,0,0,0.0,0,0.0,0.0,0,0,0,0,0,0,0,0,0,0,0.0,0,0,0,0.0,0,0,0.0,0,0.0,0.0,0,0.0,0.0,0.0,0.0,0,0,0.0,0,0.0,0,0.0,0.0,0.0,0.0,0.0,0.0,0.0,0.0,0.0,0,0.0,0.0,0,0,0
2014-07,0.0,0.0,0,0,0,0,0,0,0.0,0,0.0,0.0,0,0.0,0,0.0,0,0.0,0.0,0,0.0,0.0,0.0,0.0,0,0,0,0.0,0.0,0,0,0.0,0,0,0,0,0,0,0,0,0.0,0,0.0,0,0,0,0,0,0,0,0,0,0,0,0,0,0,0,0.0,0,0.0,0.0,0,0,0,0,0,0,0,0,0,0,0.0,0,0,0,0.0,0,0,0.0,0,0.0,0.0,0,0.0,0.0,0.0,0.0,0,0,0.0,0,0.0,0,0.0,0.0,0.0,0.0,0.0,0.0,0.0,0.0,0.0,0,0.0,0.0,0,0,0
2014-08,0.0,0.0,0,0,0,0,0,0,0.0,0,0.0,0.0,0,0.0,0,0.0,0,0.0,0.0,0,0.0,0.0,0.0,0.0,0,0,0,0.0,0.0,0,0,0.0,0,0,0,0,0,0,0,0,0.0,0,0.0,0,0,0,0,0,0,0,0,0,0,0,0,0,0,0,0.0,0,0.0,0.0,0,0,0,0,0,0,0,0,0,0,0.0,0,0,0,0.0,0,0,0.0,0,0.0,0.0,0,0.0,0.0,0.0,0.0,0,0,0.0,0,0.0,0,0.0,0.0,0.0,0.0,0.0,0.0,0.0,0.0,0.0,0,0.0,0.0,0,0,0
2014-09,0.0,0.0,0,0,0,0,0,0,0.0,0,0.0,0.0,0,0.0,0,0.0,0,0.0,0.0,0,0.0,0.0,0.0,0.0,0,0,0,0.0,0.0,0,0,0.0,0,0,0,0,0,0,0,0,0.0,0,0.0,0,0,0,0,0,0,0,0,0,0,0,0,0,0,0,0.0,0,0.0,0.0,0,0,0,0,0,0,0,0,0,0,0.0,0,0,0,0.0,0,0,0.0,0,0.0,0.0,0,0.0,0.0,0.0,0.0,0,0,0.0,0,0.0,0,0.0,0.0,0.0,0.0,0.0,0.0,0.0,0.0,0.0,0,0.0,0.0,0,0,0
2014-10,0.0,0.0,0,0,0,0,0,0,0.0,0,0.0,0.0,0,0.0,0,0.0,0,0.0,0.0,0,0.0,0.0,0.0,0.0,0,0,0,0.0,0.0,0,0,0.0,0,0,0,0,0,0,0,0,0.0,0,0.0,0,0,0,0,0,0,0,0,0,0,0,0,0,0,0,0.0,0,0.0,0.0,0,0,0,0,0,0,0,0,0,0,0.0,0,0,0,0.0,0,0,0.0,0,0.0,0.0,0,0.0,0.0,0.0,0.0,0,0,0.0,0,0.0,0,0.0,0.0,0.0,0.0,0.0,0.0,0.0,0.0,0.0,0,0.0,0.0,0,0,0
2014-11,0.0,0.0,0,0,0,0,0,0,0.0,0,0.0,0.0,0,0.0,0,0.0,0,0.0,0.0,0,0.0,0.0,0.0,0.0,0,0,0,0.0,0.0,0,0,0.0,0,0,0,0,0,0,0,0,0.0,0,0.0,0,0,0,0,0,0,0,0,0,0,0,0,0,0,0,0.0,0,0.0,0.0,0,0,0,0,0,0,0,0,0,0,0.0,0,0,0,0.0,0,0,0.0,0,0.0,0.0,0,0.0,0.0,0.0,0.0,0,0,0.0,0,0.0,0,0.0,0.0,0.0,0.0,0.0,0.0,0.0,0.0,0.0,0,0.0,0.0,0,0,0
2014-12,0.0,0.0,0,0,0,0,0,0,0.0,0,0.0,0.0,0,0.0,0,0.0,0,0.0,0.0,0,0.0,0.0,0.0,0.0,0,0,0,0.0,0.0,0,0,0.0,0,0,0,0,0,0,0,0,0.0,0,0.0,0,0,0,0,0,0,0,0,0,0,0,0,0,0,0,0.0,0,0.0,0.0,0,0,0,0,0,0,0,0,0,0,0.0,0,0,0,0.0,0,0,0.0,0,0.0,0.0,0,0.0,0.0,0.0,0.0,0,0,0.0,0,0.0,0,0.0,0.0,0.0,0.0,0.0,0.0,0.0,0.0,0.0,0,0.0,0.0,0,0,0
2015-01,0.0,0.0,0,0,0,0,0,0,0.0,0,0.0,0.0,0,0.0,0,0.0,0,0.0,0.0,0,0.0,0.0,0.0,0.0,0,0,0,0.0,0.0,0,0,0.0,0,0,0,0,0,0,0,0,0.0,0,0.0,0,0,0,0,0,0,0,0,0,0,0,0,0,0,0,0.0,0,0.0,0.0,0,0,0,0,0,0,0,0,0,0,0.0,0,0,0,0.0,0,0,0.0,0,0.0,0.0,0,0.0,0.0,0.0,0.0,0,0,0.0,0,0.0,0,0.0,0.0,0.0,0.0,0.0,0.0,0.0,0.0,0.0,0,0.0,0.0,0,0,0
2015-02,0.0,0.0,0,0,0,0,0,0,0.0,0,0.0,0.0,0,0.0,0,0.0,0,0.0,0.0,0,0.0,0.0,0.0,0.0,0,0,0,0.0,0.0,0,0,0.0,0,0,0,0,0,0,0,0,0.0,0,0.0,0,0,0,0,0,0,0,0,0,0,0,0,0,0,0,0.0,0,0.0,0.0,0,0,0,0,0,0,0,0,0,0,0.0,0,0,0,0.0,0,0,0.0,0,0.0,0.0,0,0.0,0.0,0.0,0.0,0,0,0.0,0,0.0,0,0.0,0.0,0.0,0.0,0.0,0.0,0.0,0.0,0.0,0,0.0,0.0,0,0,0
2015-03,0.0,0.0,0,0,0,0,0,0,0.0,0,0.0,0.0,0,0.0,0,0.0,0,0.0,0.0,0,0.0,0.0,0.0,0.0,0,0,0,0.0,0.0,0,0,0.0,0,0,0,0,0,0,0,0,0.0,0,0.0,0,0,0,0,0,0,0,0,0,0,0,0,0,0,0,0.0,0,0.0,0.0,0,0,0,0,0,0,0,0,0,0,0.0,0,0,0,0.0,0,0,0.0,0,0.0,0.0,0,0.0,0.0,0.0,0.0,0,0,0.0,0,0.0,0,0.0,0.0,0.0,0.0,0.0,0.0,0.0,0.0,0.0,0,0.0,0.0,0,0,0
2015-04,0.0,0.0,0,0,0,0,0,0,0.0,0,0.0,0.0,0,0.0,0,0.0,0,0.0,0.0,0,0.0,0.0,0.0,0.0,0,0,0,0.0,0.0,0,0,0.0,0,0,0,0,0,0,0,0,0.0,0,0.0,0,0,0,0,0,0,0,0,0,0,0,0,0,0,0,0.0,0,0.0,0.0,0,0,0,0,0,0,0,0,0,0,0.0,0,0,0,0.0,0,0,0.0,0,0.0,0.0,0,0.0,0.0,0.0,0.0,0,0,0.0,0,0.0,0,0.0,0.0,0.0,0.0,0.0,0.0,0.0,0.0,0.0,0,0.0,0.0,0,0,0
2015-05,0.0,0.0,0,0,0,0,0,0,0.0,0,0.0,0.0,0,0.0,0,0.0,0,0.0,0.0,0,0.0,0.0,0.0,0.0,0,0,0,0.0,0.0,0,0,0.0,0,0,0,0,0,0,0,0,0.0,0,0.0,0,0,0,0,0,0,0,0,0,0,0,0,0,0,0,0.0,0,0.0,0.0,0,0,0,0,0,0,0,0,0,0,0.0,0,0,0,0.0,0,0,0.0,0,0.0,0.0,0,0.0,0.0,0.0,0.0,0,0,0.0,0,0.0,0,0.0,0.0,0.0,0.0,0.0,0.0,0.0,0.0,0.0,0,0.0,0.0,0,0,0
2015-06,0.0,0.0,0,0,0,0,0,0,0.0,0,0.0,0.0,0,0.0,0,0.0,0,0.0,0.0,0,0.0,0.0,0.0,0.0,0,0,0,0.0,0.0,0,0,0.0,0,0,0,0,0,0,0,0,0.0,0,0.0,0,0,0,0,0,0,0,0,0,0,0,0,0,0,0,0.0,0,0.0,0.0,0,0,0,0,0,0,0,0,0,0,0.0,0,0,0,0.0,0,0,0.0,0,0.0,0.0,0,0.0,0.0,0.0,0.0,0,0,0.0,0,0.0,0,0.0,0.0,0.0,0.0,0.0,0.0,0.0,0.0,0.0,0,0.0,0.0,0,0,0
2015-07,0.0,0.0,0,0,0,0,0,0,0.0,0,0.0,0.0,0,0.0,0,0.0,0,0.0,0.0,0,0.0,0.0,0.0,0.0,0,0,0,0.0,0.0,0,0,0.0,0,0,0,0,0,0,0,0,0.0,0,0.0,0,0,0,0,0,0,0,0,0,0,0,0,0,0,0,0.0,0,0.0,0.0,0,0,0,0,0,0,0,0,0,0,0.0,0,0,0,0.0,0,0,0.0,0,0.0,0.0,0,0.0,0.0,0.0,0.0,0,0,0.0,0,0.0,0,0.0,0.0,0.0,0.0,0.0,0.0,0.0,0.0,0.0,0,0.0,0.0,0,0,0
2015-08,0.0,0.0,0,0,0,0,0,0,0.0,0,0.0,0.0,0,0.0,0,0.0,0,0.0,0.0,0,0.0,0.0,0.0,0.0,0,0,0,0.0,0.0,0,0,0.0,0,0,0,0,0,0,0,0,0.0,0,0.0,0,0,0,0,0,0,0,0,0,0,0,0,0,0,0,0.0,0,0.0,0.0,0,0,0,0,0,0,0,0,0,0,0.0,0,0,0,0.0,0,0,0.0,0,0.0,0.0,0,0.0,0.0,0.0,0.0,0,0,0.0,0,0.0,0,0.0,0.0,0.0,0.0,0.0,0.0,0.0,0.0,0.0,0,0.0,0.0,0,0,0
2015-09,0.0,0.0,0,0,100,0,0,0,0.0,100,0.0,0.0,0,0.0,80,0.0,0,0.0,0.0,6,0.0,0.0,0.0,0.0,4,0,0,0.0,0.0,8,0,0.0,0,0,100,0,0,0,0,100,0.0,0,0.0,0,100,0,0,0,0,100,0,0,0,0,100,0,0,0,0.0,100,0.0,0.0,0,0,100,0,0,0,100,0,0,0,0.0,100,0,0,0.0,0,11,0.0,0,0.0,0.0,3,0.0,0.0,0.0,0.0,3,0,0.0,0,0.0,100,0.0,0.0,0.0,0.0,2.0,0.0,0.0,0.0,0.0,11,0.0,0.0,0,0,14
2015-10,0.0,0.0,0,0,57,0,0,0,0.0,57,0.0,0.0,44,0.0,46,0.0,0,0.0,0.0,4,0.0,0.0,0.0,0.0,2,0,0,0.0,0.0,5,0,0.0,0,0,57,0,0,0,0,57,0.0,0,0.0,0,57,0,0,0,0,57,0,0,0,0,57,0,0,0,0.0,57,0.0,0.0,0,0,57,0,0,0,57,0,0,0,0.0,57,0,0,0.0,0,6,0.0,0,0.0,0.0,2,0.0,0.0,0.0,0.0,2,0,0.0,0,0.0,57,0.0,0.0,0.0,0.0,1.0,0.0,0.0,0.0,0.0,6,0.0,0.0,0,0,8
2015-11,0.0,0.0,0,0,86,0,0,0,0.0,86,0.0,0.0,41,0.0,69,0.0,0,0.0,0.0,6,0.0,0.0,0.0,0.0,4,0,0,0.0,0.0,7,33,0.0,0,0,86,0,29,32,0,86,0.0,0,0.0,0,86,0,0,0,0,86,0,0,0,0,86,0,0,56,0.0,86,0.0,0.0,0,0,86,0,0,0,86,0,0,0,0.0,86,0,0,0.0,0,10,0.0,0,0.0,0.0,2,0.0,0.0,0.0,0.0,2,0,0.0,0,0.0,86,0.0,0.0,0.0,0.0,2.0,0.0,0.0,0.0,0.0,10,0.0,0.0,0,0,12
2015-12,0.0,0.0,0,0,84,0,0,0,0.0,84,0.0,0.0,0,0.0,68,0.0,0,0.0,0.0,5,0.0,0.0,0.0,0.0,4,0,0,0.0,0.0,7,0,0.0,0,0,84,0,0,0,0,84,0.0,0,0.0,0,84,0,0,0,0,84,0,0,0,0,84,0,0,43,0.0,84,0.0,0.0,0,0,84,0,0,39,84,0,0,0,0.0,84,0,0,0.0,0,9,0.0,0,0.0,0.0,2,0.0,0.0,0.0,0.0,2,0,0.0,0,0.0,84,0.0,0.0,0.0,0.0,2.0,0.0,0.0,0.0,0.0,10,0.0,0.0,0,0,12
2016-01,0.0,0.0,0,0,55,0,0,0,0.0,55,0.0,0.0,23,0.0,44,0.0,0,0.0,0.0,4,0.0,0.0,0.0,0.0,2,0,0,0.0,0.0,5,0,0.0,0,0,55,0,22,20,28,55,0.0,0,0.0,0,55,0,0,0,0,55,0,0,0,0,55,0,0,32,0.0,55,0.0,0.0,0,0,55,0,0,32,55,0,0,0,0.0,55,0,0,0.0,0,6,0.0,0,0.0,0.0,2,0.0,0.0,0.0,0.0,2,0,0.0,0,0.0,55,0.0,0.0,0.0,0.0,1.0,0.0,0.0,0.0,0.0,6,0.0,0.0,0,0,8
2016-02,0.0,0.0,20,20,40,20,0,0,0.0,40,0.0,0.0,30,0.0,32,0.0,0,0.0,0.0,3,0.0,0.0,0.0,0.0,2,0,0,1.0,0.0,3,0,0.0,0,0,40,0,0,23,19,40,0.0,0,0.0,0,40,0,0,0,0,40,0,0,0,0,40,0,0,22,0.0,40,0.0,0.0,0,0,40,0,0,24,40,0,0,0,0.0,40,0,0,0.0,0,4,0.0,0,0.0,0.0,1,0.0,0.0,0.0,0.0,1,0,0.0,17,0.0,40,0.0,0.0,0.0,0.0,1.0,0.0,0.0,0.0,0.0,4,0.0,3.0,0,0,6
2016-03,0.0,0.0,0,0,43,0,0,0,0.0,43,0.0,0.0,32,0.0,34,0.0,0,0.0,0.0,3,0.0,0.0,0.0,0.0,2,0,0,0.0,2.0,4,18,0.0,0,0,43,0,15,18,17,43,0.0,0,0.0,0,43,0,0,0,0,43,0,0,0,0,43,0,0,27,0.0,43,0.0,0.0,0,0,43,0,0,17,43,0,0,0,0.0,43,0,0,0.0,0,5,0.0,0,0.0,0.0,1,0.0,0.0,0.0,0.0,1,0,0.0,0,0.0,43,0.0,0.0,0.0,0.0,1.0,0.0,0.0,0.0,0.0,5,0.0,0.0,0,0,6
2016-04,0.0,0.0,0,0,59,0,0,0,0.0,59,0.0,0.0,18,0.0,47,0.0,0,0.0,0.0,4,0.0,0.0,0.0,0.0,2,0,0,0.0,0.0,5,0,0.0,0,0,59,0,0,0,18,59,0.0,14,0.0,0,59,0,0,0,0,59,0,0,0,0,59,0,0,34,0.0,59,0.0,0.0,0,0,59,0,0,30,59,0,0,0,0.0,59,0,0,0.0,0,7,0.0,0,0.0,0.0,2,0.0,0.0,0.0,0.0,2,0,0.0,0,0.0,59,0.0,0.0,0.0,0.0,1.0,0.0,0.0,0.0,0.0,7,0.0,0.0,0,0,8
2016-05,0.0,0.0,0,0,39,0,0,0,0.0,39,0.0,12.0,25,0.0,31,0.0,0,0.0,0.0,3,0.0,0.0,0.0,0.0,2,0,0,0.0,0.0,3,0,0.0,0,0,39,0,25,23,17,39,0.0,0,0.0,0,39,0,0,0,0,39,0,0,0,0,39,0,0,37,0.0,39,0.0,0.0,0,0,39,0,0,22,39,0,0,0,0.0,39,0,0,0.0,0,4,0.0,0,0.0,0.0,1,0.0,0.0,0.0,0.0,1,0,0.0,0,0.0,39,0.0,0.0,0.0,0.0,1.0,0.0,2.0,0.0,0.0,4,0.0,0.0,0,0,5
2016-06,0.0,0.0,0,0,57,0,0,0,0.0,57,0.0,0.0,35,0.0,46,0.0,0,0.0,0.0,4,0.0,0.0,0.0,0.0,2,0,0,1.0,0.0,5,0,0.0,0,0,57,0,19,21,0,57,0.0,0,0.0,0,57,0,0,0,0,57,0,0,0,0,57,0,0,47,0.0,57,0.0,0.0,0,0,57,0,0,29,57,0,0,0,0.0,57,0,0,0.0,0,6,0.0,0,0.0,0.0,2,0.0,0.0,0.0,0.0,2,0,0.0,0,0.0,57,0.0,0.0,0.5,0.0,1.0,0.0,0.0,0.0,0.0,6,0.0,0.0,0,0,8
2016-07,0.0,0.0,16,16,59,16,0,0,0.0,59,0.0,0.0,18,0.0,47,0.0,0,0.0,0.0,4,0.0,0.0,0.0,0.0,2,0,0,1.0,0.0,5,0,0.0,0,0,59,0,0,15,14,59,0.0,0,0.0,0,59,0,0,0,0,59,0,0,0,0,59,0,0,29,0.0,59,0.0,0.0,0,0,59,0,0,28,59,0,0,0,0.0,59,0,0,0.0,0,7,0.0,0,0.0,0.0,2,0.0,0.0,0.0,0.0,2,0,0.0,0,0.0,59,0.0,0.0,0.0,0.0,1.0,0.0,0.0,0.0,0.0,7,0.0,0.0,0,0,8
2016-08,0.0,0.0,0,0,46,0,0,0,0.0,46,0.0,0.0,36,12.0,37,0.0,0,0.0,0.0,3,0.0,0.0,0.0,0.0,2,0,0,0.0,0.0,4,0,0.0,0,0,46,0,14,13,18,46,0.0,0,0.0,0,46,0,0,0,0,46,0,0,0,0,46,0,0,32,0.0,46,0.0,0.0,0,0,46,0,0,24,46,0,0,0,0.0,46,0,0,0.0,0,5,0.0,0,0.0,0.0,1,0.0,0.0,0.0,0.0,1,0,0.0,16,0.0,46,0.0,0.0,0.0,0.0,1.0,0.0,0.0,0.0,0.0,5,0.0,0.0,0,0,6
2016-09,0.0,0.0,0,0,27,0,0,0,0.0,27,0.0,0.0,58,0.0,22,0.0,0,0.0,0.0,2,0.0,0.0,0.0,0.0,1,0,0,0.0,0.0,2,0,0.0,0,0,27,0,19,20,21,27,0.0,0,0.0,0,27,0,0,0,0,27,0,0,0,0,27,0,0,42,0.0,27,0.0,0.0,0,0,27,0,0,32,27,0,0,0,0.0,27,0,0,0.0,0,3,0.0,0,0.0,0.0,1,0.0,0.0,0.0,0.0,1,0,0.0,0,0.0,27,0.0,0.0,0.0,0.0,1.0,0.0,0.0,0.0,0.0,3,0.0,0.0,0,0,4
2016-10,0.0,0.0,0,0,40,0,0,0,0.0,40,0.0,0.0,100,0.0,32,0.0,0,0.0,0.0,3,0.0,0.0,0.0,0.0,2,0,0,0.0,0.0,3,0,0.0,0,0,40,0,16,19,16,40,0.0,0,0.0,0,40,0,0,0,0,40,0,0,0,0,40,0,0,30,0.0,40,0.0,0.0,0,0,40,0,0,48,40,0,0,0,0.0,40,0,0,0.0,0,4,0.0,0,0.0,0.0,1,0.0,0.0,0.0,0.0,1,0,0.0,12,0.0,40,0.0,0.0,0.0,0.0,1.0,0.0,0.0,0.0,0.0,5,0.0,0.0,0,0,6
2016-11,0.0,0.0,10,10,44,10,0,0,0.0,44,0.0,0.0,43,0.0,35,0.0,0,0.0,0.0,3,0.0,0.0,0.0,0.0,2,0,0,0.0,0.0,4,14,0.0,0,0,44,0,17,11,0,44,0.0,0,0.0,0,44,0,0,0,12,44,0,0,0,0,44,0,0,26,0.0,44,0.0,0.0,0,0,44,0,0,26,44,0,0,0,0.0,44,0,0,0.0,0,5,0.0,0,0.0,0.0,1,0.0,0.0,0.0,0.0,1,0,0.0,13,0.0,44,0.0,0.0,0.0,0.0,1.0,0.0,0.0,0.0,0.0,5,0.0,0.0,0,0,6
2016-12,0.0,0.0,0,0,36,0,0,0,0.0,36,0.0,0.0,29,0.0,29,0.0,0,0.0,0.0,2,0.0,0.0,0.0,0.0,2,0,0,0.0,0.0,3,0,0.0,0,0,36,0,21,23,23,36,0.0,0,0.0,0,36,0,0,0,0,36,0,0,0,0,36,0,0,30,0.0,36,0.0,0.0,0,0,36,0,0,35,36,0,0,0,0.0,36,0,0,0.0,0,4,0.0,0,0.0,0.0,1,0.0,0.0,0.0,0.0,1,0,0.0,9,0.0,36,0.0,0.0,0.0,0.0,1.0,0.0,0.0,0.0,0.0,4,0.0,0.0,0,0,5
2017-01,0.0,0.0,11,11,43,11,0,0,0.0,43,0.0,0.0,28,0.0,35,0.0,0,0.0,0.0,3,0.0,0.0,0.0,0.0,2,0,0,0.0,0.0,4,17,0.0,10,0,43,0,13,15,20,43,0.0,11,0.0,0,43,0,0,0,0,43,0,0,0,0,43,0,0,43,0.0,43,0.0,0.0,0,0,43,0,0,17,43,0,0,0,0.0,43,0,0,0.0,0,5,0.0,0,0.0,0.0,1,0.0,0.0,0.0,0.0,1,0,0.0,10,0.0,43,0.0,0.0,0.0,0.0,1.0,0.0,0.0,0.0,0.0,5,0.0,0.0,0,0,6
2017-02,0.0,0.0,0,0,37,0,0,0,0.0,37,0.0,0.0,19,0.0,29,0.0,0,0.0,0.0,2,0.0,0.0,0.0,0.0,2,0,0,0.0,0.0,3,20,0.0,0,0,37,0,18,19,20,37,0.0,0,0.0,0,37,0,0,0,0,37,0,0,0,0,37,12,0,40,0.0,37,0.0,0.0,0,0,37,0,0,23,37,0,0,0,0.0,37,0,0,0.0,0,4,0.0,0,0.0,0.0,1,0.0,0.0,0.0,0.0,1,0,0.0,0,0.0,37,0.0,0.0,0.0,0.0,1.0,0.0,0.0,0.0,0.0,4,0.0,0.0,0,0,5
2017-03,0.0,0.0,10,10,37,10,0,0,0.0,37,0.0,0.0,24,0.0,29,0.0,0,0.0,0.0,2,0.0,0.0,0.0,0.0,2,0,0,0.0,0.0,3,13,0.0,0,0,37,0,22,18,21,37,0.0,0,0.0,0,37,0,0,0,0,37,0,0,0,0,37,0,0,25,0.0,37,0.0,0.0,0,0,37,0,0,25,37,0,0,0,0.0,37,0,0,0.0,0,4,0.0,0,0.0,0.0,1,0.0,0.0,0.0,0.0,1,0,0.0,13,0.0,37,0.0,0.0,0.0,0.0,1.0,0.0,0.0,0.0,0.0,4,0.0,0.0,0,0,5
2017-04,0.0,0.0,0,0,34,0,0,0,0.0,34,0.0,0.0,23,0.0,27,0.0,0,0.0,0.0,2,0.0,0.0,0.0,0.0,1,0,0,0.0,0.0,3,10,0.0,0,0,34,0,20,16,22,34,0.0,0,0.0,0,34,0,0,0,0,34,0,0,0,0,34,0,0,37,0.0,34,0.0,0.0,0,0,34,0,0,25,34,0,0,0,0.0,34,0,0,0.0,0,4,0.0,0,0.0,0.0,1,0.0,0.0,0.0,0.0,1,0,0.0,16,0.0,34,0.0,0.0,0.0,0.0,1.0,0.0,0.0,0.0,0.0,4,0.0,0.0,0,0,5
2017-05,0.0,0.0,12,12,30,12,8,0,0.0,30,0.0,0.0,22,0.0,24,0.0,0,0.0,0.0,2,0.0,0.0,0.0,0.0,1,0,0,0.0,0.0,3,0,0.0,0,0,30,0,19,20,22,30,0.0,0,0.0,0,30,0,0,0,0,30,0,0,0,0,30,0,0,26,0.0,30,0.0,0.0,0,0,30,0,0,23,30,0,0,0,0.0,30,1,0,0.0,0,3,0.0,0,0.0,0.0,1,0.0,0.0,0.0,0.0,1,0,0.0,15,0.0,30,0.0,0.0,0.0,0.0,1.0,0.0,0.0,0.0,0.0,3,0.0,0.0,0,0,4
2017-06,0.0,0.0,9,9,25,9,0,0,0.0,25,0.0,0.0,31,0.0,20,0.0,0,0.0,0.0,2,0.0,0.0,0.0,0.0,1,0,0,1.0,0.0,2,0,0.0,0,0,25,0,18,21,25,25,0.0,8,0.0,0,25,0,0,11,0,25,0,0,0,0,25,15,0,27,0.0,25,0.0,0.0,0,0,25,0,0,24,25,0,0,0,0.0,25,0,0,0.0,0,3,0.0,0,0.0,0.0,1,0.0,0.0,0.0,0.0,1,0,0.0,10,0.0,25,0.0,0.0,0.0,0.0,1.0,0.0,0.0,0.0,0.0,3,0.0,0.0,0,0,4
2017-07,0.0,0.0,7,7,33,7,0,0,0.0,33,0.0,0.0,34,0.0,27,0.0,0,0.0,0.0,2,0.0,0.0,0.0,0.0,1,0,0,0.0,0.0,3,17,0.0,0,0,33,0,24,17,14,33,0.0,10,0.0,0,33,0,0,7,0,33,0,0,0,0,33,8,0,24,0.0,33,0.0,0.0,0,0,33,0,0,23,33,0,0,0,0.0,33,0,0,0.0,0,4,0.0,0,0.0,0.0,1,0.0,0.0,0.0,0.0,1,0,0.0,19,0.0,33,0.0,0.0,0.0,0.0,1.0,0.0,0.0,0.0,0.0,4,0.0,0.0,0,0,5
2017-08,0.0,0.0,7,7,33,7,0,0,0.0,33,0.0,0.0,30,0.0,26,0.0,0,0.0,0.0,2,0.0,0.0,0.0,0.0,1,0,0,0.0,0.0,3,11,0.0,0,0,33,0,20,21,20,33,0.0,0,0.0,0,33,0,0,0,0,33,0,0,0,0,33,0,0,28,0.0,33,0.0,0.0,0,0,33,0,0,24,33,0,0,0,0.0,33,0,0,0.0,0,4,0.0,0,0.5,0.0,1,0.5,0.0,0.0,0.0,1,0,0.0,12,0.0,33,0.0,0.0,0.0,0.0,1.0,0.0,0.0,0.0,0.0,4,0.0,0.0,0,0,5
2017-09,0.0,0.0,0,0,36,0,0,0,0.0,36,0.0,0.0,38,0.0,29,0.0,0,0.0,0.0,2,0.0,0.0,0.0,0.0,2,0,0,0.0,0.0,3,18,0.0,0,0,36,0,20,20,19,36,0.0,8,0.0,0,36,0,0,0,0,36,0,0,0,0,36,0,0,32,0.0,36,0.0,0.0,0,0,36,0,0,29,36,0,0,0,0.0,36,0,0,0.0,0,4,0.0,0,0.0,0.0,1,0.0,0.0,0.0,0.0,1,0,0.0,11,0.0,36,0.0,0.0,0.0,0.0,1.0,0.0,0.0,0.0,0.0,4,0.0,0.0,0,0,5
2017-10,0.0,0.0,9,9,36,9,0,0,0.0,36,0.0,0.0,93,0.0,29,0.0,0,0.0,0.0,2,0.0,0.0,0.0,0.0,2,0,0,0.0,0.0,3,16,0.0,0,0,36,0,20,25,22,36,0.0,0,0.0,0,36,0,0,7,0,36,0,0,0,0,36,6,0,37,0.0,36,0.0,0.0,0,0,36,0,0,28,36,0,0,0,0.0,36,0,0,0.0,0,4,0.0,0,0.0,0.0,1,0.0,0.0,0.0,0.0,1,0,0.0,13,0.0,36,0.0,0.0,0.0,0.0,1.0,0.0,0.0,0.0,0.0,4,0.0,0.0,0,0,5
2017-11,0.0,0.0,7,7,42,7,0,0,0.0,42,0.0,0.0,41,0.0,34,0.0,0,0.0,0.0,3,0.0,0.0,0.0,0.0,2,0,0,0.0,0.0,4,12,0.0,0,0,42,0,24,23,24,42,0.0,0,0.0,0,42,0,0,6,0,42,0,0,0,0,42,9,0,34,0.0,42,0.0,0.0,0,0,42,0,0,28,42,0,0,0,0.0,42,0,0,0.0,0,5,0.0,0,0.0,0.0,1,0.0,0.0,0.0,0.0,1,0,0.0,15,0.0,42,0.0,0.0,0.0,0.0,1.0,0.0,0.0,1.0,0.0,5,0.0,0.0,0,0,6
2017-12,0.0,0.0,9,9,40,9,0,0,0.0,40,0.0,4.0,30,0.0,32,0.0,0,0.0,0.0,3,0.0,0.0,0.0,0.0,2,0,0,0.0,0.0,3,9,0.0,8,0,40,0,21,20,21,40,0.0,7,0.0,0,40,0,0,0,0,40,0,0,0,0,40,10,0,36,0.0,40,0.0,0.0,0,0,40,0,0,32,40,0,0,0,0.0,40,0,0,0.0,0,4,0.0,0,0.0,0.0,1,0.0,0.0,0.0,0.0,1,0,0.0,7,0.0,40,0.0,0.0,0.0,0.0,1.0,0.0,0.0,0.0,0.0,4,0.0,0.0,0,0,6
2018-01,0.0,0.0,0,0,37,0,0,0,0.0,37,0.0,0.0,30,0.0,30,0.0,0,0.0,0.0,2,0.0,0.0,0.0,0.0,2,0,0,0.0,0.0,3,19,0.0,0,0,37,0,19,17,19,37,0.0,8,0.0,0,37,0,0,0,7,37,0,0,0,0,37,11,0,46,0.0,37,0.0,0.0,0,0,37,0,0,24,37,0,0,0,0.0,37,0,0,0.0,0,4,0.0,0,0.0,0.5,1,0.0,0.0,0.0,0.0,1,0,0.0,14,0.0,37,0.0,0.0,0.0,0.0,1.0,0.0,0.0,0.0,0.0,4,0.0,0.0,0,0,5
2018-02,0.0,0.0,0,0,47,0,0,0,0.0,47,0.0,0.0,26,0.0,38,0.0,0,0.0,0.0,3,0.0,0.0,0.0,0.0,2,0,0,0.0,0.0,4,15,0.0,0,0,47,0,22,23,23,47,0.0,0,0.0,0,47,0,0,0,0,47,0,0,0,0,47,9,0,39,0.0,47,0.0,0.0,0,0,47,0,0,27,47,0,0,0,0.0,47,0,0,0.0,0,5,0.0,0,0.0,0.0,1,0.0,0.0,0.0,0.0,1,0,0.0,16,0.0,47,0.0,0.0,0.0,0.0,1.0,0.0,0.0,0.0,1.0,5,0.0,0.0,0,0,7
2018-03,0.0,0.0,10,10,43,10,0,0,0.0,43,0.0,0.0,21,0.0,35,0.0,0,0.0,0.0,3,0.0,0.0,0.0,0.0,2,0,0,0.0,0.0,4,13,0.0,0,0,43,0,28,27,28,43,0.0,6,0.0,0,43,0,0,6,0,43,0,0,0,0,43,13,0,50,0.0,43,0.0,0.0,0,0,43,0,0,24,43,0,0,0,0.0,43,0,0,0.0,0,5,0.0,0,0.0,0.0,1,0.0,0.0,0.0,0.0,1,0,0.0,11,0.0,43,0.0,0.0,0.0,0.0,1.0,0.0,0.0,0.0,0.0,5,0.0,0.0,0,0,6
2018-04,0.0,0.0,6,6,43,6,0,0,0.0,43,0.0,0.0,21,0.0,35,0.0,0,0.0,0.0,3,0.0,0.0,0.0,0.0,2,0,0,0.0,0.0,4,12,0.0,4,0,43,0,23,20,22,43,0.0,7,0.0,0,43,0,0,0,0,43,0,0,0,0,43,7,0,50,0.0,43,0.0,0.0,0,0,43,0,0,21,43,0,0,0,0.0,43,0,0,0.0,0,5,0.0,0,0.0,0.0,1,0.0,0.0,0.0,0.0,1,0,0.0,16,0.0,43,0.0,0.0,0.0,0.0,1.0,0.0,0.0,0.0,0.0,5,0.0,0.0,0,0,6
2018-05,0.0,0.0,0,0,31,0,0,0,0.0,31,0.0,0.0,19,0.0,25,0.0,0,0.0,0.0,2,0.0,0.0,0.0,0.0,1,0,0,0.0,0.0,3,11,0.0,0,0,31,0,21,22,21,31,0.0,4,0.0,0,31,0,0,4,0,31,0,0,0,0,31,7,0,46,0.0,31,0.0,0.0,0,0,31,0,0,23,31,0,0,0,0.0,31,0,0,0.0,0,3,0.0,0,0.0,0.0,1,0.0,0.0,0.0,0.0,1,0,0.0,12,0.0,31,0.0,0.0,0.0,0.0,1.0,0.0,0.0,0.0,0.0,4,0.0,0.0,0,0,4
2018-06,0.0,0.0,4,4,26,4,0,0,0.0,26,0.0,0.0,23,0.0,21,0.0,0,0.0,0.0,2,0.0,0.0,0.0,0.0,1,0,0,0.0,0.0,2,15,0.0,0,0,26,0,22,29,22,26,0.0,5,0.0,0,26,0,0,5,0,26,0,0,0,0,26,4,0,44,0.0,26,0.0,0.0,0,0,26,0,0,29,26,0,0,0,0.0,26,0,0,0.0,0,3,0.0,0,0.0,0.0,1,0.0,0.0,0.0,0.0,1,0,0.0,11,0.0,26,0.0,0.0,0.0,0.0,1.0,0.0,0.0,0.0,0.0,3,0.0,0.0,0,0,4
2018-07,0.0,0.0,9,9,36,9,0,0,0.0,36,0.0,0.0,32,0.0,29,0.5,0,0.0,0.0,2,0.0,0.0,0.0,0.0,1,0,0,0.0,0.0,3,16,0.0,4,0,36,0,24,24,24,36,0.0,7,0.0,0,36,0,0,7,0,36,0,0,0,0,36,8,0,38,0.0,36,0.0,0.0,0,0,36,0,0,22,36,0,0,0,0.0,36,0,0,0.0,0,4,0.0,0,0.0,0.0,1,0.0,0.0,0.0,0.0,1,0,0.0,13,0.0,36,0.0,0.0,0.0,0.0,1.0,0.0,0.0,0.0,0.0,4,0.0,0.0,0,0,5
2018-08,0.0,0.0,7,7,30,7,0,0,0.0,30,0.0,0.0,34,0.0,24,0.0,0,0.0,0.0,2,0.0,0.0,0.0,0.0,1,0,0,0.0,0.0,2,10,0.0,0,0,30,0,23,22,22,30,0.0,8,0.0,0,30,0,0,7,0,30,0,0,0,0,30,10,0,37,0.0,30,0.0,0.0,0,0,30,0,0,25,30,0,0,0,0.0,30,0,0,0.0,0,3,0.0,0,0.0,0.0,1,0.0,0.0,0.0,0.0,1,0,0.0,17,0.0,30,0.0,0.0,0.0,0.0,1.0,0.0,0.0,0.0,0.0,3,0.0,0.0,0,0,4
2018-09,0.0,0.0,5,5,35,5,3,0,0.0,35,0.0,0.0,41,0.0,28,0.0,0,0.0,0.0,2,0.0,0.0,0.0,0.0,1,0,0,0.0,0.0,3,11,0.0,5,0,35,0,21,22,23,35,0.0,8,0.0,0,35,0,0,4,0,35,0,0,0,0,35,9,0,30,0.0,35,0.0,0.0,0,0,35,0,0,28,35,0,0,0,0.0,35,0,0,0.0,0,4,0.0,0,0.5,0.5,1,0.5,0.0,0.0,0.0,1,0,0.0,10,0.0,35,0.0,0.0,0.0,0.0,1.0,0.0,0.0,0.0,0.0,4,0.0,0.0,0,0,5
2018-10,0.0,0.0,8,8,31,8,0,0,0.0,31,0.0,0.0,71,0.0,25,0.0,0,0.0,0.0,2,0.0,0.0,0.0,0.0,1,0,0,0.0,0.0,3,10,0.0,0,0,31,0,23,23,22,31,0.0,8,0.0,0,31,0,0,4,0,31,0,0,0,0,31,11,0,30,0.0,31,0.0,0.0,0,0,31,0,0,32,31,0,0,0,0.0,31,0,0,0.0,0,3,0.0,0,0.0,0.0,1,0.0,0.0,0.0,0.0,1,0,0.0,13,0.0,31,0.0,0.0,0.0,0.0,1.0,0.0,0.0,0.0,0.0,3,0.0,0.0,0,0,4
2018-11,0.0,0.0,5,5,40,5,4,0,0.0,40,0.0,0.0,44,0.0,32,0.0,0,0.0,0.0,3,0.0,0.5,0.0,0.0,2,0,0,0.0,0.0,3,13,0.0,0,0,40,0,24,22,21,40,0.0,5,0.0,0,40,0,0,5,4,40,0,0,0,0,40,5,0,31,0.0,40,0.0,0.0,0,0,40,0,0,25,40,0,0,0,0.0,40,0,0,0.0,0,4,0.0,0,0.5,0.5,1,0.5,0.0,0.0,0.0,1,0,0.0,13,0.0,40,0.0,0.0,0.0,0.0,1.0,0.0,0.0,0.0,0.0,5,0.0,0.0,0,0,6
2018-12,0.0,0.0,4,4,39,4,0,0,0.0,39,0.0,0.0,28,0.0,31,0.0,0,0.0,0.0,3,0.0,0.0,0.0,0.0,2,0,0,0.0,0.0,3,11,0.0,4,0,39,0,23,21,21,39,0.0,6,0.0,4,39,4,4,6,3,39,0,0,0,0,39,8,0,26,0.0,39,0.0,0.0,0,0,39,0,0,35,39,0,0,0,0.0,39,0,0,0.0,0,4,0.0,0,0.0,0.0,1,0.0,0.0,0.0,0.0,1,0,0.0,13,0.0,39,0.0,0.0,0.0,0.0,1.0,0.0,0.0,0.0,0.0,4,0.0,0.0,0,0,5
2019-01,0.0,0.0,4,4,23,4,2,0,0.0,23,0.0,0.0,19,0.0,18,0.0,0,0.5,0.0,1,0.0,0.0,0.0,0.0,1,0,0,0.5,0.0,2,8,0.0,2,0,23,0,17,18,16,23,0.0,7,0.0,0,23,0,0,5,2,23,0,0,0,0,23,7,0,20,0.0,23,0.0,0.0,0,0,23,0,0,26,23,0,0,0,0.0,23,0,0,0.0,0,3,0.0,0,0.5,0.5,1,0.5,0.5,0.0,0.0,1,0,0.0,8,0.0,23,0.0,0.0,0.0,0.0,1.0,0.0,0.5,0.0,0.5,3,0.0,0.5,0,0,3
2019-02,0.0,0.0,6,6,31,6,2,0,0.0,31,0.0,0.0,22,0.0,24,0.0,0,0.0,0.0,2,0.0,0.0,0.0,0.0,1,0,0,0.0,0.0,3,8,0.0,3,0,31,0,17,16,17,31,0.0,6,0.0,0,31,0,0,6,2,31,0,0,0,0,31,6,0,25,0.0,31,0.0,0.0,0,0,31,0,0,27,31,0,0,0,0.0,31,0,0,0.0,0,3,0.0,0,0.5,0.5,1,0.5,0.0,0.0,0.0,1,0,0.0,10,0.0,31,0.0,0.0,0.0,0.0,1.0,0.0,0.0,0.0,0.0,3,0.0,0.0,0,0,4
2019-03,0.0,0.0,5,5,30,5,2,0,0.0,30,0.0,0.0,22,0.0,24,0.0,0,0.0,0.0,2,0.0,0.0,0.0,0.0,1,0,0,0.0,0.5,2,9,0.0,3,0,30,0,17,17,17,30,0.0,7,0.0,0,30,0,0,5,4,30,0,0,0,0,30,7,0,21,0.0,30,0.0,0.0,0,0,30,0,0,22,30,0,0,0,0.0,30,0,0,0.0,0,3,0.0,0,0.5,0.5,1,0.5,0.0,0.0,0.0,1,0,0.0,10,0.0,30,0.0,0.0,0.0,0.0,1.0,0.0,0.0,0.0,0.0,3,0.0,0.0,0,0,4
2019-04,0.0,0.0,4,4,29,4,2,0,0.0,29,0.0,0.0,19,0.0,24,0.0,0,0.0,0.0,2,0.0,0.0,0.5,0.0,1,0,0,0.0,0.5,2,10,0.0,0,0,29,0,17,17,17,29,0.0,7,0.0,0,29,0,0,3,0,29,0,0,0,0,29,6,0,23,0.0,29,0.0,0.0,0,0,29,0,0,20,29,0,0,0,0.0,29,0,0,0.0,0,3,0.0,0,0.5,0.5,1,0.5,0.0,0.0,0.0,1,0,0.0,7,0.0,29,0.0,0.0,0.0,0.0,1.0,0.0,0.0,0.0,0.0,3,0.0,0.5,0,0,4
2019-05,0.0,0.0,3,3,29,3,3,0,0.0,29,0.0,1.0,21,0.0,23,0.0,0,0.0,0.0,2,0.0,0.0,0.0,0.0,1,0,0,0.5,0.5,2,8,0.0,3,0,29,0,13,14,14,29,0.0,6,0.0,0,29,0,0,4,2,29,0,0,0,0,29,6,0,21,0.0,29,0.0,0.0,0,0,29,0,0,24,29,0,0,0,0.0,29,0,0,0.0,0,3,0.0,0,0.5,0.5,1,0.5,0.0,0.0,0.0,1,0,0.0,7,0.0,29,0.0,0.0,0.0,0.0,1.0,0.0,0.0,0.5,0.0,3,0.0,0.5,0,0,4
2019-06,0.0,0.0,3,3,18,3,2,0,0.0,18,0.0,0.0,17,0.0,14,0.0,0,0.0,0.0,1,0.0,0.0,0.0,0.0,1,0,0,0.0,0.0,1,6,0.0,2,0,18,0,19,19,19,18,0.0,6,0.0,0,18,0,0,5,3,18,0,0,0,0,18,6,0,19,0.0,18,0.0,0.0,0,0,18,0,0,22,18,0,0,0,0.0,18,0,0,0.0,0,2,0.0,0,0.5,0.5,1,0.5,0.5,0.0,0.0,1,0,1.0,5,0.0,18,0.0,0.0,0.0,0.0,0.5,0.0,0.5,0.0,0.0,2,0.0,0.0,0,0,3
2019-07,0.0,0.0,4,4,21,4,1,0,0.0,21,0.0,0.0,19,1.0,17,0.0,0,0.0,0.0,1,0.0,0.0,0.5,0.0,1,0,0,0.0,0.0,2,7,0.0,1,0,21,0,18,18,17,21,0.0,5,0.0,0,21,0,0,5,2,21,0,0,0,0,21,6,0,22,0.0,21,0.0,0.0,0,0,21,0,0,16,21,0,0,0,0.0,21,0,0,0.0,0,2,0.0,0,0.5,0.5,1,0.5,0.0,0.0,0.0,1,0,0.0,7,0.0,21,0.0,0.0,0.0,0.0,1.0,0.0,0.0,0.0,0.0,2,0.0,0.5,0,0,3
2019-08,0.0,0.0,5,5,27,5,3,0,0.0,27,0.0,0.0,29,0.0,21,0.0,0,0.0,0.0,2,0.0,0.0,0.0,0.0,1,0,0,0.0,0.0,2,10,0.0,2,0,27,0,23,23,23,27,0.0,6,0.0,0,27,0,0,5,2,27,0,0,0,0,27,4,0,23,0.0,27,0.0,0.0,0,0,27,0,0,23,27,0,0,0,0.0,27,0,0,0.0,0,3,0.0,0,0.5,0.5,1,0.5,0.0,0.0,0.0,1,0,0.0,10,0.0,27,0.0,0.0,0.0,0.0,1.0,0.0,0.0,0.0,0.0,3,0.0,0.0,0,0,4
2019-09,0.0,0.0,4,4,26,4,2,0,0.0,26,0.0,0.0,28,0.0,21,0.0,0,0.0,0.0,2,0.0,0.0,0.5,0.0,1,0,0,0.5,0.0,2,6,0.0,3,0,26,0,17,16,16,26,0.0,5,0.0,0,26,0,0,5,1,26,0,0,0,0,26,6,0,21,1.0,26,1.0,0.0,0,0,26,0,0,20,26,0,0,0,0.0,26,0,0,0.0,0,3,0.0,0,0.5,0.5,1,0.5,0.0,0.0,0.0,1,0,0.0,10,0.0,26,0.0,0.0,0.0,0.0,1.0,0.0,0.0,0.0,0.0,3,0.0,0.5,0,0,4
2019-10,0.0,0.0,4,4,26,4,2,0,0.0,26,0.0,0.0,70,0.0,21,0.0,0,0.0,0.0,2,0.0,0.0,0.5,0.0,1,0,0,0.0,0.0,2,7,0.0,2,0,26,0,19,20,19,26,0.0,5,0.0,0,26,0,0,4,2,26,0,0,0,0,26,6,0,25,2.0,26,2.0,0.0,0,0,26,0,0,23,26,0,0,0,0.0,26,0,0,0.0,0,3,0.0,0,0.5,0.5,1,0.5,0.0,0.0,0.0,1,0,0.0,8,0.0,26,0.0,0.5,0.0,0.0,1.0,0.0,0.0,0.0,0.0,3,0.0,0.0,0,0,4
2019-11,0.0,0.0,3,3,29,3,3,0,0.0,29,0.0,1.0,32,0.0,23,0.0,0,0.0,0.0,2,0.0,0.0,0.0,0.0,1,0,0,0.0,0.5,2,10,0.0,2,0,29,0,18,18,18,29,0.0,4,1.0,0,29,0,0,4,3,29,0,0,0,0,29,6,0,23,1.0,29,1.0,0.0,0,0,29,0,0,24,29,0,0,0,0.0,29,0,0,0.0,0,3,0.0,0,0.5,0.5,1,0.5,0.5,0.0,0.0,1,0,0.0,10,0.0,29,0.5,0.0,0.0,0.0,1.0,0.0,0.5,0.0,0.5,3,0.0,0.5,0,0,4
2019-12,0.0,0.0,3,3,21,3,2,0,0.0,21,0.0,0.0,21,0.0,17,0.0,0,0.0,0.0,1,0.0,0.0,0.0,0.0,1,0,0,0.5,0.5,2,6,0.0,2,0,21,0,17,16,16,21,0.0,5,1.0,1,21,1,1,4,2,21,0,0,0,0,21,5,0,26,1.0,21,1.0,0.0,0,0,21,0,0,25,21,0,0,0,0.0,21,0,0,0.0,0,2,0.0,0,0.5,0.5,1,0.5,0.5,0.0,0.0,1,0,0.0,9,0.0,21,0.0,0.0,0.0,0.0,1.0,0.0,0.5,0.0,0.0,2,0.0,0.0,0,0,3
2020-01,0.0,0.0,4,4,25,4,3,0,0.0,25,0.0,1.0,20,0.0,20,0.5,0,0.0,0.0,2,0.0,0.0,0.5,0.0,1,0,0,0.5,0.5,2,8,0.0,2,0,25,0,16,17,16,25,0.0,5,1.0,0,25,0,0,4,2,25,0,0,0,0,25,6,0,25,1.0,25,1.0,0.0,0,0,25,0,0,26,25,0,0,0,0.0,25,0,0,0.0,0,3,0.0,0,0.5,0.5,1,0.5,0.5,0.0,0.0,1,0,0.0,8,0.0,25,0.0,0.0,0.0,0.0,1.0,0.0,0.5,0.5,0.0,3,0.0,0.5,0,0,4
2020-02,0.0,0.0,4,4,27,4,4,0,0.0,27,0.0,0.0,21,0.0,22,0.0,0,0.5,0.0,2,0.0,0.0,0.0,0.0,1,0,0,0.5,0.5,2,10,0.0,2,0,27,0,20,20,20,27,0.0,5,0.0,0,27,0,0,4,1,27,0,0,0,0,27,6,0,27,3.0,27,3.0,0.0,0,0,27,0,0,20,27,0,0,0,0.0,27,0,0,0.0,0,3,0.0,0,0.5,0.5,1,0.5,0.5,0.5,0.0,1,0,0.0,10,0.0,27,0.0,0.0,0.5,0.0,1.0,0.0,0.0,0.0,0.5,3,0.0,0.0,0,0,4
2020-03,0.0,1.0,4,4,30,4,3,0,0.0,30,0.0,0.0,22,0.0,24,0.0,0,0.5,0.5,2,0.0,0.0,0.5,0.0,1,0,0,0.0,0.5,3,31,0.0,3,0,30,0,25,26,25,30,0.0,5,0.0,0,30,0,0,5,2,30,0,0,0,0,30,7,0,27,2.0,30,2.0,0.0,0,0,30,0,0,20,30,0,0,0,0.0,30,0,0,0.0,0,3,0.0,0,0.5,0.5,1,0.5,0.0,0.5,0.5,1,0,2.0,12,0.0,30,0.0,0.0,0.0,0.0,1.0,0.0,0.0,0.0,0.0,3,0.0,0.0,0,0,4
2020-04,0.0,0.0,4,4,37,4,4,0,0.0,37,0.0,0.0,24,0.0,29,0.0,0,0.0,0.0,2,0.0,0.0,0.0,0.0,2,0,0,0.0,0.0,3,85,0.0,2,0,37,0,35,35,34,37,0.0,7,0.0,0,37,0,0,4,2,37,0,0,0,0,37,10,0,68,0.0,37,0.0,0.0,0,0,37,0,0,22,37,0,0,0,0.0,37,0,0,0.0,0,4,0.0,0,0.5,0.5,1,0.5,0.5,0.0,0.0,1,0,3.0,11,0.0,37,0.0,0.5,0.0,0.0,1.0,0.0,0.0,0.0,0.0,4,0.0,0.0,0,0,5
2020-05,0.0,0.0,5,5,40,5,5,0,0.0,40,0.0,0.0,27,0.0,32,0.0,0,0.0,0.0,3,0.0,0.5,0.0,0.0,2,0,0,0.5,0.5,3,40,0.0,3,0,40,0,32,32,32,40,0.0,7,2.0,0,40,0,0,3,3,40,0,0,0,0,40,8,0,53,2.0,40,2.0,0.0,0,0,40,0,0,20,40,0,0,0,0.0,40,0,0,0.0,0,4,0.0,0,0.5,0.5,1,0.5,0.5,0.0,0.0,1,0,0.0,13,0.0,40,0.0,0.0,0.0,0.0,1.0,0.0,0.0,0.0,0.0,5,0.0,0.0,0,0,6
2020-06,0.0,0.0,7,7,43,7,5,0,0.0,43,0.0,0.0,26,0.0,35,0.0,0,0.5,0.5,3,0.0,0.0,0.0,0.0,2,0,0,0.0,0.5,4,42,0.0,4,0,43,0,32,33,33,43,0.0,7,0.0,2,43,2,2,4,2,43,0,0,0,0,43,7,0,42,4.0,43,4.0,0.0,0,0,43,0,0,23,43,0,0,0,0.0,43,0,0,0.0,0,5,0.0,0,0.5,0.5,1,0.5,0.5,0.0,0.0,1,0,0.0,11,0.0,43,0.5,0.0,0.0,0.5,1.0,0.5,0.0,0.0,0.0,5,0.0,0.0,0,0,6
2020-07,0.0,0.0,3,3,47,3,6,0,0.0,47,0.0,0.0,29,0.0,38,0.0,0,0.5,0.5,3,0.0,0.0,0.0,0.0,2,0,0,0.5,0.5,4,23,0.0,4,0,47,0,28,29,29,47,0.0,7,0.0,0,47,0,0,4,3,47,0,0,0,0,47,8,0,43,2.0,47,2.0,0.0,0,0,47,0,0,24,47,0,0,0,0.0,47,0,0,0.0,0,5,0.0,0,0.5,0.5,1,0.5,0.5,0.0,0.0,1,0,0.0,12,0.0,47,0.0,0.0,0.0,0.0,1.0,0.0,0.0,0.0,0.5,5,0.0,0.0,0,0,7
2020-08,0.0,0.0,6,6,46,6,4,0,0.0,46,0.0,1.0,25,0.0,37,0.0,0,0.5,0.5,3,0.5,0.5,0.0,0.0,2,0,0,0.5,0.5,4,20,0.0,3,0,46,0,28,27,28,46,0.0,7,2.0,2,46,2,2,4,3,46,0,0,0,0,46,8,0,37,2.0,46,2.0,0.0,0,0,46,0,0,32,46,0,0,0,0.0,46,0,0,0.0,0,5,0.0,0,0.5,0.5,1,0.5,0.0,0.0,0.0,1,0,0.0,10,0.0,46,0.0,0.0,0.0,0.0,1.0,0.0,0.0,0.5,0.0,5,0.0,0.5,0,0,6
2020-09,0.0,0.0,5,5,46,5,5,0,0.0,46,0.0,0.0,26,0.0,37,0.5,0,0.5,0.5,3,0.0,0.0,0.5,0.0,2,0,0,0.5,0.5,4,17,0.0,4,0,46,0,24,24,24,46,0.0,6,2.0,2,46,2,2,3,3,46,0,0,0,0,46,7,0,38,3.0,46,3.0,0.0,0,0,46,0,0,27,46,0,0,0,0.0,46,0,0,0.0,0,5,0.0,0,0.5,0.5,1,0.5,0.5,0.0,0.0,1,0,0.0,12,0.0,46,0.0,0.0,0.0,0.0,1.0,0.0,0.5,0.5,0.5,5,0.0,0.5,0,0,7
2020-10,0.0,0.0,4,4,43,4,4,0,0.0,43,0.0,1.0,28,1.0,34,0.0,0,0.5,0.0,3,0.0,0.0,0.0,0.0,2,0,0,0.5,0.5,4,15,0.0,4,0,43,0,26,26,26,43,0.0,6,2.0,3,43,3,3,2,4,43,0,0,0,0,43,7,0,37,1.0,43,1.0,0.0,0,0,43,0,0,27,43,0,0,0,0.0,43,0,0,0.0,0,5,0.5,0,0.5,0.5,1,0.5,0.5,0.0,0.0,1,0,0.0,10,0.0,43,0.0,0.0,0.0,0.0,1.0,0.0,0.5,0.5,0.5,5,0.0,0.0,0,0,6
2020-11,0.0,0.0,5,5,41,5,4,0,0.0,41,0.0,0.0,26,1.0,33,0.0,0,0.5,0.5,3,0.0,0.0,0.0,0.0,2,0,0,0.5,0.5,3,14,0.0,3,0,41,0,25,25,25,41,0.0,6,2.0,2,41,2,2,4,4,41,0,0,0,0,41,6,0,33,2.0,41,2.0,0.0,0,0,41,0,0,33,41,0,0,0,0.0,41,0,0,0.0,0,5,0.0,0,0.5,0.5,1,0.5,0.0,0.0,0.0,1,0,0.0,10,0.0,41,0.0,0.0,0.0,0.0,1.0,0.0,0.5,0.5,0.5,5,0.0,0.0,0,0,6
2020-12,0.0,0.0,5,5,39,5,4,0,0.0,39,0.0,1.0,28,0.0,31,0.0,0,0.0,0.0,2,0.0,0.0,0.5,0.0,2,0,0,0.5,0.5,3,14,0.0,4,0,39,0,21,21,20,39,0.0,6,0.0,2,39,2,2,3,3,39,0,0,0,0,39,5,0,31,2.0,39,2.0,0.0,0,0,39,0,0,38,39,0,0,0,0.0,39,0,0,0.0,0,4,0.0,0,0.5,0.5,1,0.5,0.5,0.0,0.0,1,0,0.0,12,0.0,39,0.0,0.0,0.0,0.0,1.0,0.0,0.5,0.5,0.5,4,0.0,0.5,0,0,5
2021-01,0.0,0.0,5,5,35,5,4,0,0.0,35,0.0,0.0,28,0.0,28,0.0,0,0.0,0.5,2,0.0,0.0,0.0,0.0,1,0,0,0.5,0.0,3,13,0.0,3,0,35,0,22,21,22,35,0.0,7,2.0,2,35,2,2,2,3,35,0,0,0,0,35,6,0,29,2.0,35,2.0,0.0,0,0,35,0,0,32,35,0,0,0,0.0,35,0,0,0.0,0,4,0.0,0,0.5,0.5,1,0.5,0.5,0.0,0.0,1,0,0.0,11,0.0,35,0.0,0.0,0.0,0.0,1.0,0.0,0.5,0.5,0.5,4,0.0,0.5,0,0,5
2021-02,0.0,0.0,4,4,34,4,3,0,0.0,34,0.0,0.0,39,1.0,28,0.0,0,0.0,0.5,2,0.0,0.0,0.5,0.0,1,0,0,0.5,0.5,3,11,0.0,2,0,34,0,22,22,22,34,0.0,5,2.0,2,34,2,2,3,2,34,0,0,0,0,34,6,0,28,3.0,34,3.0,0.0,0,0,34,0,0,25,34,0,0,0,0.0,34,0,0,0.0,0,4,0.0,0,0.5,0.5,1,0.5,0.5,0.0,0.0,1,0,0.0,10,0.0,34,0.0,0.0,0.0,0.5,1.0,0.5,0.0,0.0,0.0,4,0.0,0.5,0,0,5
2021-03,0.0,0.0,5,5,32,5,5,0,0.0,32,0.0,0.0,33,1.0,26,0.0,0,0.0,0.0,2,0.0,0.0,0.5,0.0,1,0,0,0.5,0.5,3,13,0.0,3,0,32,0,22,22,22,32,0.0,6,1.0,1,32,1,1,4,2,32,0,0,0,0,32,6,0,31,1.0,32,1.0,0.0,0,0,32,0,0,22,32,0,0,0,0.0,32,0,0,0.0,0,4,0.0,0,0.5,0.5,1,0.5,0.5,0.5,0.0,1,0,0.0,9,0.0,32,0.0,0.0,0.0,0.5,1.0,0.5,0.5,0.5,0.5,4,0.0,0.5,0,0,5
2021-04,0.0,0.0,4,4,31,4,3,0,0.0,31,0.0,1.0,65,0.0,25,0.0,0,0.0,0.0,2,0.0,0.0,0.0,0.0,1,0,0,0.5,0.5,3,19,0.0,3,0,31,0,23,21,21,31,0.0,5,2.0,2,31,2,2,3,4,31,0,0,0,0,31,5,0,37,2.0,31,2.0,0.0,0,0,31,0,0,18,31,0,0,0,0.0,31,0,0,0.0,0,3,0.0,0,0.5,0.5,1,0.5,0.5,0.0,0.0,1,0,0.0,8,0.0,31,0.5,0.0,0.0,0.5,1.0,0.5,0.5,0.5,0.5,3,0.0,0.5,0,0,4
2021-05,0.0,0.0,4,4,29,4,2,0,0.0,29,0.0,1.0,25,1.0,24,0.5,0,0.0,0.0,2,0.0,0.5,0.0,0.0,1,0,0,0.5,0.5,2,18,0.0,3,0,29,0,22,22,23,29,0.0,5,3.0,1,29,1,1,3,3,29,0,0,0,0,29,5,0,39,2.0,29,2.0,0.0,0,0,29,0,0,22,29,0,0,0,0.0,29,0,0,0.0,0,3,0.0,0,0.5,0.5,1,0.5,0.5,0.0,0.0,1,0,0.0,8,0.0,29,0.0,0.0,0.0,0.5,1.0,0.5,0.5,0.5,0.5,3,0.0,0.0,0,0,4
2021-06,0.0,0.0,4,4,30,4,4,0,0.0,30,0.0,1.0,33,1.0,24,0.0,0,0.0,0.0,2,0.0,0.0,0.5,0.0,1,0,0,0.5,0.5,3,15,0.0,3,0,30,0,22,22,22,30,0.0,6,3.0,1,30,1,1,2,3,30,0,0,0,0,30,5,0,33,1.0,30,1.0,0.0,0,0,30,0,0,21,30,0,0,0,0.0,30,0,0,0.0,0,3,0.0,0,0.5,0.5,1,0.5,0.5,0.0,0.0,1,0,0.0,8,0.0,30,0.0,0.0,0.0,0.5,1.0,0.5,0.5,0.5,0.5,3,0.0,0.5,0,0,4
2021-07,0.0,0.0,4,4,27,4,2,0,0.0,27,0.0,2.0,26,1.0,21,0.0,0,0.0,0.0,2,0.0,0.0,0.5,0.0,1,0,0,0.5,0.5,2,15,0.0,3,0,27,0,22,22,22,27,0.0,7,2.0,1,27,1,1,2,4,27,0,0,0,0,27,6,0,40,2.0,27,2.0,0.0,0,0,27,0,0,21,27,0,0,0,0.0,27,0,0,0.0,0,3,0.0,0,0.5,0.5,1,0.5,0.5,0.0,0.0,1,0,0.0,8,0.0,27,0.0,0.0,0.0,0.5,1.0,0.5,0.5,0.5,0.5,3,0.0,0.5,0,0,4
2021-08,0.0,0.0,5,5,27,5,4,0,0.0,27,0.0,2.0,30,0.0,22,0.0,0,0.5,0.0,2,0.0,0.0,0.5,0.0,1,0,0,0.5,0.5,2,13,0.0,3,0,27,0,23,23,23,27,0.0,5,1.0,2,27,2,2,3,3,27,0,0,0,0,27,5,0,35,1.0,27,1.0,0.0,0,0,27,0,0,28,27,0,0,0,0.0,27,0,0,0.0,0,3,0.0,0,0.5,0.5,1,0.5,0.5,0.0,0.0,1,0,0.0,11,0.0,27,0.0,0.0,0.0,0.5,1.0,0.5,0.5,0.0,0.5,3,0.0,0.5,0,0,4
2021-09,0.0,0.0,4,4,26,4,3,0,0.0,26,0.0,1.0,28,0.0,21,0.5,0,0.0,0.0,2,0.0,0.0,0.5,0.0,1,0,0,0.5,0.5,2,13,0.0,3,0,26,0,22,22,22,26,0.0,5,2.0,2,26,2,2,3,3,26,0,0,0,0,26,5,0,33,1.0,26,1.0,0.0,0,2,26,2,0,25,26,0,0,0,0.0,26,0,0,0.0,0,3,0.0,0,0.5,0.5,1,0.5,0.5,0.0,0.0,1,0,0.0,8,0.0,26,0.0,0.0,0.0,0.5,1.0,0.5,0.0,0.5,0.5,3,0.5,0.5,0,0,4
2021-10,0.0,0.0,3,3,23,3,3,0,0.0,23,0.0,1.0,21,1.0,19,0.0,0,0.0,0.0,1,0.0,0.0,0.5,0.0,1,0,0,0.5,0.5,2,9,0.0,2,0,23,0,17,18,17,23,0.0,6,1.0,1,23,1,1,3,2,23,0,0,1,0,23,4,0,23,1.0,23,1.0,0.0,0,0,23,0,0,17,23,0,0,0,1.0,23,0,0,0.0,0,3,0.0,0,0.5,0.5,1,0.5,0.5,0.0,0.0,1,0,1.0,6,0.0,23,0.0,0.0,0.0,0.5,1.0,0.5,0.5,0.5,0.5,3,0.0,0.5,0,0,3
2021-11,0.0,0.0,4,4,25,4,2,0,0.0,25,0.0,1.0,22,0.5,20,0.5,0,0.5,0.0,2,0.0,0.0,0.5,0.0,1,0,0,0.5,0.5,2,9,0.0,2,0,25,0,17,17,17,25,0.0,6,1.0,1,25,1,1,3,2,25,0,0,0,0,25,4,0,22,2.0,25,2.0,0.0,0,0,25,0,0,21,25,0,0,0,0.0,25,0,0,0.0,0,3,0.0,0,0.5,0.5,1,0.5,0.5,0.0,0.0,1,0,0.0,8,0.0,25,0.0,0.0,0.0,0.5,1.0,0.5,0.5,0.5,0.5,3,0.0,0.5,0,0,4
2021-12,0.0,0.0,3,3,21,3,2,0,0.0,21,0.0,1.0,22,0.0,17,0.5,0,0.0,0.0,1,0.0,0.0,0.5,0.0,1,0,0,0.5,0.5,2,8,0.0,2,0,21,0,15,15,15,21,0.0,6,1.0,1,21,1,1,3,3,21,0,0,0,0,21,5,0,29,2.0,21,2.0,0.0,0,0,21,0,0,23,21,0,0,0,0.0,21,0,0,0.0,0,2,0.0,0,0.5,0.5,1,0.5,0.5,0.0,0.0,1,0,0.0,7,0.0,21,0.0,0.0,0.0,0.5,1.0,0.5,0.5,0.5,0.5,2,0.0,0.5,0,0,3
2022-01,0.0,1.0,5,5,25,5,4,0,0.0,25,0.0,1.0,28,0.0,20,0.5,0,0.5,0.5,2,0.5,0.5,0.5,0.0,1,0,0,0.5,0.5,2,13,0.0,3,0,25,0,19,19,18,25,0.0,7,1.0,2,25,2,2,3,2,25,0,0,0,0,25,6,0,29,1.0,25,1.0,0.0,0,0,25,0,0,30,25,0,0,0,1.0,25,0,0,0.0,0,3,0.0,0,0.5,0.5,1,0.5,0.5,0.0,0.0,1,0,0.0,8,0.0,25,0.0,0.5,0.0,0.5,1.0,0.5,0.0,0.5,0.0,3,0.0,0.5,0,0,4
2022-02,0.0,0.0,5,5,24,5,4,0,0.0,24,0.0,1.0,31,1.0,20,0.5,0,0.5,0.5,2,0.5,0.5,0.5,0.5,1,0,0,0.5,0.5,2,14,0.0,2,0,24,0,20,19,19,24,0.0,5,2.0,1,24,1,1,4,2,24,0,0,0,0,24,6,0,31,1.0,24,1.0,0.0,0,0,24,0,0,19,24,0,0,0,1.0,24,0,0,0.0,0,3,0.0,0,0.5,0.5,1,0.5,0.5,0.0,0.0,1,0,0.0,10,0.0,24,0.0,0.0,0.5,0.5,1.0,0.5,0.5,0.5,0.5,3,0.0,0.5,0,0,3
2022-03,0.0,0.0,5,5,31,5,3,0,0.0,31,0.0,1.0,34,1.0,25,0.5,0,0.5,0.5,2,0.5,0.5,0.5,0.5,1,0,0,0.5,0.5,3,15,0.0,3,0,31,0,18,18,18,31,0.0,5,2.0,2,31,2,2,4,2,31,0,0,0,0,31,7,0,30,1.0,31,1.0,1.0,0,0,31,0,0,24,31,0,0,0,1.0,31,0,0,0.0,0,3,0.0,0,0.5,0.5,1,0.5,0.5,0.0,0.0,1,0,0.5,10,0.0,31,0.5,0.0,0.0,0.5,1.0,0.5,0.5,0.5,0.5,3,0.0,0.5,0,0,4
2022-04,0.0,0.0,5,5,27,5,3,0,0.0,27,0.0,0.0,64,1.0,22,0.5,0,0.5,0.5,2,0.0,0.5,0.5,0.5,1,0,0,0.5,0.5,2,13,0.0,3,0,27,0,17,17,17,27,0.5,6,2.0,2,27,2,2,4,3,27,0,0,0,0,27,6,0,30,1.0,27,1.0,0.0,0,0,27,0,0,22,27,0,0,0,1.0,27,0,0,0.0,0,3,0.0,0,0.5,0.5,1,0.5,0.5,0.0,0.0,1,0,0.0,8,0.0,27,0.0,0.5,0.0,0.5,1.0,0.5,0.5,0.5,0.5,3,0.0,0.5,0,0,4
2022-05,0.0,0.0,4,4,26,4,3,0,0.0,26,0.0,0.5,25,1.0,21,0.5,0,0.5,0.5,2,0.5,0.5,0.5,0.0,1,0,0,0.5,0.5,2,15,0.0,3,0,26,0,18,18,18,26,0.0,6,1.0,2,26,2,2,3,1,26,0,0,0,0,26,6,0,29,1.0,26,1.0,0.0,0,0,26,0,0,22,26,0,0,0,1.0,26,0,0,0.0,0,3,0.0,0,0.5,0.5,1,0.5,0.5,0.5,0.5,1,0,0.0,7,0.0,26,0.0,0.5,0.0,0.5,1.0,0.5,0.5,0.5,0.5,3,0.0,0.5,0,0,4
2022-06,0.0,0.0,4,4,28,4,3,0,0.0,28,0.0,1.0,30,0.0,23,0.5,0,0.5,0.5,2,0.0,0.0,0.5,0.0,1,0,0,0.5,0.5,2,15,0.0,3,0,28,0,18,18,18,28,0.5,6,2.0,3,28,3,3,3,2,28,0,0,0,0,28,7,0,34,1.0,28,1.0,0.5,0,0,28,0,0,25,28,0,0,0,1.0,28,0,0,0.0,0,3,0.0,0,0.5,0.5,1,0.5,0.5,0.0,0.0,1,0,0.0,9,0.0,28,0.0,0.5,0.0,0.5,1.0,0.5,0.5,0.5,0.5,3,0.0,0.5,0,0,4
2022-07,0.0,0.0,4,4,21,4,3,0,0.0,21,0.0,1.0,29,0.0,17,0.5,0,0.5,0.5,1,0.5,0.0,0.5,0.0,1,0,0,0.5,0.5,2,14,0.0,2,0,21,0,20,19,19,21,0.0,6,1.0,1,21,1,1,3,2,21,0,0,0,0,21,6,0,37,1.0,21,1.0,0.0,0,0,21,0,0,21,21,0,0,0,1.0,21,0,0,0.0,0,2,0.0,0,0.5,0.5,1,0.5,0.5,0.0,0.0,1,0,0.0,6,0.0,21,0.5,0.0,0.5,0.0,1.0,0.0,0.5,0.5,0.5,2,0.0,0.5,0,0,3
2022-08,0.0,0.0,5,5,28,5,3,0,0.5,28,0.0,0.5,27,1.0,22,0.5,0,0.5,0.5,2,0.5,0.5,0.5,0.0,1,0,0,0.5,0.5,2,13,0.0,2,0,28,0,18,18,18,28,0.0,6,1.0,2,28,2,2,3,2,28,0,0,0,0,28,6,0,38,1.0,28,1.0,0.0,0,0,28,0,0,24,28,0,0,0,1.0,28,0,0,0.5,0,3,0.0,0,0.5,0.5,1,0.5,0.5,0.0,0.0,1,0,0.0,9,0.0,28,0.5,0.0,0.0,0.5,1.0,0.5,0.5,0.5,0.5,3,0.0,0.5,0,0,4
2022-09,0.0,0.0,5,5,30,5,3,0,0.0,30,0.0,1.0,26,1.0,24,0.0,0,0.5,0.5,2,0.5,0.5,0.5,0.5,1,0,0,0.5,0.5,3,13,0.0,2,0,30,0,19,19,19,30,0.0,6,1.0,1,30,1,1,3,2,30,0,0,0,0,30,6,0,39,1.0,30,1.0,0.5,0,0,30,0,0,21,30,0,0,0,1.0,30,0,0,0.0,0,3,0.0,0,0.5,0.5,1,0.5,0.5,0.0,0.0,1,0,0.0,9,0.0,30,0.5,0.5,0.5,0.5,1.0,0.5,0.5,0.5,0.5,3,0.0,0.5,0,0,4
2022-10,0.0,0.0,6,6,26,6,2,0,0.0,26,0.0,1.0,26,1.0,21,0.5,0,0.5,0.5,2,0.5,0.5,0.5,0.0,1,0,0,0.5,0.5,2,11,0.0,2,0,26,0,18,18,18,26,0.0,5,1.0,1,26,1,1,3,2,26,0,0,0,0,26,5,0,38,1.0,26,1.0,0.0,0,0,26,0,0,19,26,0,0,0,0.0,26,0,0,0.0,0,3,0.0,0,0.5,0.5,1,0.5,0.5,0.0,0.0,1,0,0.0,9,0.0,26,0.5,0.0,0.0,0.0,1.0,0.0,0.5,0.5,0.5,3,0.0,0.5,0,0,4
2022-11,0.0,0.0,4,4,28,4,2,0,0.0,28,0.0,0.5,24,0.5,22,0.5,0,0.5,0.5,2,0.5,0.5,0.5,0.0,1,0,0,0.5,0.5,2,11,0.0,2,0,28,0,17,17,17,28,0.5,4,1.0,1,28,1,1,3,2,28,0,0,0,0,28,5,0,32,2.0,28,2.0,0.0,0,0,28,0,0,14,28,0,0,0,0.5,28,0,0,0.0,0,3,0.0,0,0.5,0.5,1,0.5,0.5,0.0,0.0,1,0,0.0,9,0.0,28,0.0,0.0,0.5,0.5,1.0,0.5,0.5,0.5,0.5,3,0.0,0.5,0,0,4
2022-12,0.0,0.0,4,4,19,4,2,0,0.0,19,0.0,0.0,21,1.0,15,0.0,0,0.5,0.5,1,0.5,0.5,0.5,0.5,1,0,0,0.5,0.5,2,13,0.0,2,0,19,0,15,15,15,19,0.0,5,1.0,1,19,1,1,2,1,19,0,0,0,0,19,6,0,37,1.0,19,1.0,0.0,0,0,19,0,0,28,19,0,0,0,0.0,19,0,0,0.0,0,2,0.0,0,0.5,0.5,1,0.5,0.5,0.0,0.0,1,0,0.0,7,0.0,19,0.0,0.0,0.0,0.5,0.5,0.5,0.5,0.5,0.5,2,0.0,0.5,0,0,3
2023-01,0.0,0.0,6,6,20,6,2,0,0.0,20,0.0,0.0,26,1.0,16,0.0,0,0.5,0.0,1,0.5,0.5,0.5,0.0,1,0,0,0.5,0.5,2,12,0.0,2,0,20,0,18,18,18,20,0.0,5,1.0,1,20,1,1,3,3,20,0,0,0,0,20,6,0,36,1.0,20,1.0,0.0,0,0,20,0,0,19,20,0,0,0,0.0,20,0,0,0.0,0,2,0.0,0,0.5,0.5,1,0.5,0.5,0.0,0.0,1,0,0.0,10,0.0,20,0.0,0.0,0.0,0.5,1.0,0.5,0.5,0.5,0.5,2,0.0,0.5,0,0,3
2023-02,0.0,0.0,4,4,23,4,3,0,0.0,23,0.0,1.0,40,1.0,19,0.0,0,0.5,0.5,2,0.0,0.5,0.5,0.0,1,0,0,0.5,0.5,2,11,0.0,2,0,23,0,20,20,19,23,0.0,6,1.0,1,23,1,1,2,2,23,0,0,0,0,23,6,0,35,1.0,23,1.0,1.0,0,0,23,0,0,23,23,0,0,0,0.0,23,0,0,0.0,0,3,0.0,0,0.5,0.5,1,0.5,0.5,0.0,0.0,1,0,1.0,9,0.0,23,0.0,0.0,0.0,0.0,1.0,0.0,0.5,0.5,0.5,3,0.0,0.5,0,0,3
2023-03,0.0,0.0,5,5,25,5,2,0,0.0,25,0.0,0.0,59,1.0,20,0.0,0,0.5,0.5,2,0.5,0.0,0.5,0.0,1,0,0,0.5,0.5,2,11,0.0,2,0,25,0,20,19,20,25,0.5,5,1.0,1,25,1,1,3,2,25,0,0,0,0,25,6,0,35,1.0,25,1.0,0.5,0,0,25,0,0,20,25,0,0,0,0.0,25,0,0,0.0,0,3,0.0,0,0.5,0.5,1,0.5,0.5,0.0,0.0,1,0,0.0,10,0.0,25,0.0,0.0,0.0,0.0,1.0,0.0,0.5,0.5,0.5,3,0.5,0.5,0,0,4
2023-04,0.0,0.0,3,3,20,3,2,0,0.0,20,0.0,0.0,30,1.0,16,0.5,0,0.5,0.5,1,0.5,0.0,0.5,0.0,1,0,0,0.5,0.5,2,13,0.0,2,0,20,0,17,18,18,20,0.0,5,1.0,1,20,1,1,3,2,20,0,0,0,0,20,6,0,32,1.0,20,1.0,0.0,0,0,20,0,0,15,20,0,0,0,0.0,20,0,0,0.0,0,2,0.0,0,0.5,0.5,1,0.5,0.5,0.0,0.0,1,0,0.5,7,0.0,20,0.5,0.5,0.5,0.5,0.5,0.5,0.5,0.5,0.5,2,0.0,0.5,0,0,3
2023-05,0.0,0.0,5,5,25,5,3,0,0.0,25,0.0,0.0,30,1.0,20,0.5,0,0.5,0.5,2,0.5,0.0,0.5,0.5,1,0,0,0.5,0.5,2,16,0.0,2,0,25,0,18,18,18,25,0.0,5,1.0,1,25,1,1,2,2,25,0,0,0,0,25,6,0,30,1.0,25,1.0,0.5,0,0,25,0,0,16,25,0,0,0,0.0,25,0,0,0.0,0,3,0.0,0,0.5,0.5,1,0.5,0.5,0.0,0.0,1,0,0.0,9,0.5,25,0.5,0.5,0.5,0.0,1.0,0.0,0.5,0.5,0.5,3,0.0,0.5,0,0,4
2023-06,0.0,0.0,3,3,26,3,2,0,0.0,26,0.5,0.5,26,0.5,21,0.5,0,0.0,0.0,2,0.5,0.5,0.5,0.5,1,0,0,0.5,0.5,2,19,0.0,2,0,26,0,18,18,18,26,0.0,5,1.0,1,26,1,1,3,2,26,0,0,0,0,26,5,0,33,1.0,26,1.0,1.0,0,0,26,0,0,16,26,0,0,0,0.0,26,0,0,0.0,0,3,0.0,0,0.5,0.5,1,0.5,0.5,0.0,0.0,1,0,0.0,8,0.0,26,0.5,0.0,0.0,0.5,1.0,0.5,0.5,0.5,0.5,3,0.0,0.5,0,0,4
2023-07,0.0,0.0,4,4,23,4,2,0,0.0,23,0.0,0.0,27,1.0,18,0.5,0,0.5,0.5,1,0.0,0.0,0.5,0.5,1,0,0,0.5,0.5,2,13,0.0,2,0,23,0,19,19,19,23,0.0,4,1.0,1,23,1,1,3,2,23,0,0,0,0,23,6,0,37,1.0,23,1.0,0.0,0,0,23,0,0,17,23,0,0,0,0.5,23,0,0,0.0,0,3,0.0,0,0.5,0.5,1,0.5,0.5,0.0,0.0,1,0,0.0,7,0.0,23,0.0,0.0,0.0,0.0,1.0,0.0,0.5,0.5,0.5,3,0.0,0.5,0,0,3
2023-08,0.0,0.0,4,4,27,4,3,0,0.0,27,0.0,0.5,29,1.0,22,0.5,0,0.5,0.5,2,0.0,0.0,0.5,0.0,1,0,0,0.5,0.5,2,14,0.0,2,0,27,0,22,22,22,27,1.0,5,1.0,1,27,1,1,3,4,27,0,0,0,0,27,5,0,53,1.0,27,1.0,0.0,0,0,27,0,0,17,27,0,0,0,1.0,27,0,0,0.0,0,3,0.0,0,0.5,0.5,1,0.5,0.5,0.0,0.0,1,0,0.5,9,0.0,27,0.5,0.5,0.5,0.5,1.0,0.5,0.5,0.5,0.5,3,0.0,0.5,0,0,4
2023-09,0.0,0.0,3,3,23,3,2,0,0.0,23,0.0,0.0,25,1.0,19,0.5,0,0.5,0.0,1,0.5,0.5,0.5,0.0,1,0,0,0.5,0.5,2,10,0.0,2,0,23,0,17,17,17,23,1.0,5,1.0,1,23,1,1,2,1,23,0,0,0,0,23,5,0,34,1.0,23,1.0,0.0,0,0,23,0,0,15,23,0,0,0,0.0,23,0,0,0.0,0,3,0.0,0,0.5,0.5,1,0.5,0.5,0.0,0.0,1,0,0.0,10,0.0,23,0.5,0.5,0.5,0.0,1.0,0.0,0.5,0.5,0.5,3,0.0,0.5,0,0,3
2023-10,0.0,0.0,3,3,22,3,3,0,0.0,22,0.0,0.5,24,1.0,17,0.5,0,0.5,0.5,1,0.0,0.0,0.5,0.0,1,0,0,0.5,0.5,2,12,0.0,2,0,22,0,17,17,17,22,0.0,4,1.0,1,22,1,1,3,2,22,0,0,0,0,22,5,0,31,1.0,22,1.0,0.0,0,0,22,0,0,14,22,0,0,0,0.5,22,0,0,0.0,0,2,0.0,0,0.5,0.5,1,0.5,0.5,0.0,0.0,1,0,0.0,9,0.0,22,0.0,0.0,0.0,0.0,1.0,0.0,0.5,0.5,0.5,2,0.0,0.5,0,0,3
2023-11,0.0,0.0,4,4,24,4,2,0,0.0,24,0.0,0.5,24,0.5,20,0.0,0,0.5,0.5,2,0.5,0.5,0.5,0.0,1,0,0,0.5,0.5,2,14,0.0,2,0,24,0,16,16,17,24,0.0,4,1.0,1,24,1,1,2,2,24,0,0,0,0,24,5,0,30,1.0,24,1.0,0.0,0,0,24,0,0,13,24,0,0,0,0.0,24,0,0,0.0,0,3,0.0,0,0.5,0.5,1,0.5,0.5,0.0,0.0,1,0,0.0,8,0.0,24,0.0,0.0,0.0,0.0,1.0,0.0,0.5,0.5,0.5,3,0.0,0.5,0,0,3
2023-12,0.0,0.0,3,3,23,3,2,0,0.0,23,0.0,0.5,26,0.5,18,0.0,0,0.5,0.5,1,0.0,0.0,0.5,0.5,1,0,0,0.5,0.5,2,15,0.0,2,0,23,0,16,16,16,23,0.0,5,1.0,1,23,1,1,3,2,23,0,0,0,0,23,5,0,35,1.0,23,1.0,0.0,0,0,23,0,0,28,23,0,0,0,1.0,23,0,0,0.0,0,3,0.0,0,0.5,0.5,1,0.5,0.5,0.0,0.0,1,0,0.0,7,0.5,23,0.0,0.0,0.0,0.0,1.0,0.0,0.5,0.5,0.5,3,0.0,0.5,0,0,3
2024-01,0.0,0.0,3,3,21,3,2,0,0.0,21,0.0,0.0,31,1.0,17,0.5,0,0.5,0.5,1,0.0,0.0,0.5,0.5,1,0,0,0.5,0.5,2,10,0.0,3,0,21,0,18,18,18,21,0.0,5,1.0,1,21,1,1,3,2,21,0,0,0,0,21,5,0,36,1.0,21,1.0,0.0,0,0,21,0,0,28,21,0,0,0,0.0,21,0,0,0.0,0,2,0.0,0,0.5,0.5,1,0.5,0.5,0.0,0.0,1,0,0.0,8,0.0,21,0.0,0.0,0.0,0.0,1.0,0.0,0.5,0.5,0.5,2,0.0,0.5,0,0,3
2024-02,0.0,0.0,4,4,24,4,2,0,0.0,24,0.0,0.0,50,1.0,19,0.5,0,0.5,0.5,2,0.0,0.0,0.0,0.0,1,0,0,0.5,0.5,2,10,0.0,2,0,24,0,17,17,17,24,0.0,5,1.0,1,24,1,1,2,2,24,0,0,0,0,24,4,0,33,1.0,24,1.0,0.0,0,0,24,0,0,18,24,0,0,0,1.0,24,0,0,0.0,0,3,0.0,0,0.5,0.5,1,0.5,0.5,0.0,0.0,1,0,1.0,7,0.0,24,0.0,0.0,0.0,0.0,1.0,0.0,0.5,0.5,0.5,3,0.0,0.5,0,0,3
2024-03,0.0,0.0,4,4,23,4,2,0,0.0,23,0.0,0.0,29,1.0,19,0.0,0,0.5,0.5,1,0.5,0.5,0.5,0.0,1,0,0,0.5,0.5,2,11,0.0,2,0,23,0,16,16,16,23,0.0,5,1.0,1,23,1,1,3,2,23,0,0,0,0,23,5,0,32,1.0,23,1.0,0.0,0,0,23,0,0,16,23,0,0,0,0.0,23,0,0,0.0,0,3,0.0,0,0.5,0.5,1,0.5,0.5,0.0,0.0,1,0,0.0,7,0.0,23,0.0,0.0,0.0,0.0,1.0,0.0,0.5,0.5,0.5,3,0.0,0.5,0,0,3
2024-04,0.0,0.0,3,3,19,3,2,0,0.0,19,0.0,0.5,22,0.5,15,0.0,0,0.5,0.5,1,0.0,0.5,0.0,0.5,1,0,0,0.5,0.5,2,11,0.0,2,0,19,0,15,15,15,19,0.0,5,1.0,1,19,1,1,3,1,19,0,0,0,0,19,4,0,27,1.0,19,1.0,0.0,0,0,19,0,0,15,19,0,0,0,0.0,19,0,0,0.0,0,2,0.0,0,0.5,0.5,1,0.5,0.5,0.0,0.0,1,0,0.0,6,0.0,19,0.0,0.0,0.0,0.0,0.5,0.0,0.5,0.5,0.5,2,0.0,0.5,0,0,3
2024-05,0.0,0.0,4,4,22,4,2,0,0.0,22,0.0,0.0,23,0.5,18,0.5,0,0.5,0.5,1,0.0,0.5,0.5,0.0,1,0,0,0.5,0.5,2,10,0.0,2,0,22,0,15,15,14,22,0.0,4,1.0,1,22,1,1,3,1,22,0,0,0,0,22,3,0,28,0.5,22,0.5,0.0,0,0,22,0,0,14,22,0,0,0,0.0,22,0,0,0.0,0,2,0.0,0,0.5,0.5,1,0.5,0.5,0.0,0.0,1,0,0.0,7,0.0,22,0.0,0.0,0.0,0.0,1.0,0.0,0.5,0.5,0.5,3,0.0,0.5,0,0,3
2024-06,0.0,0.0,3,3,19,3,2,0,0.0,19,0.0,0.5,19,0.5,15,0.5,0,0.5,0.5,1,0.0,0.0,0.0,0.5,1,0,0,0.5,0.5,2,11,0.0,1,0,19,0,15,14,15,19,0.0,5,1.0,1,19,1,1,2,2,19,0,0,0,0,19,3,0,29,1.0,19,1.0,0.0,0,0,19,0,0,13,19,0,0,0,1.0,19,0,0,0.0,0,2,0.0,0,0.5,0.5,1,0.5,0.5,0.0,0.0,1,0,0.0,6,0.0,19,0.0,0.0,0.0,0.0,0.5,0.0,0.5,0.5,0.5,2,0.0,0.5,0,0,3
2024-07,0.0,0.0,3,3,21,3,2,0,0.0,21,0.0,0.5,21,1.0,17,0.0,0,0.0,0.0,1,0.0,0.0,0.5,0.5,1,0,0,0.5,0.5,2,11,0.0,2,0,21,0,14,15,15,21,0.0,4,1.0,1,21,1,1,2,1,21,0,0,0,0,21,3,0,32,1.0,21,1.0,0.0,0,0,21,0,0,13,21,0,0,0,0.0,21,0,0,0.0,0,2,0.0,0,0.5,0.5,1,0.5,0.5,0.0,0.0,1,0,0.0,6,0.0,21,0.0,0.0,0.0,0.0,1.0,0.0,0.5,0.5,0.5,2,0.0,0.5,0,0,3
2024-08,0.0,0.0,3,3,23,3,2,0,0.0,23,0.0,0.5,21,1.0,19,0.0,0,0.5,0.5,2,0.5,0.5,0.5,0.5,1,0,0,0.5,0.5,2,10,0.0,2,0,23,0,15,15,15,23,0.0,4,1.0,1,23,1,1,3,2,23,0,0,0,0,23,5,0,37,1.0,23,1.0,0.0,0,0,23,0,0,27,23,0,0,0,0.0,23,0,0,0.0,0,3,0.0,0,0.5,0.5,1,0.5,0.5,0.0,0.5,1,0,0.0,5,0.0,23,0.0,0.0,0.5,0.0,1.0,0.0,0.5,0.5,0.5,3,0.0,0.5,0,0,3
2024-09,0.0,0.0,4,4,25,4,2,0,0.0,25,0.0,0.5,23,0.0,20,0.5,0,0.5,0.5,2,0.5,0.5,0.0,0.5,1,0,0,0.5,0.5,2,10,0.0,2,0,25,0,15,15,15,25,0.0,4,1.0,1,25,1,1,3,2,25,0,0,0,0,25,4,0,33,1.0,25,1.0,0.0,0,0,25,0,0,17,25,0,0,0,0.0,25,0,0,0.0,0,3,0.0,0,0.5,0.5,1,0.5,0.5,0.0,0.0,1,0,0.0,7,0.0,25,0.0,0.0,0.0,0.0,1.0,0.0,0.5,0.5,0.5,3,0.0,0.5,0,0,4
2024-10,0.0,0.0,4,4,25,4,2,0,0.0,25,0.0,0.0,23,1.0,20,0.5,0,0.5,0.0,2,0.5,0.5,0.5,0.5,1,0,0,0.5,0.5,2,10,0.0,2,0,25,0,16,16,16,25,0.0,4,1.0,1,25,1,1,3,2,25,0,0,0,0,25,4,0,34,1.0,25,1.0,0.0,0,0,25,0,0,16,25,0,0,0,0.5,25,0,0,0.0,0,3,0.0,0,0.5,0.5,1,0.5,0.5,0.0,0.0,1,0,0.0,7,0.0,25,0.0,0.0,0.0,0.5,1.0,0.5,0.5,0.5,0.5,3,0.0,0.5,0,0,4
2024-11,0.0,0.0,3,3,23,3,2,0,0.0,23,0.0,0.0,24,1.0,19,0.5,0,0.0,0.0,2,0.5,0.5,0.5,0.5,1,0,0,0.5,0.5,2,9,0.0,2,0,23,0,17,17,17,23,0.0,5,2.0,1,23,1,1,2,2,23,0,0,0,0,23,4,0,28,1.0,23,1.0,0.0,0,0,23,0,0,20,23,0,0,0,1.0,23,0,0,0.0,0,3,0.0,0,0.5,0.5,1,0.5,0.5,0.5,0.0,1,0,0.0,7,0.0,23,0.0,0.0,0.0,0.0,1.0,0.0,0.5,0.5,0.5,3,0.0,0.5,0,0,3
2024-12,0.0,0.0,3,3,23,3,2,0,0.0,23,0.0,0.5,25,1.0,18,0.0,0,0.0,0.5,1,0.0,0.0,0.5,0.5,1,0,0,0.5,0.5,2,11,0.0,2,0,23,0,15,15,15,23,0.0,6,1.0,1,23,1,1,2,3,23,0,0,0,0,23,3,0,28,1.0,23,1.0,0.0,0,0,23,0,0,22,23,0,0,0,0.0,23,0,0,0.0,0,3,0.0,0,0.5,0.5,1,0.5,0.5,0.0,0.0,1,0,0.0,6,0.0,23,0.0,0.0,0.0,0.0,1.0,0.0,0.5,0.5,0.5,3,0.0,0.5,0,0,3
2025-01,0.0,1.0,3,3,22,3,2,0,0.0,22,0.0,1.0,43,1.0,18,0.0,0,0.0,0.5,1,0.5,0.0,0.5,0.0,1,0,0,0.5,0.5,2,8,0.0,1,0,22,0,15,15,15,22,0.0,5,1.0,1,22,1,1,3,3,22,0,0,0,0,22,4,0,28,1.0,22,1.0,0.0,0,0,22,0,0,16,22,0,0,0,0.0,22,0,0,0.0,0,2,0.0,0,0.5,0.5,1,0.5,0.5,0.0,0.0,1,0,1.0,5,0.0,22,0.0,0.0,0.0,0.0,1.0,0.0,0.5,0.5,0.5,2,0.0,0.5,0,0,3
2025-02,0.0,0.0,4,4,21,4,2,0,0.0,21,0.0,0.5,22,1.0,17,0.5,0,0.0,0.0,1,0.5,0.5,0.0,0.5,1,0,0,0.5,0.5,2,8,0.0,1,0,21,0,17,16,16,21,0.0,5,1.0,1,21,1,1,2,2,21,0,0,0,0,21,3,0,23,1.0,21,1.0,0.0,0,0,21,0,0,14,21,0,0,0,0.0,21,0,0,0.0,0,2,0.0,0,0.5,0.5,1,0.5,0.5,0.0,0.0,1,0,0.0,5,0.0,21,0.0,0.0,0.0,0.0,1.0,0.0,0.5,0.5,0.5,2,0.0,0.5,0,0,3
2025-03,0.0,1.0,3,3,21,3,2,0,0.0,21,0.0,0.0,21,1.0,17,0.5,0,0.5,0.5,1,0.5,0.0,0.5,0.0,1,0,0,0.5,0.5,2,8,0.0,2,0,21,0,15,15,15,21,0.0,5,1.0,1,21,1,1,2,2,21,0,0,0,0,21,3,0,27,0.0,21,0.0,0.0,0,0,21,0,0,14,21,0,0,0,0.0,21,0,0,0.0,0,2,0.0,0,0.5,0.5,1,0.5,0.5,0.0,0.0,1,0,0.0,6,0.0,21,0.0,0.0,0.0,0.0,1.0,0.0,0.5,0.5,0.5,2,0.0,0.5,0,0,3
2025-04,0.0,0.0,2,2,20,2,2,0,0.0,20,0.0,0.0,21,0.5,16,0.5,0,0.5,0.5,1,0.0,0.0,0.0,0.0,1,0,0,0.5,0.5,2,8,0.0,2,0,20,0,15,15,14,20,0.0,5,1.0,1,20,1,1,2,1,20,0,0,0,0,20,4,0,20,1.0,20,1.0,0.0,0,0,20,0,0,13,20,0,0,0,0.0,20,0,0,0.0,0,2,0.0,0,0.5,0.5,1,0.5,0.5,0.0,0.0,1,0,0.0,5,0.0,20,0.0,0.0,0.0,0.0,0.5,0.0,0.5,0.5,0.5,2,0.0,0.5,0,0,3
2025-05,0.0,0.0,3,3,20,3,2,0,0.0,20,0.0,0.5,21,1.0,16,0.5,0,0.5,0.5,1,0.5,0.5,0.0,0.5,1,0,0,0.5,0.5,2,8,0.0,1,0,20,0,15,15,15,20,0.0,5,1.0,1,20,1,1,2,2,20,0,0,0,0,20,4,0,21,1.0,20,1.0,0.0,0,0,20,0,0,13,20,0,0,0,0.0,20,0,0,0.0,0,2,0.0,0,0.5,0.5,1,0.5,0.5,0.0,0.0,1,0,0.0,5,0.0,20,0.0,0.0,0.0,0.0,0.5,0.0,0.5,0.5,0.5,2,0.0,0.5,0,0,3
2025-06,0.0,0.0,3,3,20,3,2,0,0.0,20,0.0,0.5,18,1.0,16,0.5,0,0.5,0.0,1,0.0,0.5,0.5,0.5,1,0,0,0.5,0.5,2,9,0.0,2,0,20,0,16,15,16,20,0.0,5,1.0,1,20,1,1,2,2,20,0,0,0,0,20,4,0,21,1.0,20,1.0,0.0,0,0,20,0,0,12,20,0,0,0,0.0,20,0,0,0.0,0,2,0.0,0,0.5,0.5,1,0.5,0.5,0.0,0.0,1,0,0.0,5,0.0,20,0.0,0.0,0.0,0.0,0.5,0.0,0.5,0.5,0.5,2,0.0,0.5,0,0,3
2025-07,0.0,0.0,3,3,18,3,2,0,0.0,18,0.0,0.0,20,1.0,15,0.0,0,0.5,0.5,1,0.0,0.5,0.5,0.0,1,0,0,0.5,0.5,2,9,0.0,2,0,18,0,15,15,15,18,0.0,5,0.5,1,18,1,1,2,2,18,0,0,0,0,18,3,0,22,1.0,18,1.0,0.0,0,0,18,0,0,14,18,0,0,0,0.0,18,0,0,0.0,0,2,0.0,0,0.5,0.5,1,0.5,0.5,0.0,0.0,1,0,0.0,6,0.0,18,0.0,0.0,0.0,0.0,0.5,0.0,0.5,0.5,0.5,2,0.0,0.5,0,0,3
2025-08,0.0,0.0,3,3,19,3,2,0,0.0,19,0.0,0.0,21,0.5,15,0.0,0,0.5,0.5,1,0.5,0.0,0.5,0.5,1,0,0,0.5,0.5,2,9,0.0,2,0,19,0,17,18,18,19,0.0,5,1.0,1,19,1,1,2,2,19,0,0,0,0,19,4,0,22,1.0,19,1.0,0.0,0,0,19,0,0,14,19,0,0,0,0.0,19,0,0,0.0,0,2,0.0,0,0.5,0.5,1,0.5,0.5,0.0,0.0,1,0,0.0,6,0.0,19,0.0,0.0,0.0,0.0,0.5,0.0,0.5,0.5,0.5,2,0.0,0.5,0,0,3
2025-09,0.5,0.5,3,3,18,3,2,0,0.5,18,0.5,0.5,21,0.5,15,0.5,0,0.5,0.5,1,0.5,0.5,0.5,0.5,1,0,0,0.5,0.5,2,10,0.5,2,0,18,0,15,15,15,18,0.5,5,1.0,1,18,1,1,2,2,18,0,0,0,0,18,3,0,20,1.0,18,1.0,0.5,0,0,18,0,0,15,18,0,0,0,0.5,18,0,0,0.0,0,2,0.0,0,0.5,0.5,1,0.5,0.5,0.5,0.5,1,0,0.5,5,0.5,18,0.5,0.5,0.5,0.5,0.5,0.5,0.5,0.5,0.5,2,0.0,0.5,0,0,3
