Month,জাতিগত,নৃগোষ্ঠীগত,সুন্নি,শিয়া,Email,শিয়ারা,আলাউই,আলাবি,শিয়ারা(2),Email_file1,গির্জা,পুরুষ,নারী,যুবক,Email_file2,প্রবীণ,বয়স্ক,তীর্থযাত্রী,তীর্থযাত্রীরা,Email_file3,সাম্প্রদায়িক,বৈষম্য,প্রান্তিককরণ,হুমকি,Email_file4,হুমকিগুলো,হয়রানি,পরিচয়,যাজক,Email_file5,পুরোহিত,পাদ্রী,ইমাম,নির্যাতন,Email_file6,বেসামরিক নাগরিক,বেসামরিক,শেখ,আয়াতুল্লাহ,Email_file7,ইমাম_file8,গোষ্ঠী,কুল,বংশ,Email_file8,শিক্ষক,আইনজীবী,ব্যবসায়ী,অধ্যাপক,Email_file9,কর্মকর্তা,কর্মকর্তারা,বিচারক,ম্যাজিস্ট্রেট,Email_file10,মন্ত্রী,কর্মচারী,কর্মী,শ্রমিক,Email_file11,কুর্দি,ফাইলি কুর্দি,ফাইলি কুর্দি(2),খ্রিষ্টান,Email_file12,চিকিৎসক,নার্স,সেবিকা,প্রকৌশলী,Email_file13,পরিচালক,সাংবাদিক,মানবাধিকার,শিশু,Email_file14,শিশুসমূহ,শিশু_file15,নিরাপত্তারক্ষী,সিকিউরিটি গার্ড,Email_file15,কারখানা,প্রহরী,জাতিগত বিদ্বেষ,Email_file16,খ্রিস্টান ধর্মাবলম্বী,ইয়াজিদি,তুর্কমেন,শাবাক,Email_file17,মন্দেয়ান,আর্মেনীয়,খালদীয়,ক্যালডীয়,Email_file18,সিরিয়াক,আসিরিয়ান,সার্কাসিয়ান,বাহাই,Email_file19,রোমা,রোমানি জনগোষ্ঠী,মার্শ আরব,ইহুদি,Email_file20,সাবিয়ান,যাযাবর,কৃষ্ণাঙ্গ ইরাকি,ধর্ম,Email_file21,উপদল,সংখ্যালঘু,মাজার,মসজিদ,Email_file22,মন্দির,শোভাযাত্রা,শেষকৃত্য,অন্ত্যেষ্টিক্রিয়া,Email_file23
2004-01,0,0,0.0,0.0,0,0,0,0,0,0,0.0,0,0,0,0,0.0,0,0,0,0,0.0,0,0,0.0,0,0,0.0,0,0,0,0,0,0,0,0,0,0,0,0.0,0,0,0,0,0,0,0,0.0,0,0,0,0,0.0,0.0,0,0,0,0,0,0,0,0,0,0,0,0,0.0,0.0,0.0,0.0,0,0,0,0,0,0,0,0,0,0.0,0,0,0,0,0,0,0,0,0,0,0,0.0,0,0,0,0,0,0,0,0,0,0,0,0.0,0,0,0.0,0,0,0,0,0.0,0.0,0.0,0,0,0,0,0,0
2004-02,0,0,0.0,0.0,0,0,0,0,0,0,0.0,0,0,0,0,0.0,0,0,0,0,0.0,0,0,0.0,0,0,0.0,0,0,0,0,0,0,0,0,0,0,0,0.0,0,0,0,0,0,0,0,0.0,0,0,0,0,0.0,0.0,0,0,0,0,0,0,0,0,0,0,0,0,0.0,0.0,0.0,0.0,0,0,0,0,0,0,0,0,0,0.0,0,0,0,0,0,0,0,0,0,0,0,0.0,0,0,0,0,0,0,0,0,0,0,0,0.0,0,0,0.0,0,0,0,0,0.0,0.0,0.0,0,0,0,0,0,0
2004-03,0,0,0.0,0.0,0,0,0,0,0,0,0.0,0,0,0,0,0.0,0,0,0,0,0.0,0,0,0.0,0,0,0.0,0,0,0,0,0,0,0,0,0,0,0,0.0,0,0,0,0,0,0,0,0.0,0,0,0,0,0.0,0.0,0,0,0,0,0,0,0,0,0,0,0,0,0.0,0.0,0.0,0.0,0,0,0,0,0,0,0,0,0,0.0,0,0,0,0,0,0,0,0,0,0,0,0.0,0,0,0,0,0,0,0,0,0,0,0,0.0,0,0,0.0,0,0,0,0,0.0,0.0,0.0,0,0,0,0,0,0
2004-04,0,0,0.0,0.0,0,0,0,0,0,0,0.0,0,0,0,0,0.0,0,0,0,0,0.0,0,0,0.0,0,0,0.0,0,0,0,0,0,0,0,0,0,0,0,0.0,0,0,0,0,0,0,0,0.0,0,0,0,0,0.0,0.0,0,0,0,0,0,0,0,0,0,0,0,0,0.0,0.0,0.0,0.0,0,0,0,0,0,0,0,0,0,0.0,0,0,0,0,0,0,0,0,0,0,0,0.0,0,0,0,0,0,0,0,0,0,0,0,0.0,0,0,0.0,0,0,0,0,0.0,0.0,0.0,0,0,0,0,0,0
2004-05,0,0,0.0,0.0,0,0,0,0,0,0,0.0,0,0,0,0,0.0,0,0,0,0,0.0,0,0,0.0,0,0,0.0,0,0,0,0,0,0,0,0,0,0,0,0.0,0,0,0,0,0,0,0,0.0,0,0,0,0,0.0,0.0,0,0,0,0,0,0,0,0,0,0,0,0,0.0,0.0,0.0,0.0,0,0,0,0,0,0,0,0,0,0.0,0,0,0,0,0,0,0,0,0,0,0,0.0,0,0,0,0,0,0,0,0,0,0,0,0.0,0,0,0.0,0,0,0,0,0.0,0.0,0.0,0,0,0,0,0,0
2004-06,0,0,0.0,0.0,0,0,0,0,0,0,0.0,0,0,0,0,0.0,0,0,0,0,0.0,0,0,0.0,0,0,0.0,0,0,0,0,0,0,0,0,0,0,0,0.0,0,0,0,0,0,0,0,0.0,0,0,0,0,0.0,0.0,0,0,0,0,0,0,0,0,0,0,0,0,0.0,0.0,0.0,0.0,0,0,0,0,0,0,0,0,0,0.0,0,0,0,0,0,0,0,0,0,0,0,0.0,0,0,0,0,0,0,0,0,0,0,0,0.0,0,0,0.0,0,0,0,0,0.0,0.0,0.0,0,0,0,0,0,0
2004-07,0,0,0.0,0.0,0,0,0,0,0,0,0.0,0,0,0,0,0.0,0,0,0,0,0.0,0,0,0.0,0,0,0.0,0,0,0,0,0,0,0,0,0,0,0,0.0,0,0,0,0,0,0,0,0.0,0,0,0,0,0.0,0.0,0,0,0,0,0,0,0,0,0,0,0,0,0.0,0.0,0.0,0.0,0,0,0,0,0,0,0,0,0,0.0,0,0,0,0,0,0,0,0,0,0,0,0.0,0,0,0,0,0,0,0,0,0,0,0,0.0,0,0,0.0,0,0,0,0,0.0,0.0,0.0,0,0,0,0,0,0
2004-08,0,0,0.0,0.0,0,0,0,0,0,0,0.0,0,0,0,0,0.0,0,0,0,0,0.0,0,0,0.0,0,0,0.0,0,0,0,0,0,0,0,0,0,0,0,0.0,0,0,0,0,0,0,0,0.0,0,0,0,0,0.0,0.0,0,0,0,0,0,0,0,0,0,0,0,0,0.0,0.0,0.0,0.0,0,0,0,0,0,0,0,0,0,0.0,0,0,0,0,0,0,0,0,0,0,0,0.0,0,0,0,0,0,0,0,0,0,0,0,0.0,0,0,0.0,0,0,0,0,0.0,0.0,0.0,0,0,0,0,0,0
2004-09,0,0,0.0,0.0,0,0,0,0,0,0,0.0,0,0,0,0,0.0,0,0,0,0,0.0,0,0,0.0,0,0,0.0,0,0,0,0,0,0,0,0,0,0,0,0.0,0,0,0,0,0,0,0,0.0,0,0,0,0,0.0,0.0,0,0,0,0,0,0,0,0,0,0,0,0,0.0,0.0,0.0,0.0,0,0,0,0,0,0,0,0,0,0.0,0,0,0,0,0,0,0,0,0,0,0,0.0,0,0,0,0,0,0,0,0,0,0,0,0.0,0,0,0.0,0,0,0,0,0.0,0.0,0.0,0,0,0,0,0,0
2004-10,0,0,0.0,0.0,0,0,0,0,0,0,0.0,0,0,0,0,0.0,0,0,0,0,0.0,0,0,0.0,0,0,0.0,0,0,0,0,0,0,0,0,0,0,0,0.0,0,0,0,0,0,0,0,0.0,0,0,0,0,0.0,0.0,0,0,0,0,0,0,0,0,0,0,0,0,0.0,0.0,0.0,0.0,0,0,0,0,0,0,0,0,0,0.0,0,0,0,0,0,0,0,0,0,0,0,0.0,0,0,0,0,0,0,0,0,0,0,0,0.0,0,0,0.0,0,0,0,0,0.0,0.0,0.0,0,0,0,0,0,0
2004-11,0,0,0.0,0.0,0,0,0,0,0,0,0.0,0,0,0,0,0.0,0,0,0,0,0.0,0,0,0.0,0,0,0.0,0,0,0,0,0,0,0,0,0,0,0,0.0,0,0,0,0,0,0,0,0.0,0,0,0,0,0.0,0.0,0,0,0,0,0,0,0,0,0,0,0,0,0.0,0.0,0.0,0.0,0,0,0,0,0,0,0,0,0,0.0,0,0,0,0,0,0,0,0,0,0,0,0.0,0,0,0,0,0,0,0,0,0,0,0,0.0,0,0,0.0,0,0,0,0,0.0,0.0,0.0,0,0,0,0,0,0
2004-12,0,0,0.0,0.0,0,0,0,0,0,0,0.0,0,0,0,0,0.0,0,0,0,0,0.0,0,0,0.0,0,0,0.0,0,0,0,0,0,0,0,0,0,0,0,0.0,0,0,0,0,0,0,0,0.0,0,0,0,0,0.0,0.0,0,0,0,0,0,0,0,0,0,0,0,0,0.0,0.0,0.0,0.0,0,0,0,0,0,0,0,0,0,0.0,0,0,0,0,0,0,0,0,0,0,0,0.0,0,0,0,0,0,0,0,0,0,0,0,0.0,0,0,0.0,0,0,0,0,0.0,0.0,0.0,0,0,0,0,0,0
2005-01,0,0,0.0,0.0,0,0,0,0,0,0,0.0,0,0,0,0,0.0,0,0,0,0,0.0,0,0,0.0,0,0,0.0,0,0,0,0,0,0,0,0,0,0,0,0.0,0,0,0,0,0,0,0,0.0,0,0,0,0,0.0,0.0,0,0,0,0,0,0,0,0,0,0,0,0,0.0,0.0,0.0,0.0,0,0,0,0,0,0,0,0,0,0.0,0,0,0,0,0,0,0,0,0,0,0,0.0,0,0,0,0,0,0,0,0,0,0,0,0.0,0,0,0.0,0,0,0,0,0.0,0.0,0.0,0,0,0,0,0,0
2005-02,0,0,0.0,0.0,0,0,0,0,0,0,0.0,0,0,0,0,0.0,0,0,0,0,0.0,0,0,0.0,0,0,0.0,0,0,0,0,0,0,0,0,0,0,0,0.0,0,0,0,0,0,0,0,0.0,0,0,0,0,0.0,0.0,0,0,0,0,0,0,0,0,0,0,0,0,0.0,0.0,0.0,0.0,0,0,0,0,0,0,0,0,0,0.0,0,0,0,0,0,0,0,0,0,0,0,0.0,0,0,0,0,0,0,0,0,0,0,0,0.0,0,0,0.0,0,0,0,0,0.0,0.0,0.0,0,0,0,0,0,0
2005-03,0,0,0.0,0.0,0,0,0,0,0,0,0.0,0,0,0,0,0.0,0,0,0,0,0.0,0,0,0.0,0,0,0.0,0,0,0,0,0,0,0,0,0,0,0,0.0,0,0,0,0,0,0,0,0.0,0,0,0,0,0.0,0.0,0,0,0,0,0,0,0,0,0,0,0,0,0.0,0.0,0.0,0.0,0,0,0,0,0,0,0,0,0,0.0,0,0,0,0,0,0,0,0,0,0,0,0.0,0,0,0,0,0,0,0,0,0,0,0,0.0,0,0,0.0,0,0,0,0,0.0,0.0,0.0,0,0,0,0,0,0
2005-04,0,0,0.0,0.0,0,0,0,0,0,0,0.0,0,0,0,0,0.0,0,0,0,0,0.0,0,0,0.0,0,0,0.0,0,0,0,0,0,0,0,0,0,0,0,0.0,0,0,0,0,0,0,0,0.0,0,0,0,0,0.0,0.0,0,0,0,0,0,0,0,0,0,0,0,0,0.0,0.0,0.0,0.0,0,0,0,0,0,0,0,0,0,0.0,0,0,0,0,0,0,0,0,0,0,0,0.0,0,0,0,0,0,0,0,0,0,0,0,0.0,0,0,0.0,0,0,0,0,0.0,0.0,0.0,0,0,0,0,0,0
2005-05,0,0,0.0,0.0,0,0,0,0,0,0,0.0,0,0,0,0,0.0,0,0,0,0,0.0,0,0,0.0,0,0,0.0,0,0,0,0,0,0,0,0,0,0,0,0.0,0,0,0,0,0,0,0,0.0,0,0,0,0,0.0,0.0,0,0,0,0,0,0,0,0,0,0,0,0,0.0,0.0,0.0,0.0,0,0,0,0,0,0,0,0,0,0.0,0,0,0,0,0,0,0,0,0,0,0,0.0,0,0,0,0,0,0,0,0,0,0,0,0.0,0,0,0.0,0,0,0,0,0.0,0.0,0.0,0,0,0,0,0,0
2005-06,0,0,0.0,0.0,0,0,0,0,0,0,0.0,0,0,0,0,0.0,0,0,0,0,0.0,0,0,0.0,0,0,0.0,0,0,0,0,0,0,0,0,0,0,0,0.0,0,0,0,0,0,0,0,0.0,0,0,0,0,0.0,0.0,0,0,0,0,0,0,0,0,0,0,0,0,0.0,0.0,0.0,0.0,0,0,0,0,0,0,0,0,0,0.0,0,0,0,0,0,0,0,0,0,0,0,0.0,0,0,0,0,0,0,0,0,0,0,0,0.0,0,0,0.0,0,0,0,0,0.0,0.0,0.0,0,0,0,0,0,0
2005-07,0,0,0.0,0.0,0,0,0,0,0,0,0.0,0,0,0,0,0.0,0,0,0,0,0.0,0,0,0.0,0,0,0.0,0,0,0,0,0,0,0,0,0,0,0,0.0,0,0,0,0,0,0,0,0.0,0,0,0,0,0.0,0.0,0,0,0,0,0,0,0,0,0,0,0,0,0.0,0.0,0.0,0.0,0,0,0,0,0,0,0,0,0,0.0,0,0,0,0,0,0,0,0,0,0,0,0.0,0,0,0,0,0,0,0,0,0,0,0,0.0,0,0,0.0,0,0,0,0,0.0,0.0,0.0,0,0,0,0,0,0
2005-08,0,0,0.0,0.0,0,0,0,0,0,0,0.0,0,0,0,0,0.0,0,0,0,0,0.0,0,0,0.0,0,0,0.0,0,0,0,0,0,0,0,0,0,0,0,0.0,0,0,0,0,0,0,0,0.0,0,0,0,0,0.0,0.0,0,0,0,0,0,0,0,0,0,0,0,0,0.0,0.0,0.0,0.0,0,0,0,0,0,0,0,0,0,0.0,0,0,0,0,0,0,0,0,0,0,0,0.0,0,0,0,0,0,0,0,0,0,0,0,0.0,0,0,0.0,0,0,0,0,0.0,0.0,0.0,0,0,0,0,0,0
2005-09,0,0,0.0,0.0,0,0,0,0,0,0,0.0,0,0,0,0,0.0,0,0,0,0,0.0,0,0,0.0,0,0,0.0,0,0,0,0,0,0,0,0,0,0,0,0.0,0,0,0,0,0,0,0,0.0,0,0,0,0,0.0,0.0,0,0,0,0,0,0,0,0,0,0,0,0,0.0,0.0,0.0,0.0,0,0,0,0,0,0,0,0,0,0.0,0,0,0,0,0,0,0,0,0,0,0,0.0,0,0,0,0,0,0,0,0,0,0,0,0.0,0,0,0.0,0,0,0,0,0.0,0.0,0.0,0,0,0,0,0,0
2005-10,0,0,0.0,0.0,0,0,0,0,0,0,0.0,0,0,0,0,0.0,0,0,0,0,0.0,0,0,0.0,0,0,0.0,0,0,0,0,0,0,0,0,0,0,0,0.0,0,0,0,0,0,0,0,0.0,0,0,0,0,0.0,0.0,0,0,0,0,0,0,0,0,0,0,0,0,0.0,0.0,0.0,0.0,0,0,0,0,0,0,0,0,0,0.0,0,0,0,0,0,0,0,0,0,0,0,0.0,0,0,0,0,0,0,0,0,0,0,0,0.0,0,0,0.0,0,0,0,0,0.0,0.0,0.0,0,0,0,0,0,0
2005-11,0,0,0.0,0.0,0,0,0,0,0,0,0.0,0,0,0,0,0.0,0,0,0,0,0.0,0,0,0.0,0,0,0.0,0,0,0,0,0,0,0,0,0,0,0,0.0,0,0,0,0,0,0,0,0.0,0,0,0,0,0.0,0.0,0,0,0,0,0,0,0,0,0,0,0,0,0.0,0.0,0.0,0.0,0,0,0,0,0,0,0,0,0,0.0,0,0,0,0,0,0,0,0,0,0,0,0.0,0,0,0,0,0,0,0,0,0,0,0,0.0,0,0,0.0,0,0,0,0,0.0,0.0,0.0,0,0,0,0,0,0
2005-12,0,0,0.0,0.0,0,0,0,0,0,0,0.0,0,0,0,0,0.0,0,0,0,0,0.0,0,0,0.0,0,0,0.0,0,0,0,0,0,0,0,0,0,0,0,0.0,0,0,0,0,0,0,0,0.0,0,0,0,0,0.0,0.0,0,0,0,0,0,0,0,0,0,0,0,0,0.0,0.0,0.0,0.0,0,0,0,0,0,0,0,0,0,0.0,0,0,0,0,0,0,0,0,0,0,0,0.0,0,0,0,0,0,0,0,0,0,0,0,0.0,0,0,0.0,0,0,0,0,0.0,0.0,0.0,0,0,0,0,0,0
2006-01,0,0,0.0,0.0,0,0,0,0,0,0,0.0,0,0,0,0,0.0,0,0,0,0,0.0,0,0,0.0,0,0,0.0,0,0,0,0,0,0,0,0,0,0,0,0.0,0,0,0,0,0,0,0,0.0,0,0,0,0,0.0,0.0,0,0,0,0,0,0,0,0,0,0,0,0,0.0,0.0,0.0,0.0,0,0,0,0,0,0,0,0,0,0.0,0,0,0,0,0,0,0,0,0,0,0,0.0,0,0,0,0,0,0,0,0,0,0,0,0.0,0,0,0.0,0,0,0,0,0.0,0.0,0.0,0,0,0,0,0,0
2006-02,0,0,0.0,0.0,0,0,0,0,0,0,0.0,0,0,0,0,0.0,0,0,0,0,0.0,0,0,0.0,0,0,0.0,0,0,0,0,0,0,0,0,0,0,0,0.0,0,0,0,0,0,0,0,0.0,0,0,0,0,0.0,0.0,0,0,0,0,0,0,0,0,0,0,0,0,0.0,0.0,0.0,0.0,0,0,0,0,0,0,0,0,0,0.0,0,0,0,0,0,0,0,0,0,0,0,0.0,0,0,0,0,0,0,0,0,0,0,0,0.0,0,0,0.0,0,0,0,0,0.0,0.0,0.0,0,0,0,0,0,0
2006-03,0,0,0.0,0.0,0,0,0,0,0,0,0.0,0,0,0,0,0.0,0,0,0,0,0.0,0,0,0.0,0,0,0.0,0,0,0,0,0,0,0,0,0,0,0,0.0,0,0,0,0,0,0,0,0.0,0,0,0,0,0.0,0.0,0,0,0,0,0,0,0,0,0,0,0,0,0.0,0.0,0.0,0.0,0,0,0,0,0,0,0,0,0,0.0,0,0,0,0,0,0,0,0,0,0,0,0.0,0,0,0,0,0,0,0,0,0,0,0,0.0,0,0,0.0,0,0,0,0,0.0,0.0,0.0,0,0,0,0,0,0
2006-04,0,0,0.0,0.0,0,0,0,0,0,0,0.0,0,0,0,0,0.0,0,0,0,0,0.0,0,0,0.0,0,0,0.0,0,0,0,0,0,0,0,0,0,0,0,0.0,0,0,0,0,0,0,0,0.0,0,0,0,0,0.0,0.0,0,0,0,0,0,0,0,0,0,0,0,0,0.0,0.0,0.0,0.0,0,0,0,0,0,0,0,0,0,0.0,0,0,0,0,0,0,0,0,0,0,0,0.0,0,0,0,0,0,0,0,0,0,0,0,0.0,0,0,0.0,0,0,0,0,0.0,0.0,0.0,0,0,0,0,0,0
2006-05,0,0,0.0,0.0,0,0,0,0,0,0,0.0,0,0,0,0,0.0,0,0,0,0,0.0,0,0,0.0,0,0,0.0,0,0,0,0,0,0,0,0,0,0,0,0.0,0,0,0,0,0,0,0,0.0,0,0,0,0,0.0,0.0,0,0,0,0,0,0,0,0,0,0,0,0,0.0,0.0,0.0,0.0,0,0,0,0,0,0,0,0,0,0.0,0,0,0,0,0,0,0,0,0,0,0,0.0,0,0,0,0,0,0,0,0,0,0,0,0.0,0,0,0.0,0,0,0,0,0.0,0.0,0.0,0,0,0,0,0,0
2006-06,0,0,0.0,0.0,0,0,0,0,0,0,0.0,0,0,0,0,0.0,0,0,0,0,0.0,0,0,0.0,0,0,0.0,0,0,0,0,0,0,0,0,0,0,0,0.0,0,0,0,0,0,0,0,0.0,0,0,0,0,0.0,0.0,0,0,0,0,0,0,0,0,0,0,0,0,0.0,0.0,0.0,0.0,0,0,0,0,0,0,0,0,0,0.0,0,0,0,0,0,0,0,0,0,0,0,0.0,0,0,0,0,0,0,0,0,0,0,0,0.0,0,0,0.0,0,0,0,0,0.0,0.0,0.0,0,0,0,0,0,0
2006-07,0,0,0.0,0.0,0,0,0,0,0,0,0.0,0,0,0,0,0.0,0,0,0,0,0.0,0,0,0.0,0,0,0.0,0,0,0,0,0,0,0,0,0,0,0,0.0,0,0,0,0,0,0,0,0.0,0,0,0,0,0.0,0.0,0,0,0,0,0,0,0,0,0,0,0,0,0.0,0.0,0.0,0.0,0,0,0,0,0,0,0,0,0,0.0,0,0,0,0,0,0,0,0,0,0,0,0.0,0,0,0,0,0,0,0,0,0,0,0,0.0,0,0,0.0,0,0,0,0,0.0,0.0,0.0,0,0,0,0,0,0
2006-08,0,0,0.0,0.0,0,0,0,0,0,0,0.0,0,0,0,0,0.0,0,0,0,0,0.0,0,0,0.0,0,0,0.0,0,0,0,0,0,0,0,0,0,0,0,0.0,0,0,0,0,0,0,0,0.0,0,0,0,0,0.0,0.0,0,0,0,0,0,0,0,0,0,0,0,0,0.0,0.0,0.0,0.0,0,0,0,0,0,0,0,0,0,0.0,0,0,0,0,0,0,0,0,0,0,0,0.0,0,0,0,0,0,0,0,0,0,0,0,0.0,0,0,0.0,0,0,0,0,0.0,0.0,0.0,0,0,0,0,0,0
2006-09,0,0,0.0,0.0,0,0,0,0,0,0,0.0,0,0,0,0,0.0,0,0,0,0,0.0,0,0,0.0,0,0,0.0,0,0,0,0,0,0,0,0,0,0,0,0.0,0,0,0,0,0,0,0,0.0,0,0,0,0,0.0,0.0,0,0,0,0,0,0,0,0,0,0,0,0,0.0,0.0,0.0,0.0,0,0,0,0,0,0,0,0,0,0.0,0,0,0,0,0,0,0,0,0,0,0,0.0,0,0,0,0,0,0,0,0,0,0,0,0.0,0,0,0.0,0,0,0,0,0.0,0.0,0.0,0,0,0,0,0,0
2006-10,0,0,0.0,0.0,0,0,0,0,0,0,0.0,0,0,0,0,0.0,0,0,0,0,0.0,0,0,0.0,0,0,0.0,0,0,0,0,0,0,0,0,0,0,0,0.0,0,0,0,0,0,0,0,0.0,0,0,0,0,0.0,0.0,0,0,0,0,0,0,0,0,0,0,0,0,0.0,0.0,0.0,0.0,0,0,0,0,0,0,0,0,0,0.0,0,0,0,0,0,0,0,0,0,0,0,0.0,0,0,0,0,0,0,0,0,0,0,0,0.0,0,0,0.0,0,0,0,0,0.0,0.0,0.0,0,0,0,0,0,0
2006-11,0,0,0.0,0.0,0,0,0,0,0,0,0.0,0,0,0,0,0.0,0,0,0,0,0.0,0,0,0.0,0,0,0.0,0,0,0,0,0,0,0,0,0,0,0,0.0,0,0,0,0,0,0,0,0.0,0,0,0,0,0.0,0.0,0,0,0,0,0,0,0,0,0,0,0,0,0.0,0.0,0.0,0.0,0,0,0,0,0,0,0,0,0,0.0,0,0,0,0,0,0,0,0,0,0,0,0.0,0,0,0,0,0,0,0,0,0,0,0,0.0,0,0,0.0,0,0,0,0,0.0,0.0,0.0,0,0,0,0,0,0
2006-12,0,0,0.0,0.0,0,0,0,0,0,0,0.0,0,0,0,0,0.0,0,0,0,0,0.0,0,0,0.0,0,0,0.0,0,0,0,0,0,0,0,0,0,0,0,0.0,0,0,0,0,0,0,0,0.0,0,0,0,0,0.0,0.0,0,0,0,0,0,0,0,0,0,0,0,0,0.0,0.0,0.0,0.0,0,0,0,0,0,0,0,0,0,0.0,0,0,0,0,0,0,0,0,0,0,0,0.0,0,0,0,0,0,0,0,0,0,0,0,0.0,0,0,0.0,0,0,0,0,0.0,0.0,0.0,0,0,0,0,0,0
2007-01,0,0,0.0,0.0,0,0,0,0,0,0,0.0,0,0,0,0,0.0,0,0,0,0,0.0,0,0,0.0,0,0,0.0,0,0,0,0,0,0,0,0,0,0,0,0.0,0,0,0,0,0,0,0,0.0,0,0,0,0,0.0,0.0,0,0,0,0,0,0,0,0,0,0,0,0,0.0,0.0,0.0,0.0,0,0,0,0,0,0,0,0,0,0.0,0,0,0,0,0,0,0,0,0,0,0,0.0,0,0,0,0,0,0,0,0,0,0,0,0.0,0,0,0.0,0,0,0,0,0.0,0.0,0.0,0,0,0,0,0,0
2007-02,0,0,0.0,0.0,0,0,0,0,0,0,0.0,0,0,0,0,0.0,0,0,0,0,0.0,0,0,0.0,0,0,0.0,0,0,0,0,0,0,0,0,0,0,0,0.0,0,0,0,0,0,0,0,0.0,0,0,0,0,0.0,0.0,0,0,0,0,0,0,0,0,0,0,0,0,0.0,0.0,0.0,0.0,0,0,0,0,0,0,0,0,0,0.0,0,0,0,0,0,0,0,0,0,0,0,0.0,0,0,0,0,0,0,0,0,0,0,0,0.0,0,0,0.0,0,0,0,0,0.0,0.0,0.0,0,0,0,0,0,0
2007-03,0,0,0.0,0.0,0,0,0,0,0,0,0.0,0,0,0,0,0.0,0,0,0,0,0.0,0,0,0.0,0,0,0.0,0,0,0,0,0,0,0,0,0,0,0,0.0,0,0,0,0,0,0,0,0.0,0,0,0,0,0.0,0.0,0,0,0,0,0,0,0,0,0,0,0,0,0.0,0.0,0.0,0.0,0,0,0,0,0,0,0,0,0,0.0,0,0,0,0,0,0,0,0,0,0,0,0.0,0,0,0,0,0,0,0,0,0,0,0,0.0,0,0,0.0,0,0,0,0,0.0,0.0,0.0,0,0,0,0,0,0
2007-04,0,0,0.0,0.0,0,0,0,0,0,0,0.0,0,0,0,0,0.0,0,0,0,0,0.0,0,0,0.0,0,0,0.0,0,0,0,0,0,0,0,0,0,0,0,0.0,0,0,0,0,0,0,0,0.0,0,0,0,0,0.0,0.0,0,0,0,0,0,0,0,0,0,0,0,0,0.0,0.0,0.0,0.0,0,0,0,0,0,0,0,0,0,0.0,0,0,0,0,0,0,0,0,0,0,0,0.0,0,0,0,0,0,0,0,0,0,0,0,0.0,0,0,0.0,0,0,0,0,0.0,0.0,0.0,0,0,0,0,0,0
2007-05,0,0,0.0,0.0,0,0,0,0,0,0,0.0,0,0,0,0,0.0,0,0,0,0,0.0,0,0,0.0,0,0,0.0,0,0,0,0,0,0,0,0,0,0,0,0.0,0,0,0,0,0,0,0,0.0,0,0,0,0,0.0,0.0,0,0,0,0,0,0,0,0,0,0,0,0,0.0,0.0,0.0,0.0,0,0,0,0,0,0,0,0,0,0.0,0,0,0,0,0,0,0,0,0,0,0,0.0,0,0,0,0,0,0,0,0,0,0,0,0.0,0,0,0.0,0,0,0,0,0.0,0.0,0.0,0,0,0,0,0,0
2007-06,0,0,0.0,0.0,0,0,0,0,0,0,0.0,0,0,0,0,0.0,0,0,0,0,0.0,0,0,0.0,0,0,0.0,0,0,0,0,0,0,0,0,0,0,0,0.0,0,0,0,0,0,0,0,0.0,0,0,0,0,0.0,0.0,0,0,0,0,0,0,0,0,0,0,0,0,0.0,0.0,0.0,0.0,0,0,0,0,0,0,0,0,0,0.0,0,0,0,0,0,0,0,0,0,0,0,0.0,0,0,0,0,0,0,0,0,0,0,0,0.0,0,0,0.0,0,0,0,0,0.0,0.0,0.0,0,0,0,0,0,0
2007-07,0,0,0.0,0.0,0,0,0,0,0,0,0.0,0,0,0,0,0.0,0,0,0,0,0.0,0,0,0.0,0,0,0.0,0,0,0,0,0,0,0,0,0,0,0,0.0,0,0,0,0,0,0,0,0.0,0,0,0,0,0.0,0.0,0,0,0,0,0,0,0,0,0,0,0,0,0.0,0.0,0.0,0.0,0,0,0,0,0,0,0,0,0,0.0,0,0,0,0,0,0,0,0,0,0,0,0.0,0,0,0,0,0,0,0,0,0,0,0,0.0,0,0,0.0,0,0,0,0,0.0,0.0,0.0,0,0,0,0,0,0
2007-08,0,0,0.0,0.0,0,0,0,0,0,0,0.0,0,0,0,0,0.0,0,0,0,0,0.0,0,0,0.0,0,0,0.0,0,0,0,0,0,0,0,0,0,0,0,0.0,0,0,0,0,0,0,0,0.0,0,0,0,0,0.0,0.0,0,0,0,0,0,0,0,0,0,0,0,0,0.0,0.0,0.0,0.0,0,0,0,0,0,0,0,0,0,0.0,0,0,0,0,0,0,0,0,0,0,0,0.0,0,0,0,0,0,0,0,0,0,0,0,0.0,0,0,0.0,0,0,0,0,0.0,0.0,0.0,0,0,0,0,0,0
2007-09,0,0,0.0,0.0,0,0,0,0,0,0,0.0,0,0,0,0,0.0,0,0,0,0,0.0,0,0,0.0,0,0,0.0,0,0,0,0,0,0,0,0,0,0,0,0.0,0,0,0,0,0,0,0,0.0,0,0,0,0,0.0,0.0,0,0,0,0,0,0,0,0,0,0,0,0,0.0,0.0,0.0,0.0,0,0,0,0,0,0,0,0,0,0.0,0,0,0,0,0,0,0,0,0,0,0,0.0,0,0,0,0,0,0,0,0,0,0,0,0.0,0,0,0.0,0,0,0,0,0.0,0.0,0.0,0,0,0,0,0,0
2007-10,0,0,0.0,0.0,0,0,0,0,0,0,0.0,0,0,0,0,0.0,0,0,0,0,0.0,0,0,0.0,0,0,0.0,0,0,0,0,0,0,0,0,0,0,0,0.0,0,0,0,0,0,0,0,0.0,0,0,0,0,0.0,0.0,0,0,0,0,0,0,0,0,0,0,0,0,0.0,0.0,0.0,0.0,0,0,0,0,0,0,0,0,0,0.0,0,0,0,0,0,0,0,0,0,0,0,0.0,0,0,0,0,0,0,0,0,0,0,0,0.0,0,0,0.0,0,0,0,0,0.0,0.0,0.0,0,0,0,0,0,0
2007-11,0,0,0.0,0.0,0,0,0,0,0,0,0.0,0,0,0,0,0.0,0,0,0,0,0.0,0,0,0.0,0,0,0.0,0,0,0,0,0,0,0,0,0,0,0,0.0,0,0,0,0,0,0,0,0.0,0,0,0,0,0.0,0.0,0,0,0,0,0,0,0,0,0,0,0,0,0.0,0.0,0.0,0.0,0,0,0,0,0,0,0,0,0,0.0,0,0,0,0,0,0,0,0,0,0,0,0.0,0,0,0,0,0,0,0,0,0,0,0,0.0,0,0,0.0,0,0,0,0,0.0,0.0,0.0,0,0,0,0,0,0
2007-12,0,0,0.0,0.0,0,0,0,0,0,0,0.0,0,0,0,0,0.0,0,0,0,0,0.0,0,0,0.0,0,0,0.0,0,0,0,0,0,0,0,0,0,0,0,0.0,0,0,0,0,0,0,0,0.0,0,0,0,0,0.0,0.0,0,0,0,0,0,0,0,0,0,0,0,0,0.0,0.0,0.0,0.0,0,0,0,0,0,0,0,0,0,0.0,0,0,0,0,0,0,0,0,0,0,0,0.0,0,0,0,0,0,0,0,0,0,0,0,0.0,0,0,0.0,0,0,0,0,0.0,0.0,0.0,0,0,0,0,0,0
2008-01,0,0,0.0,0.0,0,0,0,0,0,0,0.0,0,0,0,0,0.0,0,0,0,0,0.0,0,0,0.0,0,0,0.0,0,0,0,0,0,0,0,0,0,0,0,0.0,0,0,0,0,0,0,0,0.0,0,0,0,0,0.0,0.0,0,0,0,0,0,0,0,0,0,0,0,0,0.0,0.0,0.0,0.0,0,0,0,0,0,0,0,0,0,0.0,0,0,0,0,0,0,0,0,0,0,0,0.0,0,0,0,0,0,0,0,0,0,0,0,0.0,0,0,0.0,0,0,0,0,0.0,0.0,0.0,0,0,0,0,0,0
2008-02,0,0,0.0,0.0,0,0,0,0,0,0,0.0,0,0,0,0,0.0,0,0,0,0,0.0,0,0,0.0,0,0,0.0,0,0,0,0,0,0,0,0,0,0,0,0.0,0,0,0,0,0,0,0,0.0,0,0,0,0,0.0,0.0,0,0,0,0,0,0,0,0,0,0,0,0,0.0,0.0,0.0,0.0,0,0,0,0,0,0,0,0,0,0.0,0,0,0,0,0,0,0,0,0,0,0,0.0,0,0,0,0,0,0,0,0,0,0,0,0.0,0,0,0.0,0,0,0,0,0.0,0.0,0.0,0,0,0,0,0,0
2008-03,0,0,0.0,0.0,0,0,0,0,0,0,0.0,0,0,0,0,0.0,0,0,0,0,0.0,0,0,0.0,0,0,0.0,0,0,0,0,0,0,0,0,0,0,0,0.0,0,0,0,0,0,0,0,0.0,0,0,0,0,0.0,0.0,0,0,0,0,0,0,0,0,0,0,0,0,0.0,0.0,0.0,0.0,0,0,0,0,0,0,0,0,0,0.0,0,0,0,0,0,0,0,0,0,0,0,0.0,0,0,0,0,0,0,0,0,0,0,0,0.0,0,0,0.0,0,0,0,0,0.0,0.0,0.0,0,0,0,0,0,0
2008-04,0,0,0.0,0.0,0,0,0,0,0,0,0.0,0,0,0,0,0.0,0,0,0,0,0.0,0,0,0.0,0,0,0.0,0,0,0,0,0,0,0,0,0,0,0,0.0,0,0,0,0,0,0,0,0.0,0,0,0,0,0.0,0.0,0,0,0,0,0,0,0,0,0,0,0,0,0.0,0.0,0.0,0.0,0,0,0,0,0,0,0,0,0,0.0,0,0,0,0,0,0,0,0,0,0,0,0.0,0,0,0,0,0,0,0,0,0,0,0,0.0,0,0,0.0,0,0,0,0,0.0,0.0,0.0,0,0,0,0,0,0
2008-05,0,0,0.0,0.0,0,0,0,0,0,0,0.0,0,0,0,0,0.0,0,0,0,0,0.0,0,0,0.0,0,0,0.0,0,0,0,0,0,0,0,0,0,0,0,0.0,0,0,0,0,0,0,0,0.0,0,0,0,0,0.0,0.0,0,0,0,0,0,0,0,0,0,0,0,0,0.0,0.0,0.0,0.0,0,0,0,0,0,0,0,0,0,0.0,0,0,0,0,0,0,0,0,0,0,0,0.0,0,0,0,0,0,0,0,0,0,0,0,0.0,0,0,0.0,0,0,0,0,0.0,0.0,0.0,0,0,0,0,0,0
2008-06,0,0,0.0,0.0,0,0,0,0,0,0,0.0,0,0,0,0,0.0,0,0,0,0,0.0,0,0,0.0,0,0,0.0,0,0,0,0,0,0,0,0,0,0,0,0.0,0,0,0,0,0,0,0,0.0,0,0,0,0,0.0,0.0,0,0,0,0,0,0,0,0,0,0,0,0,0.0,0.0,0.0,0.0,0,0,0,0,0,0,0,0,0,0.0,0,0,0,0,0,0,0,0,0,0,0,0.0,0,0,0,0,0,0,0,0,0,0,0,0.0,0,0,0.0,0,0,0,0,0.0,0.0,0.0,0,0,0,0,0,0
2008-07,0,0,0.0,0.0,0,0,0,0,0,0,0.0,0,0,0,0,0.0,0,0,0,0,0.0,0,0,0.0,0,0,0.0,0,0,0,0,0,0,0,0,0,0,0,0.0,0,0,0,0,0,0,0,0.0,0,0,0,0,0.0,0.0,0,0,0,0,0,0,0,0,0,0,0,0,0.0,0.0,0.0,0.0,0,0,0,0,0,0,0,0,0,0.0,0,0,0,0,0,0,0,0,0,0,0,0.0,0,0,0,0,0,0,0,0,0,0,0,0.0,0,0,0.0,0,0,0,0,0.0,0.0,0.0,0,0,0,0,0,0
2008-08,0,0,0.0,0.0,0,0,0,0,0,0,0.0,0,0,0,0,0.0,0,0,0,0,0.0,0,0,0.0,0,0,0.0,0,0,0,0,0,0,0,0,0,0,0,0.0,0,0,0,0,0,0,0,0.0,0,0,0,0,0.0,0.0,0,0,0,0,0,0,0,0,0,0,0,0,0.0,0.0,0.0,0.0,0,0,0,0,0,0,0,0,0,0.0,0,0,0,0,0,0,0,0,0,0,0,0.0,0,0,0,0,0,0,0,0,0,0,0,0.0,0,0,0.0,0,0,0,0,0.0,0.0,0.0,0,0,0,0,0,0
2008-09,0,0,0.0,0.0,0,0,0,0,0,0,0.0,0,0,0,0,0.0,0,0,0,0,0.0,0,0,0.0,0,0,0.0,0,0,0,0,0,0,0,0,0,0,0,0.0,0,0,0,0,0,0,0,0.0,0,0,0,0,0.0,0.0,0,0,0,0,0,0,0,0,0,0,0,0,0.0,0.0,0.0,0.0,0,0,0,0,0,0,0,0,0,0.0,0,0,0,0,0,0,0,0,0,0,0,0.0,0,0,0,0,0,0,0,0,0,0,0,0.0,0,0,0.0,0,0,0,0,0.0,0.0,0.0,0,0,0,0,0,0
2008-10,0,0,0.0,0.0,0,0,0,0,0,0,0.0,0,0,0,0,0.0,0,0,0,0,0.0,0,0,0.0,0,0,0.0,0,0,0,0,0,0,0,0,0,0,0,0.0,0,0,0,0,0,0,0,0.0,0,0,0,0,0.0,0.0,0,0,0,0,0,0,0,0,0,0,0,0,0.0,0.0,0.0,0.0,0,0,0,0,0,0,0,0,0,0.0,0,0,0,0,0,0,0,0,0,0,0,0.0,0,0,0,0,0,0,0,0,0,0,0,0.0,0,0,0.0,0,0,0,0,0.0,0.0,0.0,0,0,0,0,0,0
2008-11,0,0,0.0,0.0,0,0,0,0,0,0,0.0,0,0,0,0,0.0,0,0,0,0,0.0,0,0,0.0,0,0,0.0,0,0,0,0,0,0,0,0,0,0,0,0.0,0,0,0,0,0,0,0,0.0,0,0,0,0,0.0,0.0,0,0,0,0,0,0,0,0,0,0,0,0,0.0,0.0,0.0,0.0,0,0,0,0,0,0,0,0,0,0.0,0,0,0,0,0,0,0,0,0,0,0,0.0,0,0,0,0,0,0,0,0,0,0,0,0.0,0,0,0.0,0,0,0,0,0.0,0.0,0.0,0,0,0,0,0,0
2008-12,0,0,0.0,0.0,0,0,0,0,0,0,0.0,0,0,0,0,0.0,0,0,0,0,0.0,0,0,0.0,0,0,0.0,0,0,0,0,0,0,0,0,0,0,0,0.0,0,0,0,0,0,0,0,0.0,0,0,0,0,0.0,0.0,0,0,0,0,0,0,0,0,0,0,0,0,0.0,0.0,0.0,0.0,0,0,0,0,0,0,0,0,0,0.0,0,0,0,0,0,0,0,0,0,0,0,0.0,0,0,0,0,0,0,0,0,0,0,0,0.0,0,0,0.0,0,0,0,0,0.0,0.0,0.0,0,0,0,0,0,0
2009-01,0,0,0.0,0.0,0,0,0,0,0,0,0.0,0,0,0,0,0.0,0,0,0,0,0.0,0,0,0.0,0,0,0.0,0,0,0,0,0,0,0,0,0,0,0,0.0,0,0,0,0,0,0,0,0.0,0,0,0,0,0.0,0.0,0,0,0,0,0,0,0,0,0,0,0,0,0.0,0.0,0.0,0.0,0,0,0,0,0,0,0,0,0,0.0,0,0,0,0,0,0,0,0,0,0,0,0.0,0,0,0,0,0,0,0,0,0,0,0,0.0,0,0,0.0,0,0,0,0,0.0,0.0,0.0,0,0,0,0,0,0
2009-02,0,0,0.0,0.0,0,0,0,0,0,0,0.0,0,0,0,0,0.0,0,0,0,0,0.0,0,0,0.0,0,0,0.0,0,0,0,0,0,0,0,0,0,0,0,0.0,0,0,0,0,0,0,0,0.0,0,0,0,0,0.0,0.0,0,0,0,0,0,0,0,0,0,0,0,0,0.0,0.0,0.0,0.0,0,0,0,0,0,0,0,0,0,0.0,0,0,0,0,0,0,0,0,0,0,0,0.0,0,0,0,0,0,0,0,0,0,0,0,0.0,0,0,0.0,0,0,0,0,0.0,0.0,0.0,0,0,0,0,0,0
2009-03,0,0,0.0,0.0,0,0,0,0,0,0,0.0,0,0,0,0,0.0,0,0,0,0,0.0,0,0,0.0,0,0,0.0,0,0,0,0,0,0,0,0,0,0,0,0.0,0,0,0,0,0,0,0,0.0,0,0,0,0,0.0,0.0,0,0,0,0,0,0,0,0,0,0,0,0,0.0,0.0,0.0,0.0,0,0,0,0,0,0,0,0,0,0.0,0,0,0,0,0,0,0,0,0,0,0,0.0,0,0,0,0,0,0,0,0,0,0,0,0.0,0,0,0.0,0,0,0,0,0.0,0.0,0.0,0,0,0,0,0,0
2009-04,0,0,0.0,0.0,0,0,0,0,0,0,0.0,0,0,0,0,0.0,0,0,0,0,0.0,0,0,0.0,0,0,0.0,0,0,0,0,0,0,0,0,0,0,0,0.0,0,0,0,0,0,0,0,0.0,0,0,0,0,0.0,0.0,0,0,0,0,0,0,0,0,0,0,0,0,0.0,0.0,0.0,0.0,0,0,0,0,0,0,0,0,0,0.0,0,0,0,0,0,0,0,0,0,0,0,0.0,0,0,0,0,0,0,0,0,0,0,0,0.0,0,0,0.0,0,0,0,0,0.0,0.0,0.0,0,0,0,0,0,0
2009-05,0,0,0.0,0.0,0,0,0,0,0,0,0.0,0,0,0,0,0.0,0,0,0,0,0.0,0,0,0.0,0,0,0.0,0,0,0,0,0,0,0,0,0,0,0,0.0,0,0,0,0,0,0,0,0.0,0,0,0,0,0.0,0.0,0,0,0,0,0,0,0,0,0,0,0,0,0.0,0.0,0.0,0.0,0,0,0,0,0,0,0,0,0,0.0,0,0,0,0,0,0,0,0,0,0,0,0.0,0,0,0,0,0,0,0,0,0,0,0,0.0,0,0,0.0,0,0,0,0,0.0,0.0,0.0,0,0,0,0,0,0
2009-06,0,0,0.0,0.0,0,0,0,0,0,0,0.0,0,0,0,0,0.0,0,0,0,0,0.0,0,0,0.0,0,0,0.0,0,0,0,0,0,0,0,0,0,0,0,0.0,0,0,0,0,0,0,0,0.0,0,0,0,0,0.0,0.0,0,0,0,0,0,0,0,0,0,0,0,0,0.0,0.0,0.0,0.0,0,0,0,0,0,0,0,0,0,0.0,0,0,0,0,0,0,0,0,0,0,0,0.0,0,0,0,0,0,0,0,0,0,0,0,0.0,0,0,0.0,0,0,0,0,0.0,0.0,0.0,0,0,0,0,0,0
2009-07,0,0,0.0,0.0,0,0,0,0,0,0,0.0,0,0,0,0,0.0,0,0,0,0,0.0,0,0,0.0,0,0,0.0,0,0,0,0,0,0,0,0,0,0,0,0.0,0,0,0,0,0,0,0,0.0,0,0,0,0,0.0,0.0,0,0,0,0,0,0,0,0,0,0,0,0,0.0,0.0,0.0,0.0,0,0,0,0,0,0,0,0,0,0.0,0,0,0,0,0,0,0,0,0,0,0,0.0,0,0,0,0,0,0,0,0,0,0,0,0.0,0,0,0.0,0,0,0,0,0.0,0.0,0.0,0,0,0,0,0,0
2009-08,0,0,0.0,0.0,0,0,0,0,0,0,0.0,0,0,0,0,0.0,0,0,0,0,0.0,0,0,0.0,0,0,0.0,0,0,0,0,0,0,0,0,0,0,0,0.0,0,0,0,0,0,0,0,0.0,0,0,0,0,0.0,0.0,0,0,0,0,0,0,0,0,0,0,0,0,0.0,0.0,0.0,0.0,0,0,0,0,0,0,0,0,0,0.0,0,0,0,0,0,0,0,0,0,0,0,0.0,0,0,0,0,0,0,0,0,0,0,0,0.0,0,0,0.0,0,0,0,0,0.0,0.0,0.0,0,0,0,0,0,0
2009-09,0,0,0.0,0.0,0,0,0,0,0,0,0.0,0,0,0,0,0.0,0,0,0,0,0.0,0,0,0.0,0,0,0.0,0,0,0,0,0,0,0,0,0,0,0,0.0,0,0,0,0,0,0,0,0.0,0,0,0,0,0.0,0.0,0,0,0,0,0,0,0,0,0,0,0,0,0.0,0.0,0.0,0.0,0,0,0,0,0,0,0,0,0,0.0,0,0,0,0,0,0,0,0,0,0,0,0.0,0,0,0,0,0,0,0,0,0,0,0,0.0,0,0,0.0,0,0,0,0,0.0,0.0,0.0,0,0,0,0,0,0
2009-10,0,0,0.0,0.0,0,0,0,0,0,0,0.0,0,0,0,0,0.0,0,0,0,0,0.0,0,0,0.0,0,0,0.0,0,0,0,0,0,0,0,0,0,0,0,0.0,0,0,0,0,0,0,0,0.0,0,0,0,0,0.0,0.0,0,0,0,0,0,0,0,0,0,0,0,0,0.0,0.0,0.0,0.0,0,0,0,0,0,0,0,0,0,0.0,0,0,0,0,0,0,0,0,0,0,0,0.0,0,0,0,0,0,0,0,0,0,0,0,0.0,0,0,0.0,0,0,0,0,0.0,0.0,0.0,0,0,0,0,0,0
2009-11,0,0,0.0,0.0,0,0,0,0,0,0,0.0,0,0,0,0,0.0,0,0,0,0,0.0,0,0,0.0,0,0,0.0,0,0,0,0,0,0,0,0,0,0,0,0.0,0,0,0,0,0,0,0,0.0,0,0,0,0,0.0,0.0,0,0,0,0,0,0,0,0,0,0,0,0,0.0,0.0,0.0,0.0,0,0,0,0,0,0,0,0,0,0.0,0,0,0,0,0,0,0,0,0,0,0,0.0,0,0,0,0,0,0,0,0,0,0,0,0.0,0,0,0.0,0,0,0,0,0.0,0.0,0.0,0,0,0,0,0,0
2009-12,0,0,0.0,0.0,0,0,0,0,0,0,0.0,0,0,0,0,0.0,0,0,0,0,0.0,0,0,0.0,0,0,0.0,0,0,0,0,0,0,0,0,0,0,0,0.0,0,0,0,0,0,0,0,0.0,0,0,0,0,0.0,0.0,0,0,0,0,0,0,0,0,0,0,0,0,0.0,0.0,0.0,0.0,0,0,0,0,0,0,0,0,0,0.0,0,0,0,0,0,0,0,0,0,0,0,0.0,0,0,0,0,0,0,0,0,0,0,0,0.0,0,0,0.0,0,0,0,0,0.0,0.0,0.0,0,0,0,0,0,0
2010-01,0,0,0.0,0.0,0,0,0,0,0,0,0.0,0,0,0,0,0.0,0,0,0,0,0.0,0,0,0.0,0,0,0.0,0,0,0,0,0,0,0,0,0,0,0,0.0,0,0,0,0,0,0,0,0.0,0,0,0,0,0.0,0.0,0,0,0,0,0,0,0,0,0,0,0,0,0.0,0.0,0.0,0.0,0,0,0,0,0,0,0,0,0,0.0,0,0,0,0,0,0,0,0,0,0,0,0.0,0,0,0,0,0,0,0,0,0,0,0,0.0,0,0,0.0,0,0,0,0,0.0,0.0,0.0,0,0,0,0,0,0
2010-02,0,0,0.0,0.0,0,0,0,0,0,0,0.0,0,0,0,0,0.0,0,0,0,0,0.0,0,0,0.0,0,0,0.0,0,0,0,0,0,0,0,0,0,0,0,0.0,0,0,0,0,0,0,0,0.0,0,0,0,0,0.0,0.0,0,0,0,0,0,0,0,0,0,0,0,0,0.0,0.0,0.0,0.0,0,0,0,0,0,0,0,0,0,0.0,0,0,0,0,0,0,0,0,0,0,0,0.0,0,0,0,0,0,0,0,0,0,0,0,0.0,0,0,0.0,0,0,0,0,0.0,0.0,0.0,0,0,0,0,0,0
2010-03,0,0,0.0,0.0,0,0,0,0,0,0,0.0,0,0,0,0,0.0,0,0,0,0,0.0,0,0,0.0,0,0,0.0,0,0,0,0,0,0,0,0,0,0,0,0.0,0,0,0,0,0,0,0,0.0,0,0,0,0,0.0,0.0,0,0,0,0,0,0,0,0,0,0,0,0,0.0,0.0,0.0,0.0,0,0,0,0,0,0,0,0,0,0.0,0,0,0,0,0,0,0,0,0,0,0,0.0,0,0,0,0,0,0,0,0,0,0,0,0.0,0,0,0.0,0,0,0,0,0.0,0.0,0.0,0,0,0,0,0,0
2010-04,0,0,0.0,0.0,0,0,0,0,0,0,0.0,0,0,0,0,0.0,0,0,0,0,0.0,0,0,0.0,0,0,0.0,0,0,0,0,0,0,0,0,0,0,0,0.0,0,0,0,0,0,0,0,0.0,0,0,0,0,0.0,0.0,0,0,0,0,0,0,0,0,0,0,0,0,0.0,0.0,0.0,0.0,0,0,0,0,0,0,0,0,0,0.0,0,0,0,0,0,0,0,0,0,0,0,0.0,0,0,0,0,0,0,0,0,0,0,0,0.0,0,0,0.0,0,0,0,0,0.0,0.0,0.0,0,0,0,0,0,0
2010-05,0,0,0.0,0.0,0,0,0,0,0,0,0.0,0,0,0,0,0.0,0,0,0,0,0.0,0,0,0.0,0,0,0.0,0,0,0,0,0,0,0,0,0,0,0,0.0,0,0,0,0,0,0,0,0.0,0,0,0,0,0.0,0.0,0,0,0,0,0,0,0,0,0,0,0,0,0.0,0.0,0.0,0.0,0,0,0,0,0,0,0,0,0,0.0,0,0,0,0,0,0,0,0,0,0,0,0.0,0,0,0,0,0,0,0,0,0,0,0,0.0,0,0,0.0,0,0,0,0,0.0,0.0,0.0,0,0,0,0,0,0
2010-06,0,0,0.0,0.0,0,0,0,0,0,0,0.0,0,0,0,0,0.0,0,0,0,0,0.0,0,0,0.0,0,0,0.0,0,0,0,0,0,0,0,0,0,0,0,0.0,0,0,0,0,0,0,0,0.0,0,0,0,0,0.0,0.0,0,0,0,0,0,0,0,0,0,0,0,0,0.0,0.0,0.0,0.0,0,0,0,0,0,0,0,0,0,0.0,0,0,0,0,0,0,0,0,0,0,0,0.0,0,0,0,0,0,0,0,0,0,0,0,0.0,0,0,0.0,0,0,0,0,0.0,0.0,0.0,0,0,0,0,0,0
2010-07,0,0,0.0,0.0,0,0,0,0,0,0,0.0,0,0,0,0,0.0,0,0,0,0,0.0,0,0,0.0,0,0,0.0,0,0,0,0,0,0,0,0,0,0,0,0.0,0,0,0,0,0,0,0,0.0,0,0,0,0,0.0,0.0,0,0,0,0,0,0,0,0,0,0,0,0,0.0,0.0,0.0,0.0,0,0,0,0,0,0,0,0,0,0.0,0,0,0,0,0,0,0,0,0,0,0,0.0,0,0,0,0,0,0,0,0,0,0,0,0.0,0,0,0.0,0,0,0,0,0.0,0.0,0.0,0,0,0,0,0,0
2010-08,0,0,0.0,0.0,0,0,0,0,0,0,0.0,0,0,0,0,0.0,0,0,0,0,0.0,0,0,0.0,0,0,0.0,0,0,0,0,0,0,0,0,0,0,0,0.0,0,0,0,0,0,0,0,0.0,0,0,0,0,0.0,0.0,0,0,0,0,0,0,0,0,0,0,0,0,0.0,0.0,0.0,0.0,0,0,0,0,0,0,0,0,0,0.0,0,0,0,0,0,0,0,0,0,0,0,0.0,0,0,0,0,0,0,0,0,0,0,0,0.0,0,0,0.0,0,0,0,0,0.0,0.0,0.0,0,0,0,0,0,0
2010-09,0,0,0.0,0.0,0,0,0,0,0,0,0.0,0,0,0,0,0.0,0,0,0,0,0.0,0,0,0.0,0,0,0.0,0,0,0,0,0,0,0,0,0,0,0,0.0,0,0,0,0,0,0,0,0.0,0,0,0,0,0.0,0.0,0,0,0,0,0,0,0,0,0,0,0,0,0.0,0.0,0.0,0.0,0,0,0,0,0,0,0,0,0,0.0,0,0,0,0,0,0,0,0,0,0,0,0.0,0,0,0,0,0,0,0,0,0,0,0,0.0,0,0,0.0,0,0,0,0,0.0,0.0,0.0,0,0,0,0,0,0
2010-10,0,0,0.0,0.0,0,0,0,0,0,0,0.0,0,0,0,0,0.0,0,0,0,0,0.0,0,0,0.0,0,0,0.0,0,0,0,0,0,0,0,0,0,0,0,0.0,0,0,0,0,0,0,0,0.0,0,0,0,0,0.0,0.0,0,0,0,0,0,0,0,0,0,0,0,0,0.0,0.0,0.0,0.0,0,0,0,0,0,0,0,0,0,0.0,0,0,0,0,0,0,0,0,0,0,0,0.0,0,0,0,0,0,0,0,0,0,0,0,0.0,0,0,0.0,0,0,0,0,0.0,0.0,0.0,0,0,0,0,0,0
2010-11,0,0,0.0,0.0,0,0,0,0,0,0,0.0,0,0,0,0,0.0,0,0,0,0,0.0,0,0,0.0,0,0,0.0,0,0,0,0,0,0,0,0,0,0,0,0.0,0,0,0,0,0,0,0,0.0,0,0,0,0,0.0,0.0,0,0,0,0,0,0,0,0,0,0,0,0,0.0,0.0,0.0,0.0,0,0,0,0,0,0,0,0,0,0.0,0,0,0,0,0,0,0,0,0,0,0,0.0,0,0,0,0,0,0,0,0,0,0,0,0.0,0,0,0.0,0,0,0,0,0.0,0.0,0.0,0,0,0,0,0,0
2010-12,0,0,0.0,0.0,0,0,0,0,0,0,0.0,0,0,0,0,0.0,0,0,0,0,0.0,0,0,0.0,0,0,0.0,0,0,0,0,0,0,0,0,0,0,0,0.0,0,0,0,0,0,0,0,0.0,0,0,0,0,0.0,0.0,0,0,0,0,0,0,0,0,0,0,0,0,0.0,0.0,0.0,0.0,0,0,0,0,0,0,0,0,0,0.0,0,0,0,0,0,0,0,0,0,0,0,0.0,0,0,0,0,0,0,0,0,0,0,0,0.0,0,0,0.0,0,0,0,0,0.0,0.0,0.0,0,0,0,0,0,0
2011-01,0,0,0.0,0.0,0,0,0,0,0,0,0.0,0,0,0,0,0.0,0,0,0,0,0.0,0,0,0.0,0,0,0.0,0,0,0,0,0,0,0,0,0,0,0,0.0,0,0,0,0,0,0,0,0.0,0,0,0,0,0.0,0.0,0,0,0,0,0,0,0,0,0,0,0,0,0.0,0.0,0.0,0.0,0,0,0,0,0,0,0,0,0,0.0,0,0,0,0,0,0,0,0,0,0,0,0.0,0,0,0,0,0,0,0,0,0,0,0,0.0,0,0,0.0,0,0,0,0,0.0,0.0,0.0,0,0,0,0,0,0
2011-02,0,0,0.0,0.0,0,0,0,0,0,0,0.0,0,0,0,0,0.0,0,0,0,0,0.0,0,0,0.0,0,0,0.0,0,0,0,0,0,0,0,0,0,0,0,0.0,0,0,0,0,0,0,0,0.0,0,0,0,0,0.0,0.0,0,0,0,0,0,0,0,0,0,0,0,0,0.0,0.0,0.0,0.0,0,0,0,0,0,0,0,0,0,0.0,0,0,0,0,0,0,0,0,0,0,0,0.0,0,0,0,0,0,0,0,0,0,0,0,0.0,0,0,0.0,0,0,0,0,0.0,0.0,0.0,0,0,0,0,0,0
2011-03,0,0,0.0,0.0,0,0,0,0,0,0,0.0,0,0,0,0,0.0,0,0,0,0,0.0,0,0,0.0,0,0,0.0,0,0,0,0,0,0,0,0,0,0,0,0.0,0,0,0,0,0,0,0,0.0,0,0,0,0,0.0,0.0,0,0,0,0,0,0,0,0,0,0,0,0,0.0,0.0,0.0,0.0,0,0,0,0,0,0,0,0,0,0.0,0,0,0,0,0,0,0,0,0,0,0,0.0,0,0,0,0,0,0,0,0,0,0,0,0.0,0,0,0.0,0,0,0,0,0.0,0.0,0.0,0,0,0,0,0,0
2011-04,0,0,0.0,0.0,0,0,0,0,0,0,0.0,0,0,0,0,0.0,0,0,0,0,0.0,0,0,0.0,0,0,0.0,0,0,0,0,0,0,0,0,0,0,0,0.0,0,0,0,0,0,0,0,0.0,0,0,0,0,0.0,0.0,0,0,0,0,0,0,0,0,0,0,0,0,0.0,0.0,0.0,0.0,0,0,0,0,0,0,0,0,0,0.0,0,0,0,0,0,0,0,0,0,0,0,0.0,0,0,0,0,0,0,0,0,0,0,0,0.0,0,0,0.0,0,0,0,0,0.0,0.0,0.0,0,0,0,0,0,0
2011-05,0,0,0.0,0.0,0,0,0,0,0,0,0.0,0,0,0,0,0.0,0,0,0,0,0.0,0,0,0.0,0,0,0.0,0,0,0,0,0,0,0,0,0,0,0,0.0,0,0,0,0,0,0,0,0.0,0,0,0,0,0.0,0.0,0,0,0,0,0,0,0,0,0,0,0,0,0.0,0.0,0.0,0.0,0,0,0,0,0,0,0,0,0,0.0,0,0,0,0,0,0,0,0,0,0,0,0.0,0,0,0,0,0,0,0,0,0,0,0,0.0,0,0,0.0,0,0,0,0,0.0,0.0,0.0,0,0,0,0,0,0
2011-06,0,0,0.0,0.0,0,0,0,0,0,0,0.0,0,0,0,0,0.0,0,0,0,0,0.0,0,0,0.0,0,0,0.0,0,0,0,0,0,0,0,0,0,0,0,0.0,0,0,0,0,0,0,0,0.0,0,0,0,0,0.0,0.0,0,0,0,0,0,0,0,0,0,0,0,0,0.0,0.0,0.0,0.0,0,0,0,0,0,0,0,0,0,0.0,0,0,0,0,0,0,0,0,0,0,0,0.0,0,0,0,0,0,0,0,0,0,0,0,0.0,0,0,0.0,0,0,0,0,0.0,0.0,0.0,0,0,0,0,0,0
2011-07,0,0,0.0,0.0,0,0,0,0,0,0,0.0,0,0,0,0,0.0,0,0,0,0,0.0,0,0,0.0,0,0,0.0,0,0,0,0,0,0,0,0,0,0,0,0.0,0,0,0,0,0,0,0,0.0,0,0,0,0,0.0,0.0,0,0,0,0,0,0,0,0,0,0,0,0,0.0,0.0,0.0,0.0,0,0,0,0,0,0,0,0,0,0.0,0,0,0,0,0,0,0,0,0,0,0,0.0,0,0,0,0,0,0,0,0,0,0,0,0.0,0,0,0.0,0,0,0,0,0.0,0.0,0.0,0,0,0,0,0,0
2011-08,0,0,0.0,0.0,0,0,0,0,0,0,0.0,0,0,0,0,0.0,0,0,0,0,0.0,0,0,0.0,0,0,0.0,0,0,0,0,0,0,0,0,0,0,0,0.0,0,0,0,0,0,0,0,0.0,0,0,0,0,0.0,0.0,0,0,0,0,0,0,0,0,0,0,0,0,0.0,0.0,0.0,0.0,0,0,0,0,0,0,0,0,0,0.0,0,0,0,0,0,0,0,0,0,0,0,0.0,0,0,0,0,0,0,0,0,0,0,0,0.0,0,0,0.0,0,0,0,0,0.0,0.0,0.0,0,0,0,0,0,0
2011-09,0,0,0.0,0.0,0,0,0,0,0,0,0.0,0,0,0,0,0.0,0,0,0,0,0.0,0,0,0.0,0,0,0.0,0,0,0,0,0,0,0,0,0,0,0,0.0,0,0,0,0,0,0,0,0.0,0,0,0,0,0.0,0.0,0,0,0,0,0,0,0,0,0,0,0,0,0.0,0.0,0.0,0.0,0,0,0,0,0,0,0,0,0,0.0,0,0,0,0,0,0,0,0,0,0,0,0.0,0,0,0,0,0,0,0,0,0,0,0,0.0,0,0,0.0,0,0,0,0,0.0,0.0,0.0,0,0,0,0,0,0
2011-10,0,0,0.0,0.0,0,0,0,0,0,0,0.0,0,0,0,0,0.0,0,0,0,0,0.0,0,0,0.0,0,0,0.0,0,0,0,0,0,0,0,0,0,0,0,0.0,0,0,0,0,0,0,0,0.0,0,0,0,0,0.0,0.0,0,0,0,0,0,0,0,0,0,0,0,0,0.0,0.0,0.0,0.0,0,0,0,0,0,0,0,0,0,0.0,0,0,0,0,0,0,0,0,0,0,0,0.0,0,0,0,0,0,0,0,0,0,0,0,0.0,0,0,0.0,0,0,0,0,0.0,0.0,0.0,0,0,0,0,0,0
2011-11,0,0,0.0,0.0,0,0,0,0,0,0,0.0,0,0,0,0,0.0,0,0,0,0,0.0,0,0,0.0,0,0,0.0,0,0,0,0,0,0,0,0,0,0,0,0.0,0,0,0,0,0,0,0,0.0,0,0,0,0,0.0,0.0,0,0,0,0,0,0,0,0,0,0,0,0,0.0,0.0,0.0,0.0,0,0,0,0,0,0,0,0,0,0.0,0,0,0,0,0,0,0,0,0,0,0,0.0,0,0,0,0,0,0,0,0,0,0,0,0.0,0,0,0.0,0,0,0,0,0.0,0.0,0.0,0,0,0,0,0,0
2011-12,0,0,0.0,0.0,0,0,0,0,0,0,0.0,0,0,0,0,0.0,0,0,0,0,0.0,0,0,0.0,0,0,0.0,0,0,0,0,0,0,0,0,0,0,0,0.0,0,0,0,0,0,0,0,0.0,0,0,0,0,0.0,0.0,0,0,0,0,0,0,0,0,0,0,0,0,0.0,0.0,0.0,0.0,0,0,0,0,0,0,0,0,0,0.0,0,0,0,0,0,0,0,0,0,0,0,0.0,0,0,0,0,0,0,0,0,0,0,0,0.0,0,0,0.0,0,0,0,0,0.0,0.0,0.0,0,0,0,0,0,0
2012-01,0,0,0.0,0.0,0,0,0,0,0,0,0.0,0,0,0,0,0.0,0,0,0,0,0.0,0,0,0.0,0,0,0.0,0,0,0,0,0,0,0,0,0,0,0,0.0,0,0,0,0,0,0,0,0.0,0,0,0,0,0.0,0.0,0,0,0,0,0,0,0,0,0,0,0,0,0.0,0.0,0.0,0.0,0,0,0,0,0,0,0,0,0,0.0,0,0,0,0,0,0,0,0,0,0,0,0.0,0,0,0,0,0,0,0,0,0,0,0,0.0,0,0,0.0,0,0,0,0,0.0,0.0,0.0,0,0,0,0,0,0
2012-02,0,0,0.0,0.0,0,0,0,0,0,0,0.0,0,0,0,0,0.0,0,0,0,0,0.0,0,0,0.0,0,0,0.0,0,0,0,0,0,0,0,0,0,0,0,0.0,0,0,0,0,0,0,0,0.0,0,0,0,0,0.0,0.0,0,0,0,0,0,0,0,0,0,0,0,0,0.0,0.0,0.0,0.0,0,0,0,0,0,0,0,0,0,0.0,0,0,0,0,0,0,0,0,0,0,0,0.0,0,0,0,0,0,0,0,0,0,0,0,0.0,0,0,0.0,0,0,0,0,0.0,0.0,0.0,0,0,0,0,0,0
2012-03,0,0,0.0,0.0,0,0,0,0,0,0,0.0,0,0,0,0,0.0,0,0,0,0,0.0,0,0,0.0,0,0,0.0,0,0,0,0,0,0,0,0,0,0,0,0.0,0,0,0,0,0,0,0,0.0,0,0,0,0,0.0,0.0,0,0,0,0,0,0,0,0,0,0,0,0,0.0,0.0,0.0,0.0,0,0,0,0,0,0,0,0,0,0.0,0,0,0,0,0,0,0,0,0,0,0,0.0,0,0,0,0,0,0,0,0,0,0,0,0.0,0,0,0.0,0,0,0,0,0.0,0.0,0.0,0,0,0,0,0,0
2012-04,0,0,0.0,0.0,0,0,0,0,0,0,0.0,0,0,0,0,0.0,0,0,0,0,0.0,0,0,0.0,0,0,0.0,0,0,0,0,0,0,0,0,0,0,0,0.0,0,0,0,0,0,0,0,0.0,0,0,0,0,0.0,0.0,0,0,0,0,0,0,0,0,0,0,0,0,0.0,0.0,0.0,0.0,0,0,0,0,0,0,0,0,0,0.0,0,0,0,0,0,0,0,0,0,0,0,0.0,0,0,0,0,0,0,0,0,0,0,0,0.0,0,0,0.0,0,0,0,0,0.0,0.0,0.0,0,0,0,0,0,0
2012-05,0,0,0.0,0.0,0,0,0,0,0,0,0.0,0,0,0,0,0.0,0,0,0,0,0.0,0,0,0.0,0,0,0.0,0,0,0,0,0,0,0,0,0,0,0,0.0,0,0,0,0,0,0,0,0.0,0,0,0,0,0.0,0.0,0,0,0,0,0,0,0,0,0,0,0,0,0.0,0.0,0.0,0.0,0,0,0,0,0,0,0,0,0,0.0,0,0,0,0,0,0,0,0,0,0,0,0.0,0,0,0,0,0,0,0,0,0,0,0,0.0,0,0,0.0,0,0,0,0,0.0,0.0,0.0,0,0,0,0,0,0
2012-06,0,0,0.0,0.0,0,0,0,0,0,0,0.0,0,0,0,0,0.0,0,0,0,0,0.0,0,0,0.0,0,0,0.0,0,0,0,0,0,0,0,0,0,0,0,0.0,0,0,0,0,0,0,0,0.0,0,0,0,0,0.0,0.0,0,0,0,0,0,0,0,0,0,0,0,0,0.0,0.0,0.0,0.0,0,0,0,0,0,0,0,0,0,0.0,0,0,0,0,0,0,0,0,0,0,0,0.0,0,0,0,0,0,0,0,0,0,0,0,0.0,0,0,0.0,0,0,0,0,0.0,0.0,0.0,0,0,0,0,0,0
2012-07,0,0,0.0,0.0,0,0,0,0,0,0,0.0,0,0,0,0,0.0,0,0,0,0,0.0,0,0,0.0,0,0,0.0,0,0,0,0,0,0,0,0,0,0,0,0.0,0,0,0,0,0,0,0,0.0,0,0,0,0,0.0,0.0,0,0,0,0,0,0,0,0,0,0,0,0,0.0,0.0,0.0,0.0,0,0,0,0,0,0,0,0,0,0.0,0,0,0,0,0,0,0,0,0,0,0,0.0,0,0,0,0,0,0,0,0,0,0,0,0.0,0,0,0.0,0,0,0,0,0.0,0.0,0.0,0,0,0,0,0,0
2012-08,0,0,0.0,0.0,0,0,0,0,0,0,0.0,0,0,0,0,0.0,0,0,0,0,0.0,0,0,0.0,0,0,0.0,0,0,0,0,0,0,0,0,0,0,0,0.0,0,0,0,0,0,0,0,0.0,0,0,0,0,0.0,0.0,0,0,0,0,0,0,0,0,0,0,0,0,0.0,0.0,0.0,0.0,0,0,0,0,0,0,0,0,0,0.0,0,0,0,0,0,0,0,0,0,0,0,0.0,0,0,0,0,0,0,0,0,0,0,0,0.0,0,0,0.0,0,0,0,0,0.0,0.0,0.0,0,0,0,0,0,0
2012-09,0,0,0.0,0.0,0,0,0,0,0,0,0.0,0,0,0,0,0.0,0,0,0,0,0.0,0,0,0.0,0,0,0.0,0,0,0,0,0,0,0,0,0,0,0,0.0,0,0,0,0,0,0,0,0.0,0,0,0,0,0.0,0.0,0,0,0,0,0,0,0,0,0,0,0,0,0.0,0.0,0.0,0.0,0,0,0,0,0,0,0,0,0,0.0,0,0,0,0,0,0,0,0,0,0,0,0.0,0,0,0,0,0,0,0,0,0,0,0,0.0,0,0,0.0,0,0,0,0,0.0,0.0,0.0,0,0,0,0,0,0
2012-10,0,0,0.0,0.0,0,0,0,0,0,0,0.0,0,0,0,0,0.0,0,0,0,0,0.0,0,0,0.0,0,0,0.0,0,0,0,0,0,0,0,0,0,0,0,0.0,0,0,0,0,0,0,0,0.0,0,0,0,0,0.0,0.0,0,0,0,0,0,0,0,0,0,0,0,0,0.0,0.0,0.0,0.0,0,0,0,0,0,0,0,0,0,0.0,0,0,0,0,0,0,0,0,0,0,0,0.0,0,0,0,0,0,0,0,0,0,0,0,0.0,0,0,0.0,0,0,0,0,0.0,0.0,0.0,0,0,0,0,0,0
2012-11,0,0,0.0,0.0,0,0,0,0,0,0,0.0,0,0,0,0,0.0,0,0,0,0,0.0,0,0,0.0,0,0,0.0,0,0,0,0,0,0,0,0,0,0,0,0.0,0,0,0,0,0,0,0,0.0,0,0,0,0,0.0,0.0,0,0,0,0,0,0,0,0,0,0,0,0,0.0,0.0,0.0,0.0,0,0,0,0,0,0,0,0,0,0.0,0,0,0,0,0,0,0,0,0,0,0,0.0,0,0,0,0,0,0,0,0,0,0,0,0.0,0,0,0.0,0,0,0,0,0.0,0.0,0.0,0,0,0,0,0,0
2012-12,0,0,0.0,0.0,0,0,0,0,0,0,0.0,0,0,0,0,0.0,0,0,0,0,0.0,0,0,0.0,0,0,0.0,0,0,0,0,0,0,0,0,0,0,0,0.0,0,0,0,0,0,0,0,0.0,0,0,0,0,0.0,0.0,0,0,0,0,0,0,0,0,0,0,0,0,0.0,0.0,0.0,0.0,0,0,0,0,0,0,0,0,0,0.0,0,0,0,0,0,0,0,0,0,0,0,0.0,0,0,0,0,0,0,0,0,0,0,0,0.0,0,0,0.0,0,0,0,0,0.0,0.0,0.0,0,0,0,0,0,0
2013-01,0,0,0.0,0.0,0,0,0,0,0,0,0.0,0,0,0,0,0.0,0,0,0,0,0.0,0,0,0.0,0,0,0.0,0,0,0,0,0,0,0,0,0,0,0,0.0,0,0,0,0,0,0,0,0.0,0,0,0,0,0.0,0.0,0,0,0,0,0,0,0,0,0,0,0,0,0.0,0.0,0.0,0.0,0,0,0,0,0,0,0,0,0,0.0,0,0,0,0,0,0,0,0,0,0,0,0.0,0,0,0,0,0,0,0,0,0,0,0,0.0,0,0,0.0,0,0,0,0,0.0,0.0,0.0,0,0,0,0,0,0
2013-02,0,0,0.0,0.0,0,0,0,0,0,0,0.0,0,0,0,0,0.0,0,0,0,0,0.0,0,0,0.0,0,0,0.0,0,0,0,0,0,0,0,0,0,0,0,0.0,0,0,0,0,0,0,0,0.0,0,0,0,0,0.0,0.0,0,0,0,0,0,0,0,0,0,0,0,0,0.0,0.0,0.0,0.0,0,0,0,0,0,0,0,0,0,0.0,0,0,0,0,0,0,0,0,0,0,0,0.0,0,0,0,0,0,0,0,0,0,0,0,0.0,0,0,0.0,0,0,0,0,0.0,0.0,0.0,0,0,0,0,0,0
2013-03,0,0,0.0,0.0,0,0,0,0,0,0,0.0,0,0,0,0,0.0,0,0,0,0,0.0,0,0,0.0,0,0,0.0,0,0,0,0,0,0,0,0,0,0,0,0.0,0,0,0,0,0,0,0,0.0,0,0,0,0,0.0,0.0,0,0,0,0,0,0,0,0,0,0,0,0,0.0,0.0,0.0,0.0,0,0,0,0,0,0,0,0,0,0.0,0,0,0,0,0,0,0,0,0,0,0,0.0,0,0,0,0,0,0,0,0,0,0,0,0.0,0,0,0.0,0,0,0,0,0.0,0.0,0.0,0,0,0,0,0,0
2013-04,0,0,0.0,0.0,0,0,0,0,0,0,0.0,0,0,0,0,0.0,0,0,0,0,0.0,0,0,0.0,0,0,0.0,0,0,0,0,0,0,0,0,0,0,0,0.0,0,0,0,0,0,0,0,0.0,0,0,0,0,0.0,0.0,0,0,0,0,0,0,0,0,0,0,0,0,0.0,0.0,0.0,0.0,0,0,0,0,0,0,0,0,0,0.0,0,0,0,0,0,0,0,0,0,0,0,0.0,0,0,0,0,0,0,0,0,0,0,0,0.0,0,0,0.0,0,0,0,0,0.0,0.0,0.0,0,0,0,0,0,0
2013-05,0,0,0.0,0.0,0,0,0,0,0,0,0.0,0,0,0,0,0.0,0,0,0,0,0.0,0,0,0.0,0,0,0.0,0,0,0,0,0,0,0,0,0,0,0,0.0,0,0,0,0,0,0,0,0.0,0,0,0,0,0.0,0.0,0,0,0,0,0,0,0,0,0,0,0,0,0.0,0.0,0.0,0.0,0,0,0,0,0,0,0,0,0,0.0,0,0,0,0,0,0,0,0,0,0,0,0.0,0,0,0,0,0,0,0,0,0,0,0,0.0,0,0,0.0,0,0,0,0,0.0,0.0,0.0,0,0,0,0,0,0
2013-06,0,0,0.0,0.0,0,0,0,0,0,0,0.0,0,0,0,0,0.0,0,0,0,0,0.0,0,0,0.0,0,0,0.0,0,0,0,0,0,0,0,0,0,0,0,0.0,0,0,0,0,0,0,0,0.0,0,0,0,0,0.0,0.0,0,0,0,0,0,0,0,0,0,0,0,0,0.0,0.0,0.0,0.0,0,0,0,0,0,0,0,0,0,0.0,0,0,0,0,0,0,0,0,0,0,0,0.0,0,0,0,0,0,0,0,0,0,0,0,0.0,0,0,0.0,0,0,0,0,0.0,0.0,0.0,0,0,0,0,0,0
2013-07,0,0,0.0,0.0,0,0,0,0,0,0,0.0,0,0,0,0,0.0,0,0,0,0,0.0,0,0,0.0,0,0,0.0,0,0,0,0,0,0,0,0,0,0,0,0.0,0,0,0,0,0,0,0,0.0,0,0,0,0,0.0,0.0,0,0,0,0,0,0,0,0,0,0,0,0,0.0,0.0,0.0,0.0,0,0,0,0,0,0,0,0,0,0.0,0,0,0,0,0,0,0,0,0,0,0,0.0,0,0,0,0,0,0,0,0,0,0,0,0.0,0,0,0.0,0,0,0,0,0.0,0.0,0.0,0,0,0,0,0,0
2013-08,0,0,0.0,0.0,0,0,0,0,0,0,0.0,0,0,0,0,0.0,0,0,0,0,0.0,0,0,0.0,0,0,0.0,0,0,0,0,0,0,0,0,0,0,0,0.0,0,0,0,0,0,0,0,0.0,0,0,0,0,0.0,0.0,0,0,0,0,0,0,0,0,0,0,0,0,0.0,0.0,0.0,0.0,0,0,0,0,0,0,0,0,0,0.0,0,0,0,0,0,0,0,0,0,0,0,0.0,0,0,0,0,0,0,0,0,0,0,0,0.0,0,0,0.0,0,0,0,0,0.0,0.0,0.0,0,0,0,0,0,0
2013-09,0,0,0.0,0.0,0,0,0,0,0,0,0.0,0,0,0,0,0.0,0,0,0,0,0.0,0,0,0.0,0,0,0.0,0,0,0,0,0,0,0,0,0,0,0,0.0,0,0,0,0,0,0,0,0.0,0,0,0,0,0.0,0.0,0,0,0,0,0,0,0,0,0,0,0,0,0.0,0.0,0.0,0.0,0,0,0,0,0,0,0,0,0,0.0,0,0,0,0,0,0,0,0,0,0,0,0.0,0,0,0,0,0,0,0,0,0,0,0,0.0,0,0,0.0,0,0,0,0,0.0,0.0,0.0,0,0,0,0,0,0
2013-10,0,0,0.0,0.0,0,0,0,0,0,0,0.0,0,0,0,0,0.0,0,0,0,0,0.0,0,0,0.0,0,0,0.0,0,0,0,0,0,0,0,0,0,0,0,0.0,0,0,0,0,0,0,0,0.0,0,0,0,0,0.0,0.0,0,0,0,0,0,0,0,0,0,0,0,0,0.0,0.0,0.0,0.0,0,0,0,0,0,0,0,0,0,0.0,0,0,0,0,0,0,0,0,0,0,0,0.0,0,0,0,0,0,0,0,0,0,0,0,0.0,0,0,0.0,0,0,0,0,0.0,0.0,0.0,0,0,0,0,0,0
2013-11,0,0,0.0,0.0,0,0,0,0,0,0,0.0,0,0,0,0,0.0,0,0,0,0,0.0,0,0,0.0,0,0,0.0,0,0,0,0,0,0,0,0,0,0,0,0.0,0,0,0,0,0,0,0,0.0,0,0,0,0,0.0,0.0,0,0,0,0,0,0,0,0,0,0,0,0,0.0,0.0,0.0,0.0,0,0,0,0,0,0,0,0,0,0.0,0,0,0,0,0,0,0,0,0,0,0,0.0,0,0,0,0,0,0,0,0,0,0,0,0.0,0,0,0.0,0,0,0,0,0.0,0.0,0.0,0,0,0,0,0,0
2013-12,0,0,0.0,0.0,0,0,0,0,0,0,0.0,0,0,0,0,0.0,0,0,0,0,0.0,0,0,0.0,0,0,0.0,0,0,0,0,0,0,0,0,0,0,0,0.0,0,0,0,0,0,0,0,0.0,0,0,0,0,0.0,0.0,0,0,0,0,0,0,0,0,0,0,0,0,0.0,0.0,0.0,0.0,0,0,0,0,0,0,0,0,0,0.0,0,0,0,0,0,0,0,0,0,0,0,0.0,0,0,0,0,0,0,0,0,0,0,0,0.0,0,0,0.0,0,0,0,0,0.0,0.0,0.0,0,0,0,0,0,0
2014-01,0,0,0.0,0.0,0,0,0,0,0,0,0.0,0,0,0,0,0.0,0,0,0,0,0.0,0,0,0.0,0,0,0.0,0,0,0,0,0,0,0,0,0,0,0,0.0,0,0,0,0,0,0,0,0.0,0,0,0,0,0.0,0.0,0,0,0,0,0,0,0,0,0,0,0,0,0.0,0.0,0.0,0.0,0,0,0,0,0,0,0,0,0,0.0,0,0,0,0,0,0,0,0,0,0,0,0.0,0,0,0,0,0,0,0,0,0,0,0,0.0,0,0,0.0,0,0,0,0,0.0,0.0,0.0,0,0,0,0,0,0
2014-02,0,0,0.0,0.0,0,0,0,0,0,0,0.0,0,0,0,0,0.0,0,0,0,0,0.0,0,0,0.0,0,0,0.0,0,0,0,0,0,0,0,0,0,0,0,0.0,0,0,0,0,0,0,0,0.0,0,0,0,0,0.0,0.0,0,0,0,0,0,0,0,0,0,0,0,0,0.0,0.0,0.0,0.0,0,0,0,0,0,0,0,0,0,0.0,0,0,0,0,0,0,0,0,0,0,0,0.0,0,0,0,0,0,0,0,0,0,0,0,0.0,0,0,0.0,0,0,0,0,0.0,0.0,0.0,0,0,0,0,0,0
2014-03,0,0,0.0,0.0,0,0,0,0,0,0,0.0,0,0,0,0,0.0,0,0,0,0,0.0,0,0,0.0,0,0,0.0,0,0,0,0,0,0,0,0,0,0,0,0.0,0,0,0,0,0,0,0,0.0,0,0,0,0,0.0,0.0,0,0,0,0,0,0,0,0,0,0,0,0,0.0,0.0,0.0,0.0,0,0,0,0,0,0,0,0,0,0.0,0,0,0,0,0,0,0,0,0,0,0,0.0,0,0,0,0,0,0,0,0,0,0,0,0.0,0,0,0.0,0,0,0,0,0.0,0.0,0.0,0,0,0,0,0,0
2014-04,0,0,0.0,0.0,0,0,0,0,0,0,0.0,0,0,0,0,0.0,0,0,0,0,0.0,0,0,0.0,0,0,0.0,0,0,0,0,0,0,0,0,0,0,0,0.0,0,0,0,0,0,0,0,0.0,0,0,0,0,0.0,0.0,0,0,0,0,0,0,0,0,0,0,0,0,0.0,0.0,0.0,0.0,0,0,0,0,0,0,0,0,0,0.0,0,0,0,0,0,0,0,0,0,0,0,0.0,0,0,0,0,0,0,0,0,0,0,0,0.0,0,0,0.0,0,0,0,0,0.0,0.0,0.0,0,0,0,0,0,0
2014-05,0,0,0.0,0.0,0,0,0,0,0,0,0.0,0,0,0,0,0.0,0,0,0,0,0.0,0,0,0.0,0,0,0.0,0,0,0,0,0,0,0,0,0,0,0,0.0,0,0,0,0,0,0,0,0.0,0,0,0,0,0.0,0.0,0,0,0,0,0,0,0,0,0,0,0,0,0.0,0.0,0.0,0.0,0,0,0,0,0,0,0,0,0,0.0,0,0,0,0,0,0,0,0,0,0,0,0.0,0,0,0,0,0,0,0,0,0,0,0,0.0,0,0,0.0,0,0,0,0,0.0,0.0,0.0,0,0,0,0,0,0
2014-06,0,0,0.0,0.0,0,0,0,0,0,0,0.0,0,0,0,0,0.0,0,0,0,0,0.0,0,0,0.0,0,0,0.0,0,0,0,0,0,0,0,0,0,0,0,0.0,0,0,0,0,0,0,0,0.0,0,0,0,0,0.0,0.0,0,0,0,0,0,0,0,0,0,0,0,0,0.0,0.0,0.0,0.0,0,0,0,0,0,0,0,0,0,0.0,0,0,0,0,0,0,0,0,0,0,0,0.0,0,0,0,0,0,0,0,0,0,0,0,0.0,0,0,0.0,0,0,0,0,0.0,0.0,0.0,0,0,0,0,0,0
2014-07,0,0,0.0,0.0,0,0,0,0,0,0,0.0,0,0,0,0,0.0,0,0,0,0,0.0,0,0,0.0,0,0,0.0,0,0,0,0,0,0,0,0,0,0,0,0.0,0,0,0,0,0,0,0,0.0,0,0,0,0,0.0,0.0,0,0,0,0,0,0,0,0,0,0,0,0,0.0,0.0,0.0,0.0,0,0,0,0,0,0,0,0,0,0.0,0,0,0,0,0,0,0,0,0,0,0,0.0,0,0,0,0,0,0,0,0,0,0,0,0.0,0,0,0.0,0,0,0,0,0.0,0.0,0.0,0,0,0,0,0,0
2014-08,0,0,0.0,0.0,0,0,0,0,0,0,0.0,0,0,0,0,0.0,0,0,0,0,0.0,0,0,0.0,0,0,0.0,0,0,0,0,0,0,0,0,0,0,0,0.0,0,0,0,0,0,0,0,0.0,0,0,0,0,0.0,0.0,0,0,0,0,0,0,0,0,0,0,0,0,0.0,0.0,0.0,0.0,0,0,0,0,0,0,0,0,0,0.0,0,0,0,0,0,0,0,0,0,0,0,0.0,0,0,0,0,0,0,0,0,0,0,0,0.0,0,0,0.0,0,0,0,0,0.0,0.0,0.0,0,0,0,0,0,0
2014-09,0,0,0.0,0.0,0,0,0,0,0,0,0.0,0,0,0,0,0.0,0,0,0,0,0.0,0,0,0.0,0,0,0.0,0,0,0,0,0,0,0,0,0,0,0,0.0,0,0,0,0,0,0,0,0.0,0,0,0,0,0.0,0.0,0,0,0,0,0,0,0,0,0,0,0,0,0.0,0.0,0.0,0.0,0,0,0,0,0,0,0,0,0,0.0,0,0,0,0,0,0,0,0,0,0,0,0.0,0,0,0,0,0,0,0,0,0,0,0,0.0,0,0,0.0,0,0,0,0,0.0,0.0,0.0,0,0,0,0,0,0
2014-10,0,0,0.0,0.0,0,0,0,0,0,0,0.0,0,0,0,0,0.0,0,0,0,0,0.0,0,0,0.0,0,0,0.0,0,0,0,0,0,0,0,0,0,0,0,0.0,0,0,0,0,0,0,0,0.0,0,0,0,0,0.0,0.0,0,0,0,0,0,0,0,0,0,0,0,0,0.0,0.0,0.0,0.0,0,0,0,0,0,0,0,0,0,0.0,0,0,0,0,0,0,0,0,0,0,0,0.0,0,0,0,0,0,0,0,0,0,0,0,0.0,0,0,0.0,0,0,0,0,0.0,0.0,0.0,0,0,0,0,0,0
2014-11,0,0,0.0,0.0,0,0,0,0,0,0,0.0,0,0,0,0,0.0,0,0,0,0,0.0,0,0,0.0,0,0,0.0,0,0,0,0,0,0,0,0,0,0,0,0.0,0,0,0,0,0,0,0,0.0,0,0,0,0,0.0,0.0,0,0,0,0,0,0,0,0,0,0,0,0,0.0,0.0,0.0,0.0,0,0,0,0,0,0,0,0,0,0.0,0,0,0,0,0,0,0,0,0,0,0,0.0,0,0,0,0,0,0,0,0,0,0,0,0.0,0,0,0.0,0,0,0,0,0.0,0.0,0.0,0,0,0,0,0,0
2014-12,0,0,0.0,0.0,0,0,0,0,0,0,0.0,0,0,0,0,0.0,0,0,0,0,0.0,0,0,0.0,0,0,0.0,0,0,0,0,0,0,0,0,0,0,0,0.0,0,0,0,0,0,0,0,0.0,0,0,0,0,0.0,0.0,0,0,0,0,0,0,0,0,0,0,0,0,0.0,0.0,0.0,0.0,0,0,0,0,0,0,0,0,0,0.0,0,0,0,0,0,0,0,0,0,0,0,0.0,0,0,0,0,0,0,0,0,0,0,0,0.0,0,0,0.0,0,0,0,0,0.0,0.0,0.0,0,0,0,0,0,0
2015-01,0,0,0.0,0.0,0,0,0,0,0,0,0.0,0,0,0,0,0.0,0,0,0,0,0.0,0,0,0.0,0,0,0.0,0,0,0,0,0,0,0,0,0,0,0,0.0,0,0,0,0,0,0,0,0.0,0,0,0,0,0.0,0.0,0,0,0,0,0,0,0,0,0,0,0,0,0.0,0.0,0.0,0.0,0,0,0,0,0,0,0,0,0,0.0,0,0,0,0,0,0,0,0,0,0,0,0.0,0,0,0,0,0,0,0,0,0,0,0,0.0,0,0,0.0,0,0,0,0,0.0,0.0,0.0,0,0,0,0,0,0
2015-02,0,0,0.0,0.0,0,0,0,0,0,0,0.0,0,0,0,0,0.0,0,0,0,0,0.0,0,0,0.0,0,0,0.0,0,0,0,0,0,0,0,0,0,0,0,0.0,0,0,0,0,0,0,0,0.0,0,0,0,0,0.0,0.0,0,0,0,0,0,0,0,0,0,0,0,0,0.0,0.0,0.0,0.0,0,0,0,0,0,0,0,0,0,0.0,0,0,0,0,0,0,0,0,0,0,0,0.0,0,0,0,0,0,0,0,0,0,0,0,0.0,0,0,0.0,0,0,0,0,0.0,0.0,0.0,0,0,0,0,0,0
2015-03,0,0,0.0,0.0,0,0,0,0,0,0,0.0,0,0,0,0,0.0,0,0,0,0,0.0,0,0,0.0,0,0,0.0,0,0,0,0,0,0,0,0,0,0,0,0.0,0,0,0,0,0,0,0,0.0,0,0,0,0,0.0,0.0,0,0,0,0,0,0,0,0,0,0,0,0,0.0,0.0,0.0,0.0,0,0,0,0,0,0,0,0,0,0.0,0,0,0,0,0,0,0,0,0,0,0,0.0,0,0,0,0,0,0,0,0,0,0,0,0.0,0,0,0.0,0,0,0,0,0.0,0.0,0.0,0,0,0,0,0,0
2015-04,0,0,0.0,0.0,0,0,0,0,0,0,0.0,0,0,0,0,0.0,0,0,0,0,0.0,0,0,0.0,0,0,0.0,0,0,0,0,0,0,0,0,0,0,0,0.0,0,0,0,0,0,0,0,0.0,0,0,0,0,0.0,0.0,0,0,0,0,0,0,0,0,0,0,0,0,0.0,0.0,0.0,0.0,0,0,0,0,0,0,0,0,0,0.0,0,0,0,0,0,0,0,0,0,0,0,0.0,0,0,0,0,0,0,0,0,0,0,0,0.0,0,0,0.0,0,0,0,0,0.0,0.0,0.0,0,0,0,0,0,0
2015-05,0,0,0.0,0.0,0,0,0,0,0,0,0.0,0,0,0,0,0.0,0,0,0,0,0.0,0,0,0.0,0,0,0.0,0,0,0,0,0,0,0,0,0,0,0,0.0,0,0,0,0,0,0,0,0.0,0,0,0,0,0.0,0.0,0,0,0,0,0,0,0,0,0,0,0,0,0.0,0.0,0.0,0.0,0,0,0,0,0,0,0,0,0,0.0,0,0,0,0,0,0,0,0,0,0,0,0.0,0,0,0,0,0,0,0,0,0,0,0,0.0,0,0,0.0,0,0,0,0,0.0,0.0,0.0,0,0,0,0,0,0
2015-06,0,0,0.0,0.0,0,0,0,0,0,0,0.0,0,0,0,0,0.0,0,0,0,0,0.0,0,0,0.0,0,0,0.0,0,0,0,0,0,0,0,0,0,0,0,0.0,0,0,0,0,0,0,0,0.0,0,0,0,0,0.0,0.0,0,0,0,0,0,0,0,0,0,0,0,0,100.0,0.0,0.0,0.0,0,0,0,0,0,0,0,0,0,0.0,0,0,0,0,0,0,0,0,0,0,0,0.0,0,0,0,0,0,0,0,0,0,100,0,0.0,0,0,0.0,0,0,0,0,0.0,0.0,0.0,0,0,0,0,0,0
2015-07,0,0,0.0,0.0,0,0,0,0,0,0,0.0,0,0,0,0,0.0,0,0,0,0,0.0,0,0,0.0,0,0,0.0,0,0,0,0,0,0,0,0,0,0,0,0.0,0,0,0,0,0,0,0,0.0,0,0,0,0,0.0,0.0,0,0,0,0,0,0,0,0,0,0,0,0,0.0,0.0,0.0,0.0,0,0,0,0,0,0,0,0,0,0.0,0,0,0,0,0,0,0,0,0,0,0,0.0,0,0,0,0,0,0,0,0,0,0,0,0.0,0,0,0.0,0,0,0,0,100.0,0.0,0.0,0,0,0,0,0,0
2015-08,0,0,0.0,0.0,0,0,0,0,0,0,0.0,0,0,0,0,0.0,0,0,0,0,0.0,0,0,0.0,0,0,0.0,0,0,0,0,0,0,0,0,0,0,0,0.0,0,0,0,0,0,0,0,0.0,0,0,0,0,0.0,0.0,0,0,0,0,0,0,0,0,0,0,0,0,0.0,0.0,0.0,0.0,0,0,0,0,0,0,0,0,0,0.0,0,0,0,0,0,0,0,0,0,0,0,0.0,0,0,0,0,0,0,0,0,0,0,0,0.0,0,0,0.0,0,0,0,0,0.0,0.0,0.0,0,0,0,0,0,0
2015-09,0,0,0.0,0.0,0,0,0,0,0,0,0.0,0,0,0,0,0.0,0,0,0,0,0.0,0,0,0.0,0,0,0.0,0,0,0,0,0,0,0,0,0,0,0,0.0,0,0,0,0,0,0,0,0.0,0,0,0,0,0.0,0.0,0,0,0,0,0,0,0,0,0,0,0,0,0.0,0.0,0.0,0.0,0,0,0,0,0,0,0,0,0,0.0,0,0,0,0,0,0,0,0,0,0,0,0.0,0,0,0,0,0,0,0,0,0,0,0,0.0,0,0,0.0,0,0,0,0,0.0,0.0,0.0,0,0,0,0,0,0
2015-10,0,0,0.0,0.0,0,0,0,0,0,0,0.0,0,0,0,0,0.0,0,0,0,0,0.0,0,0,0.0,0,0,0.0,0,0,0,0,0,0,0,0,0,0,0,0.0,0,0,0,0,0,0,0,0.0,0,0,0,0,0.0,0.0,0,0,0,0,0,0,0,0,0,0,0,0,0.0,0.0,0.0,0.0,0,0,0,0,0,0,0,0,0,0.0,0,0,0,0,0,0,0,0,0,0,0,0.0,0,0,0,0,0,0,0,0,0,0,0,0.0,0,0,0.0,0,0,0,0,0.0,0.0,0.0,0,0,0,0,0,0
2015-11,0,0,0.0,0.0,0,0,0,0,0,0,0.0,0,0,0,0,0.0,0,0,0,0,0.0,0,0,0.0,0,0,0.0,0,0,0,0,0,0,0,0,0,0,0,0.0,0,0,0,0,0,0,0,0.0,0,0,0,0,0.0,0.0,0,0,0,0,0,0,0,0,0,0,0,0,0.0,0.0,0.0,0.0,0,0,0,0,0,0,0,0,0,0.0,0,0,0,0,0,0,0,0,0,0,0,0.0,0,0,0,0,0,0,0,0,0,0,0,0.0,0,0,0.0,0,0,0,0,0.0,0.0,0.0,0,0,0,0,0,0
2015-12,0,0,0.0,0.0,0,0,0,0,0,0,0.0,0,0,0,0,0.0,0,0,0,0,0.0,0,0,0.0,0,0,0.0,0,0,0,0,0,0,0,0,0,0,0,0.0,0,0,0,0,0,0,0,0.0,0,0,0,0,0.0,0.0,0,0,0,0,0,0,0,0,0,0,0,0,0.0,0.0,0.0,0.0,0,0,0,0,0,0,0,0,0,0.0,0,0,0,0,0,0,0,0,0,0,0,0.0,0,0,0,0,0,0,0,0,0,0,0,0.0,0,0,0.0,0,0,0,0,0.0,0.0,0.0,0,0,0,0,0,0
2016-01,0,0,0.0,0.0,0,0,0,0,0,0,0.0,0,0,0,0,0.0,0,0,0,0,0.0,0,0,0.0,0,0,0.0,0,0,0,0,0,0,0,0,0,0,0,0.0,0,0,0,0,0,0,0,0.0,0,0,0,0,0.0,0.0,0,0,0,0,0,0,0,0,0,0,0,0,0.0,0.0,0.0,0.0,0,0,0,0,0,0,0,0,0,0.0,0,0,0,0,0,0,0,0,0,0,0,0.0,0,0,0,0,0,0,0,0,0,0,0,0.0,0,0,0.0,0,0,0,0,0.0,0.0,0.0,0,0,0,0,0,0
2016-02,0,0,0.0,0.0,0,0,0,0,0,0,0.0,0,0,0,0,0.0,0,0,0,0,0.0,0,0,0.0,0,0,0.0,0,0,0,0,0,0,0,0,0,0,0,0.0,0,0,0,0,0,0,0,0.0,0,0,0,0,0.0,0.0,0,0,0,0,0,0,0,0,0,0,0,0,0.0,0.0,0.0,0.0,0,0,0,0,0,0,0,0,0,0.0,0,0,0,0,0,0,0,0,0,0,0,0.0,0,0,0,0,0,0,0,0,0,0,0,0.0,0,0,0.0,0,0,0,0,0.0,0.0,0.0,0,0,0,0,0,0
2016-03,0,0,0.0,0.0,88,0,0,0,0,88,0.0,0,0,0,88,0.0,0,0,0,88,0.0,0,0,0.0,88,0,0.0,0,0,88,0,0,0,0,88,0,0,0,0.0,88,0,0,0,0,88,0,0.0,0,0,88,0,0.0,0.0,0,88,0,0,0,0,88,0,0,0,0,88,0.0,0.0,0.0,0.0,3,0,0,0,0,88,0,0,0,0.0,88,0,0,0,88,0,0,0,0,88,0,0.0,0,0,88,0,64,0,0,88,0,0,0,0.0,3,0,0.0,0,0,88,0,0.0,0.0,0.0,12,0,0,0,0,88
2016-04,0,0,0.0,0.0,0,0,0,0,0,0,0.0,0,0,0,0,0.0,0,0,0,0,0.0,0,0,0.0,0,0,0.0,0,0,0,0,0,0,0,0,0,0,0,0.0,0,0,0,0,0,0,0,0.0,0,0,0,0,0.0,0.0,0,0,0,0,0,0,0,0,0,0,0,0,0.0,0.0,0.0,0.0,0,0,0,0,0,0,0,0,0,0.0,0,0,0,0,0,0,0,0,0,0,0,0.0,0,0,0,0,0,0,0,0,0,0,0,0.0,0,0,0.0,0,0,0,0,0.0,0.0,0.0,0,0,0,0,0,0
2016-05,0,0,0.0,0.0,0,0,0,0,0,0,0.0,0,0,0,0,0.0,0,0,0,0,0.0,0,0,0.0,0,0,0.0,0,0,0,0,0,0,0,0,0,0,0,0.0,0,0,0,0,0,0,0,0.0,0,0,0,0,0.0,0.0,0,0,0,0,0,0,0,0,0,0,0,0,0.0,0.0,0.0,0.0,0,0,0,0,0,0,0,0,0,0.0,0,0,0,0,0,0,0,0,0,0,0,0.0,67,0,0,0,0,0,0,0,0,0,0,0.0,0,0,0.0,0,0,0,0,0.0,0.0,0.0,0,0,0,0,0,0
2016-06,0,0,0.0,0.0,0,0,0,0,0,0,0.0,0,0,0,0,0.0,0,0,0,0,0.0,0,0,0.0,0,0,0.0,0,0,0,0,0,0,0,0,0,0,0,0.0,0,0,0,0,0,0,0,0.0,0,0,0,0,0.0,0.0,0,0,0,0,0,0,0,0,0,0,0,0,0.0,0.0,0.0,0.0,0,0,0,0,0,0,0,0,0,0.0,0,0,0,0,0,0,0,0,0,0,0,0.0,0,0,0,0,0,0,0,0,0,0,0,0.0,0,0,0.0,0,0,0,0,0.0,0.0,0.0,0,0,0,0,0,0
2016-07,0,0,0.0,0.0,0,0,0,0,0,0,0.0,0,0,0,0,0.0,0,0,0,0,0.0,0,0,0.0,0,0,0.0,0,0,0,0,0,0,0,0,0,0,0,0.0,0,0,0,0,0,0,0,0.0,0,0,0,0,0.0,0.0,0,0,0,0,0,0,0,0,0,0,0,0,0.0,0.0,0.0,0.0,0,0,0,0,0,0,0,0,0,0.0,0,0,0,0,0,0,0,0,0,0,0,0.0,0,0,0,0,0,0,0,0,0,0,0,0.0,0,0,0.0,0,0,0,0,0.0,0.0,0.0,0,0,0,0,0,0
2016-08,0,0,0.0,0.0,67,0,0,0,0,67,0.0,0,0,0,67,0.0,0,0,0,67,0.0,0,0,0.0,67,0,0.0,0,0,67,0,0,0,0,67,0,0,0,0.0,67,0,0,0,0,67,0,0.0,0,0,67,0,0.0,0.0,0,67,0,0,0,0,67,0,0,0,0,67,0.0,0.0,0.0,0.0,2,0,0,0,0,67,0,0,0,0.0,67,0,0,0,67,0,0,0,0,67,0,0.0,0,0,67,0,0,0,0,67,0,0,0,0.0,2,0,0.0,0,0,67,0,0.0,0.0,0.0,9,0,0,0,0,67
2016-09,0,0,0.0,0.0,48,0,0,0,0,48,0.0,0,0,0,48,0.0,0,0,0,48,0.0,0,0,0.0,48,0,0.0,0,0,48,0,0,0,0,48,0,0,0,0.0,48,0,0,0,0,48,0,0.0,0,0,48,0,0.0,0.0,0,48,0,0,0,0,48,0,0,0,0,48,0.0,0.0,0.0,0.0,1,0,0,0,0,48,0,0,0,0.0,48,0,0,0,48,0,0,0,0,48,0,0.0,0,0,48,0,0,0,0,48,0,0,0,0.0,2,0,0.0,0,0,48,0,0.0,0.0,0.0,6,0,0,0,0,48
2016-10,0,0,0.0,0.0,52,0,0,0,0,52,0.0,0,0,0,52,0.0,0,0,0,52,0.0,0,0,0.0,52,0,0.0,0,0,52,0,0,0,0,52,0,0,0,0.0,52,0,0,0,0,52,0,0.0,0,0,52,0,0.0,0.0,0,52,0,0,0,0,52,0,0,0,0,52,0.0,0.0,0.0,0.0,2,0,0,0,0,52,0,0,0,0.0,52,0,0,0,52,0,76,0,0,52,0,0.0,0,0,52,0,0,0,0,52,0,0,0,0.0,2,0,0.0,0,0,52,0,0.0,0.0,0.0,7,0,0,0,0,52
2016-11,0,0,0.0,0.0,98,0,0,0,0,98,0.0,0,0,0,98,0.0,0,0,0,98,0.0,0,0,0.0,98,0,0.0,0,0,98,0,0,0,0,98,0,0,0,0.0,98,0,0,0,0,98,0,0.0,0,0,98,0,0.0,0.0,0,98,0,0,0,0,98,0,0,0,0,98,0.0,0.0,0.0,0.0,3,0,0,0,0,98,0,0,0,0.0,98,0,0,0,98,0,0,0,0,98,0,0.0,0,0,98,0,0,0,0,98,0,0,0,0.0,3,0,0.0,0,0,98,0,0.0,0.0,0.0,13,0,0,0,0,98
2016-12,0,0,0.0,0.0,86,0,0,0,0,86,0.0,0,0,0,86,0.0,0,0,0,86,0.0,0,0,0.0,86,0,0.0,0,0,86,0,0,0,0,86,0,0,0,0.0,86,0,0,0,0,86,0,0.0,0,0,86,0,0.0,0.0,0,86,0,0,0,0,86,0,0,0,0,86,0.0,0.0,0.0,0.0,3,0,0,0,0,86,0,0,0,0.0,86,0,0,0,86,0,0,0,0,86,0,0.0,0,0,86,0,0,0,0,86,0,0,0,0.0,3,0,0.0,0,0,86,0,0.0,0.0,0.0,12,0,0,0,0,86
2017-01,0,0,0.0,0.0,0,0,0,0,0,0,0.0,0,0,0,0,0.0,0,0,0,0,0.0,0,0,0.0,0,0,0.0,0,0,0,0,0,0,0,0,0,0,0,0.0,0,0,0,0,0,0,0,0.0,0,0,0,0,0.0,0.0,0,0,0,0,0,0,0,0,0,0,0,0,0.0,0.0,0.0,0.0,0,0,0,0,0,0,0,0,0,0.0,0,0,0,0,0,0,0,0,0,0,0,0.0,0,0,0,0,43,0,0,0,0,0,0,0.0,0,0,0.0,0,0,0,0,0.0,0.0,0.0,0,0,0,0,0,0
2017-02,0,0,0.0,0.0,70,0,0,0,0,70,0.0,0,0,0,70,0.0,0,0,0,70,0.0,0,0,0.0,70,0,0.0,0,0,70,0,0,0,0,70,0,0,0,0.0,70,0,0,0,0,70,0,0.0,0,0,70,0,0.0,0.0,0,70,0,0,0,0,70,0,0,0,0,70,0.0,0.0,0.0,0.0,2,0,0,0,0,70,0,0,0,0.0,70,0,0,0,70,0,0,0,0,70,0,0.0,0,0,70,0,0,0,0,70,0,0,0,0.0,2,0,0.0,0,0,70,0,0.0,0.0,0.0,9,0,0,0,0,70
2017-03,0,0,0.0,0.0,100,0,0,0,0,100,0.0,0,0,0,100,0.0,0,0,0,100,0.0,0,0,0.0,100,0,0.0,0,0,100,0,0,0,0,100,0,0,0,0.0,100,0,0,0,0,100,0,0.0,0,0,100,0,0.0,0.0,0,100,0,0,0,0,100,0,0,0,0,100,0.0,0.0,0.0,0.0,3,0,0,0,0,100,0,0,0,0.0,100,0,0,0,100,0,0,0,0,100,0,0.0,0,0,100,0,0,0,0,100,0,0,0,0.0,3,0,0.0,0,0,100,0,0.0,0.0,0.0,13,0,0,0,0,100
2017-04,0,0,0.0,0.0,80,0,0,0,0,80,0.0,0,0,0,80,0.0,0,0,0,80,0.0,0,0,0.0,80,0,0.0,0,0,80,0,0,0,0,80,0,0,0,0.0,80,0,0,0,0,80,0,0.0,0,0,80,0,0.0,0.0,0,80,0,0,0,0,80,0,0,0,0,80,0.0,0.0,0.0,0.0,2,0,0,0,0,80,0,0,0,0.0,80,0,0,0,80,0,0,0,0,80,0,0.0,0,0,80,0,0,0,0,80,0,0,0,0.0,3,0,0.0,0,0,80,0,0.0,0.0,0.0,11,0,0,0,0,80
2017-05,0,0,0.0,0.0,67,0,0,0,0,67,0.0,0,0,0,67,0.0,0,0,0,67,0.0,0,0,0.0,67,0,0.0,0,0,67,0,0,0,0,67,0,0,0,0.0,67,0,0,0,0,67,0,0.0,0,0,67,0,0.0,0.0,0,67,0,0,0,0,67,0,0,0,0,67,0.0,0.0,0.0,0.0,2,0,0,0,0,67,0,0,0,0.0,67,0,0,0,67,0,0,0,0,67,0,0.0,0,0,67,0,0,0,0,67,0,0,0,0.0,2,0,0.0,0,0,67,0,0.0,0.0,0.0,9,0,0,0,0,67
2017-06,0,0,0.0,0.0,58,0,0,0,0,58,0.0,0,0,0,58,0.0,0,0,0,58,0.0,0,0,0.0,58,0,0.0,0,0,58,0,0,0,0,58,0,0,0,0.0,58,0,0,0,0,58,28,0.0,0,0,58,0,0.0,0.0,0,58,0,0,0,0,58,0,0,0,0,58,0.0,0.0,0.0,0.0,2,0,0,0,0,58,0,0,0,0.0,58,0,0,0,58,0,0,0,0,58,0,0.0,0,0,58,0,0,0,0,58,0,0,0,0.0,2,0,0.0,0,0,58,0,0.0,0.0,0.0,8,0,0,0,0,58
2017-07,0,0,0.0,0.0,54,0,0,0,0,54,0.0,0,0,0,54,0.0,0,0,0,54,0.0,0,0,0.0,54,0,0.0,0,0,54,0,0,0,0,54,0,0,0,0.0,54,0,0,0,0,54,37,0.0,0,0,54,0,0.0,0.0,0,54,0,0,0,0,54,0,0,0,0,54,0.0,0.0,0.0,0.0,2,0,0,0,0,54,0,0,0,0.0,54,0,0,0,54,0,0,0,0,54,0,0.0,0,0,54,0,0,0,0,54,0,0,0,0.0,2,0,0.0,0,0,54,0,0.0,0.0,0.0,7,0,0,0,0,54
2017-08,0,0,0.0,0.0,34,0,0,0,0,34,0.0,0,0,0,34,0.0,0,0,0,34,0.0,0,0,0.0,34,0,0.0,0,0,34,0,0,0,0,34,0,0,0,0.0,34,0,0,0,0,34,0,0.0,0,0,34,0,0.0,0.0,0,34,0,0,0,0,34,0,0,0,0,34,0.0,0.0,0.0,0.0,1,0,0,0,0,34,0,0,0,0.0,34,0,0,0,34,0,0,0,0,34,0,0.0,0,0,34,0,0,0,0,34,0,0,0,0.0,1,0,0.0,0,0,34,0,0.0,0.0,0.0,5,0,0,0,0,34
2017-09,0,0,0.0,0.0,47,0,0,0,0,47,0.0,0,0,0,47,0.0,0,0,0,47,0.0,0,0,0.0,47,0,0.0,0,0,47,0,0,0,0,47,0,0,0,0.0,47,0,0,0,0,47,0,0.0,0,0,47,0,0.0,0.0,0,47,0,0,0,0,47,0,0,0,0,47,0.0,0.0,0.0,0.0,1,0,0,0,0,47,0,0,0,0.0,47,0,0,0,47,0,0,0,0,47,0,0.0,0,0,47,0,0,0,0,47,0,0,0,0.0,1,0,0.0,0,19,47,0,0.0,0.0,0.0,6,0,0,0,0,47
2017-10,0,0,0.0,0.0,89,0,0,0,0,89,0.0,0,0,0,89,0.0,0,0,0,89,0.0,0,0,0.0,89,0,0.0,0,0,89,0,0,0,0,89,0,0,0,0.0,89,0,0,0,0,89,24,0.0,0,0,89,0,0.0,0.0,0,89,0,0,0,0,89,0,0,0,0,89,0.0,0.0,0.0,0.0,3,0,15,0,0,89,0,0,0,0.0,89,0,0,0,89,0,0,0,0,89,0,0.0,0,0,89,0,0,0,0,89,0,0,0,0.0,3,0,0.0,0,0,89,0,0.0,0.0,0.0,12,0,0,0,0,89
2017-11,0,0,0.0,0.0,67,0,0,0,0,67,0.0,0,0,0,67,0.0,0,0,0,67,0.0,0,0,0.0,67,0,0.0,0,0,67,0,0,0,0,67,0,0,0,0.0,67,0,0,0,0,67,0,0.0,0,0,67,0,0.0,0.0,0,67,0,0,0,0,67,0,0,0,0,67,0.0,0.0,0.0,0.0,2,0,0,0,14,67,0,14,0,0.0,67,0,0,0,67,0,0,0,0,67,0,0.0,0,0,67,0,0,0,0,67,0,0,0,0.0,2,0,0.0,0,0,67,0,0.0,0.0,0.0,9,0,0,0,0,67
2017-12,0,0,0.0,0.0,54,0,0,0,0,54,0.0,0,0,0,54,0.0,0,0,0,54,19.0,0,0,0.0,54,0,0.0,0,0,54,0,0,0,0,54,0,0,14,0.0,54,0,0,0,0,54,14,0.0,0,0,54,0,0.0,0.0,0,54,0,0,0,0,54,0,0,0,0,54,0.0,0.0,0.0,0.0,2,0,0,0,0,54,0,0,0,0.0,54,0,0,0,54,0,0,0,0,54,0,0.0,0,0,54,0,0,0,0,54,0,0,0,0.0,2,0,0.0,0,0,54,0,0.0,0.0,0.0,7,0,0,0,0,54
2018-01,0,0,0.0,0.0,42,0,0,0,0,42,0.0,0,16,0,42,0.0,0,0,0,42,0.0,0,0,0.0,42,0,0.0,0,0,42,0,0,0,0,42,0,0,0,0.0,42,0,0,0,0,42,13,0.0,0,0,42,0,0.0,0.0,0,42,0,0,0,0,42,0,0,0,0,42,0.0,0.0,0.0,0.0,1,0,0,0,0,42,0,0,0,0.0,42,0,0,0,42,0,0,0,0,42,0,0.0,0,0,42,0,0,0,0,42,0,0,0,0.0,1,0,0.0,0,0,42,0,0.0,0.0,0.0,6,0,0,0,0,42
2018-02,0,0,0.0,0.0,58,0,0,0,0,58,0.0,0,0,0,58,0.0,0,0,0,58,0.0,0,0,0.0,58,0,0.0,0,0,58,0,0,0,0,58,0,0,0,0.0,58,0,0,0,0,58,25,0.0,0,0,58,0,0.0,0.0,0,58,0,0,0,0,58,0,0,0,0,58,0.0,0.0,0.0,0.0,2,0,0,0,0,58,0,0,0,0.0,58,0,0,0,58,0,0,0,0,58,0,0.0,0,0,58,0,0,0,0,58,0,0,0,0.0,2,0,0.0,0,0,58,0,0.0,0.0,0.0,8,0,0,0,0,58
2018-03,0,0,0.0,0.0,48,0,0,0,0,48,0.0,0,0,0,48,0.0,0,0,0,48,0.0,0,0,0.0,48,0,0.0,0,0,48,0,0,0,0,48,0,0,34,0.0,48,0,0,0,0,48,35,0.0,0,0,48,0,0.0,0.0,0,48,0,0,0,0,48,0,0,0,0,48,0.0,0.0,0.0,0.0,1,0,0,0,20,48,0,20,0,0.0,48,0,0,0,48,0,0,0,0,48,0,0.0,0,0,48,0,0,0,0,48,0,0,0,0.0,2,0,0.0,0,0,48,0,0.0,0.0,0.0,6,0,0,0,0,48
2018-04,0,0,11.0,0.0,73,0,0,0,0,73,0.0,0,0,0,73,0.0,12,0,0,73,0.0,0,0,0.0,73,0,0.0,0,0,73,0,0,0,0,73,0,0,12,0.0,73,0,0,0,0,73,20,0.0,0,0,73,0,0.0,0.0,0,73,0,0,0,0,73,0,0,0,0,73,0.0,0.0,0.0,0.0,2,0,0,0,12,73,0,12,0,0.0,73,0,0,0,73,0,0,0,0,73,0,0.0,0,0,73,0,0,0,0,73,0,0,0,0.0,2,0,0.0,0,0,73,0,0.0,0.0,0.0,10,0,0,0,0,73
2018-05,0,0,0.0,0.0,58,0,0,0,0,58,0.0,0,0,0,58,0.0,0,0,0,58,0.0,0,0,0.0,58,0,0.0,0,0,58,0,0,0,0,58,0,0,17,0.0,58,0,0,0,0,58,34,0.0,0,0,58,0,0.0,0.0,0,58,0,0,0,0,58,0,0,0,0,58,0.0,0.0,0.0,0.0,2,0,0,0,12,58,0,12,0,0.0,58,0,0,0,58,0,0,0,0,58,0,0.0,0,0,58,0,0,0,0,58,0,0,0,0.0,2,0,0.0,0,0,58,0,0.0,0.0,0.0,8,0,0,0,0,58
2018-06,0,0,0.0,0.0,52,0,0,0,0,52,0.0,0,0,0,52,0.0,0,0,0,52,0.0,0,0,0.0,52,0,0.0,0,0,52,0,0,0,0,52,0,0,0,0.0,52,0,0,0,0,52,18,0.0,0,0,52,0,0.0,0.0,0,52,0,0,0,0,52,0,0,0,0,52,0.0,0.0,0.0,0.0,2,0,0,0,0,52,0,0,0,0.0,52,0,0,0,52,0,0,0,0,52,0,0.0,0,0,52,0,0,0,0,52,0,0,0,0.0,2,0,0.0,0,0,52,0,0.0,0.0,0.0,7,0,0,0,0,52
2018-07,0,0,0.0,0.0,46,0,0,0,0,46,0.0,0,12,0,46,0.0,0,0,0,46,0.0,0,0,0.0,46,0,0.0,0,0,46,0,0,0,0,46,0,0,13,0.0,46,0,0,0,0,46,36,0.0,0,0,46,0,0.0,0.0,0,46,0,0,0,0,46,0,0,0,0,46,0.0,0.0,0.0,0.0,1,0,0,0,11,46,0,11,0,0.0,46,0,0,0,46,0,0,0,0,46,0,0.0,0,0,46,0,0,0,0,46,0,0,0,0.0,1,0,0.0,0,0,46,0,0.0,1.0,0.0,6,0,0,0,0,46
2018-08,0,0,0.0,0.0,44,10,0,0,10,44,0.0,0,0,0,44,0.0,0,0,0,44,0.0,0,0,0.0,44,0,0.0,0,0,44,0,0,0,0,44,0,0,32,0.0,44,0,0,0,0,44,26,0.0,0,0,44,0,0.0,0.0,0,44,0,10,0,0,44,0,0,0,0,44,0.0,0.0,0.0,0.0,1,0,0,0,0,44,0,0,0,0.0,44,0,0,0,44,0,0,0,0,44,0,0.0,0,0,44,0,0,0,0,44,0,0,0,0.0,1,0,0.0,0,0,44,0,0.0,0.0,0.0,6,0,0,0,0,44
2018-09,0,0,0.0,8.0,48,0,0,0,0,48,0.0,0,0,0,48,0.0,0,0,0,48,0.0,0,0,0.0,48,0,0.0,0,0,48,0,0,0,0,48,0,0,15,0.0,48,0,0,0,0,48,41,0.0,0,0,48,0,0.0,0.0,0,48,0,0,0,0,48,0,0,0,0,48,0.0,0.0,0.0,0.0,1,0,0,0,20,48,0,20,0,8.0,48,0,0,0,48,0,0,0,0,48,0,0.0,0,0,48,0,0,0,0,48,0,0,0,0.0,2,0,0.0,0,0,48,0,0.0,0.0,0.0,6,0,0,0,0,48
2018-10,0,0,0.0,0.0,43,0,0,0,0,43,0.0,0,0,0,43,0.0,0,0,0,43,0.0,0,0,0.0,43,0,0.0,8,0,43,0,0,0,0,43,0,0,13,0.0,43,0,0,0,0,43,30,0.0,0,0,43,0,0.0,0.0,0,43,0,0,0,0,43,0,0,0,0,43,0.0,0.0,0.0,0.0,1,0,0,0,14,43,0,14,0,0.0,43,0,0,0,43,0,0,0,0,43,0,0.0,0,0,43,0,0,0,0,43,0,0,0,0.0,1,0,0.0,0,0,43,0,0.0,0.0,0.0,6,0,0,0,0,43
2018-11,0,0,0.0,0.0,56,0,0,0,0,56,0.0,0,0,0,56,0.0,0,0,0,56,0.0,0,0,0.0,56,0,0.0,0,0,56,0,0,0,0,56,0,0,23,0.0,56,0,0,0,0,56,14,0.0,0,0,56,0,0.0,0.0,0,56,0,0,0,0,56,0,0,0,0,56,0.0,0.0,0.0,0.0,2,0,0,0,0,56,0,0,0,0.0,56,0,0,0,56,0,0,0,0,56,0,0.0,0,0,56,0,0,0,0,56,0,0,0,0.0,2,0,0.0,0,0,56,0,0.0,0.0,0.0,7,0,0,0,0,56
2018-12,0,0,0.0,0.0,47,0,0,0,0,47,0.0,0,11,0,47,0.0,0,0,0,47,0.0,0,0,0.0,47,0,0.0,0,0,47,0,0,0,0,47,0,0,27,0.0,47,0,0,0,0,47,19,0.0,0,0,47,6,0.0,0.0,0,47,0,0,0,0,47,0,0,0,0,47,0.0,0.0,0.0,0.0,1,0,9,0,8,47,0,8,0,0.0,47,0,0,0,47,0,0,0,0,47,0,0.0,0,0,47,0,0,0,0,47,0,0,0,0.0,1,0,0.0,0,0,47,0,0.0,0.0,0.0,6,0,0,0,0,47
2019-01,0,0,0.0,0.0,50,0,0,0,0,50,0.0,0,7,0,50,0.0,0,0,0,50,0.0,0,0,0.0,50,0,0.0,0,0,50,0,0,0,0,50,0,0,21,0.0,50,0,0,0,0,50,27,0.0,0,0,50,0,0.0,0.0,0,50,26,0,0,0,50,0,0,0,0,50,0.0,0.0,0.0,0.0,2,0,0,0,0,50,0,0,0,0.0,50,0,0,0,50,0,0,0,0,50,0,0.0,0,0,50,0,0,0,0,50,0,0,0,0.0,2,0,0.0,0,0,50,0,0.0,0.0,0.0,7,0,0,0,0,50
2019-02,0,0,0.0,0.0,54,0,0,0,0,54,0.0,0,9,0,54,0.0,0,0,0,54,0.0,0,0,0.0,54,0,0.0,0,0,54,0,0,0,0,54,0,0,10,0.0,54,0,0,0,0,54,30,0.0,0,0,54,0,0.0,0.0,0,54,8,0,0,0,54,0,0,0,0,54,0.0,0.0,0.0,0.0,2,0,0,0,10,54,0,10,0,0.0,54,0,0,0,54,0,0,0,0,54,0,0.0,0,0,54,0,0,0,0,54,0,0,0,0.0,2,0,0.0,0,0,54,0,0.0,0.0,0.0,7,8,0,0,0,54
2019-03,0,0,0.0,0.0,54,0,0,0,0,54,0.0,0,20,0,54,0.0,0,0,0,54,0.0,0,0,0.0,54,0,0.0,10,0,54,0,0,0,0,54,0,0,22,0.0,54,0,0,0,0,54,28,0.0,0,0,54,0,0.0,8.0,0,54,0,0,0,0,54,0,0,0,0,54,0.0,0.0,0.0,0.0,2,0,0,0,19,54,0,19,0,0.0,54,0,0,0,54,0,0,0,0,54,0,0.0,0,0,54,0,0,0,0,54,0,0,0,0.0,2,0,0.0,0,0,54,0,0.0,0.0,1.0,7,0,0,0,0,54
2019-04,0,0,0.0,0.0,49,0,0,0,0,49,0.0,0,7,0,49,0.0,0,0,0,49,0.0,0,0,0.0,49,0,0.0,0,0,49,0,0,0,0,49,0,0,15,0.0,49,0,0,0,0,49,40,0.0,0,0,49,0,0.0,0.0,0,49,0,7,0,0,49,0,0,0,0,49,0.0,0.0,0.0,0.0,2,0,0,0,9,49,0,9,0,0.0,49,0,0,0,49,0,0,0,0,49,0,0.0,0,0,49,0,0,0,0,49,0,0,0,0.0,2,0,0.0,0,0,49,0,0.0,0.0,0.0,7,0,0,0,0,49
2019-05,0,0,0.0,0.0,60,0,0,0,0,60,0.0,0,13,0,60,0.0,0,0,0,60,0.0,0,0,0.0,60,0,0.0,0,0,60,0,0,0,0,60,0,0,12,0.0,60,0,0,0,0,60,65,0.0,0,0,60,0,0.0,0.0,0,60,8,0,0,0,60,0,0,0,0,60,0.0,0.0,0.0,0.0,2,0,0,0,10,60,0,10,0,0.0,60,0,0,0,60,0,0,0,0,60,0,0.0,0,0,60,0,0,0,0,60,0,0,0,0.0,2,0,0.0,0,8,60,0,0.0,0.0,0.0,8,0,0,0,0,60
2019-06,0,0,0.0,0.0,37,0,0,0,0,37,0.0,0,7,0,37,0.0,0,0,0,37,0.0,0,0,0.0,37,0,0.0,9,0,37,0,0,5,0,37,0,0,7,0.0,37,5,0,0,0,37,37,0.0,0,0,37,0,0.0,0.0,0,37,0,0,0,0,37,0,0,0,0,37,0.0,0.0,0.0,0.0,1,0,0,0,8,37,0,8,0,0.0,37,0,0,0,37,0,0,0,0,37,0,0.0,0,0,37,0,0,0,0,37,0,0,0,0.0,1,0,0.0,0,0,37,0,0.0,0.0,1.0,5,0,0,0,0,37
2019-07,0,0,0.0,0.0,52,0,0,0,0,52,0.0,0,10,0,52,0.0,0,0,0,52,0.0,0,0,0.0,52,0,0.0,8,0,52,0,0,0,8,52,0,0,6,0.0,52,0,0,0,0,52,19,0.0,0,0,52,8,0.0,0.0,0,52,0,0,0,0,52,0,0,0,0,52,0.0,0.0,0.0,0.0,2,0,0,0,9,52,0,9,0,0.0,52,0,0,0,52,0,0,0,0,52,0,0.0,0,0,52,0,0,0,0,52,0,0,0,0.0,2,0,0.0,0,0,52,0,0.0,0.0,0.0,7,0,0,0,0,52
2019-08,0,0,0.0,0.0,44,0,0,0,0,44,0.0,0,12,0,44,0.0,3,0,0,44,0.0,0,0,0.0,44,0,0.0,4,0,44,0,0,0,0,44,0,0,19,0.0,44,0,0,0,0,44,26,0.0,0,0,44,6,0.0,0.0,0,44,4,0,0,0,44,0,0,0,0,44,0.0,0.0,0.0,0.0,1,0,0,0,6,44,0,6,0,0.0,44,0,0,0,44,0,0,0,0,44,0,0.0,0,0,44,0,0,0,0,44,0,0,0,0.0,1,0,0.0,0,0,44,0,0.0,0.0,1.0,6,0,0,0,0,44
2019-09,0,0,0.0,0.0,52,0,0,0,0,52,0.0,5,16,0,52,0.0,0,0,0,52,0.0,0,0,0.0,52,0,0.0,7,0,52,0,0,5,0,52,0,0,30,0.0,52,5,0,0,0,52,51,0.0,0,0,52,6,0.0,0.0,0,52,9,0,0,0,52,0,0,0,0,52,0.0,0.0,0.0,0.0,2,0,0,0,10,52,0,10,0,0.0,52,0,0,0,52,0,0,0,0,52,0,0.0,0,0,52,0,0,0,0,52,0,0,0,0.0,2,0,0.0,0,0,52,0,0.0,0.0,1.0,7,0,0,0,0,52
2019-10,0,0,0.0,0.0,61,0,0,0,0,61,0.0,0,9,0,61,0.0,0,0,0,61,0.0,0,0,0.0,61,0,0.0,11,0,61,0,0,7,6,61,0,0,32,0.0,61,7,0,0,0,61,39,0.0,0,0,61,7,0.0,0.0,0,61,11,0,0,0,61,0,0,0,0,61,0.0,0.0,0.0,0.0,2,0,0,0,14,61,0,14,0,0.0,61,0,0,0,61,0,0,0,0,61,0,0.0,0,0,61,0,0,0,0,61,0,0,0,0.0,2,0,0.0,0,0,61,0,0.0,0.0,0.0,8,0,0,0,0,61
2019-11,0,0,0.0,0.0,46,0,0,0,0,46,0.0,0,9,0,46,0.0,0,0,0,46,0.0,0,0,0.0,46,0,0.0,5,0,46,0,0,0,0,46,0,0,19,0.0,46,0,0,0,0,46,23,0.0,0,0,46,0,0.0,0.0,0,46,0,0,0,0,46,0,0,0,0,46,0.0,0.0,0.0,0.0,1,0,0,0,8,46,0,8,0,0.0,46,0,0,0,46,0,0,0,0,46,0,0.0,0,0,46,0,0,0,0,46,0,0,0,0.0,1,0,0.0,0,0,46,0,0.0,0.0,2.0,6,11,0,0,0,46
2019-12,0,0,0.0,0.0,45,0,0,0,0,45,0.0,0,7,0,45,0.0,0,0,0,45,0.0,0,0,0.0,45,0,0.0,7,0,45,0,0,0,0,45,0,0,17,0.0,45,0,0,0,0,45,21,0.0,0,0,45,0,0.0,0.0,0,45,5,0,0,0,45,0,0,0,0,45,0.0,0.0,0.0,0.0,1,0,0,0,6,45,0,6,0,0.0,45,0,0,0,45,0,0,0,0,45,0,0.0,0,0,45,0,0,0,0,45,0,0,0,0.0,1,0,0.0,0,0,45,0,0.0,0.0,0.0,6,5,0,0,0,45
2020-01,0,0,0.0,0.0,43,0,0,0,0,43,0.0,0,9,0,43,0.0,0,0,0,43,0.0,4,0,0.0,43,0,0.0,6,0,43,0,0,0,0,43,0,0,16,0.0,43,0,0,0,0,43,34,0.0,0,0,43,5,0.0,0.0,0,43,0,0,0,0,43,0,0,0,0,43,0.0,0.0,0.0,0.0,1,0,0,0,12,43,0,12,0,0.0,43,0,0,0,43,0,0,0,0,43,0,0.0,0,0,43,0,0,0,0,43,0,0,0,0.0,1,0,0.0,0,5,43,0,0.0,0.0,1.0,6,0,0,0,0,43
2020-02,0,0,0.0,0.0,52,0,0,0,0,52,0.0,0,9,0,52,0.0,0,0,0,52,0.0,0,0,0.0,52,0,0.0,6,0,52,0,0,0,0,52,0,0,18,0.0,52,0,0,0,0,52,43,0.0,0,0,52,0,0.0,0.0,5,52,4,4,0,0,52,0,0,0,0,52,0.0,0.0,0.0,0.0,2,0,0,0,11,52,0,11,0,0.0,52,0,0,0,52,0,0,0,0,52,0,0.0,0,0,52,0,0,0,0,52,0,0,0,0.0,2,0,0.0,0,8,52,0,0.0,0.0,1.0,7,0,0,0,0,52
2020-03,0,0,0.0,0.0,39,0,0,0,0,39,0.0,6,17,0,39,0.0,0,0,3,39,0.0,0,0,0.0,39,0,0.0,5,0,39,0,0,8,3,39,0,0,24,0.0,39,8,0,0,0,39,15,0.0,0,0,39,3,0.0,0.0,0,39,3,0,0,0,39,0,0,0,0,39,0.0,0.0,0.0,0.0,1,4,3,0,6,39,0,6,0,0.0,39,0,0,0,39,0,0,0,0,39,0,0.0,0,0,39,0,0,0,0,39,0,0,0,0.0,1,0,0.0,0,8,39,0,0.0,0.0,1.0,5,0,0,0,0,39
2020-04,0,0,0.0,0.0,40,0,0,0,0,40,0.0,6,9,0,40,0.0,3,0,0,40,0.0,0,0,0.0,40,0,0.0,7,0,40,0,0,7,0,40,0,0,9,0.0,40,7,0,0,0,40,9,0.0,0,1,40,0,0.0,0.0,0,40,3,0,0,0,40,0,0,0,0,40,0.0,0.5,0.0,0.0,1,4,2,0,7,40,0,7,0,0.0,40,2,0,0,40,0,0,0,0,40,0,0.0,0,0,40,0,0,0,0,40,0,0,0,0.0,1,0,0.0,0,7,40,0,0.0,0.5,0.5,5,0,0,0,0,40
2020-05,0,0,0.0,0.0,38,0,0,0,0,38,0.0,6,8,0,38,0.0,3,0,0,38,0.0,0,0,0.0,38,0,0.0,7,0,38,0,0,7,0,38,0,0,9,0.0,38,7,0,0,0,38,9,0.0,0,3,38,3,0.0,0.0,0,38,2,0,0,2,38,0,0,0,0,38,0.0,0.0,0.0,0.0,1,4,2,0,6,38,0,6,0,0.0,38,2,0,0,38,0,0,0,0,38,0,0.0,0,0,38,0,0,0,0,38,0,0,0,0.0,1,0,0.0,0,7,38,0,0.0,0.0,1.0,5,0,0,0,0,38
2020-06,0,0,0.0,0.0,46,0,0,0,0,46,0.0,5,7,0,46,0.0,2,0,0,46,0.0,0,0,0.0,46,0,0.0,6,0,46,0,0,4,0,46,0,0,9,0.0,46,4,0,0,0,46,9,0.0,0,0,46,3,0.0,0.0,0,46,4,0,0,0,46,0,0,0,0,46,0.5,0.0,0.0,0.0,1,3,0,0,7,46,0,7,0,0.0,46,2,0,0,46,0,0,0,0,46,0,0.0,0,0,46,0,0,0,0,46,0,0,0,0.0,1,0,0.0,0,9,46,0,0.0,0.0,1.0,6,2,0,0,0,46
2020-07,0,0,0.0,0.0,48,0,0,0,0,48,0.0,5,8,0,48,0.0,3,0,0,48,0.0,0,0,0.0,48,0,0.0,5,0,48,0,0,3,0,48,0,1,7,0.0,48,3,0,0,0,48,12,0.0,0,0,48,3,0.0,0.0,1,48,2,2,0,0,48,0,0,0,0,48,0.0,0.0,0.0,0.0,1,5,3,0,9,48,0,9,0,0.0,48,2,0,0,48,0,0,0,0,48,0,0.0,0,0,48,0,0,0,0,48,0,0,0,0.0,1,0,0.0,0,5,48,0,0.0,0.0,1.0,6,0,0,0,0,48
2020-08,0,0,0.0,0.0,41,0,0,0,0,41,0.0,5,8,0,41,0.0,4,0,0,41,0.0,0,0,0.0,41,0,0.0,6,0,41,0,0,3,2,41,0,4,16,0.0,41,3,0,0,1,41,11,0.0,0,0,41,2,0.0,0.0,0,41,2,0,0,1,41,0,0,0,0,41,0.0,0.0,0.0,0.0,1,3,0,0,9,41,0,9,0,0.0,41,0,0,0,41,0,0,0,0,41,0,0.0,0,0,41,0,0,0,0,41,0,0,0,0.0,1,0,0.0,0,7,41,0,0.0,0.0,1.0,5,2,0,0,0,41
2020-09,0,0,0.0,0.0,39,0,0,0,0,39,0.0,4,7,0,39,0.0,5,0,0,39,0.0,0,0,0.0,39,0,0.0,6,0,39,0,0,3,0,39,0,0,15,0.0,39,3,0,0,0,39,17,0.0,0,0,39,2,0.0,0.0,0,39,2,2,0,0,39,0,0,0,0,39,0.0,0.5,0.0,0.0,1,5,0,0,9,39,0,9,0,0.0,39,0,1,0,39,0,0,0,0,39,0,0.0,0,0,39,0,0,0,0,39,0,0,0,0.0,1,0,0.0,0,6,39,0,0.0,0.0,1.0,5,3,0,0,0,39
2020-10,0,0,0.0,0.0,41,0,0,0,0,41,0.0,4,14,0,41,0.0,3,0,0,41,0.0,0,0,0.0,41,0,0.0,7,0,41,0,0,3,5,41,0,0,10,0.0,41,3,0,0,0,41,33,0.0,0,0,41,3,0.0,0.0,0,41,4,2,0,0,41,0,0,0,0,41,0.0,0.0,0.0,0.5,1,4,1,8,10,41,0,10,0,0.0,41,0,3,0,41,0,0,0,0,41,0,0.0,0,0,41,0,0,0,0,41,0,0,0,0.0,1,0,0.0,0,5,41,0,0.0,0.0,1.0,5,2,0,0,0,41
2020-11,0,0,0.0,0.0,35,0,0,0,0,35,0.0,5,8,0,35,0.0,3,0,0,35,0.0,7,0,0.0,35,0,0.0,24,0,35,0,0,2,2,35,0,2,11,0.0,35,2,0,0,2,35,31,0.0,2,2,35,2,0.0,0.0,0,35,3,2,0,0,35,0,0,0,0,35,0.0,0.0,0.0,0.0,1,3,1,1,11,35,0,11,0,0.0,35,1,0,0,35,0,0,0,0,35,0,0.0,0,0,35,0,0,0,0,35,0,0,0,0.5,1,0,0.0,0,19,35,0,0.0,0.5,1.0,5,3,0,0,0,35
2020-12,0,0,0.0,0.0,37,0,0,0,0,37,0.0,6,11,0,37,0.0,2,0,0,37,0.0,0,0,0.0,37,0,0.0,9,0,37,0,0,3,2,37,0,0,93,0.0,37,3,0,0,0,37,29,0.0,2,0,37,2,0.0,0.0,0,37,4,2,0,1,37,0,0,0,0,37,0.0,0.0,0.0,0.0,1,4,0,3,8,37,0,8,0,0.0,37,1,0,0,37,0,0,0,0,37,0,0.0,0,0,37,0,0,0,0,37,0,0,0,0.0,1,0,0.0,0,13,37,0,0.0,0.0,1.0,5,2,0,0,0,37
2021-01,0,0,0.0,0.0,41,0,0,0,0,41,0.0,4,9,0,41,0.0,2,0,0,41,0.0,1,0,0.0,41,0,0.0,6,0,41,0,0,2,2,41,0,3,45,0.0,41,2,0,0,0,41,25,0.0,0,2,41,2,0.0,0.0,0,41,3,2,0,0,41,0,0,0,0,41,0.0,0.0,0.0,0.0,1,5,2,0,6,41,0,6,0,0.0,41,0,0,0,41,2,0,0,0,41,0,0.0,0,0,41,0,0,0,0,41,0,0,0,0.0,1,0,0.0,0,6,41,0,0.0,0.0,1.0,5,2,0,0,0,41
2021-02,0,0,0.0,0.0,42,0,0,0,0,42,0.0,4,11,0,42,0.0,2,0,0,42,0.0,0,0,0.0,42,0,0.0,9,0,42,0,0,2,3,42,0,2,34,0.0,42,2,0,0,0,42,20,0.0,0,0,42,2,0.0,0.0,0,42,3,2,0,1,42,0,0,0,0,42,0.0,0.5,0.0,0.0,1,3,0,2,8,42,0,8,0,0.0,42,3,0,0,42,0,0,0,0,42,0,0.0,0,0,42,0,0,0,0,42,0,0,0,0.0,1,0,0.0,0,5,42,0,0.0,0.0,1.0,6,2,0,0,0,42
2021-03,0,0,0.0,0.0,38,0,0,0,0,38,0.0,5,29,0,38,0.0,2,0,0,38,0.0,0,0,0.0,38,0,0.0,10,0,38,0,0,5,2,38,0,2,29,0.0,38,5,0,1,0,38,19,0.0,0,0,38,2,0.0,0.0,0,38,4,3,0,2,38,0,0,0,0,38,0.5,0.0,0.0,0.0,1,3,2,0,16,38,0,16,0,0.0,38,1,0,0,38,0,0,0,0,38,0,0.0,0,0,38,0,0,0,0,38,0,0,0,0.0,1,0,0.0,0,15,38,0,0.0,0.0,1.0,5,2,0,0,0,38
2021-04,0,0,0.0,0.0,38,0,0,0,0,38,0.0,5,8,0,38,0.0,3,0,0,38,0.0,0,0,0.0,38,0,0.0,9,0,38,0,0,3,0,38,0,0,12,0.0,38,3,0,0,1,38,17,0.0,0,2,38,2,0.0,0.0,0,38,3,1,0,2,38,0,0,0,0,38,0.0,0.0,0.0,0.0,1,2,2,0,6,38,0,6,0,0.0,38,0,0,0,38,0,0,0,0,38,0,0.0,0,0,38,0,0,0,0,38,0,0,0,0.0,1,0,0.0,0,8,38,0,0.0,0.0,1.0,5,2,0,0,0,38
2021-05,0,0,0.0,0.0,37,0,0,0,0,37,0.0,4,7,0,37,0.0,3,0,0,37,0.0,0,0,0.0,37,0,0.0,7,0,37,0,0,3,1,37,0,3,7,0.0,37,3,0,0,0,37,12,0.0,0,0,37,0,0.0,0.0,0,37,2,2,0,1,37,0,0,0,0,37,0.0,0.0,0.0,0.0,1,3,3,0,6,37,0,6,0,0.0,37,0,0,0,37,0,0,0,0,37,0,0.0,0,0,37,0,0,0,0,37,0,0,0,0.5,1,0,0.0,0,8,37,0,0.0,0.5,1.0,5,2,0,0,0,37
2021-06,0,0,0.0,0.0,34,0,0,0,0,34,0.0,5,8,0,34,0.0,3,0,0,34,0.0,0,0,0.0,34,0,0.0,10,0,34,0,0,2,2,34,0,4,9,0.0,34,2,0,0,1,34,18,0.0,0,0,34,2,0.0,0.0,0,34,3,1,0,0,34,0,0,0,0,34,0.0,0.5,0.0,0.0,1,2,2,0,9,34,0,9,0,0.0,34,0,0,0,34,0,0,0,0,34,0,0.0,0,0,34,0,0,0,0,34,0,0,0,0.0,1,0,0.0,0,11,34,0,0.0,0.0,1.0,5,1,0,0,0,34
2021-07,0,0,1.0,0.0,31,0,0,0,0,31,0.0,4,7,0,31,0.0,4,0,0,31,0.0,0,0,0.0,31,0,0.0,8,0,31,0,0,2,0,31,0,1,7,0.0,31,2,0,0,2,31,13,0.0,0,0,31,2,0.0,0.0,0,31,2,0,0,0,31,0,0,0,0,31,0.0,0.0,0.0,0.5,1,3,2,1,6,31,0,6,0,0.0,31,1,0,0,31,0,0,0,0,31,0,0.0,0,0,31,0,0,0,1,31,0,0,0,0.0,1,0,0.0,0,7,31,0,0.0,0.5,0.5,4,2,0,0,0,31
2021-08,0,0,0.0,0.0,33,0,0,0,0,33,0.0,4,9,0,33,0.0,15,0,0,33,0.0,0,0,0.0,33,0,0.0,12,0,33,0,0,3,0,33,0,2,18,0.0,33,3,0,0,1,33,13,0.0,0,1,33,2,0.0,0.0,0,33,1,1,1,1,33,0,0,0,0,33,0.5,0.0,0.0,0.5,1,2,2,0,7,33,0,7,0,0.0,33,1,0,0,33,0,0,0,0,33,0,0.0,0,0,33,0,0,0,0,33,0,0,0,0.0,1,0,0.0,0,8,33,0,0.0,0.0,1.0,4,2,0,0,0,33
2021-09,0,0,0.0,0.0,32,0,0,0,0,32,0.0,4,9,0,32,0.0,6,0,0,32,0.0,2,0,0.0,32,0,0.0,11,0,32,0,0,2,2,32,0,2,22,0.0,32,2,0,0,0,32,15,0.0,0,1,32,2,0.0,0.0,0,32,2,1,1,0,32,0,0,0,0,32,0.0,0.0,0.0,0.0,1,2,1,1,10,32,0,10,0,0.0,32,2,0,0,32,0,0,0,0,32,0,0.0,0,0,32,0,0,0,0,32,0,0,0,0.0,1,0,0.0,0,14,32,0,0.0,0.5,1.0,4,4,0,0,0,32
2021-10,0,0,0.0,0.0,31,0,0,0,0,31,0.0,4,8,0,31,0.0,4,0,0,31,0.0,0,0,0.0,31,0,0.0,10,0,31,0,0,2,0,31,0,2,34,0.0,31,2,0,0,0,31,17,0.0,0,0,31,3,0.0,0.0,0,31,3,3,0,0,31,0,0,0,0,31,0.0,0.0,0.0,0.0,1,3,3,0,8,31,0,8,0,0.0,31,0,0,0,31,0,0,0,0,31,0,0.0,0,0,31,0,0,0,0,31,0,0,0,0.0,1,0,0.0,0,13,31,0,0.0,0.0,1.0,4,3,0,0,0,31
2021-11,0,0,0.0,0.0,40,0,0,0,0,40,0.0,6,10,0,40,0.0,2,0,0,40,0.0,0,0,0.0,40,0,0.0,9,0,40,0,0,2,0,40,0,3,22,0.0,40,2,0,0,0,40,20,0.0,0,0,40,4,0.0,0.0,0,40,3,3,0,0,40,0,0,0,0,40,0.0,0.5,0.0,0.0,1,3,0,0,10,40,0,10,0,0.0,40,0,0,0,40,0,0,0,0,40,0,0.0,0,0,40,0,0,0,0,40,0,0,0,0.0,1,0,0.0,0,10,40,0,0.0,0.0,1.0,5,3,0,0,0,40
2021-12,0,0,0.0,0.0,28,0,0,0,0,28,2.0,4,11,0,28,0.0,3,0,0,28,0.0,0,0,0.0,28,0,0.0,10,0,28,0,0,3,0,28,0,0,20,0.0,28,3,0,0,0,28,17,0.0,0,0,28,3,0.0,0.0,0,28,5,3,0,2,28,0,0,0,0,28,0.0,0.0,0.0,0.0,1,4,0,2,10,28,0,10,0,0.0,28,0,0,0,28,0,0,0,0,28,0,0.0,0,0,28,0,0,0,0,28,0,0,0,0.0,1,0,0.0,0,6,28,0,0.0,0.0,1.0,4,4,0,0,0,28
2022-01,0,0,0.0,0.0,34,0,0,0,0,34,0.0,6,8,0,34,0.0,3,0,0,34,0.0,0,0,0.0,34,0,0.0,11,0,34,0,0,2,0,34,0,8,10,0.0,34,2,0,1,0,34,15,0.0,0,2,34,4,0.0,0.0,0,34,4,2,0,0,34,0,0,0,0,34,0.0,0.0,0.0,0.0,1,2,2,0,10,34,0,10,0,0.0,34,0,0,0,34,0,0,0,0,34,0,0.0,0,0,34,0,0,0,0,34,0,0,0,0.0,1,0,0.0,0,6,34,0,0.0,0.0,1.0,5,1,0,0,0,34
2022-02,0,0,0.0,0.0,30,0,0,0,0,30,0.0,5,9,1,30,0.0,4,0,0,30,0.0,0,0,0.0,30,0,0.0,11,0,30,0,0,2,0,30,0,2,9,0.0,30,2,0,1,1,30,19,0.0,0,1,30,3,0.0,0.0,0,30,4,2,0,0,30,0,0,0,0,30,0.0,0.5,0.0,0.5,1,2,2,1,10,30,0,10,0,0.0,30,2,1,0,30,0,0,0,0,30,0,0.0,0,0,30,0,0,0,0,30,0,0,0,0.0,1,0,0.0,0,11,30,0,0.0,0.0,1.0,4,2,0,0,0,30
2022-03,0,0,0.0,0.0,39,0,0,0,0,39,0.0,6,22,0,39,0.0,33,0,0,39,0.0,1,0,0.0,39,0,0.0,13,0,39,0,0,3,2,39,0,2,26,0.0,39,3,0,0,2,39,26,0.0,0,1,39,5,0.0,0.0,1,39,4,2,2,2,39,0,0,0,0,39,0.5,0.5,0.0,0.0,1,3,1,0,16,39,0,16,0,0.0,39,1,0,0,39,0,0,0,0,39,0,0.0,0,0,39,0,0,0,0,39,0,0,0,0.0,1,0,0.0,0,11,39,0,0.0,0.0,1.0,5,4,0,0,0,39
2022-04,0,0,0.0,0.0,36,0,0,0,0,36,0.0,6,10,0,36,0.0,5,0,0,36,0.0,0,0,0.0,36,0,0.0,9,0,36,0,0,4,2,36,0,2,14,0.0,36,4,0,0,1,36,29,0.0,0,2,36,3,0.0,0.0,0,36,4,2,0,1,36,0,0,0,0,36,0.0,0.5,0.0,0.5,1,2,1,2,11,36,0,11,0,0.0,36,3,0,0,36,0,0,0,0,36,0,0.0,0,0,36,0,0,0,0,36,0,0,0,0.0,1,0,0.0,0,8,36,0,0.0,0.5,1.0,5,3,0,0,0,36
2022-05,0,0,0.0,0.0,36,0,0,0,0,36,0.0,5,11,0,36,0.0,5,0,0,36,0.0,0,0,0.0,36,0,0.0,9,0,36,0,0,4,2,36,0,1,14,0.0,36,4,0,1,1,36,29,0.0,0,1,36,3,0.0,0.0,1,36,3,2,0,2,36,0,0,0,0,36,0.5,0.5,0.0,0.0,1,2,2,1,10,36,0,10,0,0.0,36,1,0,0,36,0,0,0,0,36,0,0.0,0,0,36,1,0,0,0,36,0,0,0,0.0,1,0,0.0,0,7,36,0,0.0,0.0,1.0,5,2,0,0,0,36
2022-06,0,0,0.0,0.0,38,0,0,0,0,38,0.0,6,9,0,38,0.0,4,0,0,38,0.0,0,0,0.0,38,0,0.0,8,0,38,0,0,3,2,38,0,4,21,0.0,38,3,0,0,1,38,42,0.0,0,1,38,4,0.0,0.0,0,38,3,2,1,2,38,0,0,0,0,38,0.0,0.0,0.0,0.5,1,3,1,2,11,38,0,11,0,0.0,38,0,0,0,38,0,0,0,0,38,0,0.0,0,0,38,0,0,0,0,38,0,0,0,0.0,1,0,0.0,0,9,38,0,0.0,0.0,1.0,5,3,0,0,0,38
2022-07,0,0,0.0,0.0,27,0,0,0,0,27,0.0,5,9,0,27,0.0,3,0,0,27,0.0,0,0,0.0,27,0,0.0,8,0,27,0,0,2,2,27,0,3,13,0.0,27,2,0,1,0,27,17,0.0,0,2,27,3,0.0,0.0,1,27,3,1,2,1,27,0,0,0,0,27,0.0,0.0,0.0,0.0,1,2,2,1,8,27,0,8,0,0.0,27,2,1,0,27,0,0,0,0,27,0,0.0,0,0,27,0,0,0,0,27,0,0,0,0.0,1,0,0.0,0,7,27,0,0.0,0.0,1.0,4,2,0,0,0,27
2022-08,0,0,0.0,0.0,34,0,0,0,0,34,0.0,5,8,0,34,0.0,4,0,0,34,0.0,0,0,0.0,34,0,0.0,11,0,34,0,0,3,2,34,0,3,29,0.0,34,3,0,0,0,34,17,1.0,0,1,34,3,0.0,0.0,1,34,4,2,1,2,34,0,0,0,0,34,0.5,0.5,0.0,0.0,1,2,1,1,11,34,0,11,0,0.0,34,3,0,0,34,0,0,0,0,34,0,0.0,0,0,34,0,0,0,0,34,0,0,0,0.0,1,0,0.0,0,7,34,0,0.0,0.0,1.0,4,3,0,0,0,34
2022-09,0,0,0.0,0.0,38,0,0,0,0,38,0.0,5,13,0,38,1.0,3,0,0,38,0.0,0,0,0.0,38,0,0.0,9,0,38,0,0,2,1,38,0,2,49,0.0,38,2,0,1,0,38,23,0.0,0,2,38,4,0.0,0.0,0,38,4,2,1,1,38,0,0,0,0,38,0.5,0.5,0.0,0.0,1,2,2,1,12,38,0,12,0,0.0,38,1,0,0,38,0,0,0,0,38,0,0.0,0,0,38,0,0,0,0,38,0,0,0,0.0,1,0,0.0,0,8,38,0,0.0,0.5,1.0,5,4,0,2,0,38
2022-10,0,0,1.0,0.0,36,0,0,0,0,36,0.0,5,10,0,36,0.0,3,0,0,36,0.0,0,0,0.0,36,0,0.0,9,0,36,1,0,3,2,36,0,2,41,0.0,36,3,0,0,1,36,25,0.0,0,1,36,3,0.0,0.0,0,36,3,1,2,1,36,0,0,0,0,36,0.0,0.5,0.0,0.0,1,1,1,2,13,36,0,13,0,0.0,36,1,1,0,36,0,0,0,0,36,0,0.0,0,0,36,1,0,0,0,36,0,0,0,0.0,1,0,0.0,0,9,36,0,0.0,0.0,1.0,5,3,0,0,0,36
2022-11,0,0,0.0,0.0,36,0,0,0,0,36,1.0,5,11,0,36,0.0,4,0,0,36,0.0,0,0,0.0,36,0,0.0,9,0,36,0,0,3,1,36,0,2,15,0.0,36,3,0,0,1,36,23,0.0,0,0,36,4,0.0,0.0,1,36,3,1,1,1,36,0,0,0,0,36,0.0,0.5,0.0,0.0,1,2,1,1,11,36,0,11,0,0.0,36,1,1,0,36,0,0,0,0,36,0,0.0,0,0,36,0,0,0,0,36,0,0,0,0.0,1,0,0.0,0,13,36,0,0.0,0.0,1.0,5,3,0,0,0,36
2022-12,0,0,0.0,0.0,26,0,0,0,0,26,0.0,6,9,0,26,0.0,3,0,0,26,0.0,0,0,0.0,26,0,1.0,8,0,26,0,0,2,1,26,0,2,11,0.0,26,2,0,1,0,26,30,0.0,0,1,26,4,0.0,0.0,0,26,2,1,1,1,26,0,0,0,0,26,0.0,0.0,0.0,0.5,1,2,0,2,9,26,0,9,0,0.0,26,1,2,0,26,0,0,0,0,26,0,0.0,0,0,26,0,0,0,0,26,0,0,0,0.0,1,0,0.0,0,13,26,0,0.0,0.0,1.0,4,2,0,0,0,26
2023-01,0,0,0.0,0.0,28,0,0,0,0,28,0.0,5,9,0,28,0.0,4,0,0,28,0.0,0,0,0.0,28,0,0.0,9,0,28,0,0,2,1,28,0,2,11,0.0,28,2,0,2,2,28,27,0.0,0,0,28,4,0.0,0.0,0,28,3,2,1,1,28,0,0,0,0,28,0.0,0.0,0.0,0.5,1,3,1,1,12,28,0,12,0,0.0,28,2,2,0,28,0,0,0,0,28,0,0.0,0,0,28,0,0,0,0,28,0,0,0,0.0,1,0,0.0,0,7,28,0,0.0,0.0,1.0,4,2,0,0,0,28
2023-02,0,0,0.0,0.0,28,0,0,0,0,28,0.0,6,12,0,28,0.0,4,0,0,28,0.0,1,0,0.0,28,0,0.0,9,0,28,0,0,3,2,28,0,4,14,0.0,28,3,1,2,0,28,25,0.0,0,1,28,3,0.0,0.0,1,28,4,3,2,1,28,0,0,0,0,28,0.0,0.0,0.0,0.5,1,2,1,0,13,28,0,13,0,0.0,28,0,0,0,28,0,0,0,0,28,0,0.0,0,0,28,0,0,0,0,28,0,0,0,0.5,1,0,0.0,0,8,28,0,0.0,0.0,1.0,4,3,0,0,0,28
2023-03,0,0,0.0,1.0,29,0,0,0,0,29,0.0,5,22,0,29,0.0,3,0,0,29,0.0,0,0,0.0,29,0,0.0,8,0,29,0,0,4,2,29,0,4,19,0.0,29,4,0,1,1,29,36,0.0,1,2,29,2,0.0,0.0,0,29,4,3,1,0,29,0,0,0,0,29,0.0,0.5,0.0,0.5,1,3,2,1,16,29,0,16,0,0.0,29,1,1,0,29,0,0,0,0,29,0,0.0,0,0,29,0,0,0,0,29,0,0,0,0.0,1,0,0.0,0,9,29,0,0.0,0.5,1.0,4,3,0,0,0,29
2023-04,0,0,0.0,0.0,27,0,0,0,0,27,0.0,6,9,0,27,0.0,3,0,0,27,0.0,0,0,0.0,27,0,0.0,6,0,27,0,0,4,0,27,0,4,9,0.0,27,4,0,1,1,27,22,0.0,0,1,27,4,0.0,0.0,1,27,2,2,0,2,27,0,0,0,0,27,0.5,0.0,0.0,0.5,1,2,1,0,10,27,0,10,0,0.0,27,1,1,0,27,0,0,0,0,27,0,0.0,0,0,27,0,0,0,0,27,0,0,0,0.5,1,0,0.0,0,9,27,0,0.0,0.0,1.0,4,3,1,0,0,27
2023-05,0,0,0.0,0.0,31,0,0,0,0,31,0.0,5,13,0,31,0.0,4,0,0,31,0.0,0,0,0.0,31,0,0.0,7,0,31,0,0,3,1,31,0,2,16,0.0,31,3,1,1,1,31,21,0.0,1,1,31,5,0.0,0.0,0,31,3,2,2,3,31,0,0,0,0,31,0.0,0.5,0.0,0.5,1,3,1,1,12,31,0,12,0,0.0,31,1,2,0,31,0,0,0,0,31,0,0.0,0,0,31,0,0,0,0,31,0,0,0,0.0,1,0,0.0,0,13,31,0,0.0,0.5,1.0,4,3,0,0,0,31
2023-06,0,0,0.0,0.0,31,0,0,0,0,31,0.0,6,11,0,31,0.0,4,0,0,31,0.0,0,0,0.0,31,0,0.0,9,0,31,0,0,3,1,31,0,1,14,0.0,31,3,0,1,2,31,16,0.0,0,2,31,5,0.0,0.0,0,31,4,2,3,2,31,0,0,0,0,31,0.0,0.5,0.0,0.5,1,3,2,1,10,31,0,10,0,0.0,31,0,1,0,31,0,0,0,0,31,0,0.0,0,0,31,0,0,0,0,31,0,0,0,0.0,1,0,0.0,0,11,31,0,0.0,0.5,1.0,4,3,0,0,0,31
2023-07,0,0,0.0,0.0,24,0,0,0,0,24,0.0,6,9,0,24,0.0,2,0,0,24,0.0,0,0,0.0,24,0,0.0,7,0,24,0,0,2,1,24,0,2,14,0.0,24,2,0,1,0,24,16,0.0,0,2,24,3,0.0,0.0,0,24,3,2,1,1,24,0,0,0,0,24,0.0,0.5,0.0,0.5,1,2,1,0,10,24,0,10,0,0.0,24,0,1,0,24,0,0,0,0,24,0,0.0,0,0,24,0,0,0,0,24,0,0,0,0.0,1,0,0.0,0,7,24,0,0.0,0.0,1.0,3,2,0,0,0,24
2023-08,0,0,0.0,0.0,28,0,0,0,0,28,0.0,8,16,1,28,0.0,32,0,0,28,0.0,0,0,0.0,28,0,0.0,11,0,28,0,0,3,2,28,0,3,36,0.0,28,3,0,1,2,28,18,0.0,1,1,28,4,0.0,0.0,0,28,5,3,2,2,28,0,0,0,0,28,0.5,0.5,0.0,0.5,1,3,0,2,11,28,0,11,0,0.0,28,1,0,1,28,0,0,0,0,28,0,0.0,0,0,28,0,0,0,0,28,0,0,0,0.0,1,0,0.0,0,6,28,0,0.0,0.5,1.0,4,3,0,0,0,28
2023-09,0,0,0.0,0.0,25,0,0,0,0,25,0.0,5,10,0,25,0.0,14,0,0,25,0.0,0,0,0.0,25,0,0.0,7,0,25,0,0,2,1,25,0,2,23,0.0,25,2,0,1,1,25,20,0.0,1,1,25,5,0.0,0.0,1,25,3,2,2,1,25,0,0,0,0,25,0.5,0.5,0.0,0.5,1,2,1,2,11,25,0,11,0,0.0,25,1,0,0,25,0,0,1,0,25,0,0.0,0,0,25,0,0,0,0,25,0,0,0,0.0,1,0,0.0,0,8,25,0,0.0,0.5,1.0,3,3,0,0,0,25
2023-10,0,0,0.0,0.0,26,0,0,0,0,26,0.0,5,9,0,26,1.0,3,0,0,26,0.0,0,0,0.0,26,0,0.0,7,0,26,0,0,4,1,26,0,1,39,0.0,26,4,1,1,2,26,27,0.0,0,2,26,4,0.0,0.0,2,26,3,2,1,1,26,0,0,0,1,26,0.5,0.5,0.0,0.5,1,3,1,1,13,26,0,13,0,1.0,26,1,0,0,26,0,0,0,0,26,0,0.0,0,0,26,0,0,0,0,26,0,0,0,0.5,1,0,0.0,0,10,26,0,0.0,0.5,1.0,3,3,0,0,0,26
2023-11,0,1,0.0,0.0,26,0,0,0,0,26,0.0,6,12,0,26,0.0,2,0,0,26,0.0,0,0,0.0,26,0,0.0,8,0,26,0,0,3,2,26,0,2,15,0.0,26,3,0,1,1,26,50,0.0,0,1,26,4,0.0,0.0,0,26,3,3,1,1,26,0,0,0,0,26,0.0,0.5,0.0,0.0,1,2,1,1,12,26,0,12,0,0.0,26,2,2,0,26,0,0,0,0,26,0,0.0,0,0,26,0,0,0,0,26,0,0,0,0.5,1,0,0.0,0,14,26,0,0.0,0.5,1.0,4,4,0,0,0,26
2023-12,0,0,0.0,0.0,24,0,0,0,0,24,0.0,6,9,0,24,0.0,3,0,0,24,0.0,0,0,0.0,24,1,0.0,7,0,24,0,0,3,1,24,0,2,18,0.0,24,3,0,1,1,24,44,0.0,0,0,24,3,0.0,0.0,0,24,3,2,1,1,24,0,0,0,0,24,0.0,0.5,0.0,0.0,1,3,1,2,9,24,0,9,0,0.0,24,1,1,0,24,0,0,0,0,24,0,0.0,0,0,24,0,0,0,0,24,0,0,0,0.0,1,0,0.0,0,7,24,0,0.0,0.0,1.0,3,4,0,0,0,24
2024-01,0,0,0.0,0.0,25,0,0,0,0,25,0.0,5,9,0,25,0.0,4,0,0,25,0.0,0,0,0.0,25,0,0.0,8,0,25,0,0,3,0,25,0,2,15,0.0,25,3,0,1,1,25,23,0.0,0,2,25,5,0.0,0.0,0,25,25,2,1,1,25,0,0,0,0,25,0.0,0.5,0.0,0.5,1,3,2,0,11,25,0,11,0,0.0,25,1,1,0,25,0,0,0,0,25,0,0.0,0,0,25,0,0,0,0,25,0,0,0,0.0,1,0,0.0,0,7,25,0,0.0,0.0,1.0,3,6,0,0,0,25
2024-02,0,0,0.0,0.0,28,0,0,0,0,28,0.0,5,12,0,28,0.0,3,0,0,28,0.0,0,0,0.0,28,0,0.0,10,0,28,0,0,3,1,28,1,2,11,0.0,28,3,0,0,1,28,27,1.0,0,2,28,5,0.0,0.0,0,28,7,4,0,0,28,0,0,0,0,28,0.5,0.0,0.0,0.5,1,3,2,0,12,28,0,12,0,0.0,28,1,1,0,28,0,0,0,0,28,0,0.0,0,0,28,0,0,0,0,28,0,0,0,0.0,1,0,0.0,0,9,28,0,0.0,0.0,1.0,4,4,0,0,0,28
2024-03,0,0,0.0,0.0,26,0,0,0,0,26,0.0,6,16,0,26,0.0,3,0,0,26,0.0,0,0,0.0,26,0,0.0,9,0,26,0,0,3,0,26,0,2,17,0.0,26,3,0,1,1,26,36,0.0,0,1,26,3,0.0,0.0,0,26,4,3,1,1,26,0,0,0,0,26,0.5,0.5,0.0,0.0,1,3,1,1,14,26,0,14,0,0.0,26,1,1,0,26,0,0,0,0,26,0,0.0,0,0,26,0,0,0,0,26,0,0,0,0.0,1,0,0.0,0,10,26,0,0.0,0.0,1.0,4,3,0,0,0,26
2024-04,0,0,0.0,1.0,22,0,0,0,0,22,0.0,6,9,0,22,0.0,4,0,0,22,0.0,0,0,0.0,22,0,0.0,6,0,22,0,0,4,1,22,0,1,9,0.0,22,4,0,2,1,22,17,0.0,0,1,22,5,0.0,0.0,1,22,3,0,1,2,22,0,0,0,0,22,0.0,0.0,0.0,0.5,1,2,0,0,9,22,0,9,0,0.0,22,0,0,0,22,0,0,0,0,22,0,0.0,0,0,22,0,0,0,0,22,0,0,0,0.5,1,0,0.0,0,7,22,0,0.0,0.0,1.0,3,3,0,0,0,22
2024-05,0,0,0.0,1.0,27,0,0,0,0,27,0.0,5,9,0,27,0.0,3,0,0,27,0.0,1,0,0.0,27,0,0.0,7,0,27,0,0,4,1,27,0,0,12,0.0,27,4,0,0,0,27,23,0.0,0,1,27,5,0.0,0.0,1,27,5,2,0,3,27,0,0,0,0,27,0.5,0.5,0.5,0.0,1,2,1,0,9,27,0,9,0,0.0,27,1,0,0,27,0,0,0,0,27,0,0.0,0,0,27,0,0,0,0,27,0,0,0,0.0,1,0,0.0,0,7,27,0,0.0,0.0,1.0,4,2,0,0,0,27
2024-06,0,0,0.0,1.0,21,0,0,0,0,21,0.0,5,8,0,21,0.0,3,0,0,21,0.0,0,0,0.0,21,0,0.0,6,0,21,0,0,2,1,21,0,0,9,0.0,21,2,0,1,1,21,14,0.0,0,1,21,4,0.0,0.0,0,21,2,2,0,0,21,0,0,0,0,21,0.5,0.5,0.0,0.5,1,2,1,1,8,21,0,8,0,0.0,21,0,0,0,21,0,0,0,0,21,0,0.0,0,0,21,0,0,0,0,21,0,0,0,0.0,1,0,0.0,0,7,21,0,0.0,0.5,1.0,3,2,0,0,0,21
2024-07,0,0,0.0,0.0,26,0,0,0,0,26,0.0,4,8,0,26,0.0,3,0,0,26,0.0,2,0,0.0,26,0,0.0,7,0,26,0,0,2,1,26,0,1,12,0.0,26,2,0,0,0,26,15,0.0,0,0,26,4,0.0,0.0,1,26,4,2,1,0,26,0,0,0,0,26,0.0,0.5,0.0,0.0,1,2,1,1,8,26,0,8,0,0.0,26,0,1,0,26,0,0,0,0,26,1,0.0,0,0,26,0,0,0,0,26,0,0,0,0.0,1,0,0.0,0,15,26,0,0.0,0.0,0.5,4,2,0,0,0,26
2024-08,0,0,0.0,0.0,26,0,0,0,0,26,0.0,5,7,0,26,0.0,4,0,0,26,0.0,6,0,0.0,26,0,0.0,11,0,26,0,0,3,1,26,0,2,42,0.0,26,3,0,1,1,26,11,0.0,0,2,26,3,0.0,0.0,1,26,8,2,0,1,26,0,0,0,0,26,0.0,0.0,0.0,0.0,1,1,2,0,7,26,0,7,0,0.0,26,0,1,0,26,0,0,0,0,26,0,0.0,0,0,26,0,0,0,0,26,0,0,0,0.0,1,0,0.0,0,6,26,0,0.5,0.5,1.0,4,3,0,0,0,26
2024-09,0,0,0.0,0.0,27,0,0,0,0,27,0.0,5,8,0,27,0.0,3,0,0,27,0.0,3,0,0.0,27,0,0.0,7,0,27,0,0,2,2,27,0,1,16,0.0,27,2,0,0,1,27,17,0.0,0,2,27,4,0.0,0.0,1,27,2,2,2,2,27,0,0,0,0,27,0.5,0.0,0.0,0.0,1,2,2,0,8,27,0,8,0,0.0,27,1,0,0,27,0,0,0,0,27,0,0.0,0,0,27,0,0,0,0,27,0,0,0,0.0,1,0,0.0,0,8,27,0,0.0,0.5,1.0,4,2,0,0,0,27
2024-10,0,0,0.0,0.0,29,0,0,0,0,29,0.0,5,10,1,29,0.0,4,0,0,29,1.0,3,0,0.0,29,0,0.0,9,0,29,0,0,2,1,29,0,1,11,0.0,29,2,0,0,1,29,22,0.0,0,1,29,4,0.0,1.0,3,29,2,2,2,2,29,0,0,0,0,29,0.5,0.5,0.0,0.0,1,1,2,0,9,29,0,9,0,0.0,29,1,0,0,29,0,0,0,0,29,0,0.0,0,0,29,0,0,0,0,29,0,0,0,0.0,1,0,0.0,0,8,29,0,0.0,0.5,1.0,4,3,0,0,0,29
2024-11,0,0,0.0,0.0,28,0,0,0,0,28,0.0,6,11,0,28,0.0,5,0,0,28,0.0,4,0,0.0,28,0,0.0,7,0,28,0,0,3,1,28,0,1,9,0.0,28,3,0,1,1,28,18,2.0,0,2,28,4,0.0,0.0,5,28,2,3,1,2,28,0,0,0,0,28,0.5,0.0,0.0,0.5,1,3,2,1,11,28,0,11,0,0.0,28,1,0,0,28,0,0,0,0,28,0,0.0,0,0,28,0,0,0,0,28,0,0,0,0.0,1,0,0.0,0,10,28,0,0.0,0.5,1.0,4,4,0,0,0,28
2024-12,0,0,0.0,0.0,25,0,0,0,0,25,0.0,6,11,0,25,0.0,4,0,0,25,0.0,2,0,0.0,25,0,0.0,9,0,25,0,0,3,1,25,0,0,8,0.0,25,3,0,1,2,25,13,0.0,2,2,25,5,0.0,0.0,6,25,1,2,1,2,25,0,0,0,0,25,0.0,0.5,0.0,0.5,1,2,1,2,11,25,0,11,0,0.0,25,0,0,0,25,0,0,0,0,25,0,0.0,0,0,25,0,0,0,0,25,0,0,0,0.0,1,0,0.0,0,10,25,0,0.0,0.0,1.0,3,2,0,0,0,25
2025-01,0,0,0.0,0.0,27,0,0,0,0,27,0.0,5,10,1,27,0.0,4,0,0,27,1.0,1,0,0.0,27,0,0.0,8,0,27,0,0,4,1,27,0,1,6,0.0,27,4,0,0,2,27,13,0.0,0,1,27,5,0.0,0.0,4,27,0,4,2,2,27,0,0,0,0,27,0.0,0.5,0.0,0.5,1,2,1,0,9,27,0,9,0,0.0,27,1,0,0,27,0,0,0,0,27,0,0.0,0,0,27,0,0,0,0,27,0,0,0,0.0,1,0,0.0,0,6,27,0,0.0,0.0,1.0,4,3,0,0,0,27
2025-02,0,0,0.0,0.0,27,0,0,0,0,27,0.0,5,9,0,27,0.0,3,0,0,27,0.0,3,0,0.0,27,0,0.0,8,0,27,0,0,3,0,27,0,1,9,0.0,27,3,0,0,0,27,14,0.0,0,2,27,5,0.0,0.0,2,27,1,3,2,2,27,0,0,0,0,27,0.0,0.0,0.0,0.0,1,2,2,0,9,27,0,9,0,0.0,27,2,0,0,27,0,0,0,0,27,0,0.0,0,0,27,0,0,0,0,27,0,0,0,0.0,1,0,0.0,0,7,27,0,0.0,0.0,1.0,4,4,0,0,0,27
2025-03,0,0,0.0,0.0,30,0,0,0,0,30,0.0,5,13,0,30,0.0,4,0,0,30,0.0,1,0,0.0,30,0,0.0,6,0,30,0,0,4,1,30,0,2,6,0.0,30,4,0,0,1,30,12,0.0,0,1,30,5,0.0,0.0,2,30,0,3,1,0,30,0,0,0,0,30,0.0,0.5,0.0,0.5,1,2,1,0,10,30,0,10,0,0.0,30,2,0,0,30,0,0,0,0,30,0,0.0,0,0,30,0,0,0,0,30,0,0,0,0.5,1,0,0.0,0,8,30,0,0.0,0.0,1.0,4,2,0,0,0,30
2025-04,0,0,0.0,0.0,26,0,0,0,0,26,0.0,6,9,0,26,0.0,24,0,0,26,0.0,1,0,0.0,26,0,0.0,10,0,26,0,0,3,1,26,0,2,4,0.0,26,3,0,1,1,26,14,0.0,0,1,26,5,0.0,0.0,1,26,0,3,0,3,26,0,0,0,0,26,0.5,0.5,0.0,0.5,1,1,1,0,9,26,1,9,0,0.0,26,0,2,0,26,0,0,0,0,26,0,0.0,0,0,26,0,0,0,0,26,0,0,0,0.5,1,0,0.0,0,8,26,0,0.0,0.0,1.0,3,2,0,0,0,26
2025-05,0,0,0.0,0.0,26,0,0,0,0,26,0.0,4,11,0,26,0.0,4,0,0,26,0.0,0,0,0.0,26,0,0.0,7,0,26,0,0,3,0,26,0,1,4,0.0,26,3,0,0,0,26,16,0.0,0,1,26,6,0.0,0.0,1,26,2,4,2,3,26,0,0,0,0,26,0.0,0.5,0.0,0.5,1,2,0,0,9,26,0,9,0,1.0,26,1,0,0,26,0,0,0,0,26,0,0.0,0,0,26,0,0,0,0,26,0,0,0,0.5,1,0,0.0,0,8,26,0,0.0,0.0,1.0,4,3,0,0,0,26
2025-06,0,0,0.0,1.0,25,0,0,0,0,25,0.0,4,7,0,25,0.0,4,0,0,25,0.0,0,0,0.0,25,0,0.0,8,0,25,0,0,2,1,25,0,2,4,1.0,25,2,0,1,0,25,18,0.0,0,1,25,4,0.0,0.0,0,25,0,3,1,1,25,0,0,0,0,25,0.0,0.0,0.0,0.5,1,2,1,0,11,25,0,11,0,0.0,25,0,1,0,25,0,0,0,0,25,0,0.0,0,0,25,0,0,0,0,25,0,0,0,0.5,1,0,0.0,0,5,25,0,0.0,0.0,0.5,3,3,0,0,0,25
2025-07,0,0,0.0,0.0,22,0,0,0,0,22,0.0,7,10,1,22,0.0,3,0,0,22,0.0,1,0,0.0,22,0,0.0,9,0,22,0,0,3,2,22,0,2,5,0.0,22,3,1,1,1,22,17,0.0,1,2,22,6,0.0,0.0,0,22,2,3,2,2,22,0,0,0,0,22,0.0,0.0,0.0,0.5,1,2,2,2,9,22,0,9,0,0.0,22,2,0,0,22,0,0,0,0,22,0,0.0,0,0,22,0,0,0,0,22,0,0,0,0.0,1,0,0.0,0,8,22,0,0.0,0.0,1.0,3,2,0,0,0,22
2025-08,0,0,0.0,0.0,28,0,0,0,0,28,0.0,7,11,1,28,0.0,4,0,0,28,0.0,1,0,0.0,28,0,0.0,7,0,28,0,0,2,2,28,0,0,7,0.0,28,2,0,0,1,28,20,0.5,1,2,28,7,0.0,0.0,1,28,1,3,2,3,28,0,0,0,0,28,0.5,0.5,0.0,0.5,1,2,2,2,14,28,0,14,0,0.0,28,2,1,0,28,0,0,0,0,28,1,0.0,0,0,28,0,0,0,0,28,0,0,0,0.0,1,0,0.0,0,7,28,0,0.0,0.0,1.0,4,4,0,0,0,28
2025-09,0,0,0.5,0.5,23,0,0,0,0,23,0.5,6,12,1,23,0.5,4,0,0,23,0.5,1,0,0.5,23,0,0.5,10,0,23,0,0,3,1,23,0,12,4,0.5,23,3,1,1,1,23,33,1.0,1,2,23,7,0.5,0.5,1,23,1,4,1,2,23,0,0,0,0,23,0.5,0.5,0.0,0.5,1,3,2,1,12,23,0,12,0,0.5,23,1,1,0,23,0,0,0,0,23,0,0.5,0,0,23,0,0,0,0,23,0,0,0,0.5,1,0,0.5,0,8,23,0,0.5,0.5,1.0,3,3,0,0,0,23
