Month,শিয়ারা,আলাউই,আলাবি,শিয়ারা(2),Email,গির্জা,পুরুষ,নারী,যুবক,Email_file1,প্রবীণ,বয়স্ক,তীর্থযাত্রী,তীর্থযাত্রীরা,Email_file2,সাম্প্রদায়িক,বৈষম্য,প্রান্তিককরণ,হুমকি,Email_file3,হুমকিগুলো,হয়রানি,পরিচয়,যাজক,Email_file4,পুরোহিত,পাদ্রী,ইমাম,নির্যাতন,Email_file5,বেসামরিক নাগরিক,বেসামরিক,শেখ,আয়াতুল্লাহ,Email_file6,ইমাম_file7,গোষ্ঠী,কুল,বংশ,Email_file7,শিক্ষক,আইনজীবী,ব্যবসায়ী,অধ্যাপক,Email_file8,কর্মকর্তা,কর্মকর্তারা,বিচারক,ম্যাজিস্ট্রেট,Email_file9,মন্ত্রী,কর্মচারী,কর্মী,শ্রমিক,Email_file10,কুর্দি,ফাইলি কুর্দি,ফাইলি কুর্দি(2),খ্রিষ্টান,Email_file11,চিকিৎসক,নার্স,সেবিকা,প্রকৌশলী,Email_file12,পরিচালক,সাংবাদিক,মানবাধিকার,শিশু,Email_file13,শিশুসমূহ,শিশু_file14,নিরাপত্তারক্ষী,সিকিউরিটি গার্ড,Email_file14,কারখানা,প্রহরী,জাতিগত বিদ্বেষ,Email_file15,খ্রিস্টান ধর্মাবলম্বী,ইয়াজিদি,তুর্কমেন,শাবাক,Email_file16,মন্দেয়ান,আর্মেনীয়,খালদীয়,ক্যালডীয়,Email_file17,সিরিয়াক,আসিরিয়ান,সার্কাসিয়ান,বাহাই,Email_file18,রোমা,রোমানি জনগোষ্ঠী,মার্শ আরব,ইহুদি,Email_file19,সাবিয়ান,যাযাবর,কৃষ্ণাঙ্গ ইরাকি,ধর্ম,Email_file20,উপদল,সংখ্যালঘু,মাজার,মসজিদ,Email_file21,মন্দির,শোভাযাত্রা,শেষকৃত্য,অন্ত্যেষ্টিক্রিয়া,Email_file22,জাতিগত,নৃগোষ্ঠীগত,সুন্নি,শিয়া,Email_file23
2004-01,0.0,0,0.0,0,0,0.0,0.0,0.0,0.0,0,0.0,0.0,0,0,0.0,0.0,0.0,0,0.0,0.0,0,0.0,0,0,0,0.0,0.0,0.0,0.0,0,0,0.0,0.0,0.0,0,0,0.0,0.0,0,0,0.0,0.0,0.0,0.0,0,0.0,0.0,0.0,0.0,0.0,0,0,0,0,0,0,0.0,0.0,0.0,0.0,0,0.0,0,0,0,0,0,0,0,0,0,0,0,0.0,0,0.0,0.0,0,0,0,0,0,0,0,0,0,0,0,0,0,0,0.0,0.0,0,0.0,0.0,0,0.0,0,0.0,0.0,0,0.0,0.0,0,0.0,0.0,0.0,0,0,0,0,0,0,0,0,0.0,0.0,0
2004-02,0.0,0,0.0,0,0,0.0,0.0,0.0,0.0,0,0.0,0.0,0,0,0.0,0.0,0.0,0,0.0,0.0,0,0.0,0,0,0,0.0,0.0,0.0,0.0,0,0,0.0,0.0,0.0,0,0,0.0,0.0,0,0,0.0,0.0,0.0,0.0,0,0.0,0.0,0.0,0.0,0.0,0,0,0,0,0,0,0.0,0.0,0.0,0.0,0,0.0,0,0,0,0,0,0,0,0,0,0,0,0.0,0,0.0,0.0,0,0,0,0,0,0,0,0,0,0,0,0,0,0,0.0,0.0,0,0.0,0.0,0,0.0,0,0.0,0.0,0,0.0,0.0,0,0.0,0.0,0.0,0,0,0,0,0,0,0,0,0.0,0.0,0
2004-03,0.0,0,0.0,0,0,0.0,0.0,0.0,0.0,0,0.0,0.0,0,0,0.0,0.0,0.0,0,0.0,0.0,0,0.0,0,0,0,0.0,0.0,0.0,0.0,0,0,0.0,0.0,0.0,0,0,0.0,0.0,0,0,0.0,0.0,0.0,0.0,0,0.0,0.0,0.0,0.0,0.0,0,0,0,0,0,0,0.0,0.0,0.0,0.0,0,0.0,0,0,0,0,0,0,0,0,0,0,0,0.0,0,0.0,0.0,0,0,0,0,0,0,0,0,0,0,0,0,0,0,0.0,0.0,0,0.0,0.0,0,0.0,0,0.0,0.0,0,0.0,0.0,0,0.0,0.0,0.0,0,0,0,0,0,0,0,0,0.0,0.0,0
2004-04,0.0,0,0.0,0,0,0.0,0.0,0.0,0.0,0,0.0,0.0,0,0,0.0,0.0,0.0,0,0.0,0.0,0,0.0,0,0,0,0.0,0.0,0.0,0.0,0,0,0.0,0.0,0.0,0,0,0.0,0.0,0,0,0.0,0.0,0.0,0.0,0,0.0,0.0,0.0,0.0,0.0,0,0,0,0,0,0,0.0,0.0,0.0,0.0,0,0.0,0,0,0,0,0,0,0,0,0,0,0,0.0,0,0.0,0.0,0,0,0,0,0,0,0,0,0,0,0,0,0,0,0.0,0.0,0,0.0,0.0,0,0.0,0,0.0,0.0,0,0.0,0.0,0,0.0,0.0,0.0,0,0,0,0,0,0,0,0,0.0,0.0,0
2004-05,0.0,0,0.0,0,0,0.0,0.0,0.0,0.0,0,0.0,0.0,0,0,0.0,0.0,0.0,0,0.0,0.0,0,0.0,0,0,0,0.0,0.0,0.0,0.0,0,0,0.0,0.0,0.0,0,0,0.0,0.0,0,0,0.0,0.0,0.0,0.0,0,0.0,0.0,0.0,0.0,0.0,0,0,0,0,0,100,0.0,0.0,0.0,0.0,0,0.0,0,0,0,0,0,0,0,0,0,0,0,0.0,0,0.0,0.0,0,0,0,0,0,0,0,0,0,0,0,0,0,0,0.0,0.0,0,0.0,0.0,0,0.0,0,0.0,0.0,0,0.0,0.0,0,0.0,0.0,0.0,0,0,0,0,0,0,0,0,0.0,0.0,0
2004-06,0.0,0,0.0,0,0,0.0,0.0,0.0,0.0,0,0.0,0.0,0,0,0.0,0.0,0.0,0,0.0,0.0,0,0.0,0,0,0,0.0,0.0,0.0,0.0,0,0,0.0,0.0,0.0,0,0,0.0,0.0,0,0,0.0,0.0,0.0,0.0,0,0.0,0.0,0.0,0.0,0.0,0,0,0,0,0,0,0.0,0.0,0.0,0.0,0,0.0,0,0,0,0,0,0,0,0,0,0,0,0.0,0,0.0,0.0,0,0,0,0,0,0,0,0,0,0,0,0,0,0,0.0,0.0,0,0.0,0.0,0,0.0,0,0.0,0.0,0,0.0,0.0,0,0.0,0.0,0.0,0,0,0,0,0,0,0,0,0.0,0.0,0
2004-07,0.0,0,0.0,0,0,0.0,0.0,0.0,0.0,0,0.0,0.0,0,0,0.0,0.0,0.0,0,0.0,0.0,0,0.0,0,0,0,0.0,0.0,0.0,0.0,0,0,0.0,0.0,0.0,0,0,0.0,0.0,0,0,0.0,0.0,0.0,0.0,0,0.0,0.0,0.0,0.0,0.0,0,0,0,0,0,0,0.0,0.0,0.0,0.0,0,0.0,0,0,0,0,0,0,0,0,0,0,0,0.0,0,0.0,0.0,0,0,0,0,0,0,0,0,0,0,0,0,0,0,0.0,0.0,0,0.0,0.0,0,0.0,0,0.0,0.0,0,0.0,0.0,0,0.0,0.0,0.0,0,0,0,0,0,0,0,0,0.0,0.0,0
2004-08,0.0,0,0.0,0,0,0.0,0.0,0.0,0.0,0,0.0,0.0,0,0,0.0,0.0,0.0,0,0.0,0.0,0,0.0,0,0,0,0.0,0.0,0.0,0.0,0,0,0.0,0.0,0.0,0,0,0.0,0.0,0,0,0.0,0.0,0.0,0.0,0,0.0,0.0,0.0,0.0,0.0,0,0,0,0,0,0,0.0,0.0,0.0,0.0,0,0.0,0,0,0,0,0,0,0,0,0,0,0,0.0,0,0.0,0.0,0,0,0,0,0,0,0,0,0,0,0,0,0,0,0.0,0.0,0,0.0,0.0,0,0.0,0,0.0,0.0,0,0.0,0.0,0,0.0,0.0,0.0,0,0,0,0,0,0,0,0,0.0,0.0,0
2004-09,0.0,0,0.0,0,0,0.0,0.0,0.0,0.0,0,0.0,0.0,0,0,0.0,0.0,0.0,0,0.0,0.0,0,0.0,0,0,0,0.0,0.0,0.0,0.0,0,0,0.0,0.0,0.0,0,0,0.0,0.0,0,0,0.0,0.0,0.0,0.0,0,0.0,0.0,0.0,0.0,0.0,0,0,0,0,0,0,0.0,0.0,0.0,0.0,0,0.0,0,0,0,0,0,0,0,0,0,0,0,0.0,0,0.0,0.0,0,0,0,0,0,0,0,0,0,0,0,0,0,0,0.0,0.0,0,0.0,0.0,0,0.0,0,0.0,0.0,0,0.0,0.0,0,0.0,0.0,0.0,0,0,0,0,0,0,0,0,0.0,0.0,0
2004-10,0.0,0,0.0,0,0,0.0,0.0,0.0,0.0,0,0.0,0.0,0,0,0.0,0.0,0.0,0,0.0,0.0,0,0.0,0,0,0,0.0,0.0,0.0,0.0,0,0,0.0,0.0,0.0,0,0,0.0,0.0,0,0,0.0,0.0,0.0,0.0,0,0.0,0.0,0.0,0.0,0.0,0,0,0,0,0,0,0.0,0.0,0.0,0.0,0,0.0,0,0,0,0,0,0,0,0,0,0,0,0.0,0,0.0,0.0,0,0,0,0,0,0,0,0,0,0,0,0,0,0,0.0,0.0,0,0.0,0.0,0,0.0,0,0.0,0.0,0,0.0,0.0,0,0.0,0.0,0.0,0,0,0,0,0,0,0,0,0.0,0.0,0
2004-11,0.0,0,0.0,0,0,0.0,0.0,0.0,0.0,0,0.0,0.0,0,0,0.0,0.0,0.0,0,0.0,0.0,0,0.0,0,0,0,0.0,0.0,0.0,0.0,0,0,0.0,0.0,0.0,0,0,0.0,0.0,0,0,0.0,0.0,0.0,0.0,0,0.0,0.0,0.0,0.0,0.0,0,0,0,0,0,0,0.0,0.0,0.0,0.0,0,0.0,0,0,0,0,0,0,0,0,0,0,0,0.0,0,0.0,0.0,0,0,0,0,0,0,0,0,0,0,0,0,0,0,0.0,0.0,0,0.0,0.0,0,0.0,0,0.0,0.0,0,0.0,0.0,0,0.0,0.0,0.0,0,0,0,0,0,0,0,0,0.0,0.0,0
2004-12,0.0,0,0.0,0,0,0.0,0.0,0.0,0.0,0,0.0,0.0,0,0,0.0,0.0,0.0,0,0.0,0.0,0,0.0,0,0,0,0.0,0.0,0.0,0.0,0,0,0.0,0.0,0.0,0,0,0.0,0.0,0,0,0.0,0.0,0.0,0.0,0,0.0,0.0,0.0,0.0,0.0,0,0,0,0,0,0,0.0,0.0,0.0,0.0,0,0.0,0,0,0,0,0,0,0,0,0,0,0,0.0,0,0.0,0.0,0,0,0,0,0,0,0,0,0,0,0,0,0,0,0.0,0.0,0,0.0,0.0,0,0.0,0,0.0,0.0,0,0.0,0.0,0,0.0,0.0,0.0,0,0,0,0,0,0,0,0,0.0,0.0,0
2005-01,0.0,0,0.0,0,0,0.0,0.0,0.0,0.0,0,0.0,0.0,0,0,0.0,0.0,0.0,0,0.0,0.0,0,0.0,0,0,0,0.0,0.0,0.0,0.0,0,0,0.0,0.0,0.0,0,0,0.0,0.0,0,0,0.0,0.0,0.0,0.0,0,0.0,0.0,0.0,0.0,0.0,0,0,0,0,0,0,0.0,0.0,0.0,0.0,0,0.0,0,0,0,0,0,0,0,0,0,0,0,0.0,0,0.0,0.0,0,0,0,0,0,0,0,0,0,0,0,0,0,0,0.0,0.0,0,0.0,0.0,0,0.0,0,0.0,0.0,0,100.0,0.0,0,0.0,0.0,0.0,0,0,0,0,0,0,0,0,0.0,0.0,0
2005-02,0.0,0,0.0,0,0,0.0,0.0,0.0,0.0,0,0.0,0.0,0,0,0.0,0.0,0.0,0,0.0,0.0,0,0.0,0,0,0,0.0,0.0,0.0,0.0,0,0,0.0,0.0,0.0,0,0,0.0,0.0,0,0,0.0,0.0,0.0,0.0,0,0.0,0.0,0.0,0.0,0.0,0,0,0,0,0,0,0.0,0.0,0.0,0.0,0,0.0,0,0,0,0,0,0,0,0,0,0,0,0.0,0,0.0,0.0,0,0,0,0,0,0,0,0,0,0,0,0,0,0,0.0,0.0,0,0.0,0.0,0,0.0,0,0.0,0.0,0,0.0,0.0,0,0.0,0.0,0.0,0,0,0,0,0,0,0,0,0.0,0.0,0
2005-03,0.0,0,0.0,0,0,0.0,0.0,0.0,0.0,0,0.0,0.0,0,0,0.0,0.0,0.0,0,0.0,0.0,0,0.0,0,0,0,0.0,0.0,0.0,0.0,0,0,0.0,0.0,0.0,0,0,0.0,0.0,0,0,0.0,0.0,0.0,0.0,0,0.0,0.0,0.0,0.0,0.0,0,0,0,0,0,0,0.0,0.0,0.0,0.0,0,0.0,0,0,0,0,0,0,0,0,0,0,0,0.0,0,0.0,0.0,0,0,0,0,0,0,0,0,0,0,0,0,0,0,0.0,0.0,0,0.0,0.0,0,0.0,0,0.0,0.0,0,0.0,0.0,0,0.0,0.0,0.0,0,0,0,0,0,0,0,0,0.0,0.0,0
2005-04,0.0,0,0.0,0,0,0.0,0.0,0.0,0.0,0,0.0,0.0,0,0,0.0,0.0,0.0,0,0.0,0.0,0,0.0,0,0,0,0.0,0.0,0.0,0.0,0,0,0.0,0.0,0.0,0,0,0.0,0.0,0,0,0.0,0.0,0.0,0.0,0,0.0,0.0,0.0,0.0,0.0,0,0,0,0,0,0,0.0,0.0,0.0,0.0,0,0.0,0,0,0,0,0,0,0,0,0,0,0,0.0,0,0.0,0.0,0,0,0,0,0,0,0,0,0,0,0,0,0,0,0.0,0.0,0,0.0,0.0,0,0.0,0,0.0,0.0,0,0.0,0.0,0,0.0,0.0,0.0,0,0,0,0,0,0,0,0,0.0,0.0,0
2005-05,0.0,0,0.0,0,0,0.0,0.0,0.0,0.0,0,0.0,0.0,0,0,0.0,0.0,0.0,0,0.0,0.0,0,0.0,0,0,0,0.0,0.0,0.0,0.0,0,0,0.0,0.0,0.0,0,0,0.0,0.0,0,0,0.0,0.0,0.0,0.0,0,0.0,0.0,0.0,0.0,0.0,0,0,0,0,0,0,0.0,0.0,0.0,0.0,0,0.0,0,0,0,0,0,0,0,0,0,0,0,0.0,0,0.0,0.0,0,0,0,0,0,0,0,0,0,0,0,0,0,0,0.0,0.0,0,0.0,0.0,0,0.0,0,0.0,0.0,0,0.0,0.0,0,0.0,0.0,0.0,0,0,0,0,0,0,0,0,0.0,0.0,0
2005-06,0.0,0,0.0,0,0,0.0,0.0,0.0,0.0,0,0.0,0.0,0,0,0.0,0.0,0.0,0,0.0,0.0,0,0.0,0,0,0,0.0,0.0,0.0,0.0,0,0,0.0,0.0,0.0,0,0,0.0,0.0,0,0,0.0,0.0,0.0,0.0,0,0.0,0.0,0.0,0.0,0.0,0,0,0,0,0,0,0.0,0.0,0.0,0.0,0,0.0,0,0,0,0,0,0,0,0,0,0,0,0.0,0,0.0,0.0,0,0,0,0,0,0,0,0,0,0,0,0,0,0,0.0,0.0,0,0.0,0.0,0,0.0,0,0.0,0.0,0,0.0,0.0,0,0.0,0.0,0.0,0,0,0,0,0,0,0,0,0.0,0.0,0
2005-07,0.0,0,0.0,0,0,0.0,0.0,0.0,0.0,0,0.0,0.0,0,0,0.0,0.0,0.0,0,0.0,0.0,0,0.0,0,0,0,0.0,0.0,0.0,0.0,0,0,0.0,0.0,0.0,0,0,0.0,0.0,0,0,0.0,0.0,0.0,0.0,0,0.0,0.0,0.0,0.0,0.0,0,0,0,0,0,0,0.0,0.0,0.0,0.0,0,0.0,0,0,0,0,0,0,0,0,0,0,0,0.0,0,0.0,0.0,0,0,0,0,0,0,0,0,0,0,0,0,0,0,0.0,0.0,0,0.0,0.0,0,0.0,0,0.0,0.0,0,0.0,0.0,0,0.0,0.0,0.0,0,0,0,0,0,0,0,0,0.0,0.0,0
2005-08,0.0,0,0.0,0,0,0.0,0.0,0.0,0.0,0,100.0,0.0,0,0,0.0,0.0,0.0,0,0.0,0.0,0,0.0,0,0,0,0.0,0.0,0.0,0.0,0,0,0.0,0.0,0.0,0,0,0.0,0.0,0,0,0.0,0.0,0.0,0.0,0,0.0,0.0,0.0,0.0,0.0,0,0,0,0,0,0,0.0,0.0,0.0,0.0,0,0.0,0,0,0,0,0,0,0,0,0,0,0,0.0,0,0.0,0.0,0,0,0,0,0,0,0,0,0,0,0,0,0,0,0.0,0.0,0,0.0,0.0,0,0.0,0,0.0,0.0,0,0.0,0.0,0,0.0,0.0,0.0,0,0,0,0,0,0,0,0,0.0,0.0,0
2005-09,0.0,0,0.0,0,0,0.0,0.0,0.0,0.0,0,0.0,0.0,0,0,0.0,0.0,0.0,0,0.0,0.0,0,0.0,0,0,0,0.0,0.0,0.0,0.0,0,0,0.0,0.0,0.0,0,0,0.0,0.0,0,0,0.0,0.0,0.0,0.0,0,0.0,0.0,0.0,0.0,0.0,0,0,0,0,0,0,0.0,0.0,0.0,0.0,0,0.0,0,0,0,0,0,0,0,0,0,0,0,0.0,0,0.0,0.0,0,0,0,0,0,0,0,0,0,0,0,0,0,0,0.0,0.0,0,0.0,0.0,0,0.0,0,0.0,0.0,0,0.0,0.0,0,0.0,0.0,0.0,0,0,0,0,0,0,0,0,0.0,0.0,0
2005-10,0.0,0,0.0,0,0,0.0,0.0,0.0,0.0,0,0.0,0.0,0,0,0.0,0.0,0.0,0,0.0,0.0,0,0.0,0,0,0,0.0,0.0,0.0,0.0,0,0,0.0,0.0,0.0,0,0,0.0,0.0,0,0,0.0,0.0,0.0,0.0,0,0.0,0.0,0.0,0.0,0.0,0,0,0,0,0,0,0.0,0.0,0.0,0.0,0,0.0,0,0,0,0,0,0,0,0,0,0,0,0.0,0,0.0,0.0,0,0,0,0,0,0,0,0,0,0,0,0,0,0,0.0,0.0,0,0.0,0.0,0,0.0,0,0.0,0.0,0,0.0,0.0,0,0.0,0.0,0.0,0,0,0,0,0,0,0,0,0.0,0.0,0
2005-11,0.0,0,0.0,0,0,0.0,0.0,0.0,0.0,0,0.0,0.0,0,0,0.0,0.0,0.0,0,0.0,0.0,0,0.0,0,0,0,0.0,0.0,0.0,0.0,0,0,0.0,0.0,0.0,0,0,0.0,0.0,0,0,0.0,0.0,0.0,0.0,0,0.0,0.0,0.0,0.0,0.0,0,0,0,0,0,0,0.0,0.0,0.0,0.0,0,0.0,0,0,0,0,0,0,0,0,0,0,0,0.0,0,0.0,0.0,0,0,0,0,0,0,0,0,0,0,0,0,0,0,0.0,0.0,0,0.0,0.0,0,0.0,0,0.0,0.0,0,0.0,0.0,0,0.0,0.0,0.0,0,0,0,0,0,0,0,0,0.0,0.0,0
2005-12,0.0,0,0.0,0,0,0.0,0.0,0.0,0.0,0,0.0,0.0,0,0,0.0,0.0,0.0,0,0.0,0.0,0,0.0,0,0,0,0.0,0.0,0.0,0.0,0,0,0.0,0.0,0.0,0,0,0.0,0.0,0,0,0.0,0.0,0.0,0.0,0,0.0,0.0,0.0,0.0,0.0,0,0,0,0,0,0,0.0,0.0,0.0,0.0,0,0.0,0,0,0,0,0,0,0,0,0,0,0,0.0,0,0.0,0.0,0,0,0,0,0,0,0,0,0,0,0,0,0,0,0.0,0.0,0,0.0,0.0,0,0.0,0,0.0,0.0,0,0.0,0.0,0,0.0,0.0,0.0,0,0,0,0,0,0,0,0,0.0,0.0,0
2006-01,0.0,0,0.0,0,0,0.0,0.0,0.0,0.0,0,0.0,0.0,0,0,0.0,0.0,0.0,0,0.0,0.0,0,0.0,0,0,0,0.0,0.0,0.0,0.0,0,0,0.0,0.0,0.0,0,0,0.0,0.0,0,0,0.0,0.0,0.0,0.0,0,0.0,0.0,0.0,0.0,0.0,0,0,0,0,0,0,0.0,0.0,0.0,0.0,0,0.0,0,0,0,0,0,0,0,0,0,0,0,0.0,0,0.0,0.0,0,0,0,0,0,0,0,0,0,0,0,0,0,0,0.0,0.0,0,0.0,0.0,0,0.0,0,0.0,0.0,0,0.0,0.0,0,0.0,0.0,0.0,0,0,0,0,0,0,0,0,0.0,0.0,0
2006-02,0.0,0,0.0,0,0,0.0,0.0,0.0,0.0,0,0.0,0.0,0,0,0.0,0.0,0.0,0,0.0,0.0,0,0.0,0,0,0,0.0,0.0,0.0,0.0,0,0,0.0,0.0,0.0,0,0,0.0,0.0,0,0,0.0,0.0,0.0,0.0,0,0.0,0.0,0.0,0.0,0.0,0,0,0,0,0,0,0.0,0.0,0.0,0.0,0,0.0,0,0,0,0,0,0,0,0,0,0,0,0.0,0,0.0,0.0,0,0,0,0,0,0,0,0,0,0,0,0,0,0,0.0,0.0,0,0.0,0.0,0,0.0,0,0.0,0.0,0,0.0,0.0,0,0.0,0.0,0.0,0,0,0,0,0,0,0,0,0.0,0.0,0
2006-03,0.0,0,0.0,0,0,0.0,0.0,0.0,0.0,0,0.0,0.0,0,0,0.0,0.0,0.0,0,0.0,0.0,0,0.0,0,0,0,0.0,0.0,0.0,0.0,0,0,0.0,0.0,0.0,0,0,0.0,0.0,0,0,0.0,0.0,0.0,0.0,0,0.0,0.0,0.0,0.0,0.0,0,0,0,0,0,0,0.0,0.0,0.0,0.0,0,0.0,0,0,0,0,0,0,0,0,0,0,0,0.0,0,0.0,0.0,0,0,0,0,0,0,0,0,0,0,0,0,0,0,0.0,0.0,0,0.0,0.0,0,0.0,0,0.0,0.0,0,0.0,0.0,0,0.0,0.0,0.0,0,0,0,0,0,0,0,0,0.0,0.0,0
2006-04,0.0,0,0.0,0,0,0.0,0.0,0.0,0.0,0,0.0,0.0,0,0,0.0,0.0,0.0,0,0.0,0.0,0,0.0,0,0,0,0.0,0.0,0.0,0.0,0,0,0.0,0.0,0.0,0,0,0.0,0.0,0,0,0.0,0.0,0.0,0.0,0,0.0,0.0,0.0,0.0,0.0,0,0,0,0,0,0,0.0,0.0,0.0,0.0,0,0.0,0,0,0,0,0,0,0,0,0,0,0,0.0,0,0.0,0.0,0,0,0,0,0,0,0,0,0,0,0,0,0,0,0.0,0.0,0,0.0,0.0,0,0.0,0,0.0,0.0,0,0.0,0.0,0,0.0,0.0,0.0,0,0,0,0,0,0,0,0,0.0,0.0,0
2006-05,0.0,0,0.0,0,0,0.0,0.0,0.0,0.0,0,0.0,0.0,0,0,0.0,0.0,0.0,0,0.0,0.0,0,0.0,0,0,0,0.0,0.0,0.0,0.0,0,0,0.0,0.0,0.0,0,0,0.0,0.0,0,0,0.0,0.0,0.0,0.0,0,0.0,0.0,0.0,0.0,0.0,0,0,0,0,0,0,0.0,0.0,0.0,0.0,0,0.0,0,0,0,0,0,0,0,0,0,0,0,0.0,0,0.0,0.0,0,0,0,0,0,0,0,0,0,0,0,0,0,0,0.0,0.0,0,0.0,0.0,0,0.0,0,0.0,0.0,0,0.0,0.0,0,0.0,0.0,0.0,0,0,0,0,0,0,0,0,0.0,0.0,0
2006-06,0.0,0,0.0,0,0,0.0,0.0,0.0,0.0,0,0.0,0.0,0,0,0.0,0.0,0.0,0,0.0,0.0,0,0.0,0,0,0,0.0,0.0,0.0,0.0,0,0,0.0,0.0,0.0,0,0,0.0,0.0,0,0,0.0,0.0,0.0,0.0,0,0.0,0.0,0.0,0.0,0.0,0,0,0,0,0,0,0.0,0.0,0.0,0.0,0,0.0,0,0,0,0,0,0,0,0,0,0,0,0.0,0,0.0,0.0,0,0,0,0,0,0,0,0,0,0,0,0,0,0,0.0,0.0,0,0.0,0.0,0,0.0,0,0.0,0.0,0,0.0,0.0,0,0.0,0.0,0.0,0,0,0,0,0,0,0,0,0.0,0.0,0
2006-07,0.0,0,0.0,0,0,0.0,0.0,0.0,0.0,0,0.0,0.0,0,0,0.0,0.0,0.0,0,0.0,0.0,0,0.0,0,0,0,0.0,0.0,0.0,0.0,0,0,0.0,0.0,0.0,0,0,0.0,0.0,0,0,0.0,0.0,0.0,0.0,0,0.0,0.0,0.0,0.0,0.0,0,0,0,0,0,0,0.0,0.0,0.0,0.0,0,0.0,0,0,0,0,0,0,0,0,0,0,0,0.0,0,0.0,0.0,0,0,0,0,0,0,0,0,0,0,0,0,0,0,0.0,0.0,0,0.0,0.0,0,0.0,0,0.0,0.0,0,0.0,0.0,0,0.0,0.0,0.0,0,0,0,0,0,0,0,0,0.0,0.0,0
2006-08,0.0,0,0.0,0,0,0.0,0.0,0.0,0.0,0,0.0,0.0,0,0,0.0,0.0,0.0,0,0.0,0.0,0,0.0,0,0,0,0.0,0.0,0.0,0.0,0,0,0.0,0.0,0.0,0,0,0.0,0.0,0,0,0.0,0.0,0.0,0.0,0,0.0,0.0,0.0,0.0,0.0,0,0,0,0,0,0,0.0,0.0,0.0,0.0,0,0.0,0,0,0,0,0,0,0,0,0,0,0,0.0,0,0.0,0.0,0,0,0,0,0,0,0,0,0,0,0,0,0,0,0.0,0.0,0,0.0,0.0,0,0.0,0,0.0,0.0,0,0.0,0.0,0,0.0,0.0,0.0,0,0,0,0,0,0,0,0,0.0,0.0,0
2006-09,0.0,0,0.0,0,0,0.0,0.0,0.0,0.0,0,0.0,0.0,0,0,0.0,0.0,0.0,0,0.0,0.0,0,0.0,0,0,0,0.0,0.0,0.0,0.0,0,0,0.0,0.0,0.0,0,0,0.0,0.0,0,0,0.0,0.0,0.0,0.0,0,0.0,0.0,0.0,0.0,0.0,0,0,0,0,0,0,0.0,0.0,0.0,0.0,0,0.0,0,0,0,0,0,0,0,0,0,0,0,0.0,0,0.0,0.0,0,0,0,0,0,0,0,0,0,0,0,0,0,0,0.0,0.0,0,0.0,0.0,0,0.0,0,0.0,0.0,0,0.0,0.0,0,0.0,0.0,0.0,0,0,0,0,0,0,0,0,0.0,0.0,0
2006-10,0.0,0,0.0,0,0,0.0,0.0,0.0,0.0,0,0.0,0.0,0,0,0.0,0.0,0.0,0,0.0,0.0,0,0.0,0,0,0,0.0,0.0,0.0,0.0,0,0,0.0,0.0,0.0,0,0,0.0,0.0,0,0,0.0,0.0,0.0,0.0,0,0.0,0.0,0.0,0.0,0.0,0,0,0,0,0,0,0.0,0.0,0.0,0.0,0,0.0,0,0,0,0,0,0,0,0,0,0,0,0.0,0,0.0,0.0,0,0,0,0,0,0,0,0,0,0,0,0,0,0,0.0,0.0,0,0.0,0.0,0,0.0,0,0.0,0.0,0,0.0,0.0,0,0.0,0.0,0.0,0,0,0,0,0,0,0,0,0.0,0.0,0
2006-11,0.0,0,0.0,0,0,0.0,0.0,0.0,0.0,0,0.0,0.0,0,0,0.0,0.0,0.0,0,0.0,0.0,0,0.0,0,0,0,0.0,0.0,0.0,0.0,0,0,0.0,0.0,0.0,0,0,0.0,0.0,0,0,0.0,0.0,0.0,0.0,0,0.0,0.0,0.0,0.0,0.0,0,0,0,0,0,0,0.0,0.0,0.0,0.0,0,0.0,0,0,0,0,0,0,0,0,0,0,0,0.0,0,0.0,0.0,0,0,0,0,0,0,0,0,0,0,0,0,0,0,0.0,0.0,0,0.0,0.0,0,0.0,0,0.0,0.0,0,0.0,0.0,0,0.0,0.0,0.0,0,0,0,0,0,0,0,0,0.0,0.0,0
2006-12,0.0,0,0.0,0,0,0.0,0.0,0.0,0.0,0,0.0,0.0,0,0,0.0,0.0,0.0,0,0.0,0.0,0,0.0,0,0,0,0.0,0.0,0.0,0.0,0,0,0.0,0.0,0.0,0,0,0.0,0.0,0,0,0.0,0.0,0.0,0.0,0,0.0,0.0,0.0,0.0,0.0,0,0,0,0,0,0,0.0,0.0,0.0,0.0,0,0.0,0,0,0,0,0,0,0,0,0,0,0,0.0,0,0.0,0.0,0,0,0,0,0,0,0,0,0,0,0,0,0,0,0.0,0.0,0,0.0,0.0,0,0.0,0,0.0,0.0,0,0.0,0.0,0,0.0,0.0,0.0,0,0,0,0,0,0,0,0,0.0,0.0,0
2007-01,0.0,0,0.0,0,0,0.0,0.0,0.0,0.0,0,0.0,0.0,0,0,0.0,0.0,0.0,0,0.0,0.0,0,0.0,0,0,0,0.0,0.0,0.0,0.0,0,0,0.0,0.0,0.0,0,0,0.0,0.0,0,0,0.0,0.0,0.0,0.0,0,0.0,0.0,0.0,0.0,0.0,0,0,0,0,0,0,0.0,0.0,0.0,0.0,0,0.0,0,0,0,0,0,0,0,0,0,0,0,0.0,0,0.0,0.0,0,0,0,0,0,0,0,0,0,0,0,0,0,0,0.0,0.0,0,0.0,0.0,0,0.0,0,0.0,0.0,0,0.0,0.0,0,0.0,0.0,0.0,0,0,0,0,0,0,0,0,0.0,0.0,0
2007-02,0.0,0,0.0,0,0,0.0,0.0,0.0,0.0,0,0.0,0.0,0,0,0.0,0.0,0.0,0,0.0,0.0,0,0.0,0,0,0,0.0,0.0,0.0,0.0,0,0,0.0,0.0,0.0,0,0,0.0,0.0,0,0,0.0,0.0,0.0,0.0,0,0.0,0.0,0.0,0.0,0.0,0,0,0,0,0,0,0.0,0.0,0.0,0.0,0,0.0,0,0,0,0,0,0,0,0,0,0,0,0.0,0,0.0,0.0,0,0,0,0,0,0,0,0,0,0,0,0,0,0,0.0,0.0,0,0.0,0.0,0,0.0,0,0.0,0.0,0,0.0,0.0,0,0.0,0.0,0.0,0,0,0,0,0,0,0,0,0.0,0.0,0
2007-03,0.0,0,0.0,0,0,0.0,0.0,0.0,0.0,0,0.0,0.0,0,0,0.0,0.0,0.0,0,0.0,0.0,0,0.0,0,0,0,0.0,0.0,0.0,0.0,0,0,0.0,0.0,0.0,0,0,0.0,0.0,0,0,0.0,0.0,0.0,0.0,0,0.0,0.0,0.0,0.0,0.0,0,0,0,0,0,0,0.0,0.0,0.0,0.0,0,0.0,0,0,0,0,0,0,0,0,0,0,0,0.0,0,0.0,0.0,0,0,0,0,0,0,0,0,0,0,0,0,0,0,0.0,0.0,0,0.0,0.0,0,0.0,0,0.0,0.0,0,0.0,0.0,0,0.0,0.0,0.0,0,0,0,0,0,0,0,0,0.0,0.0,0
2007-04,0.0,0,0.0,0,0,0.0,0.0,0.0,0.0,0,0.0,0.0,0,0,0.0,0.0,0.0,0,0.0,0.0,0,0.0,0,0,0,0.0,0.0,0.0,0.0,0,0,0.0,0.0,0.0,0,0,0.0,0.0,0,0,0.0,0.0,0.0,0.0,0,0.0,0.0,0.0,0.0,0.0,0,0,0,0,0,0,0.0,0.0,0.0,0.0,0,0.0,0,0,0,0,0,0,0,0,0,0,0,0.0,0,0.0,0.0,0,0,0,0,0,0,0,0,0,0,0,0,0,0,0.0,0.0,0,0.0,0.0,0,0.0,0,0.0,0.0,0,0.0,0.0,0,0.0,0.0,0.0,0,0,0,0,0,0,0,0,0.0,0.0,0
2007-05,0.0,0,0.0,0,0,0.0,0.0,0.0,0.0,0,0.0,0.0,0,0,0.0,0.0,0.0,0,0.0,0.0,0,0.0,0,0,0,0.0,0.0,0.0,0.0,0,0,0.0,0.0,0.0,0,0,0.0,0.0,0,0,0.0,0.0,0.0,0.0,0,0.0,0.0,0.0,0.0,0.0,0,0,0,0,0,0,0.0,0.0,0.0,0.0,0,0.0,0,0,0,0,0,0,0,0,0,0,0,0.0,0,0.0,0.0,0,0,0,0,0,0,0,0,0,0,0,0,0,0,0.0,0.0,0,0.0,0.0,0,0.0,0,0.0,0.0,0,0.0,0.0,0,0.0,0.0,0.0,0,0,0,0,0,0,0,0,0.0,0.0,0
2007-06,0.0,0,0.0,0,0,0.0,0.0,0.0,0.0,0,0.0,0.0,0,0,0.0,0.0,0.0,0,0.0,0.0,0,0.0,0,0,0,0.0,0.0,0.0,0.0,0,0,0.0,0.0,0.0,0,0,0.0,0.0,0,0,0.0,0.0,0.0,0.0,0,0.0,0.0,0.0,0.0,0.0,0,0,0,0,0,0,0.0,0.0,0.0,0.0,0,0.0,0,0,0,0,0,0,0,0,0,0,0,0.0,0,0.0,0.0,0,0,0,0,0,0,0,0,0,0,0,0,0,0,0.0,0.0,0,0.0,0.0,0,0.0,0,0.0,0.0,0,0.0,0.0,0,0.0,0.0,0.0,0,0,0,0,0,0,0,0,0.0,0.0,0
2007-07,0.0,0,0.0,0,0,0.0,0.0,0.0,0.0,0,0.0,0.0,0,0,0.0,0.0,0.0,0,0.0,0.0,0,0.0,0,0,0,0.0,0.0,0.0,0.0,0,0,0.0,0.0,0.0,0,0,0.0,0.0,0,0,0.0,0.0,0.0,0.0,0,0.0,0.0,0.0,0.0,0.0,0,0,0,0,0,0,0.0,0.0,0.0,0.0,0,0.0,0,0,0,0,0,0,0,0,0,0,0,0.0,0,0.0,0.0,0,0,0,0,0,0,0,0,0,0,0,0,0,0,0.0,0.0,0,0.0,0.0,0,0.0,0,0.0,0.0,0,0.0,0.0,0,0.0,0.0,0.0,0,0,0,0,0,0,0,0,0.0,0.0,0
2007-08,0.0,0,0.0,0,0,0.0,0.0,0.0,0.0,0,0.0,0.0,0,0,0.0,0.0,0.0,0,0.0,0.0,0,0.0,0,0,0,0.0,0.0,0.0,0.0,0,0,0.0,0.0,0.0,0,0,0.0,0.0,0,0,0.0,0.0,0.0,0.0,0,0.0,0.0,0.0,0.0,0.0,0,0,0,0,0,0,0.0,0.0,0.0,0.0,0,0.0,0,0,0,0,0,0,0,0,0,0,0,0.0,0,0.0,0.0,0,0,0,0,0,0,0,0,0,0,0,0,0,0,0.0,0.0,0,0.0,0.0,0,0.0,0,0.0,0.0,0,0.0,0.0,0,0.0,0.0,0.0,0,0,0,0,0,0,0,0,0.0,0.0,0
2007-09,0.0,0,0.0,0,0,0.0,0.0,0.0,0.0,0,0.0,0.0,0,0,0.0,0.0,0.0,0,0.0,0.0,0,0.0,0,0,0,0.0,0.0,0.0,0.0,0,0,0.0,0.0,0.0,0,0,0.0,0.0,0,0,0.0,0.0,0.0,0.0,0,0.0,0.0,0.0,0.0,0.0,0,0,0,0,0,0,0.0,0.0,0.0,0.0,0,0.0,0,0,0,0,0,0,0,0,0,0,0,0.0,0,0.0,0.0,0,0,0,0,0,0,0,0,0,0,0,0,0,0,0.0,0.0,0,0.0,0.0,0,0.0,0,0.0,0.0,0,0.0,0.0,0,0.0,0.0,0.0,0,0,0,0,0,0,0,0,0.0,0.0,0
2007-10,0.0,0,0.0,0,0,0.0,0.0,0.0,0.0,0,0.0,0.0,0,0,0.0,0.0,0.0,0,0.0,0.0,0,0.0,0,0,0,0.0,0.0,0.0,0.0,0,0,0.0,0.0,0.0,0,0,0.0,0.0,0,0,0.0,0.0,0.0,0.0,0,0.0,0.0,0.0,0.0,0.0,0,0,0,0,0,0,0.0,0.0,0.0,0.0,0,0.0,0,0,0,0,0,0,0,0,0,0,0,0.0,0,0.0,0.0,0,0,0,0,0,0,0,0,0,0,0,0,0,0,0.0,0.0,0,0.0,0.0,0,0.0,0,0.0,0.0,0,0.0,0.0,0,0.0,0.0,0.0,0,0,0,0,0,0,0,0,0.0,0.0,0
2007-11,0.0,0,0.0,0,0,0.0,0.0,0.0,0.0,0,0.0,0.0,0,0,0.0,0.0,0.0,0,0.0,0.0,0,0.0,0,0,0,0.0,0.0,0.0,0.0,0,0,0.0,0.0,0.0,0,0,0.0,0.0,0,0,0.0,0.0,0.0,0.0,0,0.0,0.0,0.0,0.0,0.0,0,0,0,0,0,0,0.0,0.0,0.0,0.0,0,0.0,0,0,0,0,0,0,0,0,0,0,0,0.0,0,0.0,0.0,0,0,0,0,0,0,0,0,0,0,0,0,0,0,0.0,0.0,0,0.0,0.0,0,0.0,0,0.0,0.0,0,0.0,0.0,0,0.0,0.0,0.0,0,0,0,0,0,0,0,0,0.0,0.0,0
2007-12,0.0,0,0.0,0,0,0.0,0.0,0.0,0.0,0,0.0,0.0,0,0,0.0,0.0,0.0,0,0.0,0.0,0,0.0,0,0,0,0.0,0.0,0.0,0.0,0,0,0.0,0.0,0.0,0,0,0.0,0.0,0,0,0.0,0.0,0.0,0.0,0,0.0,0.0,0.0,0.0,0.0,0,0,0,0,0,0,0.0,0.0,0.0,0.0,0,0.0,0,0,0,0,0,0,0,0,0,0,0,0.0,0,0.0,0.0,0,0,0,0,0,0,0,0,0,0,0,0,0,0,0.0,0.0,0,0.0,0.0,0,0.0,0,0.0,0.0,0,0.0,0.0,0,0.0,0.0,0.0,0,0,0,0,0,0,0,0,0.0,0.0,0
2008-01,0.0,0,0.0,0,0,0.0,0.0,0.0,0.0,0,0.0,0.0,0,0,0.0,0.0,0.0,0,0.0,0.0,0,0.0,0,0,0,0.0,0.0,0.0,0.0,0,0,0.0,0.0,0.0,0,0,0.0,0.0,0,0,0.0,0.0,0.0,0.0,0,0.0,0.0,0.0,0.0,0.0,0,0,0,0,0,0,0.0,0.0,0.0,0.0,0,0.0,0,0,0,0,0,0,0,0,0,0,0,0.0,0,0.0,0.0,0,0,0,0,0,0,0,0,0,0,0,0,0,0,0.0,0.0,0,0.0,0.0,0,0.0,0,0.0,0.0,0,0.0,0.0,0,0.0,0.0,0.0,0,0,0,0,0,0,0,0,0.0,0.0,0
2008-02,0.0,0,0.0,0,0,0.0,0.0,0.0,0.0,0,0.0,0.0,0,0,0.0,0.0,0.0,0,0.0,0.0,0,0.0,0,0,0,0.0,0.0,0.0,0.0,0,0,0.0,0.0,0.0,0,0,0.0,0.0,0,0,0.0,0.0,0.0,0.0,0,0.0,0.0,0.0,0.0,0.0,0,0,0,0,0,0,0.0,0.0,0.0,0.0,0,0.0,0,0,0,0,0,0,0,0,0,0,0,0.0,0,0.0,0.0,0,0,0,0,0,0,0,0,0,0,0,0,0,0,0.0,0.0,0,0.0,0.0,0,0.0,0,0.0,0.0,0,0.0,0.0,0,0.0,0.0,0.0,0,0,0,0,0,0,0,0,0.0,0.0,0
2008-03,0.0,0,0.0,0,0,0.0,0.0,0.0,0.0,0,0.0,0.0,0,0,0.0,0.0,0.0,0,0.0,0.0,0,0.0,0,0,0,0.0,0.0,0.0,0.0,0,0,0.0,0.0,0.0,0,0,0.0,0.0,0,0,0.0,0.0,0.0,0.0,0,0.0,0.0,0.0,0.0,0.0,0,0,0,0,0,0,0.0,0.0,0.0,0.0,0,0.0,0,0,0,0,0,0,0,0,0,0,0,0.0,0,0.0,0.0,0,0,0,0,0,0,0,0,0,0,0,0,0,0,0.0,0.0,0,0.0,0.0,0,0.0,0,0.0,0.0,0,0.0,0.0,0,0.0,0.0,0.0,0,0,0,0,0,0,0,0,0.0,0.0,0
2008-04,0.0,0,0.0,0,0,0.0,0.0,0.0,0.0,0,0.0,0.0,0,0,0.0,0.0,0.0,0,0.0,0.0,0,0.0,0,0,0,0.0,0.0,0.0,0.0,0,0,0.0,0.0,0.0,0,0,0.0,0.0,0,0,0.0,0.0,0.0,0.0,0,0.0,0.0,0.0,0.0,0.0,0,0,0,0,0,0,0.0,0.0,0.0,0.0,0,0.0,0,0,0,0,0,0,0,0,0,0,0,0.0,0,0.0,0.0,0,0,0,0,0,0,0,0,0,0,0,0,0,0,0.0,0.0,0,0.0,0.0,0,0.0,0,0.0,0.0,0,0.0,0.0,0,0.0,0.0,0.0,0,0,0,0,0,0,0,0,0.0,0.0,0
2008-05,0.0,0,0.0,0,0,0.0,0.0,0.0,0.0,0,0.0,0.0,0,0,0.0,0.0,0.0,0,0.0,0.0,0,0.0,0,0,0,0.0,0.0,0.0,0.0,0,0,0.0,0.0,0.0,0,0,0.0,0.0,0,0,0.0,0.0,0.0,0.0,0,0.0,0.0,0.0,0.0,0.0,0,0,0,0,0,0,0.0,0.0,0.0,0.0,0,0.0,0,0,0,0,0,0,0,0,0,0,0,0.0,0,0.0,0.0,0,0,0,0,0,0,0,0,0,0,0,0,0,0,0.0,0.0,0,0.0,0.0,0,0.0,0,0.0,0.0,0,0.0,0.0,0,0.0,0.0,0.0,0,0,0,0,0,0,0,0,0.0,0.0,0
2008-06,0.0,0,0.0,0,0,0.0,0.0,0.0,0.0,0,0.0,0.0,0,0,0.0,0.0,0.0,0,0.0,0.0,0,0.0,0,0,0,0.0,0.0,0.0,0.0,0,0,0.0,0.0,0.0,0,0,0.0,0.0,0,0,0.0,0.0,0.0,0.0,0,0.0,0.0,0.0,0.0,0.0,0,0,0,0,0,0,0.0,0.0,0.0,0.0,0,0.0,0,0,0,0,0,0,0,0,0,0,0,0.0,0,0.0,0.0,0,0,0,0,0,0,0,0,0,0,0,0,0,0,0.0,0.0,0,0.0,0.0,0,0.0,0,0.0,0.0,0,0.0,0.0,0,0.0,0.0,0.0,0,0,0,0,0,0,0,0,0.0,0.0,0
2008-07,0.0,0,0.0,0,0,0.0,0.0,0.0,0.0,0,0.0,0.0,0,0,0.0,0.0,0.0,0,0.0,0.0,0,0.0,0,0,0,0.0,0.0,0.0,0.0,0,0,0.0,0.0,0.0,0,0,0.0,0.0,0,0,0.0,0.0,0.0,0.0,0,0.0,0.0,0.0,0.0,0.0,0,0,0,0,0,0,0.0,0.0,0.0,0.0,0,0.0,0,0,0,0,0,0,0,0,0,0,0,0.0,0,0.0,0.0,0,0,0,0,0,0,0,0,0,0,0,0,0,0,0.0,0.0,0,0.0,0.0,0,0.0,0,0.0,0.0,0,0.0,0.0,0,0.0,0.0,0.0,0,0,0,0,0,0,0,0,0.0,0.0,0
2008-08,0.0,0,0.0,0,0,0.0,0.0,0.0,0.0,0,0.0,0.0,0,0,0.0,0.0,0.0,0,0.0,0.0,0,0.0,0,0,0,0.0,0.0,0.0,0.0,0,0,0.0,0.0,0.0,0,0,0.0,0.0,0,0,0.0,0.0,0.0,0.0,0,0.0,0.0,0.0,0.0,0.0,0,0,0,0,0,0,0.0,0.0,0.0,0.0,0,0.0,0,0,0,0,0,0,0,0,0,0,0,0.0,0,0.0,0.0,0,0,0,0,0,0,0,0,0,0,0,0,0,0,0.0,0.0,0,0.0,0.0,0,0.0,0,0.0,0.0,0,0.0,0.0,0,0.0,0.0,0.0,0,0,0,0,0,0,0,0,0.0,0.0,0
2008-09,0.0,0,0.0,0,0,0.0,0.0,0.0,0.0,0,0.0,0.0,0,0,0.0,0.0,0.0,0,0.0,0.0,0,0.0,0,0,0,0.0,0.0,0.0,0.0,0,0,0.0,0.0,0.0,0,0,0.0,0.0,0,0,0.0,0.0,0.0,0.0,0,0.0,0.0,0.0,0.0,0.0,0,0,0,0,0,0,0.0,0.0,0.0,0.0,0,0.0,0,0,0,0,0,0,0,0,0,0,0,0.0,0,0.0,0.0,0,0,0,0,0,0,0,0,0,0,0,0,0,0,0.0,0.0,0,0.0,0.0,0,0.0,0,0.0,0.0,0,0.0,0.0,0,0.0,0.0,0.0,0,0,0,0,0,0,0,0,0.0,0.0,0
2008-10,0.0,0,0.0,0,0,0.0,0.0,0.0,0.0,0,0.0,0.0,0,0,0.0,0.0,0.0,0,0.0,0.0,0,0.0,0,0,0,0.0,0.0,0.0,0.0,0,0,0.0,0.0,0.0,0,0,0.0,0.0,0,0,0.0,0.0,0.0,0.0,0,0.0,0.0,0.0,0.0,0.0,0,0,0,0,0,0,0.0,0.0,0.0,0.0,0,0.0,0,0,0,0,0,0,0,0,0,0,0,0.0,0,0.0,0.0,0,0,0,0,0,0,0,0,0,0,0,0,0,0,0.0,0.0,0,0.0,0.0,0,0.0,0,0.0,0.0,0,0.0,0.0,0,0.0,0.0,0.0,0,0,0,0,0,0,0,0,0.0,0.0,0
2008-11,0.0,0,0.0,0,0,0.0,0.0,0.0,0.0,0,0.0,0.0,0,0,0.0,0.0,0.0,0,0.0,0.0,0,0.0,0,0,0,0.0,0.0,0.0,0.0,0,0,0.0,0.0,0.0,0,0,0.0,0.0,0,0,0.0,0.0,0.0,0.0,0,0.0,0.0,0.0,0.0,0.0,0,0,0,0,0,0,0.0,0.0,0.0,0.0,0,0.0,0,0,0,0,0,0,0,0,0,0,0,0.0,0,0.0,0.0,0,0,0,0,0,0,0,0,0,0,0,0,0,0,0.0,0.0,0,0.0,0.0,0,0.0,0,0.0,0.0,0,0.0,0.0,0,0.0,0.0,0.0,0,0,0,0,0,0,0,0,0.0,0.0,0
2008-12,0.0,0,0.0,0,0,0.0,0.0,0.0,0.0,0,0.0,0.0,0,0,0.0,0.0,0.0,0,0.0,0.0,0,0.0,0,0,0,0.0,0.0,0.0,0.0,0,0,0.0,0.0,0.0,0,0,0.0,0.0,0,0,0.0,0.0,0.0,0.0,0,0.0,0.0,0.0,0.0,0.0,0,0,0,0,0,0,0.0,0.0,0.0,0.0,0,0.0,0,0,0,0,0,0,0,0,0,0,0,0.0,0,0.0,0.0,0,0,0,0,0,0,0,0,0,0,0,0,0,0,0.0,0.0,0,0.0,0.0,0,0.0,0,0.0,0.0,0,0.0,0.0,0,0.0,0.0,0.0,0,0,0,0,0,0,0,0,0.0,0.0,0
2009-01,0.0,0,0.0,0,0,0.0,0.0,0.0,0.0,0,0.0,0.0,0,0,0.0,0.0,0.0,0,0.0,0.0,0,0.0,0,0,0,0.0,0.0,0.0,0.0,0,0,0.0,0.0,0.0,0,0,0.0,0.0,0,0,0.0,0.0,0.0,0.0,0,0.0,0.0,0.0,0.0,0.0,0,0,0,0,0,0,0.0,0.0,0.0,0.0,0,0.0,0,0,0,0,0,0,0,0,0,0,0,0.0,0,0.0,0.0,0,0,0,0,0,0,0,0,0,0,0,0,0,0,0.0,0.0,0,0.0,0.0,0,0.0,0,0.0,0.0,0,0.0,0.0,0,0.0,0.0,0.0,0,0,0,0,0,0,0,0,0.0,0.0,0
2009-02,0.0,0,0.0,0,0,0.0,0.0,0.0,0.0,0,0.0,0.0,0,0,0.0,0.0,0.0,0,0.0,0.0,0,0.0,0,0,0,0.0,0.0,0.0,0.0,0,0,0.0,0.0,0.0,0,0,0.0,0.0,0,0,0.0,0.0,0.0,0.0,0,0.0,0.0,0.0,0.0,0.0,0,0,0,0,0,0,0.0,0.0,0.0,0.0,0,0.0,0,0,0,0,0,0,0,0,0,0,0,0.0,0,0.0,0.0,0,0,0,0,0,0,0,0,0,0,0,0,0,0,0.0,0.0,0,0.0,0.0,0,0.0,0,0.0,0.0,0,0.0,0.0,0,0.0,0.0,0.0,0,0,0,0,0,0,0,0,0.0,0.0,0
2009-03,0.0,0,0.0,0,0,0.0,0.0,0.0,0.0,0,0.0,0.0,0,0,0.0,0.0,0.0,0,0.0,0.0,0,0.0,0,0,0,0.0,0.0,0.0,0.0,0,0,0.0,0.0,0.0,0,0,0.0,0.0,0,0,0.0,0.0,0.0,0.0,0,0.0,0.0,100.0,0.0,0.0,0,0,0,0,0,0,0.0,0.0,0.0,0.0,0,0.0,0,0,0,0,0,0,0,0,0,0,0,0.0,0,0.0,0.0,0,0,0,0,0,0,0,0,0,0,0,0,0,0,0.0,0.0,0,0.0,0.0,0,0.0,0,0.0,0.0,0,0.0,0.0,0,0.0,0.0,0.0,0,0,0,0,0,0,0,0,0.0,0.0,0
2009-04,0.0,0,0.0,0,0,0.0,0.0,0.0,0.0,0,0.0,0.0,0,0,0.0,0.0,0.0,0,0.0,0.0,0,0.0,0,0,0,0.0,0.0,0.0,0.0,0,0,0.0,0.0,0.0,0,0,0.0,0.0,0,0,0.0,0.0,0.0,0.0,0,0.0,0.0,0.0,0.0,0.0,0,0,0,0,0,0,0.0,0.0,0.0,0.0,0,0.0,0,0,0,0,0,0,0,0,0,0,0,0.0,0,0.0,0.0,0,0,0,0,0,0,0,0,0,0,0,0,0,0,0.0,0.0,0,0.0,0.0,0,0.0,0,0.0,0.0,0,0.0,0.0,0,0.0,0.0,0.0,0,0,0,0,0,0,0,0,0.0,0.0,0
2009-05,0.0,0,0.0,0,0,0.0,0.0,0.0,0.0,0,0.0,0.0,0,0,0.0,0.0,47.0,0,0.0,0.0,0,0.0,0,0,0,0.0,0.0,0.0,0.0,0,0,0.0,0.0,0.0,0,0,0.0,0.0,0,0,0.0,56.0,0.0,0.0,0,0.0,0.0,0.0,0.0,0.0,0,0,0,0,0,0,0.0,0.0,0.0,0.0,0,0.0,0,0,0,0,0,0,0,0,0,0,0,0.0,0,0.0,0.0,0,0,0,0,0,0,0,0,0,0,0,0,0,0,0.0,0.0,0,0.0,0.0,0,0.0,0,0.0,0.0,0,0.0,0.0,0,0.0,0.0,0.0,0,0,0,0,0,0,0,0,0.0,0.0,0
2009-06,0.0,0,100.0,0,0,0.0,0.0,0.0,0.0,0,0.0,0.0,0,0,0.0,0.0,0.0,0,0.0,0.0,0,0.0,0,0,0,0.0,0.0,0.0,0.0,0,0,0.0,0.0,0.0,0,0,0.0,0.0,0,0,0.0,0.0,0.0,0.0,0,0.0,0.0,0.0,0.0,0.0,0,0,0,0,0,0,0.0,0.0,0.0,0.0,0,0.0,0,0,0,0,0,0,0,0,0,0,0,0.0,0,0.0,0.0,0,0,0,0,0,0,0,0,0,0,0,0,0,0,0.0,0.0,0,0.0,0.0,0,0.0,0,0.0,0.0,0,0.0,0.0,0,0.0,0.0,0.0,0,0,0,0,0,0,0,0,0.0,0.0,0
2009-07,0.0,0,0.0,0,0,0.0,0.0,0.0,0.0,0,0.0,0.0,0,0,0.0,0.0,0.0,0,0.0,0.0,0,0.0,0,0,0,0.0,0.0,0.0,0.0,0,0,0.0,0.0,0.0,0,0,0.0,0.0,0,0,0.0,0.0,0.0,0.0,0,0.0,0.0,0.0,0.0,0.0,0,0,0,0,0,0,0.0,0.0,0.0,0.0,0,0.0,0,0,0,0,0,0,0,0,0,0,0,0.0,0,0.0,0.0,0,0,0,0,0,0,0,0,0,0,0,0,0,0,0.0,0.0,0,0.0,0.0,0,0.0,0,0.0,0.0,0,0.0,0.0,0,0.0,0.0,0.0,0,0,0,0,0,0,0,0,0.0,0.0,0
2009-08,0.0,0,0.0,0,0,0.0,0.0,0.0,0.0,0,0.0,0.0,0,0,0.0,0.0,0.0,0,0.0,0.0,0,0.0,0,0,0,0.0,0.0,0.0,0.0,0,0,0.0,0.0,0.0,0,0,0.0,0.0,0,0,0.0,0.0,0.0,0.0,0,0.0,0.0,0.0,0.0,0.0,0,0,0,0,0,0,0.0,0.0,0.0,0.0,0,0.0,0,0,0,0,0,0,0,0,0,0,0,0.0,0,0.0,0.0,0,0,0,0,0,0,0,0,0,0,0,0,0,0,0.0,0.0,0,0.0,0.0,0,0.0,0,0.0,0.0,0,0.0,0.0,0,0.0,0.0,0.0,0,0,0,0,0,0,0,0,0.0,0.0,0
2009-09,0.0,0,0.0,0,0,0.0,0.0,0.0,0.0,0,0.0,0.0,0,0,0.0,100.0,0.0,0,0.0,0.0,0,0.0,0,0,0,0.0,0.0,0.0,0.0,0,0,0.0,0.0,0.0,0,0,0.0,0.0,0,0,0.0,0.0,0.0,0.0,0,0.0,0.0,0.0,0.0,0.0,0,0,0,0,0,0,0.0,0.0,0.0,0.0,0,0.0,0,0,0,0,0,0,0,0,0,0,0,0.0,0,0.0,0.0,0,0,0,0,0,0,0,0,0,0,0,0,0,0,0.0,0.0,0,0.0,0.0,0,0.0,0,0.0,0.0,0,0.0,0.0,0,0.0,0.0,0.0,0,0,0,0,0,0,0,0,0.0,0.0,0
2009-10,0.0,0,0.0,0,0,0.0,0.0,0.0,0.0,0,0.0,0.0,0,0,0.0,0.0,0.0,0,0.0,0.0,0,0.0,0,0,0,0.0,0.0,0.0,0.0,0,0,0.0,0.0,0.0,0,0,0.0,0.0,0,0,0.0,0.0,0.0,100.0,0,0.0,0.0,0.0,0.0,0.0,0,0,0,0,0,0,0.0,0.0,0.0,0.0,0,0.0,0,0,0,0,0,0,0,0,0,0,0,0.0,0,0.0,0.0,0,0,0,0,0,0,0,0,0,0,0,0,0,0,0.0,0.0,0,0.0,0.0,0,0.0,0,0.0,0.0,0,0.0,0.0,0,0.0,0.0,0.0,0,0,0,0,0,0,0,0,0.0,0.0,0
2009-11,0.0,0,0.0,0,0,0.0,0.0,0.0,0.0,0,0.0,0.0,0,0,0.0,0.0,0.0,0,0.0,0.0,0,0.0,0,0,0,0.0,0.0,0.0,0.0,0,0,0.0,0.0,0.0,0,0,0.0,0.0,0,0,0.0,0.0,0.0,0.0,0,0.0,0.0,0.0,0.0,0.0,0,0,0,0,0,0,0.0,0.0,0.0,0.0,0,0.0,0,0,0,0,0,0,0,0,0,0,0,0.0,0,0.0,0.0,0,0,0,0,0,0,0,0,0,0,0,0,0,0,0.0,0.0,0,0.0,0.0,0,0.0,0,0.0,0.0,0,0.0,0.0,0,0.0,0.0,0.0,0,0,0,0,0,0,0,0,0.0,0.0,0
2009-12,0.0,0,0.0,0,0,0.0,0.0,0.0,0.0,0,0.0,0.0,0,0,0.0,0.0,0.0,0,0.0,0.0,0,0.0,0,0,0,0.0,0.0,0.0,0.0,0,0,0.0,0.0,0.0,0,0,0.0,0.0,0,0,0.0,0.0,0.0,0.0,0,0.0,0.0,0.0,0.0,0.0,0,0,0,0,0,0,0.0,0.0,0.0,0.0,0,0.0,0,0,0,0,0,0,0,0,0,0,0,0.0,0,0.0,0.0,0,0,0,0,0,0,0,0,0,0,0,0,0,0,0.0,0.0,0,0.0,0.0,0,0.0,0,0.0,0.0,0,0.0,0.0,0,0.0,0.0,0.0,0,0,0,0,0,0,0,0,0.0,0.0,0
2010-01,0.0,0,0.0,0,0,0.0,0.0,0.0,0.0,0,21.0,0.0,0,0,0.0,0.0,0.0,0,0.0,0.0,0,0.0,0,0,0,0.0,0.0,0.0,0.0,0,0,0.0,0.0,0.0,0,0,0.0,0.0,0,0,0.0,0.0,0.0,0.0,0,0.0,0.0,0.0,0.0,0.0,0,0,0,0,0,0,0.0,0.0,0.0,0.0,0,0.0,0,0,0,0,0,0,0,0,0,0,0,0.0,0,0.0,0.0,0,0,0,0,0,0,0,0,0,0,0,0,0,0,0.0,0.0,0,0.0,0.0,0,0.0,0,0.0,0.0,0,0.0,0.0,0,0.0,0.0,0.0,0,0,0,0,0,0,0,0,0.0,0.0,0
2010-02,0.0,0,0.0,0,0,0.0,0.0,0.0,0.0,0,0.0,0.0,0,0,0.0,0.0,0.0,0,0.0,0.0,0,0.0,0,0,0,0.0,0.0,0.0,0.0,0,0,0.0,0.0,0.0,0,0,0.0,0.0,0,0,0.0,0.0,0.0,0.0,0,0.0,0.0,0.0,0.0,0.0,0,0,0,0,0,0,0.0,0.0,0.0,0.0,0,0.0,0,0,0,0,0,0,0,0,0,0,0,0.0,0,0.0,0.0,0,0,0,0,0,0,0,0,0,0,0,0,0,0,0.0,0.0,0,0.0,0.0,0,0.0,0,0.0,0.0,0,0.0,0.0,0,0.0,0.0,0.0,0,0,0,0,0,0,0,0,0.0,0.0,0
2010-03,0.0,0,0.0,0,0,0.0,0.0,0.0,0.0,0,0.0,0.0,0,0,0.0,0.0,0.0,0,0.0,0.0,0,0.0,0,0,0,0.0,0.0,0.0,0.0,0,0,0.0,0.0,0.0,0,0,0.0,0.0,0,0,0.0,0.0,0.0,0.0,0,0.0,0.0,0.0,0.0,0.0,0,0,0,0,0,0,0.0,0.0,0.0,0.0,0,0.0,0,0,0,0,0,0,0,0,0,0,0,0.0,0,0.0,0.0,0,0,0,0,0,0,0,0,0,0,0,0,0,0,0.0,0.0,0,0.0,0.0,0,0.0,0,0.0,0.0,0,0.0,0.0,0,0.0,0.0,0.0,0,0,0,0,0,0,0,0,0.0,0.0,0
2010-04,0.0,0,0.0,0,0,0.0,0.0,0.0,0.0,0,0.0,0.0,0,0,0.0,0.0,0.0,0,0.0,0.0,0,0.0,0,0,0,0.0,0.0,0.0,0.0,0,0,0.0,0.0,0.0,0,0,0.0,0.0,0,0,0.0,0.0,0.0,0.0,0,0.0,0.0,0.0,0.0,0.0,0,0,0,0,0,0,0.0,0.0,0.0,0.0,0,0.0,0,0,0,0,0,0,0,0,0,0,0,0.0,0,0.0,0.0,0,0,0,0,0,0,0,0,0,0,0,0,0,0,0.0,0.0,0,0.0,0.0,0,0.0,0,0.0,0.0,0,0.0,0.0,0,0.0,0.0,0.0,0,0,0,0,0,0,0,0,0.0,0.0,0
2010-05,0.0,0,0.0,0,0,0.0,100.0,0.0,91.0,0,0.0,0.0,0,0,0.0,0.0,0.0,0,0.0,0.0,0,0.0,0,0,0,0.0,0.0,0.0,0.0,0,0,0.0,0.0,0.0,0,0,0.0,0.0,0,0,0.0,0.0,0.0,0.0,0,0.0,0.0,0.0,0.0,0.0,0,0,0,0,0,0,0.0,0.0,0.0,0.0,0,0.0,0,0,0,0,0,0,0,0,0,0,0,0.0,0,0.0,0.0,0,0,0,0,0,0,0,0,0,0,0,0,0,0,0.0,0.0,0,0.0,0.0,0,0.0,0,0.0,0.0,0,0.0,0.0,0,0.0,0.0,0.0,0,0,0,0,0,0,0,0,0.0,0.0,0
2010-06,0.0,0,0.0,0,0,0.0,0.0,0.0,0.0,0,0.0,0.0,0,0,0.0,0.0,0.0,0,0.0,0.0,0,0.0,0,0,0,0.0,0.0,0.0,0.0,0,0,0.0,0.0,0.0,0,0,0.0,0.0,0,0,0.0,0.0,0.0,0.0,0,0.0,0.0,0.0,0.0,0.0,0,0,0,0,0,0,0.0,0.0,0.0,0.0,0,0.0,0,0,0,0,0,0,0,0,0,0,0,0.0,0,0.0,0.0,0,0,0,0,0,0,0,0,0,0,0,0,0,0,0.0,0.0,0,0.0,0.0,0,0.0,0,0.0,0.0,0,0.0,0.0,0,0.0,0.0,0.0,0,0,0,0,0,0,0,0,0.0,0.0,0
2010-07,0.0,0,0.0,0,0,0.0,0.0,0.0,0.0,0,0.0,0.0,0,0,0.0,0.0,0.0,0,0.0,0.0,0,0.0,0,0,0,0.0,0.0,0.0,0.0,0,0,0.0,0.0,0.0,0,0,0.0,0.0,0,0,0.0,0.0,0.0,0.0,0,0.0,0.0,0.0,0.0,0.0,0,0,0,0,0,0,0.0,0.0,0.0,0.0,0,0.0,0,0,0,0,0,0,0,0,0,0,0,0.0,0,0.0,0.0,0,0,0,0,0,0,0,0,0,0,0,0,0,0,0.0,0.0,0,0.0,0.0,0,0.0,0,0.0,0.0,0,0.0,0.0,0,0.0,0.0,0.0,0,0,0,0,0,0,0,0,0.0,0.0,0
2010-08,0.0,0,0.0,0,0,0.0,0.0,0.0,0.0,0,0.0,0.0,0,0,0.0,0.0,0.0,0,0.0,0.0,0,0.0,0,0,0,0.0,0.0,0.0,0.0,0,0,0.0,0.0,0.0,0,0,0.0,0.0,0,0,0.0,0.0,0.0,0.0,0,0.0,0.0,0.0,0.0,0.0,0,0,0,0,0,0,0.0,0.0,0.0,0.0,0,0.0,0,0,0,0,0,0,0,0,0,0,0,0.0,0,0.0,0.0,0,0,0,0,0,0,0,0,0,0,0,0,0,0,0.0,0.0,0,0.0,0.0,0,0.0,0,0.0,0.0,0,0.0,0.0,0,0.0,0.0,0.0,0,0,0,0,0,0,0,0,0.0,0.0,0
2010-09,0.0,0,0.0,0,0,0.0,0.0,0.0,0.0,0,0.0,0.0,0,0,0.0,0.0,0.0,0,0.0,0.0,0,0.0,0,0,0,0.0,0.0,0.0,0.0,0,0,0.0,0.0,0.0,0,0,0.0,0.0,0,0,0.0,0.0,0.0,0.0,0,0.0,0.0,0.0,0.0,0.0,0,0,0,0,0,0,0.0,0.0,0.0,0.0,0,0.0,0,0,0,0,0,0,0,0,0,0,0,0.0,0,0.0,0.0,0,0,0,0,0,0,0,0,0,0,0,0,0,0,0.0,0.0,0,0.0,0.0,0,0.0,0,0.0,0.0,0,0.0,0.0,0,0.0,0.0,0.0,0,0,0,0,0,0,0,0,0.0,0.0,0
2010-10,0.0,0,0.0,0,0,0.0,0.0,0.0,0.0,0,0.0,0.0,0,0,0.0,0.0,0.0,0,0.0,0.0,0,0.0,0,0,0,0.0,0.0,0.0,0.0,0,0,0.0,0.0,0.0,0,0,0.0,0.0,0,0,0.0,0.0,0.0,0.0,0,0.0,0.0,0.0,0.0,0.0,0,0,0,0,0,0,0.0,0.0,0.0,0.0,0,0.0,0,0,0,0,0,0,0,0,0,0,0,0.0,0,0.0,0.0,0,0,0,0,0,0,0,0,0,0,0,0,0,0,0.0,0.0,0,0.0,0.0,0,0.0,0,0.0,0.0,0,0.0,0.0,0,0.0,0.0,0.0,0,0,0,0,0,0,0,0,0.0,0.0,0
2010-11,0.0,0,0.0,0,0,0.0,0.0,0.0,0.0,0,0.0,0.0,0,0,0.0,0.0,0.0,0,0.0,0.0,0,0.0,0,0,0,0.0,0.0,0.0,0.0,0,0,0.0,0.0,0.0,0,0,0.0,0.0,0,0,0.0,0.0,0.0,0.0,0,0.0,0.0,0.0,0.0,0.0,0,0,0,0,0,0,0.0,0.0,0.0,0.0,0,0.0,0,0,0,0,0,0,0,0,0,0,0,0.0,0,0.0,0.0,0,0,0,0,0,0,0,0,0,0,0,0,0,0,0.0,0.0,0,0.0,0.0,0,0.0,0,0.0,0.0,0,0.0,0.0,0,0.0,0.0,0.0,0,0,0,0,0,0,0,0,0.0,0.0,0
2010-12,0.0,0,0.0,0,0,0.0,0.0,0.0,0.0,0,0.0,0.0,0,0,0.0,0.0,0.0,0,0.0,0.0,0,0.0,0,0,0,0.0,0.0,0.0,0.0,0,0,0.0,0.0,0.0,0,0,0.0,0.0,0,0,0.0,0.0,0.0,0.0,0,0.0,0.0,0.0,0.0,0.0,0,0,0,0,0,0,0.0,0.0,0.0,0.0,0,0.0,0,0,0,0,0,0,0,0,0,0,0,0.0,0,0.0,0.0,0,0,0,0,0,0,0,0,0,0,0,0,0,0,0.0,0.0,0,0.0,0.0,0,0.0,0,0.0,0.0,0,0.0,0.0,0,0.0,0.0,0.0,0,0,0,0,0,0,0,0,0.0,0.0,0
2011-01,0.0,0,0.0,0,0,0.0,0.0,0.0,0.0,0,0.0,0.0,0,0,0.0,0.0,0.0,0,0.0,0.0,0,0.0,0,0,0,0.0,0.0,0.0,0.0,0,0,0.0,0.0,0.0,0,0,0.0,0.0,0,0,0.0,0.0,0.0,0.0,0,0.0,0.0,0.0,0.0,0.0,0,0,0,0,0,0,0.0,0.0,0.0,0.0,0,0.0,0,0,0,0,0,0,0,0,0,0,0,0.0,0,0.0,0.0,0,0,0,0,0,0,0,0,0,0,0,0,0,0,0.0,0.0,0,0.0,0.0,0,0.0,0,0.0,0.0,0,0.0,0.0,0,0.0,0.0,0.0,0,0,0,0,0,0,0,0,0.0,0.0,0
2011-02,0.0,0,0.0,0,0,0.0,0.0,0.0,0.0,0,0.0,0.0,0,0,0.0,0.0,0.0,0,0.0,0.0,0,0.0,0,0,0,0.0,0.0,0.0,0.0,0,0,0.0,0.0,0.0,0,0,0.0,0.0,0,0,0.0,0.0,0.0,0.0,0,0.0,0.0,0.0,0.0,0.0,0,0,0,0,0,0,0.0,0.0,0.0,0.0,0,0.0,0,0,0,0,0,0,0,0,0,0,0,0.0,0,0.0,0.0,0,0,0,0,0,0,0,0,0,0,0,0,0,0,0.0,0.0,0,0.0,0.0,0,0.0,0,0.0,0.0,0,0.0,0.0,0,0.0,0.0,0.0,0,0,0,0,0,0,0,0,0.0,0.0,0
2011-03,0.0,0,0.0,0,0,0.0,0.0,0.0,0.0,0,0.0,0.0,0,8,0.0,0.0,0.0,0,0.0,0.0,0,0.0,0,0,0,0.0,0.0,0.0,0.0,0,0,0.0,0.0,0.0,0,0,0.0,0.0,0,0,0.0,0.0,0.0,0.0,0,0.0,0.0,0.0,0.0,0.0,0,0,0,0,0,0,0.0,0.0,0.0,0.0,0,0.0,0,0,0,0,0,0,0,0,0,0,0,0.0,0,0.0,0.0,0,0,0,0,0,0,0,0,0,0,0,0,0,0,0.0,0.0,0,0.0,0.0,0,0.0,0,0.0,0.0,0,0.0,0.0,0,0.0,0.0,0.0,0,0,0,0,0,0,0,0,0.0,0.0,0
2011-04,0.0,0,0.0,0,0,0.0,0.0,0.0,0.0,0,0.0,0.0,0,0,0.0,0.0,0.0,0,0.0,0.0,0,0.0,0,0,0,0.0,0.0,0.0,0.0,0,0,0.0,0.0,0.0,0,0,0.0,0.0,0,0,0.0,0.0,0.0,0.0,0,0.0,0.0,0.0,0.0,0.0,0,0,0,0,0,0,0.0,0.0,0.0,0.0,0,0.0,0,0,0,0,0,0,0,0,0,0,0,0.0,0,0.0,0.0,0,0,0,0,0,0,0,0,0,0,0,0,0,0,0.0,0.0,0,0.0,0.0,0,0.0,0,0.0,0.0,0,0.0,0.0,0,0.0,0.0,0.0,0,0,0,0,0,0,0,0,0.0,0.0,0
2011-05,0.0,0,0.0,0,0,0.0,0.0,0.0,0.0,0,0.0,0.0,0,0,0.0,0.0,0.0,0,0.0,0.0,0,0.0,0,0,0,0.0,0.0,0.0,0.0,0,0,0.0,0.0,0.0,0,0,0.0,0.0,0,0,0.0,0.0,0.0,0.0,0,0.0,16.0,0.0,0.0,0.0,0,0,0,0,0,0,0.0,0.0,0.0,0.0,0,0.0,0,0,0,0,0,0,0,0,0,0,0,0.0,0,0.0,0.0,0,0,0,0,0,0,0,0,0,0,0,0,0,0,0.0,0.0,0,0.0,0.0,0,0.0,0,0.0,0.0,0,0.0,0.0,0,0.0,0.0,0.0,0,0,0,0,0,0,0,0,0.0,0.0,0
2011-06,0.0,0,0.0,0,0,0.0,0.0,0.0,0.0,0,0.0,0.0,0,0,0.0,0.0,0.0,0,0.0,0.0,0,0.0,0,0,0,0.0,0.0,0.0,0.0,0,0,0.0,0.0,0.0,0,0,0.0,0.0,0,0,0.0,0.0,0.0,0.0,0,0.0,0.0,0.0,0.0,0.0,0,0,0,0,0,0,0.0,0.0,0.0,0.0,0,0.0,0,0,0,0,0,0,0,0,0,0,0,0.0,0,0.0,0.0,0,0,0,0,0,0,0,0,0,0,0,0,0,0,0.0,0.0,0,0.0,0.0,0,0.0,0,0.0,0.0,0,0.0,0.0,0,0.0,100.0,0.0,0,0,0,0,0,0,0,0,0.0,0.0,0
2011-07,0.0,0,28.0,0,0,0.0,0.0,0.0,0.0,0,0.0,0.0,0,0,0.0,0.0,0.0,0,0.0,0.0,0,0.0,0,0,0,0.0,100.0,0.0,0.0,0,0,0.0,0.0,0.0,0,0,0.0,0.0,0,0,0.0,0.0,0.0,0.0,0,0.0,0.0,0.0,0.0,0.0,0,0,0,0,0,0,0.0,0.0,0.0,0.0,0,0.0,0,0,0,0,0,0,0,0,0,0,0,0.0,0,0.0,0.0,0,0,0,0,0,0,0,0,0,0,0,0,0,0,0.0,0.0,0,0.0,0.0,0,0.0,0,0.0,0.0,0,0.0,0.0,0,0.0,0.0,0.0,0,0,0,0,0,0,0,0,0.0,0.0,0
2011-08,0.0,0,0.0,0,0,0.0,0.0,0.0,0.0,0,0.0,0.0,0,0,0.0,0.0,0.0,0,0.0,0.0,0,0.0,0,0,0,0.0,0.0,0.0,0.0,0,0,0.0,0.0,0.0,0,0,0.0,0.0,0,0,0.0,0.0,0.0,0.0,0,0.0,0.0,0.0,0.0,0.0,0,0,0,0,0,0,0.0,0.0,0.0,0.0,0,0.0,0,0,0,0,0,0,0,0,0,0,0,0.0,0,0.0,0.0,0,0,0,0,0,0,0,0,0,0,0,0,0,0,0.0,0.0,0,0.0,0.0,0,0.0,0,0.0,0.0,0,0.0,0.0,0,0.0,0.0,0.0,0,0,0,0,0,0,0,0,0.0,0.0,0
2011-09,0.0,0,0.0,0,0,0.0,0.0,0.0,0.0,0,0.0,0.0,0,0,0.0,0.0,0.0,0,0.0,0.0,0,0.0,0,0,0,0.0,0.0,0.0,0.0,0,0,0.0,0.0,0.0,0,0,0.0,0.0,0,0,0.0,0.0,0.0,0.0,0,0.0,0.0,0.0,0.0,0.0,0,0,0,0,0,0,0.0,0.0,0.0,0.0,0,0.0,0,0,0,0,0,0,0,0,0,0,0,0.0,0,0.0,0.0,0,0,0,0,0,0,0,0,0,0,0,0,0,0,0.0,0.0,0,0.0,0.0,0,0.0,0,0.0,0.0,0,0.0,0.0,0,0.0,0.0,0.0,0,0,0,0,0,0,0,0,0.0,0.0,0
2011-10,0.0,0,0.0,0,0,0.0,0.0,0.0,0.0,0,0.0,0.0,0,0,0.0,0.0,0.0,0,0.0,0.0,0,0.0,0,0,0,0.0,0.0,0.0,0.0,0,0,0.0,0.0,0.0,0,0,0.0,0.0,0,0,0.0,0.0,0.0,0.0,0,0.0,0.0,0.0,0.0,0.0,0,0,0,0,0,0,0.0,0.0,0.0,0.0,0,0.0,0,0,0,0,0,0,0,0,0,0,0,0.0,0,0.0,0.0,0,0,0,0,0,0,0,0,0,0,0,0,0,0,100.0,0.0,0,0.0,0.0,0,0.0,0,0.0,0.0,0,0.0,0.0,0,0.0,0.0,0.0,0,0,0,0,0,0,0,0,0.0,0.0,0
2011-11,0.0,0,0.0,0,0,0.0,0.0,0.0,0.0,0,0.0,0.0,0,0,0.0,0.0,0.0,0,0.0,0.0,0,0.0,0,0,0,0.0,0.0,0.0,0.0,0,0,0.0,0.0,0.0,0,0,0.0,0.0,0,0,0.0,0.0,0.0,0.0,0,0.0,0.0,0.0,0.0,0.0,0,0,0,0,0,0,0.0,0.0,0.0,0.0,0,0.0,0,0,0,0,0,0,0,0,0,0,0,0.0,0,0.0,0.0,0,0,0,0,0,0,0,0,0,0,0,0,0,0,0.0,0.0,0,0.0,0.0,0,0.0,0,0.0,0.0,0,0.0,0.0,0,0.0,0.0,0.0,0,0,0,0,0,0,0,0,0.0,0.0,0
2011-12,0.0,0,0.0,0,0,0.0,0.0,0.0,0.0,0,0.0,0.0,0,0,0.0,0.0,0.0,0,0.0,0.0,0,0.0,0,0,0,0.0,0.0,0.0,0.0,0,0,0.0,0.0,0.0,0,0,0.0,0.0,0,0,0.0,0.0,0.0,0.0,0,0.0,0.0,0.0,0.0,0.0,0,0,0,0,0,0,0.0,0.0,0.0,0.0,0,0.0,0,0,0,0,0,0,0,0,0,0,0,0.0,0,0.0,0.0,0,0,0,0,0,0,0,0,0,0,0,0,0,0,0.0,0.0,0,0.0,0.0,0,0.0,0,0.0,0.0,0,0.0,0.0,0,0.0,0.0,0.0,0,0,0,0,0,0,0,0,0.0,0.0,0
2012-01,0.0,0,0.0,0,0,0.0,0.0,0.0,0.0,0,0.0,0.0,0,0,0.0,0.0,0.0,0,0.0,0.0,0,0.0,0,0,0,0.0,0.0,0.0,0.0,0,0,0.0,0.0,0.0,0,0,0.0,0.0,0,0,0.0,0.0,0.0,0.0,0,0.0,0.0,0.0,0.0,0.0,0,0,0,0,0,0,0.0,0.0,0.0,0.0,0,0.0,0,0,0,0,0,0,0,0,0,0,0,0.0,0,0.0,0.0,0,0,0,0,0,0,0,0,0,0,0,0,0,0,0.0,0.0,0,0.0,0.0,0,0.0,0,0.0,0.0,0,0.0,0.0,0,0.0,0.0,0.0,0,0,0,0,0,0,0,0,0.0,0.0,0
2012-02,0.0,0,0.0,0,0,0.0,0.0,0.0,0.0,0,0.0,0.0,0,0,0.0,0.0,0.0,0,0.0,0.0,0,0.0,0,0,0,0.0,0.0,0.0,0.0,0,0,0.0,0.0,0.0,0,0,0.0,0.0,0,0,0.0,0.0,0.0,0.0,0,0.0,0.0,0.0,0.0,0.0,0,0,0,0,0,0,0.0,0.0,0.0,0.0,0,0.0,0,0,0,0,0,0,0,0,0,0,0,0.0,0,0.0,0.0,0,0,0,0,0,0,0,0,0,0,0,0,0,0,0.0,0.0,0,0.0,0.0,0,0.0,0,0.0,0.0,0,0.0,0.0,0,0.0,0.0,0.0,0,0,0,0,0,0,0,0,0.0,0.0,0
2012-03,0.0,0,0.0,0,0,0.0,0.0,0.0,0.0,0,0.0,0.0,0,0,0.0,0.0,0.0,0,0.0,0.0,0,0.0,0,0,0,0.0,0.0,0.0,0.0,0,0,0.0,0.0,0.0,0,0,0.0,0.0,0,0,0.0,0.0,0.0,0.0,0,0.0,0.0,0.0,0.0,0.0,0,0,0,0,0,0,0.0,0.0,0.0,0.0,0,0.0,0,0,0,0,0,0,0,0,0,0,0,0.0,0,0.0,0.0,0,0,0,0,0,0,0,0,0,0,0,0,0,0,0.0,0.0,0,0.0,0.0,0,0.0,0,0.0,0.0,0,0.0,0.0,0,0.0,0.0,0.0,0,0,0,0,0,0,0,0,0.0,0.0,0
2012-04,0.0,0,0.0,0,0,0.0,0.0,0.0,0.0,0,0.0,0.0,0,0,0.0,0.0,0.0,0,0.0,0.0,0,0.0,0,0,0,0.0,0.0,0.0,0.0,0,0,0.0,0.0,0.0,0,0,0.0,0.0,0,0,0.0,0.0,0.0,0.0,0,0.0,0.0,0.0,0.0,0.0,0,0,0,0,0,0,0.0,0.0,0.0,0.0,0,0.0,0,0,0,0,0,0,0,0,0,0,0,0.0,0,0.0,0.0,0,0,0,0,0,0,0,0,0,0,0,0,0,0,0.0,0.0,0,0.0,0.0,0,0.0,0,0.0,0.0,0,0.0,0.0,0,0.0,0.0,0.0,0,0,0,0,0,0,0,0,0.0,0.0,0
2012-05,0.5,0,0.0,0,1,0.0,0.0,0.5,0.0,1,0.0,0.0,0,0,0.5,0.0,0.0,0,0.0,1.0,0,0.0,0,0,29,0.0,0.0,0.0,0.0,6,0,0.0,0.0,0.0,7,0,0.0,0.0,0,29,0.0,0.0,0.0,0.0,1,0.0,0.0,0.0,0.0,1.0,0,0,0,0,29,0,0.0,0.0,0.0,0.5,0,0.0,0,0,29,0,0,0,0,29,0,0,0,0.0,14,0.0,0.0,0,29,0,0,0,0,29,0,0,0,0,29,0,0,0.0,0.0,6,0.0,0.0,0,0.0,10,0.0,0.0,0,0.0,0.5,0,0.0,0.0,0.0,5,0,0,0,0,29,0,0,0.0,0.0,29
2012-06,0.0,0,0.0,0,2,0.0,0.0,0.5,0.0,1,0.0,0.0,0,0,0.5,0.0,0.0,0,0.0,1.0,0,0.0,0,0,38,0.0,0.0,0.0,0.0,7,0,0.0,0.5,0.0,9,0,0.0,0.0,0,38,0.0,0.0,0.0,0.0,1,0.0,0.0,0.0,0.0,1.0,0,0,0,0,38,0,0.0,0.0,0.0,0.5,0,1.0,0,0,38,0,1,0,0,38,0,0,0,0.0,18,0.0,0.0,0,38,0,0,0,0,38,0,0,0,0,38,0,0,0.0,0.0,8,0.0,0.0,0,0.0,12,0.0,0.0,0,0.0,0.5,0,0.0,0.0,0.0,6,0,0,0,0,38,0,0,0.0,0.0,37
2012-07,0.0,0,0.0,0,2,0.0,0.0,0.5,0.0,1,0.0,0.0,0,0,0.5,0.0,0.0,0,0.0,1.0,0,0.0,0,0,35,0.0,0.0,0.0,0.0,7,0,0.0,0.0,0.0,8,0,0.0,0.0,0,35,0.5,0.0,0.0,0.0,1,0.0,0.0,0.0,0.0,1.0,0,0,0,0,35,0,0.0,0.0,0.0,0.5,0,0.0,0,0,35,0,0,0,0,35,0,0,0,0.0,17,0.0,0.0,0,35,0,0,0,0,35,0,0,0,0,35,0,0,0.0,0.0,7,0.0,0.0,0,0.0,11,0.0,0.0,0,0.0,0.5,0,0.0,0.0,0.0,6,0,0,0,0,35,0,0,0.0,0.0,35
2012-08,0.0,0,0.0,0,2,0.0,0.0,0.5,0.0,1,0.0,0.0,0,0,0.5,0.0,0.0,0,0.0,1.0,0,0.0,0,0,34,0.0,0.0,0.0,0.0,7,0,0.0,0.0,0.0,8,0,0.0,0.0,0,34,0.0,0.0,0.0,0.0,1,0.0,0.0,0.0,0.0,1.0,0,0,0,0,34,0,0.0,0.0,0.0,0.5,0,0.0,0,0,34,0,0,0,2,34,0,1,0,0.0,16,0.0,0.0,0,34,0,0,0,0,34,0,0,0,0,34,0,0,0.0,0.0,7,0.0,0.0,0,0.0,11,0.0,0.0,0,0.0,0.5,0,0.0,0.0,0.0,5,0,0,0,0,34,0,0,0.0,0.0,34
2012-09,0.0,0,0.0,0,1,0.0,0.0,0.5,0.0,1,0.0,0.0,0,0,0.5,0.0,0.0,0,0.0,1.0,0,0.0,0,0,28,0.0,0.0,0.0,0.0,5,0,0.0,0.0,0.0,6,0,0.0,0.0,0,28,0.0,0.0,0.0,0.0,1,0.0,0.0,0.0,0.0,1.0,0,0,0,0,28,0,0.0,0.0,0.0,0.5,0,0.0,0,0,28,0,0,0,0,28,0,0,0,0.0,13,0.0,0.0,0,28,0,0,0,0,28,0,0,0,0,28,0,0,0.0,0.0,6,0.0,0.0,0,0.0,9,0.0,0.0,0,0.0,0.5,0,0.0,0.0,0.0,4,0,0,0,0,28,0,0,0.0,0.0,28
2012-10,0.0,0,0.0,0,1,0.0,0.0,0.0,0.0,1,0.0,0.0,0,0,0.5,0.0,0.0,0,0.0,1.0,0,0.0,0,0,28,0.0,0.0,0.0,0.0,5,0,0.5,0.0,0.0,6,0,0.0,0.0,0,28,0.0,0.0,0.0,0.0,1,0.0,0.0,0.0,0.0,1.0,0,0,0,0,28,0,0.0,0.0,0.0,0.5,0,0.0,0,0,28,0,0,0,0,28,0,0,0,0.0,14,0.0,0.0,0,28,0,0,0,0,28,0,0,0,0,28,0,0,0.0,0.0,6,0.0,0.0,0,0.0,9,0.0,0.0,0,0.0,0.5,0,0.0,0.0,0.0,5,0,0,0,0,28,0,0,0.0,0.0,28
2012-11,0.0,0,0.0,0,1,0.0,0.0,0.5,0.0,1,0.0,0.0,0,0,0.5,0.0,0.0,0,0.0,1.0,0,0.0,0,0,27,0.0,0.0,0.0,0.0,5,0,0.0,0.0,0.0,6,0,0.0,0.0,0,27,0.5,0.0,0.0,0.0,1,0.0,0.0,0.0,0.0,1.0,0,0,0,0,27,0,0.0,0.0,0.0,0.5,0,0.0,0,0,27,0,0,0,1,27,0,1,0,0.0,13,0.0,0.0,0,27,0,0,0,0,27,0,0,0,0,27,0,0,0.0,0.0,6,0.0,0.0,0,0.0,9,0.0,0.0,0,0.0,0.5,0,0.0,0.0,0.0,4,0,0,0,0,27,0,0,0.0,0.0,28
2012-12,0.0,0,0.0,0,1,0.0,0.0,0.0,0.0,1,0.0,0.0,0,0,0.5,0.0,0.0,0,0.0,1.0,0,0.0,0,0,28,0.0,0.0,0.0,0.0,5,0,0.0,0.0,0.0,6,0,0.0,0.0,0,28,0.0,0.0,0.0,0.0,1,0.0,0.0,0.0,0.0,1.0,0,0,0,0,28,0,0.0,0.0,0.0,0.5,0,0.0,0,0,28,0,0,0,0,28,0,0,0,0.0,14,0.0,0.0,0,28,0,0,0,0,28,0,0,0,0,28,0,0,0.0,0.0,6,0.0,0.0,0,0.0,9,0.0,0.0,0,0.0,0.5,0,0.0,0.0,0.0,5,0,0,0,0,28,0,0,0.0,0.0,28
2013-01,0.0,0,0.0,0,0,0.0,0.0,0.0,0.0,0,0.0,0.0,0,0,0.0,0.0,0.0,0,0.0,0.0,0,0.0,0,0,0,0.0,0.0,0.0,0.0,0,0,0.0,0.0,0.0,0,0,0.0,0.0,0,0,0.0,0.0,0.0,0.0,0,0.0,0.0,0.0,0.0,0.0,0,0,0,0,0,0,0.0,0.0,0.0,0.0,0,0.0,0,0,0,0,0,0,0,0,0,0,0,0.0,0,0.0,0.0,0,0,0,0,0,0,0,0,0,0,0,0,0,0,0.0,0.0,0,0.0,0.0,0,0.0,0,0.0,0.0,0,0.0,0.0,0,0.0,0.0,0.0,0,0,0,0,0,0,0,0,0.0,0.0,0
2013-02,0.0,0,0.0,0,0,0.0,0.0,0.0,0.0,0,0.0,0.0,0,0,0.0,0.0,0.0,0,0.0,0.0,0,0.0,0,0,0,0.0,0.0,0.0,0.0,0,0,0.0,0.0,0.0,0,0,0.0,0.0,0,0,0.0,0.0,0.0,0.0,0,0.0,0.0,0.0,0.0,0.0,0,0,0,0,0,0,0.0,0.0,0.0,0.0,0,0.0,0,0,0,0,0,0,0,0,0,0,0,0.0,0,0.0,0.0,0,0,0,0,0,0,0,0,0,0,0,0,0,0,0.0,0.0,0,0.0,0.0,0,0.0,0,0.0,0.0,0,0.0,0.0,0,0.0,0.0,0.0,0,0,0,0,0,0,0,0,0.0,0.0,0
2013-03,0.0,0,0.0,0,0,0.0,0.0,0.0,0.0,0,0.0,0.0,0,0,0.0,0.0,0.0,0,0.0,0.0,0,0.0,0,0,0,0.0,0.0,0.0,0.0,0,0,0.0,0.0,0.0,0,0,0.0,0.0,0,0,0.0,0.0,0.0,0.0,0,0.0,0.0,0.0,0.0,0.0,0,0,0,0,0,0,0.0,0.0,0.0,0.0,0,0.0,0,0,0,0,0,0,0,0,0,0,0,0.0,0,0.0,0.0,0,0,0,0,0,0,0,0,0,0,0,0,0,0,0.0,0.0,0,0.0,0.0,0,0.0,0,0.0,0.0,0,0.0,0.0,0,0.0,0.0,0.0,0,0,0,0,0,0,0,0,0.0,0.0,0
2013-04,0.0,0,0.0,0,0,0.0,0.0,0.0,0.0,0,0.0,0.0,0,0,0.0,0.0,0.0,0,0.0,0.0,0,0.0,0,0,0,0.0,0.0,0.0,0.0,0,0,0.0,0.0,0.0,0,0,0.0,0.0,0,0,0.0,0.0,0.0,0.0,0,0.0,0.0,0.0,0.0,0.0,0,0,0,0,0,0,0.0,0.0,0.0,0.0,0,0.0,0,0,0,0,0,0,0,0,0,0,0,0.0,0,0.0,0.0,0,0,0,0,0,0,0,0,0,0,0,0,0,0,0.0,0.0,0,0.0,0.0,0,0.0,0,0.0,0.0,0,0.0,0.0,0,0.0,0.0,0.0,0,0,0,0,0,0,0,0,0.0,0.0,0
2013-05,0.0,0,0.0,0,0,0.0,0.0,0.0,0.0,0,0.0,0.0,0,0,0.0,0.0,0.0,0,0.0,0.0,0,0.0,0,0,0,0.0,0.0,0.0,0.0,0,0,0.0,0.0,0.0,0,0,0.0,0.0,0,0,0.0,0.0,0.0,0.0,0,0.0,0.0,0.0,0.0,0.0,0,0,0,0,0,0,0.0,0.0,0.0,0.0,0,0.0,0,0,0,0,0,0,0,0,0,0,0,0.0,0,0.0,0.0,0,0,0,0,0,0,0,0,0,0,0,0,0,0,0.0,0.0,0,0.0,0.0,0,0.0,0,0.0,0.0,0,0.0,0.0,0,0.0,0.0,0.0,0,0,0,0,0,0,0,0,0.0,0.0,0
2013-06,0.0,0,0.0,0,0,0.0,0.0,0.0,0.0,0,0.0,0.0,0,0,0.0,0.0,0.0,0,0.0,0.0,0,0.0,0,0,0,0.0,0.0,0.0,0.0,0,0,0.0,0.0,0.0,0,0,0.0,0.0,0,0,0.0,0.0,0.0,0.0,0,0.0,0.0,0.0,0.0,0.0,0,0,0,0,0,0,0.0,0.0,0.0,0.0,0,0.0,0,0,0,0,0,0,0,0,0,0,0,0.0,0,0.0,0.0,0,0,0,0,0,0,0,0,0,0,0,0,0,0,0.0,0.0,0,0.0,0.0,0,0.0,0,0.0,0.0,0,0.0,0.0,0,0.0,0.0,0.0,0,0,0,0,0,0,0,0,0.0,0.0,0
2013-07,0.0,0,0.0,0,0,0.0,0.0,0.0,0.0,0,0.0,0.0,0,0,0.0,0.0,0.0,0,0.0,0.0,0,0.0,0,0,0,0.0,0.0,0.0,0.0,0,0,0.0,0.0,0.0,0,0,0.0,0.0,0,0,0.0,0.0,0.0,0.0,0,0.0,0.0,0.0,0.0,0.0,0,0,0,0,0,0,0.0,0.0,0.0,0.0,0,0.0,0,0,0,0,0,0,0,0,0,0,0,0.0,0,0.0,0.0,0,0,0,0,0,0,0,0,0,0,0,0,0,0,0.0,0.0,0,0.0,0.0,0,0.0,0,0.0,0.0,0,0.0,0.0,0,0.0,43.0,0.0,0,0,0,0,0,0,0,0,0.0,0.0,0
2013-08,0.0,0,0.0,0,0,0.0,0.0,0.0,0.0,0,0.0,0.0,0,0,0.0,0.0,0.0,0,0.0,0.0,0,0.0,0,0,0,0.0,0.0,0.0,0.0,0,0,0.0,0.0,0.0,0,0,0.0,0.0,0,0,0.0,0.0,0.0,0.0,0,0.0,0.0,0.0,0.0,0.0,0,0,0,0,0,0,0.0,0.0,0.0,0.0,0,0.0,0,0,0,0,0,0,0,0,0,0,0,0.0,0,0.0,0.0,0,0,0,0,0,0,0,0,0,0,0,0,0,0,0.0,0.0,0,0.0,0.0,0,0.0,0,0.0,0.0,0,0.0,0.0,0,0.0,0.0,0.0,0,0,0,0,0,0,0,0,0.0,0.0,0
2013-09,0.0,0,0.0,0,0,0.0,0.0,0.0,0.0,0,0.0,0.0,0,0,0.0,0.0,0.0,0,0.0,0.0,0,0.0,0,0,0,0.0,0.0,0.0,0.0,0,0,0.0,0.0,0.0,0,0,0.0,0.0,0,0,0.0,0.0,0.0,0.0,0,0.0,0.0,0.0,0.0,0.0,0,0,0,0,0,0,0.0,0.0,0.0,0.0,0,0.0,0,0,0,0,0,0,0,0,0,0,0,0.0,0,0.0,0.0,0,0,0,0,0,0,0,0,0,0,0,0,0,0,0.0,0.0,0,0.0,0.0,0,0.0,0,0.0,0.0,0,0.0,0.0,0,0.0,0.0,0.0,0,0,0,0,0,0,0,0,0.0,0.0,0
2013-10,0.0,0,0.0,0,0,0.0,0.0,0.0,0.0,0,0.0,0.0,0,0,0.0,0.0,0.0,0,0.0,0.0,0,0.0,0,0,0,0.0,0.0,0.0,0.0,0,0,0.0,0.0,0.0,0,0,0.0,0.0,0,0,0.0,0.0,0.0,0.0,0,0.0,0.0,0.0,0.0,0.0,0,0,0,0,0,0,0.0,0.0,0.0,0.0,0,0.0,0,0,0,0,0,0,0,0,0,0,0,0.0,0,0.0,0.0,0,0,0,0,0,0,0,0,0,0,0,0,0,0,0.0,0.0,0,0.0,0.0,0,0.0,0,0.0,0.0,0,0.0,0.0,0,0.0,0.0,0.0,0,0,0,0,0,0,0,0,0.0,0.0,0
2013-11,0.0,0,0.0,0,0,0.0,0.0,0.0,0.0,0,0.0,0.0,0,0,0.0,0.0,0.0,0,0.0,0.0,0,0.0,0,0,0,0.0,0.0,0.0,0.0,0,0,0.0,0.0,0.0,0,0,0.0,0.0,0,0,0.0,0.0,0.0,0.0,0,0.0,0.0,0.0,0.0,0.0,0,0,0,0,0,0,0.0,0.0,0.0,0.0,0,0.0,0,0,0,0,0,0,0,0,0,0,0,0.0,0,0.0,0.0,0,0,0,0,0,0,0,0,0,0,0,0,0,0,0.0,0.0,0,0.0,0.0,0,0.0,0,0.0,0.0,0,0.0,0.0,0,0.0,0.0,0.0,0,0,0,0,0,0,0,0,0.0,0.0,0
2013-12,0.0,0,0.0,0,0,0.0,0.0,0.0,0.0,0,0.0,0.0,0,0,0.0,0.0,0.0,0,0.0,0.0,0,0.0,0,0,0,0.0,0.0,0.0,0.0,0,0,0.0,0.0,0.0,0,0,0.0,0.0,0,0,0.0,0.0,0.0,0.0,0,0.0,0.0,0.0,0.0,0.0,0,0,0,0,0,0,0.0,0.0,0.0,0.0,0,0.0,0,0,0,0,0,0,0,0,0,0,0,100.0,0,0.0,0.0,0,0,0,0,0,0,0,0,0,0,0,0,0,0,0.0,0.0,0,0.0,0.0,0,0.0,0,0.0,0.0,0,0.0,0.0,0,0.0,0.0,0.0,0,0,0,0,0,0,0,0,0.0,0.0,0
2014-01,0.0,0,0.0,0,0,0.0,0.0,0.0,0.0,0,0.0,0.0,0,0,0.0,0.0,0.0,0,0.0,0.0,0,0.0,0,0,0,0.0,0.0,0.0,0.0,0,0,0.0,0.0,0.0,0,0,0.0,0.0,0,0,0.0,0.0,0.0,0.0,0,0.0,0.0,0.0,0.0,0.0,0,0,0,0,0,0,0.0,0.0,0.0,0.0,0,0.0,0,0,0,0,0,0,0,0,0,0,0,0.0,0,0.0,0.0,0,0,0,0,0,0,0,0,0,0,0,0,0,0,0.0,0.0,0,0.0,0.0,0,0.0,0,0.0,0.0,0,0.0,0.0,0,0.0,0.0,0.0,0,0,0,0,0,0,0,0,0.0,0.0,0
2014-02,0.0,0,0.0,0,0,0.0,0.0,0.0,0.0,0,0.0,0.0,0,0,0.0,0.0,0.0,0,0.0,0.0,0,0.0,0,0,0,0.0,0.0,0.0,0.0,0,0,0.0,0.0,0.0,0,0,0.0,0.0,0,0,0.0,0.0,0.0,0.0,0,0.0,0.0,0.0,0.0,0.0,0,0,0,0,0,0,0.0,0.0,0.0,0.0,0,0.0,0,0,0,0,0,0,0,0,0,0,0,0.0,0,0.0,0.0,0,0,0,0,0,0,0,0,0,0,0,0,0,0,0.0,0.0,0,0.0,0.0,0,0.0,0,0.0,0.0,0,0.0,0.0,0,0.0,0.0,0.0,0,0,0,0,0,0,0,0,0.0,0.0,0
2014-03,0.0,0,0.0,0,0,0.0,0.0,0.0,0.0,0,0.0,0.0,0,0,0.0,0.0,0.0,0,0.0,0.0,0,0.0,0,0,0,0.0,0.0,0.0,0.0,0,0,0.0,0.0,0.0,0,0,0.0,0.0,0,0,0.0,0.0,0.0,0.0,0,0.0,0.0,0.0,0.0,0.0,0,0,0,0,0,0,0.0,0.0,0.0,0.0,0,0.0,0,0,0,0,0,0,0,0,0,0,0,0.0,0,0.0,0.0,0,0,0,0,0,0,0,0,0,0,0,0,0,0,0.0,0.0,0,0.0,0.0,0,0.0,0,0.0,0.0,0,0.0,0.0,0,0.0,0.0,0.0,0,0,0,0,0,0,0,0,0.0,0.0,0
2014-04,0.0,0,0.0,0,0,0.0,0.0,0.0,0.0,0,0.0,0.0,0,0,0.0,0.0,0.0,0,0.0,0.0,0,0.0,0,0,0,0.0,0.0,0.0,0.0,0,0,0.0,0.0,0.0,0,0,0.0,0.0,0,0,0.0,0.0,0.0,0.0,0,0.0,0.0,0.0,0.0,0.0,0,0,0,0,0,0,0.0,0.0,0.0,0.0,0,0.0,0,0,0,0,0,0,0,0,0,0,0,0.0,0,0.0,0.0,0,0,0,0,0,0,0,0,0,0,0,0,0,0,0.0,0.0,0,0.0,0.0,0,0.0,0,0.0,0.0,0,0.0,0.0,0,0.0,0.0,0.0,0,0,0,0,0,0,0,0,0.0,0.0,0
2014-05,0.0,0,0.0,0,0,0.0,0.0,0.0,0.0,0,0.0,0.0,0,0,0.0,0.0,0.0,0,0.0,0.0,0,0.0,0,0,0,0.0,0.0,0.0,0.0,0,0,0.0,0.0,0.0,0,0,0.0,0.0,0,0,0.0,0.0,0.0,0.0,0,0.0,0.0,0.0,0.0,0.0,0,0,0,0,0,0,0.0,0.0,0.0,0.0,0,0.0,0,0,0,0,0,0,0,0,0,0,0,0.0,0,0.0,0.0,0,0,0,0,0,0,0,0,0,0,0,0,0,0,0.0,0.0,0,0.0,0.0,0,0.0,0,0.0,0.0,0,0.0,0.0,0,0.0,0.0,0.0,0,0,0,0,0,0,0,0,0.0,0.0,0
2014-06,0.0,0,0.0,0,0,0.0,0.0,0.0,0.0,0,0.0,0.0,0,0,0.0,0.0,0.0,0,0.0,0.0,0,0.0,0,0,0,0.0,0.0,0.0,0.0,0,0,0.0,0.0,0.0,0,0,0.0,0.0,0,0,0.0,0.0,0.0,0.0,0,0.0,0.0,0.0,0.0,0.0,0,0,0,0,0,0,0.0,0.0,0.0,0.0,0,0.0,0,0,0,0,0,0,0,0,0,0,0,0.0,0,0.0,0.0,0,0,0,0,0,0,0,0,0,0,0,0,0,0,0.0,0.0,0,0.0,0.0,0,0.0,0,0.0,0.0,0,0.0,0.0,0,0.0,0.0,0.0,0,0,0,0,0,0,0,0,0.0,0.0,0
2014-07,0.0,0,0.0,0,0,0.0,0.0,0.0,0.0,0,0.0,0.0,0,0,0.0,0.0,0.0,0,0.0,0.0,0,0.0,0,0,0,0.0,0.0,0.0,0.0,0,0,0.0,0.0,0.0,0,0,0.0,0.0,0,0,0.0,0.0,0.0,0.0,0,0.0,0.0,0.0,0.0,0.0,0,0,0,0,0,0,0.0,0.0,0.0,0.0,0,0.0,0,0,0,0,0,0,0,0,0,0,0,0.0,0,0.0,0.0,0,0,0,0,0,0,0,0,0,0,0,0,0,0,0.0,0.0,0,0.0,0.0,0,0.0,0,0.0,0.0,0,0.0,0.0,0,0.0,0.0,0.0,0,0,0,0,0,0,0,0,0.0,0.0,0
2014-08,0.0,0,0.0,0,0,0.0,0.0,0.0,0.0,0,0.0,0.0,0,0,0.0,0.0,0.0,0,0.0,0.0,0,0.0,0,0,0,0.0,0.0,0.0,0.0,0,0,0.0,0.0,0.0,0,0,0.0,0.0,0,0,0.0,0.0,0.0,0.0,0,0.0,0.0,0.0,0.0,0.0,0,0,0,0,0,0,0.0,0.0,0.0,0.0,0,0.0,0,0,0,0,0,0,0,0,0,0,0,0.0,0,0.0,0.0,0,0,0,0,0,0,0,0,0,0,0,0,0,0,0.0,0.0,0,0.0,0.0,0,0.0,0,0.0,0.0,0,0.0,0.0,0,0.0,0.0,0.0,0,0,0,0,0,0,0,0,0.0,0.0,0
2014-09,0.0,0,0.0,0,0,0.0,0.0,0.0,0.0,0,0.0,0.0,0,0,0.0,0.0,0.0,0,0.0,0.0,0,0.0,0,0,0,0.0,0.0,0.0,0.0,0,0,0.0,0.0,0.0,0,0,0.0,0.0,0,0,0.0,0.0,0.0,0.0,0,0.0,0.0,0.0,0.0,0.0,0,0,0,0,0,0,0.0,0.0,0.0,0.0,0,0.0,0,0,0,0,0,0,0,0,0,0,0,0.0,0,0.0,0.0,0,0,0,0,0,0,0,0,0,0,0,0,0,0,0.0,0.0,0,0.0,0.0,0,0.0,0,0.0,0.0,0,0.0,0.0,0,0.0,0.0,0.0,0,0,0,0,0,0,0,0,0.0,0.0,0
2014-10,0.0,0,0.0,0,0,0.0,0.0,0.0,0.0,0,0.0,0.0,0,0,0.0,0.0,0.0,0,0.0,0.0,0,0.0,0,0,0,0.0,0.0,0.0,0.0,0,0,0.0,0.0,0.0,0,0,0.0,0.0,0,0,0.0,0.0,0.0,0.0,0,0.0,0.0,0.0,0.0,0.0,0,0,0,0,0,0,0.0,0.0,0.0,0.0,0,0.0,0,0,0,0,0,0,0,0,0,0,0,0.0,0,0.0,0.0,0,0,0,0,0,0,0,0,0,0,0,0,0,0,0.0,0.0,0,0.0,0.0,0,0.0,0,0.0,0.0,0,0.0,0.0,0,0.0,0.0,0.0,0,0,0,0,0,0,0,0,0.0,0.0,0
2014-11,0.0,0,0.0,0,0,0.0,0.0,0.0,0.0,0,0.0,0.0,0,0,0.0,0.0,0.0,0,0.0,0.0,0,0.0,0,0,0,0.0,0.0,0.0,0.0,0,100,0.0,0.0,0.0,0,0,0.0,0.0,0,0,0.0,0.0,0.0,0.0,0,0.0,0.0,0.0,0.0,0.0,0,0,0,0,0,0,0.0,0.0,0.0,0.0,0,0.0,0,0,0,0,0,0,0,0,0,0,0,0.0,0,0.0,0.0,0,0,0,0,0,0,0,0,0,0,0,0,0,0,0.0,0.0,0,0.0,95.0,0,0.0,0,0.0,0.0,0,0.0,0.0,0,0.0,0.0,0.0,0,0,0,0,0,0,0,0,0.0,0.0,0
2014-12,0.0,0,0.0,0,0,0.0,0.0,0.0,0.0,0,0.0,0.0,0,0,0.0,0.0,0.0,0,0.0,0.0,0,0.0,0,0,0,0.0,0.0,0.0,0.0,0,0,0.0,0.0,0.0,0,0,0.0,0.0,0,0,0.0,0.0,0.0,0.0,0,0.0,5.0,0.0,0.0,0.0,0,0,0,0,0,0,0.0,0.0,0.0,0.0,0,0.0,0,0,0,0,0,0,0,0,0,0,0,0.0,0,0.0,0.0,0,0,0,0,0,0,0,0,0,0,0,0,0,0,0.0,0.0,0,0.0,0.0,0,0.0,0,0.0,0.0,0,0.0,0.0,0,0.0,0.0,0.0,0,0,0,0,0,0,0,0,0.0,0.0,0
2015-01,0.0,0,0.0,0,0,0.0,0.0,0.0,0.0,0,0.0,0.0,0,0,0.0,0.0,0.0,0,0.0,0.0,0,0.0,0,0,0,0.0,0.0,0.0,0.0,0,0,0.0,0.0,0.0,0,0,0.0,0.0,0,0,0.0,0.0,0.0,0.0,0,0.0,0.0,0.0,0.0,0.0,0,0,0,0,0,0,0.0,0.0,0.0,0.0,0,0.0,0,0,0,0,0,0,0,0,0,0,0,0.0,0,0.0,0.0,0,0,0,0,0,0,0,0,0,0,0,0,0,0,0.0,0.0,0,0.0,0.0,0,0.0,0,0.0,0.0,0,0.0,0.0,0,0.0,0.0,0.0,0,0,0,0,0,0,0,0,0.0,0.0,0
2015-02,0.0,0,0.0,0,0,0.0,0.0,0.0,0.0,0,0.0,0.0,0,0,0.0,0.0,0.0,0,0.0,0.0,0,0.0,0,0,0,0.0,0.0,0.0,0.0,0,0,0.0,0.0,0.0,0,0,0.0,0.0,0,0,0.0,0.0,0.0,0.0,0,0.0,0.0,0.0,0.0,0.0,0,0,0,0,0,0,0.0,0.0,0.0,0.0,0,0.0,0,0,0,0,0,0,0,0,0,0,0,0.0,0,0.0,0.0,0,0,0,0,0,0,0,0,0,0,0,0,0,0,0.0,0.0,0,0.0,0.0,0,0.0,0,0.0,0.0,0,0.0,0.0,0,0.0,0.0,0.0,0,0,0,0,0,0,0,0,0.0,0.0,0
2015-03,0.0,0,0.0,0,0,0.0,0.0,0.0,0.0,0,0.0,0.0,0,0,0.0,0.0,0.0,0,0.0,0.0,0,0.0,0,0,0,0.0,0.0,0.0,0.0,0,0,0.0,0.0,0.0,0,0,0.0,0.0,0,0,0.0,0.0,0.0,0.0,0,0.0,0.0,0.0,0.0,0.0,0,0,0,0,0,0,0.0,0.0,0.0,0.0,0,0.0,0,0,0,0,0,0,0,0,0,0,0,0.0,0,0.0,0.0,0,0,0,0,0,0,0,0,0,0,0,0,0,0,0.0,0.0,0,0.0,0.0,0,0.0,0,0.0,0.0,0,0.0,0.0,0,0.0,0.0,0.0,0,0,0,0,0,0,0,0,0.0,0.0,0
2015-04,0.0,0,0.0,0,0,0.0,0.0,0.0,0.0,0,0.0,0.0,0,0,0.0,0.0,0.0,0,0.0,0.0,0,0.0,0,0,0,0.0,0.0,0.0,0.0,0,0,0.0,0.0,0.0,0,0,0.0,0.0,0,0,0.0,0.0,0.0,0.0,0,0.0,0.0,0.0,0.0,0.0,0,0,0,0,0,0,0.0,0.0,0.0,0.0,0,0.0,0,0,0,0,0,0,0,0,0,0,0,0.0,0,0.0,0.0,0,0,0,0,0,0,0,0,0,0,0,0,0,0,0.0,0.0,0,0.0,0.0,100,0.0,0,0.0,0.0,0,0.0,0.0,0,0.0,0.0,0.0,0,0,0,0,0,0,0,0,0.0,0.0,0
2015-05,0.0,0,0.0,0,0,0.0,0.0,0.0,0.0,0,0.0,0.0,0,0,0.0,0.0,0.0,0,0.0,0.0,0,0.0,0,0,0,0.0,0.0,0.0,0.0,0,0,0.0,0.0,0.0,0,0,0.0,0.0,0,0,0.0,0.0,0.0,0.0,0,0.0,0.0,0.0,0.0,0.0,0,0,0,0,0,0,0.0,0.0,0.0,0.0,0,0.0,0,0,0,0,0,0,0,0,0,0,0,0.0,0,0.0,0.0,0,0,0,0,0,0,0,0,0,0,0,0,0,0,0.0,0.0,0,0.0,0.0,0,0.0,0,0.0,0.0,0,0.0,0.0,0,0.0,0.0,0.0,0,0,0,0,0,0,0,0,0.0,0.0,0
2015-06,0.0,0,0.0,0,0,0.0,0.0,0.0,0.0,0,0.0,0.0,0,0,0.0,0.0,0.0,0,0.0,0.0,0,0.0,0,0,0,0.0,0.0,0.0,0.0,0,0,0.0,0.0,0.0,0,0,0.0,0.0,0,0,0.0,0.0,0.0,0.0,0,0.0,0.0,0.0,0.0,0.0,0,0,0,0,0,0,0.0,0.0,0.0,0.0,0,0.0,0,0,0,0,0,0,0,0,0,0,0,0.0,0,0.0,0.0,0,0,0,0,0,0,0,0,0,0,0,0,0,0,0.0,0.0,0,0.0,0.0,0,0.0,0,0.0,0.0,0,0.0,0.0,0,0.0,0.0,0.0,0,0,0,0,0,0,0,0,0.0,0.0,0
2015-07,0.0,0,0.0,0,4,0.0,0.0,0.0,0.0,3,0.0,0.0,0,0,1.0,0.0,0.0,0,0.0,1.0,0,0.0,0,0,73,0.0,0.0,0.0,0.0,14,0,0.0,0.0,0.0,16,0,0.0,0.0,0,73,0.0,0.0,0.0,0.0,2,0.0,0.0,0.0,0.0,1.0,0,35,0,0,73,0,0.0,0.0,0.0,0.5,0,0.0,0,0,73,0,0,0,0,73,0,0,0,0.0,35,0.0,0.0,0,73,0,0,0,0,73,0,0,0,0,73,0,0,0.0,0.0,16,0.0,0.0,0,0.0,24,0.0,0.0,0,0.0,1.0,0,0.0,0.0,0.0,12,0,0,0,0,73,0,0,0.0,0.0,73
2015-08,0.0,0,0.0,0,5,0.0,0.0,0.0,0.0,4,0.0,0.0,0,0,1.0,0.0,0.0,0,0.0,2.0,0,0.0,0,0,100,0.0,0.0,0.0,0.0,19,0,0.0,0.0,0.0,23,0,0.0,0.0,0,100,0.0,0.0,0.0,0.0,3,0.0,0.0,0.0,0.0,2.0,0,0,0,0,100,0,0.0,0.0,0.0,1.0,0,0.0,0,0,100,0,0,0,0,100,0,0,0,0.0,49,0.0,0.0,0,100,0,0,0,0,100,0,0,0,0,100,0,0,0.0,0.0,21,0.0,0.0,0,0.0,33,0.0,0.0,0,0.0,1.0,0,0.0,0.0,0.0,16,0,0,0,0,100,0,0,0.0,0.0,100
2015-09,0.0,0,0.0,0,4,0.0,0.0,0.0,0.0,3,0.0,0.0,0,0,1.0,0.0,0.0,0,0.0,2.0,0,0.0,0,0,85,0.0,0.0,0.0,0.0,16,0,0.0,0.0,0.0,19,0,0.0,0.0,0,85,0.0,0.0,0.0,0.0,2,0.0,0.0,0.0,0.0,2.0,0,0,0,0,85,0,0.0,0.0,0.0,1.0,0,0.0,0,0,85,0,0,0,0,85,0,0,0,0.0,41,0.0,0.0,0,85,0,0,0,0,85,0,0,0,0,85,0,0,0.0,0.0,18,0.0,0.0,0,0.0,28,0.0,0.0,0,0.0,1.0,0,0.0,0.0,0.0,14,0,0,0,0,85,0,0,0.0,0.0,86
2015-10,0.0,0,0.0,0,2,0.0,0.0,0.0,0.0,1,0.0,0.0,0,0,0.5,0.0,0.0,0,0.0,1.0,0,0.0,0,0,36,0.0,0.0,0.0,0.0,7,0,0.0,0.0,0.0,8,0,0.0,0.0,0,36,1.0,0.0,0.0,0.0,1,0.0,0.0,0.0,0.0,1.0,0,0,0,0,36,0,0.0,0.0,0.0,0.5,0,0.0,0,0,36,0,0,0,0,36,0,0,0,0.0,17,0.0,0.0,0,36,0,0,0,0,36,0,0,0,0,36,0,0,0.0,0.0,8,0.0,0.0,0,0.0,12,0.0,0.0,0,0.0,0.5,0,0.0,0.0,0.0,6,0,0,0,0,36,0,0,0.0,0.0,36
2015-11,0.0,0,0.0,0,3,0.0,0.0,0.0,0.0,2,0.0,0.0,0,0,0.5,0.0,0.0,0,0.0,1.0,0,0.0,0,0,62,0.0,0.0,0.0,0.0,12,0,0.0,0.0,0.0,14,0,0.0,0.0,0,62,0.0,0.0,0.0,0.0,2,0.0,0.0,0.0,0.0,1.0,0,0,0,0,62,0,0.0,0.0,0.0,0.5,0,0.0,0,0,62,0,0,0,0,62,0,0,0,0.0,30,0.0,0.0,0,62,0,0,0,0,62,0,0,0,0,62,0,0,0.0,0.0,13,0.0,0.0,0,0.0,20,0.0,0.0,0,0.0,1.0,0,0.0,0.0,0.0,10,0,0,0,0,62,0,0,0.0,0.0,62
2015-12,0.0,0,0.0,0,4,0.0,0.0,0.0,0.0,3,0.0,0.0,0,0,1.0,0.0,0.0,0,0.0,2.0,0,0.0,0,0,74,0.0,0.0,0.0,0.0,14,0,0.0,0.0,0.0,17,0,0.0,0.0,0,74,0.0,0.0,0.0,0.0,2,0.0,0.0,0.0,0.0,1.0,0,0,0,0,74,0,0.0,0.0,0.0,1.0,0,0.0,0,0,74,0,0,0,0,74,0,0,0,0.0,36,0.0,0.0,0,74,0,0,0,0,74,0,0,0,0,74,0,0,0.0,0.0,16,0.0,0.0,0,0.0,24,0.0,0.0,0,0.0,1.0,0,0.0,0.0,0.0,12,0,45,0,0,74,0,0,0.0,0.0,75
2016-01,0.0,0,0.0,0,4,0.0,0.0,0.0,0.0,3,0.0,0.0,0,0,1.0,0.0,0.0,0,0.0,1.0,0,0.0,0,0,72,0.0,0.0,0.0,0.0,14,0,0.0,0.0,0.0,16,0,0.0,0.0,0,72,0.0,0.0,0.0,0.0,2,0.0,0.0,0.0,0.0,1.0,0,0,0,0,72,0,0.0,0.0,0.0,0.5,0,0.0,0,0,72,0,0,0,0,72,0,0,0,0.0,35,0.0,0.0,0,72,0,0,0,0,72,0,0,0,0,72,0,0,0.0,0.0,15,0.0,0.0,0,0.0,23,0.0,0.0,0,0.0,1.0,0,0.0,0.0,0.0,12,0,0,0,0,72,0,0,0.0,0.0,72
2016-02,0.0,0,0.0,0,2,0.0,0.0,0.0,0.0,1,0.0,0.0,0,0,0.5,0.0,0.0,0,0.0,1.0,0,0.0,0,0,38,0.0,0.0,0.0,0.0,7,0,0.0,0.0,0.0,9,0,0.0,0.0,0,38,0.0,0.0,0.0,0.0,1,0.0,0.0,0.0,0.0,1.0,0,0,0,0,38,0,0.0,0.0,0.0,0.5,0,0.0,0,0,38,0,0,0,0,38,0,0,0,0.0,18,0.0,0.0,0,38,0,0,0,0,38,0,0,0,0,38,0,0,0.0,0.0,8,0.0,0.0,0,0.0,12,0.0,0.0,0,0.0,0.5,0,0.0,0.0,0.0,6,0,0,0,0,38,0,0,0.0,0.0,38
2016-03,0.0,0,0.0,0,3,0.0,0.0,0.0,0.0,2,0.0,0.0,0,0,0.5,0.0,0.0,0,0.0,1.0,0,0.0,0,0,58,0.0,0.0,0.0,0.0,11,0,0.0,3.0,0.0,13,0,0.0,0.0,0,58,0.0,0.0,0.0,0.0,2,0.0,0.0,0.0,0.0,1.0,0,0,0,0,58,0,0.0,0.0,0.0,0.5,0,0.0,0,0,58,0,0,0,0,58,0,0,0,7.0,28,0.0,0.0,0,58,0,0,0,0,58,0,0,0,0,58,0,0,0.0,0.0,12,0.0,0.0,0,0.0,19,0.0,0.5,0,0.0,0.5,0,0.0,0.0,0.0,9,0,0,0,0,58,0,0,0.0,0.0,58
2016-04,0.0,0,0.0,0,3,0.0,0.0,0.0,0.0,2,0.0,0.0,0,0,0.5,0.0,0.0,0,0.0,1.0,0,0.0,0,0,64,0.0,0.0,0.0,0.0,12,0,0.0,0.0,0.0,14,0,0.0,0.0,0,64,1.0,0.0,0.0,0.0,2,0.0,0.0,0.0,0.0,1.0,0,0,0,0,64,0,0.0,0.0,0.0,0.5,0,0.0,0,0,64,0,0,0,0,64,0,0,0,0.0,31,0.0,0.0,0,64,0,0,0,0,64,0,0,0,0,64,0,0,0.0,0.0,14,0.0,0.0,0,0.0,21,0.0,0.0,0,0.0,1.0,0,0.0,0.0,0.0,10,0,0,0,0,64,0,0,0.0,0.0,65
2016-05,0.0,0,0.0,0,3,0.0,0.0,0.0,0.0,2,0.0,0.0,0,0,0.5,0.0,0.0,0,0.0,1.0,0,0.0,0,0,53,0.0,0.0,0.0,0.0,10,0,0.0,0.0,0.0,12,0,0.0,0.0,0,53,0.0,0.0,0.0,0.0,1,0.0,0.0,0.0,0.0,1.0,0,0,0,0,53,0,0.0,0.0,0.0,0.5,0,0.0,0,0,53,0,0,0,0,53,0,0,0,0.0,26,0.0,0.0,0,53,0,0,0,0,53,0,0,0,0,53,0,0,0.0,0.0,11,0.0,0.0,0,0.0,17,0.0,0.0,0,0.0,0.5,0,0.0,0.0,0.0,9,0,0,0,0,53,0,0,0.0,0.0,53
2016-06,0.0,0,0.0,0,4,0.0,0.0,0.0,0.0,3,0.0,0.0,0,0,1.0,0.0,0.0,0,0.0,1.0,0,0.0,0,0,72,0.0,0.0,0.0,0.0,14,0,0.0,0.0,0.0,16,0,0.0,0.0,0,72,0.0,0.0,0.0,0.0,2,0.0,0.0,0.5,0.0,1.0,0,0,0,0,72,0,0.0,0.0,0.0,0.5,0,0.0,0,0,72,0,0,0,0,72,0,0,0,0.0,35,0.0,0.0,15,72,0,0,0,0,72,0,0,0,0,72,0,0,0.0,0.0,15,0.0,0.0,0,0.0,23,0.0,0.0,0,0.0,1.0,0,0.0,0.0,0.0,12,0,0,0,0,72,0,0,0.0,0.0,71
2016-07,0.0,0,0.0,0,2,0.0,0.0,0.0,0.0,1,0.0,0.0,0,0,0.5,0.0,0.0,0,0.0,1.0,0,0.0,0,0,33,0.0,0.0,0.0,0.0,6,0,0.0,0.0,0.0,8,0,0.0,0.0,0,33,0.0,0.0,0.0,0.0,1,0.0,0.0,0.0,0.0,1.0,0,0,0,0,33,0,0.0,0.0,0.0,0.5,0,0.0,0,0,33,0,0,0,0,33,0,0,0,0.0,16,0.0,0.0,0,33,0,0,0,0,33,0,0,0,0,33,0,0,0.0,0.0,7,0.0,0.0,0,0.0,11,0.0,0.0,0,0.0,0.5,0,0.0,0.0,0.0,5,0,0,0,0,33,0,0,0.0,0.0,34
2016-08,0.0,0,0.0,0,2,0.0,0.0,0.0,0.0,2,0.0,0.0,0,0,0.5,0.0,0.0,0,0.0,1.0,0,0.0,0,0,47,0.0,0.0,0.0,0.0,9,0,0.0,0.0,0.0,11,0,0.0,0.0,0,47,0.0,0.0,0.0,0.0,1,0.0,0.0,0.0,0.0,1.0,0,0,0,0,47,0,0.0,0.0,0.0,0.5,0,0.0,0,0,47,0,0,0,0,47,0,0,0,0.0,23,0.0,0.0,0,47,0,0,0,0,47,0,0,0,0,47,0,0,0.0,0.0,10,0.0,0.0,0,0.0,15,0.0,0.0,0,0.0,0.5,0,0.0,0.0,0.0,8,0,0,0,0,47,0,12,0.0,0.0,47
2016-09,0.0,0,0.0,0,2,0.0,0.0,0.0,0.0,1,0.0,0.0,0,0,0.5,0.0,0.0,0,0.0,1.0,0,0.0,0,0,35,0.0,0.0,0.0,0.0,7,0,0.0,0.0,0.0,8,0,0.0,0.0,0,35,0.0,0.0,0.0,0.0,1,0.0,0.0,0.0,0.0,1.0,0,0,0,0,35,0,0.0,0.0,0.0,0.5,0,0.0,0,0,35,0,0,0,0,35,0,0,0,0.0,17,0.0,0.0,0,35,0,0,0,0,35,0,0,0,0,35,0,0,0.0,0.0,8,0.0,0.0,0,0.0,12,0.0,0.0,0,0.0,0.5,0,0.0,0.0,0.0,6,0,0,0,0,35,0,0,0.0,0.0,36
2016-10,0.0,0,0.0,0,3,0.0,0.0,0.0,0.0,2,0.0,0.0,0,0,0.5,0.0,0.0,0,0.0,1.0,0,0.0,0,0,54,0.0,0.0,0.0,0.0,11,0,0.0,0.0,0.0,12,0,0.0,0.0,0,54,0.5,0.0,0.0,0.0,1,0.0,0.0,0.0,0.0,1.0,0,0,0,0,54,0,0.0,0.0,0.0,0.5,0,0.0,0,0,54,0,0,0,0,54,0,0,0,0.0,26,0.0,0.0,0,54,0,0,0,0,54,0,0,0,0,54,0,0,0.0,0.0,12,0.0,0.0,0,0.0,18,0.0,0.0,0,0.0,0.5,0,0.0,0.0,0.0,9,0,0,0,0,54,0,0,0.0,0.0,55
2016-11,0.0,0,0.0,0,3,0.0,0.0,0.0,0.0,2,0.0,0.0,0,0,0.5,0.0,0.0,0,0.0,1.0,0,0.0,0,0,53,0.0,0.0,0.0,0.0,10,0,0.0,0.0,0.0,12,0,0.0,0.0,0,53,0.0,0.0,0.0,0.0,1,0.0,0.0,0.0,0.0,1.0,0,0,0,0,53,0,0.0,0.0,0.0,0.5,0,0.0,0,0,53,0,0,0,0,53,0,0,0,0.0,26,0.0,0.0,0,53,0,0,0,0,53,0,0,0,0,53,0,0,0.0,0.0,11,0.0,0.0,0,0.0,17,0.0,0.0,0,0.0,0.5,0,0.0,0.0,0.0,9,0,0,0,0,53,0,0,0.0,0.0,54
2016-12,0.0,0,0.0,0,3,0.0,0.0,0.0,0.0,2,0.0,0.0,0,0,0.5,0.0,0.0,0,0.0,1.0,0,0.0,0,0,65,0.0,0.0,0.0,0.0,13,0,0.0,2.0,0.0,15,0,0.0,0.0,0,65,0.0,0.0,0.0,0.0,2,0.0,0.0,0.0,0.0,1.0,0,0,0,0,65,0,0.0,0.0,0.0,0.5,0,0.0,0,0,65,0,0,0,0,65,0,0,0,0.0,32,0.0,0.0,0,65,0,0,0,0,65,0,0,0,0,65,0,0,0.0,0.0,14,0.0,0.0,0,0.0,21,0.0,0.0,0,0.0,1.0,0,0.0,0.0,0.0,11,0,0,0,0,65,0,0,0.0,0.0,66
2017-01,0.0,0,0.0,0,3,0.0,0.0,0.0,0.0,2,0.0,0.0,0,0,0.5,0.0,0.0,0,0.0,1.0,0,0.0,0,0,50,0.0,0.0,0.0,0.0,10,0,0.0,0.0,0.0,11,0,0.0,0.0,0,50,0.0,0.0,0.0,0.0,1,0.0,0.0,0.0,0.0,1.0,0,0,0,0,50,0,0.0,0.0,0.0,0.5,0,0.0,0,0,50,0,0,0,0,50,0,0,0,0.0,24,0.0,0.0,0,50,0,0,0,0,50,0,0,0,0,50,0,0,0.0,0.0,11,0.0,0.0,0,0.0,16,0.0,0.0,0,0.0,0.5,0,0.0,0.0,0.0,8,0,0,0,0,50,0,0,0.0,0.0,51
2017-02,0.0,0,0.0,0,3,0.0,0.0,0.0,0.0,2,0.0,0.0,0,0,0.5,0.0,0.0,0,0.0,1.0,0,0.0,0,0,54,0.0,0.0,0.0,0.0,10,0,0.0,0.0,0.0,12,0,0.0,0.0,0,54,0.0,0.0,0.0,0.0,1,0.0,0.0,0.0,0.0,1.0,0,0,0,0,54,0,0.0,0.0,0.0,0.5,0,0.0,0,0,54,0,0,0,0,54,0,0,4,0.0,26,0.0,0.0,0,54,0,0,0,0,54,0,0,0,0,54,0,0,0.0,0.0,12,0.0,0.0,0,0.0,18,0.0,0.0,0,0.0,0.5,0,0.0,0.0,0.0,9,0,0,0,0,54,0,0,0.0,0.0,54
2017-03,0.0,0,0.0,0,3,0.0,0.0,0.5,0.0,2,0.0,0.0,0,0,0.5,0.0,0.0,0,0.0,1.0,0,0.0,0,0,63,0.0,0.0,0.0,0.0,12,0,0.0,2.0,0.0,14,0,0.0,0.0,0,63,0.5,0.0,0.0,0.0,2,0.0,0.0,0.0,0.0,1.0,0,0,0,0,63,0,0.0,0.0,0.0,0.5,0,0.0,0,0,63,0,0,0,8,63,0,4,0,0.0,31,0.0,0.0,0,63,0,0,0,0,63,0,0,0,0,63,0,0,0.0,0.0,13,0.0,0.0,0,0.0,21,0.0,0.0,0,0.0,1.0,0,0.0,0.0,0.0,10,0,0,0,0,63,0,0,0.0,0.0,63
2017-04,0.0,0,0.0,0,3,0.0,0.0,0.0,0.0,2,0.0,0.0,0,0,0.5,0.0,0.0,0,0.0,1.0,0,0.0,0,0,53,0.0,0.0,0.0,0.0,10,0,0.0,0.0,0.0,12,0,0.0,0.0,0,53,0.0,0.0,0.0,0.0,1,0.0,0.0,0.0,0.0,1.0,0,0,0,0,53,0,0.0,0.0,0.0,0.5,0,0.0,0,0,53,0,0,0,0,53,0,0,0,0.0,26,0.0,0.0,0,53,0,0,0,0,53,0,0,0,0,53,0,0,0.0,0.0,11,0.0,0.0,0,0.0,17,0.0,0.0,0,0.0,0.5,0,0.0,0.0,0.0,9,0,0,0,0,53,0,0,0.0,0.0,53
2017-05,0.0,0,0.0,0,2,0.0,0.0,0.0,0.0,1,0.0,0.0,0,0,0.5,0.0,0.0,0,0.0,1.0,0,0.0,0,0,35,0.0,0.0,0.0,0.0,7,0,0.0,0.0,0.0,8,0,0.0,0.0,0,35,0.5,0.0,0.0,0.0,1,0.0,0.0,0.0,0.0,1.0,0,0,0,0,35,0,0.0,0.0,0.0,0.5,0,0.0,0,0,35,0,0,0,0,35,0,0,0,0.0,17,0.0,0.0,0,35,0,0,0,0,35,0,0,0,0,35,0,0,0.0,0.0,7,0.0,0.0,0,0.0,11,0.0,0.0,0,0.0,0.5,0,0.0,0.0,0.0,6,0,0,0,0,35,0,0,0.0,0.0,35
2017-06,0.0,0,0.0,0,2,0.0,0.0,0.0,0.0,1,0.0,0.0,0,0,0.5,0.0,0.0,0,0.0,1.0,0,0.0,0,0,34,0.0,0.0,0.0,0.0,6,0,0.0,0.0,0.0,8,0,0.0,0.0,0,34,0.5,0.0,0.0,0.0,1,0.0,0.0,0.0,0.0,1.0,0,0,0,0,34,0,0.0,0.0,0.0,0.5,0,0.0,0,0,34,0,0,0,8,34,0,4,0,0.0,16,0.0,0.0,0,34,0,0,0,0,34,0,0,0,0,34,0,0,0.0,0.0,7,0.0,0.0,0,0.0,11,0.0,0.0,0,0.0,0.5,0,0.0,0.0,0.0,5,0,0,0,0,34,0,0,0.0,0.0,34
2017-07,0.0,0,0.0,0,2,0.0,0.0,0.5,0.0,1,0.0,0.0,0,0,0.5,0.0,0.0,0,0.0,1.0,0,0.0,0,0,36,0.0,0.0,0.0,0.0,7,0,0.0,0.0,0.0,8,0,0.0,0.0,0,36,0.5,0.0,0.0,0.0,1,0.0,0.0,0.0,0.0,1.0,0,0,0,0,36,0,0.0,0.0,0.0,0.5,0,0.0,0,0,36,0,0,0,0,36,0,0,0,0.0,17,0.0,0.0,0,36,0,0,0,0,36,0,0,0,0,36,0,0,0.0,0.0,8,0.0,0.0,0,0.0,12,0.0,0.0,0,0.0,0.5,0,0.0,0.0,0.0,6,0,0,0,0,36,0,0,0.0,0.0,36
2017-08,0.0,0,0.0,0,2,0.0,0.0,0.0,0.0,1,0.0,0.0,0,0,0.5,0.0,0.0,0,0.0,1.0,9,0.0,0,0,39,0.0,0.0,0.0,0.0,7,0,0.0,4.0,0.0,9,0,0.0,0.0,0,39,0.5,0.0,0.0,0.0,1,0.0,0.0,0.0,0.0,1.0,0,0,0,0,39,0,0.0,0.0,0.0,0.5,0,0.0,0,0,39,0,0,0,0,39,0,0,0,0.0,19,0.0,0.0,0,39,0,0,0,0,39,0,0,0,0,39,0,0,0.0,0.0,8,0.0,2.0,0,0.0,13,0.0,0.0,0,0.0,0.5,0,0.0,0.0,0.0,6,0,0,0,0,39,0,0,0.0,0.0,39
2017-09,0.0,0,0.0,0,2,0.0,0.0,0.5,0.0,1,0.0,0.0,0,0,0.5,0.5,0.0,0,0.0,1.0,0,0.0,0,0,41,0.0,0.0,0.0,1.0,8,0,0.0,0.0,0.0,9,0,0.0,0.0,0,41,0.0,0.0,0.0,0.0,1,0.0,0.0,0.0,0.0,1.0,0,0,0,0,41,0,0.0,0.0,0.0,0.5,0,0.0,0,0,41,0,0,0,0,41,0,0,0,0.0,20,0.0,0.0,0,41,0,0,0,0,41,0,0,0,0,41,0,0,0.0,0.0,9,0.0,0.0,0,0.0,13,0.0,0.0,0,0.0,0.5,0,0.0,0.0,0.0,7,0,0,0,0,41,0,0,0.0,0.0,40
2017-10,0.0,0,0.0,0,2,0.0,0.0,0.0,0.0,2,0.0,0.0,0,0,0.5,0.0,0.0,0,0.0,1.0,0,0.0,7,0,48,0.0,0.0,0.0,0.0,9,0,0.0,2.0,0.0,11,0,0.0,0.0,0,48,0.5,0.0,0.0,0.0,1,0.0,0.0,0.0,0.0,1.0,0,0,7,0,48,0,0.5,0.0,0.0,0.5,0,0.0,0,0,48,0,0,0,8,48,0,4,0,0.0,23,0.0,0.0,0,48,0,0,0,0,48,0,0,0,0,48,0,0,0.0,0.0,10,0.0,0.0,0,0.0,16,0.0,0.0,0,0.0,0.5,0,0.0,0.0,0.0,8,0,0,0,0,48,0,0,0.0,0.0,48
2017-11,0.0,0,0.0,0,3,0.0,0.0,0.5,0.0,2,0.0,0.0,0,0,0.5,0.0,0.0,0,0.0,1.0,0,0.0,0,0,54,0.0,0.0,0.0,0.0,10,0,0.0,2.0,0.0,12,0,0.0,0.0,0,54,0.5,0.0,0.0,0.0,1,0.0,0.0,0.0,0.0,1.0,0,0,0,0,54,0,0.0,0.0,0.0,0.5,0,0.0,0,0,54,0,0,0,0,54,0,0,0,0.0,26,0.0,0.0,0,54,0,0,0,0,54,0,0,0,0,54,0,0,0.0,0.0,12,0.0,0.0,0,0.0,18,0.0,0.0,0,0.0,0.5,0,0.0,0.0,0.0,9,0,0,0,0,54,0,0,0.0,0.0,54
2017-12,0.0,0,0.0,0,2,0.0,0.0,0.5,0.0,2,0.0,0.0,0,0,0.5,0.0,0.0,0,0.0,1.0,0,0.0,0,0,48,0.0,0.0,0.0,0.0,9,0,0.0,2.0,0.0,11,0,0.0,0.0,0,48,0.0,0.0,0.0,0.0,1,0.0,0.0,0.0,0.0,1.0,0,0,0,0,48,0,0.0,0.0,0.0,0.5,0,0.0,0,0,48,0,0,0,0,48,0,0,0,0.0,23,0.0,0.0,0,48,0,0,0,0,48,0,0,0,0,48,0,0,0.0,0.0,10,0.0,0.0,0,0.0,16,0.0,0.0,0,0.0,0.5,0,0.0,0.0,0.0,8,0,0,0,0,48,0,0,0.0,0.0,48
2018-01,0.0,0,0.0,0,2,0.0,0.0,0.5,0.0,2,0.0,0.0,0,0,0.5,0.0,0.0,0,0.0,1.0,0,0.0,0,0,42,0.0,0.0,0.0,0.0,8,0,0.0,1.0,0.0,9,0,0.0,0.0,0,42,0.5,0.0,0.0,0.0,1,0.0,0.0,0.0,0.0,1.0,0,0,0,0,42,0,0.0,0.0,0.0,0.5,0,0.0,0,0,42,0,0,0,7,42,0,3,0,0.0,20,0.0,0.0,0,42,0,0,0,0,42,0,0,0,0,42,0,0,0.0,0.0,9,0.0,0.0,0,0.0,14,0.0,0.0,0,0.0,0.5,0,0.0,0.0,0.0,7,0,0,0,0,42,0,0,0.0,0.0,42
2018-02,0.0,0,0.0,0,2,0.0,0.0,0.0,0.0,2,0.0,0.0,0,0,0.5,0.0,0.0,0,0.0,1.0,0,0.0,0,0,47,0.0,0.0,0.0,0.0,9,0,0.0,3.0,0.0,11,0,0.0,0.0,0,47,0.5,0.0,0.0,0.0,1,0.0,0.0,0.0,0.0,1.0,0,0,0,0,47,0,0.0,0.0,0.0,0.5,0,0.0,6,0,47,0,0,0,0,47,0,0,0,0.0,23,0.0,0.0,0,47,0,0,0,0,47,0,0,0,0,47,0,0,0.0,0.0,10,0.0,0.0,0,0.0,15,0.0,0.0,0,0.0,0.5,0,0.0,0.0,0.0,8,0,0,0,0,47,0,0,0.0,0.0,48
2018-03,0.0,0,0.0,0,2,0.0,0.5,0.5,0.0,2,0.0,0.0,0,0,0.5,0.0,0.0,0,0.0,1.0,0,0.0,0,0,48,0.0,0.0,0.0,0.0,9,0,0.0,4.0,0.0,11,0,0.0,0.0,0,48,0.5,0.0,0.0,0.0,1,0.0,0.0,0.0,0.0,1.0,0,0,0,0,48,0,0.0,0.0,0.0,0.5,0,0.0,0,0,48,0,0,0,13,48,0,6,0,0.0,23,0.0,0.0,0,48,0,0,0,0,48,0,0,0,0,48,0,0,0.0,0.0,10,0.0,0.0,0,0.0,16,0.0,0.0,0,0.0,0.5,0,0.0,0.0,0.0,8,0,0,0,0,48,0,0,0.0,0.0,47
2018-04,0.0,0,0.0,0,3,0.0,0.0,0.5,0.0,2,0.0,0.0,0,0,0.5,0.0,0.0,0,0.0,1.0,0,0.0,5,0,49,0.0,0.0,0.0,0.0,9,0,0.0,2.0,0.0,11,0,0.0,0.0,0,49,0.5,0.0,0.0,0.0,1,0.0,0.0,0.0,0.0,1.0,0,0,0,0,49,0,0.0,0.0,0.0,0.5,0,0.0,0,0,49,0,0,0,5,49,0,3,0,0.0,24,0.0,0.0,0,49,0,0,0,0,49,0,0,0,0,49,0,0,0.0,0.0,10,0.0,0.0,0,0.0,16,0.0,0.0,0,0.5,0.5,0,0.0,0.0,0.0,8,0,5,0,0,49,0,0,0.0,0.0,49
2018-05,0.0,0,0.0,0,2,0.0,0.0,0.5,0.0,2,0.0,0.0,0,0,0.5,0.0,0.0,0,0.0,1.0,0,0.0,0,5,48,0.0,0.0,0.0,0.0,9,0,0.0,2.0,0.0,11,0,0.0,0.0,0,48,0.5,0.0,0.0,0.0,1,0.0,0.0,0.0,0.0,1.0,0,0,0,0,48,0,0.0,0.0,0.0,0.5,0,0.0,0,0,48,0,0,0,5,48,0,2,0,0.0,23,0.0,0.0,0,48,0,0,0,0,48,0,0,0,0,48,0,0,0.0,0.0,10,0.0,0.0,0,0.0,16,0.0,0.0,0,0.0,0.5,0,0.0,0.0,0.0,8,0,0,0,0,48,0,0,0.0,0.0,49
2018-06,0.0,0,0.0,0,2,0.0,0.0,0.0,0.0,1,0.0,0.0,0,0,0.5,0.0,0.0,0,0.0,1.0,0,0.0,4,0,35,0.0,0.0,0.0,0.0,7,0,0.0,1.0,0.0,8,0,0.0,0.0,0,35,0.5,0.0,0.0,0.0,1,0.0,0.0,0.0,0.0,1.0,0,0,0,0,35,0,0.0,0.0,0.0,0.5,0,0.0,0,0,35,0,0,0,0,35,0,0,0,0.0,17,0.0,0.0,0,35,0,0,0,0,35,0,0,0,0,35,0,0,0.0,0.0,8,0.0,0.0,0,0.0,12,0.5,0.0,0,0.0,0.5,0,0.0,0.0,0.0,6,0,0,0,0,35,0,0,0.0,0.0,36
2018-07,0.0,0,0.0,0,2,0.0,0.0,0.5,0.0,2,0.0,0.0,0,0,0.5,0.0,0.0,0,0.0,1.0,0,0.0,6,0,42,0.0,0.0,0.0,0.0,8,0,1.0,2.0,0.0,9,0,0.0,0.0,0,42,1.0,0.0,0.0,0.0,1,0.0,0.0,0.0,0.0,1.0,0,0,0,0,42,0,0.0,0.0,0.0,0.5,0,0.0,0,0,42,0,0,0,5,42,0,3,0,0.0,20,0.0,0.0,0,42,0,0,0,0,42,0,0,0,0,42,0,0,0.0,0.0,9,0.0,0.0,0,0.0,14,0.0,0.0,0,0.0,0.5,0,0.0,0.0,0.0,7,0,0,0,0,42,0,0,0.0,0.0,42
2018-08,0.0,0,0.0,0,2,0.0,0.0,0.5,0.0,2,0.0,0.0,0,0,0.5,0.0,0.0,0,0.0,1.0,0,0.0,7,0,42,0.0,0.0,0.0,0.0,8,0,0.0,5.0,0.0,9,0,0.0,0.0,0,42,1.0,0.0,0.0,0.0,1,0.0,0.0,0.0,0.0,1.0,0,0,0,0,42,0,0.0,0.0,0.0,0.5,0,0.0,0,0,42,0,0,0,6,42,0,3,0,0.0,20,0.0,0.0,0,42,0,0,0,0,42,0,0,0,0,42,0,0,0.0,0.0,9,0.0,0.0,0,0.0,14,0.0,0.0,0,0.0,0.5,0,0.0,0.0,0.0,7,0,0,0,0,42,0,0,0.0,0.0,42
2018-09,0.0,0,0.0,0,2,0.0,0.0,0.5,0.0,2,0.0,0.0,0,0,0.5,0.0,0.0,0,0.0,1.0,0,0.0,4,0,42,0.0,0.0,0.0,0.0,8,0,0.0,3.0,0.0,9,0,0.0,0.0,0,42,1.0,0.0,0.0,0.0,1,0.0,0.0,0.0,0.0,1.0,0,0,0,0,42,0,0.0,0.0,0.0,0.5,0,0.0,0,0,42,0,0,0,6,42,0,3,0,0.0,20,0.0,0.0,0,42,0,0,0,0,42,0,0,0,0,42,0,0,0.0,0.0,9,0.0,0.0,0,0.0,14,0.0,0.0,0,0.5,0.5,0,0.0,0.0,0.0,7,0,0,0,0,42,0,0,0.0,0.0,42
2018-10,0.0,0,0.0,0,2,0.0,0.5,0.5,0.0,1,0.0,0.0,0,0,0.5,0.0,0.0,0,0.0,1.0,0,0.0,6,0,39,0.0,0.0,0.0,0.0,8,0,0.0,3.0,0.0,9,0,0.0,0.0,0,39,0.5,0.0,0.0,0.0,1,0.0,0.0,0.0,0.0,1.0,0,0,0,0,39,0,0.0,0.0,0.0,0.5,0,0.0,0,0,39,0,0,0,7,39,0,4,0,0.0,19,2.0,0.0,0,39,0,0,0,0,39,0,0,0,0,39,0,0,0.0,0.0,8,0.0,0.0,0,0.0,13,0.0,0.0,0,0.5,0.5,0,0.0,0.5,0.0,6,3,0,0,0,39,0,0,0.0,0.0,40
2018-11,0.0,0,0.0,0,2,0.0,0.5,0.5,0.0,2,0.0,0.0,0,0,0.5,0.0,0.0,0,0.0,1.0,0,0.0,6,0,47,0.0,0.0,0.0,0.0,9,0,0.0,4.0,0.0,11,0,0.0,0.0,0,47,0.5,0.0,0.0,0.0,1,0.0,0.0,0.0,0.0,1.0,0,0,0,0,47,0,0.0,0.0,0.0,0.5,0,0.0,0,0,47,0,0,0,4,47,0,2,0,0.0,23,0.0,0.0,0,47,0,0,0,0,47,0,0,0,0,47,0,0,0.0,0.0,10,0.0,0.0,0,0.0,15,0.0,0.0,0,0.5,0.5,0,0.0,0.0,1.0,8,0,0,0,0,47,0,0,0.0,0.0,48
2018-12,0.0,0,0.0,0,2,0.0,0.5,0.5,0.0,1,0.0,0.0,0,0,0.5,0.0,0.0,0,0.0,1.0,0,0.0,4,0,39,0.0,0.0,0.0,0.0,8,0,0.0,4.0,0.0,9,0,0.0,0.0,0,39,0.5,0.0,0.0,0.0,1,0.0,0.0,0.0,0.0,1.0,0,0,0,0,39,0,0.0,0.0,0.0,0.5,0,0.0,0,0,39,0,0,0,6,39,0,3,0,0.0,19,0.0,0.0,0,39,0,0,0,0,39,0,0,0,0,39,0,0,0.0,0.0,8,0.0,0.0,0,0.0,13,0.0,0.0,0,0.5,0.5,0,0.0,0.0,0.5,6,0,0,0,0,39,0,0,0.0,0.0,39
2019-01,0.0,0,0.0,0,2,0.0,0.5,0.5,0.0,1,0.0,0.0,0,0,0.5,0.0,0.0,0,0.0,1.0,0,0.0,4,0,32,0.0,0.0,0.5,0.0,6,0,1.0,3.0,0.0,7,3,0.0,0.0,0,32,0.5,0.0,0.0,0.0,1,0.0,0.0,0.0,0.0,1.0,11,0,0,0,32,0,0.0,0.0,0.0,0.5,0,0.0,0,0,32,0,0,0,7,32,0,4,0,0.0,16,0.0,0.0,0,32,0,0,0,0,32,0,0,0,0,32,0,0,0.0,0.0,7,0.0,0.0,0,0.0,10,0.0,0.0,0,0.5,0.5,0,0.0,0.0,0.5,5,2,0,0,0,32,0,0,0.0,0.0,32
2019-02,0.0,0,0.0,0,2,0.0,0.0,0.5,0.0,2,0.0,0.5,0,0,0.5,0.0,0.0,0,0.0,1.0,0,0.0,0,0,45,0.0,0.0,0.0,0.0,9,0,0.0,2.0,0.0,10,0,0.0,0.0,0,45,0.5,0.0,0.0,0.0,1,0.0,0.0,0.0,0.0,1.0,3,0,0,0,45,0,0.0,0.0,0.0,0.5,0,0.0,0,0,45,0,0,0,8,45,0,4,0,0.0,22,0.0,0.0,0,45,0,0,0,0,45,0,0,0,0,45,0,0,0.0,0.0,10,0.0,0.0,0,0.0,15,0.0,0.0,0,0.5,0.5,0,0.0,0.0,1.0,7,0,0,0,0,45,0,0,0.0,0.0,45
2019-03,0.0,0,0.0,0,3,0.0,0.5,0.5,0.0,3,0.0,0.0,0,0,1.0,0.0,0.0,0,0.0,1.0,0,0.0,7,0,68,0.0,0.0,0.0,0.0,13,0,0.0,4.0,0.0,15,0,0.0,0.0,0,68,0.5,0.0,0.0,0.0,2,0.0,0.0,0.0,0.0,1.0,3,0,0,0,68,0,0.0,0.0,0.0,0.5,0,0.0,0,0,68,0,0,0,10,68,0,5,0,0.0,33,0.0,0.0,0,68,0,0,0,0,68,0,0,0,0,68,0,0,0.0,0.0,14,0.0,0.0,0,0.0,22,0.0,0.0,0,0.5,1.0,0,0.0,0.0,1.0,11,3,0,0,0,68,0,0,0.0,0.0,68
2019-04,0.0,0,0.0,0,3,0.0,0.0,0.5,0.0,2,0.0,0.0,0,0,0.5,0.0,0.0,0,0.0,1.0,0,0.0,3,0,56,0.0,0.0,0.0,0.0,11,0,0.0,3.0,0.0,13,0,0.0,0.0,0,56,1.0,0.0,0.0,0.0,2,0.0,0.0,0.0,0.0,1.0,0,0,0,0,56,0,0.0,0.0,0.0,0.5,0,0.0,0,0,56,0,0,0,6,56,0,3,0,0.0,27,0.0,0.0,0,56,0,0,0,0,56,0,0,0,0,56,0,0,0.0,0.0,12,0.0,0.0,0,0.0,18,0.0,0.0,0,0.5,0.5,0,0.0,0.0,1.0,9,0,0,0,0,56,0,0,0.0,0.0,57
2019-05,0.0,0,0.0,0,3,0.0,0.0,0.5,0.0,2,0.0,0.0,0,0,0.5,0.0,0.0,0,0.0,1.0,0,0.0,8,0,61,0.0,0.0,1.0,0.0,12,0,0.0,2.0,0.0,14,3,0.0,0.0,0,61,1.0,0.0,0.0,0.0,2,0.0,0.0,0.0,0.0,1.0,0,0,0,0,61,0,0.0,0.0,0.0,0.5,0,0.0,0,0,61,0,4,0,4,61,0,2,0,0.0,30,0.0,0.0,0,61,0,0,0,0,61,0,0,0,0,61,0,0,0.0,0.0,13,0.0,0.0,0,0.0,20,0.0,0.0,0,0.5,1.0,0,0.0,0.0,0.5,10,0,0,4,0,61,0,0,0.0,0.0,62
2019-06,0.0,0,0.0,0,2,0.0,0.0,0.5,0.0,1,0.0,0.0,0,0,0.5,0.0,0.0,0,0.0,1.0,0,0.0,3,0,34,0.0,0.0,1.0,0.0,7,0,0.0,2.0,0.0,8,4,0.0,0.0,0,34,1.0,0.0,0.0,0.0,1,0.0,0.0,0.0,0.0,1.0,4,0,0,0,34,0,0.0,0.0,0.0,0.5,0,0.0,0,0,34,0,0,0,6,34,0,3,0,0.0,17,0.0,0.0,0,34,0,0,0,0,34,0,0,0,0,34,0,0,0.0,0.0,7,0.0,0.0,0,0.0,11,0.0,0.0,0,0.5,0.5,0,0.0,0.0,0.0,6,0,0,0,0,34,0,0,0.0,0.0,34
2019-07,0.0,0,0.0,0,3,0.0,0.5,0.5,0.0,2,0.0,0.0,0,0,0.5,0.0,0.0,0,0.0,1.0,0,0.0,6,0,58,0.0,0.0,0.0,0.0,11,0,0.0,2.0,0.0,13,0,0.0,0.0,0,58,0.5,0.0,0.0,0.0,2,0.5,0.0,0.0,0.0,1.0,0,0,0,0,58,0,0.0,0.0,0.0,0.5,0,0.0,0,0,58,0,0,0,8,58,0,4,0,0.0,28,0.0,0.0,0,58,0,0,0,0,58,0,0,0,0,58,0,0,0.0,0.0,12,0.0,0.0,0,0.0,19,0.0,0.0,0,0.5,0.5,0,0.0,0.0,0.0,9,3,0,0,0,58,0,0,0.0,0.0,58
2019-08,0.0,0,0.0,0,3,0.0,0.5,0.5,0.0,2,0.0,0.5,0,0,0.5,0.0,0.0,0,0.0,1.0,0,0.0,6,0,49,0.0,0.0,0.0,0.0,9,0,0.0,5.0,0.0,11,0,0.0,0.0,0,49,1.0,0.0,0.0,0.0,1,0.0,0.0,0.0,0.0,1.0,4,3,0,0,49,0,0.0,0.0,0.0,0.5,0,0.0,0,0,49,0,3,0,6,49,0,3,0,0.0,24,0.0,0.0,0,49,0,0,0,0,49,0,0,0,0,49,0,0,0.0,0.0,10,0.0,0.0,0,0.0,16,0.0,0.0,0,0.0,0.5,0,0.0,0.0,0.5,8,0,0,0,0,49,0,0,0.0,0.0,49
2019-09,0.0,0,0.0,0,2,0.0,0.5,0.5,0.0,2,0.0,0.0,0,0,0.5,0.0,0.0,0,0.0,1.0,0,0.0,4,0,47,0.0,0.0,1.0,0.0,9,0,0.0,4.0,0.0,11,3,0.0,0.0,0,47,1.0,0.0,0.0,0.0,1,0.5,0.0,0.0,0.0,1.0,2,0,0,0,47,0,0.0,0.0,0.0,0.5,0,0.0,0,0,47,0,0,0,9,47,0,4,0,0.0,23,0.0,0.0,0,47,0,0,0,0,47,0,0,0,0,47,0,0,0.0,0.0,10,0.0,0.0,0,0.0,15,0.0,0.0,0,0.5,0.5,0,0.0,0.0,1.0,8,0,0,0,0,47,0,0,0.0,0.0,46
2019-10,0.0,0,0.0,0,3,0.0,0.5,0.5,0.0,2,0.0,0.0,0,0,0.5,0.0,0.0,0,0.0,1.0,0,0.0,6,0,50,0.0,0.0,1.0,1.0,10,0,0.0,4.0,0.0,11,3,0.0,0.0,0,50,0.5,0.0,0.5,0.0,1,0.5,0.0,0.0,0.0,1.0,4,2,0,0,50,0,0.0,0.0,0.0,0.5,0,0.0,0,0,50,0,3,0,7,50,0,4,0,0.0,24,0.0,0.0,0,50,0,0,0,0,50,0,0,0,0,50,0,0,0.0,0.0,11,0.0,0.0,0,0.0,16,0.0,0.0,0,0.5,0.5,0,0.0,0.0,1.0,8,3,0,0,0,50,0,0,0.0,0.0,50
2019-11,0.0,0,0.0,0,2,0.0,0.5,0.5,0.0,1,0.0,0.0,0,0,0.5,0.0,0.0,0,0.0,1.0,0,0.0,5,0,38,0.0,0.0,1.0,0.0,7,0,0.0,4.0,0.0,9,3,0.0,0.0,0,38,0.5,0.0,0.0,0.0,1,0.0,0.0,0.0,0.0,1.0,3,0,0,5,38,0,0.0,0.0,0.0,0.5,0,0.0,0,0,38,0,0,0,6,38,0,3,0,0.0,19,0.0,0.0,0,38,0,0,0,0,38,0,0,0,0,38,0,0,0.0,0.0,8,0.0,0.0,0,0.0,13,0.0,0.0,0,0.5,0.5,0,0.0,0.0,2.0,6,0,0,0,0,38,0,0,0.0,0.0,38
2019-12,0.0,0,0.0,0,2,0.0,0.5,0.5,0.0,1,0.0,0.0,0,0,0.5,0.0,0.0,0,0.0,1.0,0,0.0,5,0,35,0.0,0.0,1.0,0.0,7,0,1.0,3.0,0.0,8,4,0.0,0.0,0,35,0.5,0.0,0.0,0.0,1,0.0,0.0,0.0,0.0,1.0,2,0,0,0,35,0,0.0,0.0,0.0,0.5,0,0.0,0,0,35,3,0,0,7,35,0,4,0,0.0,17,2.0,0.0,0,35,0,0,0,0,35,0,0,0,0,35,0,0,0.0,0.0,8,0.0,0.0,0,0.0,12,0.0,0.0,0,0.5,0.5,0,0.0,0.0,1.0,6,0,0,0,0,35,0,0,0.0,0.0,35
2020-01,0.0,0,0.0,0,2,0.0,0.5,0.5,0.0,1,0.0,0.0,0,0,0.5,0.0,0.0,0,0.0,1.0,0,0.0,7,0,40,0.0,0.0,1.0,0.0,8,0,0.0,3.0,0.0,9,3,0.0,0.0,0,40,0.5,0.0,0.0,0.0,1,0.5,0.0,0.0,0.0,1.0,3,0,0,0,40,0,0.0,0.0,0.0,0.5,0,0.0,0,0,40,2,0,0,9,40,0,4,0,0.0,19,0.0,0.0,0,40,0,0,0,0,40,0,0,0,0,40,0,0,0.0,0.0,8,0.0,0.0,0,0.0,13,0.0,0.0,0,0.5,0.5,0,0.0,0.0,1.0,6,2,0,0,0,40,0,0,0.0,0.0,40
2020-02,0.0,0,0.0,0,2,0.0,0.5,0.5,0.0,1,0.0,0.0,0,0,0.5,0.0,0.0,0,0.0,1.0,0,0.0,5,0,39,0.0,0.0,1.0,0.5,7,0,0.5,3.0,0.0,9,4,0.0,0.0,2,39,1.0,0.0,0.5,0.0,1,0.5,0.0,0.0,0.0,1.0,3,2,0,0,39,0,0.0,0.0,0.0,0.5,0,0.0,0,0,39,3,0,0,7,39,0,4,0,0.0,19,0.0,0.0,0,39,0,0,0,0,39,0,0,0,0,39,0,0,0.0,0.0,8,0.0,0.0,0,0.0,13,0.0,0.0,0,0.5,0.5,0,0.0,0.0,1.0,6,2,0,0,0,39,0,0,0.0,0.0,39
2020-03,0.0,0,0.0,0,2,0.0,0.5,1.0,0.0,1,0.0,0.0,0,0,0.5,0.0,0.0,0,0.0,1.0,0,0.0,5,0,36,0.0,0.0,1.0,0.0,7,0,0.0,4.0,0.0,8,8,0.0,0.0,0,36,0.5,0.0,0.0,0.5,1,0.5,0.0,0.0,0.0,1.0,2,0,0,0,36,0,0.0,0.0,0.0,0.5,0,1.0,0,0,36,1,1,0,8,36,0,4,0,0.0,18,0.0,0.0,0,36,0,0,0,0,36,0,0,0,0,36,0,0,0.0,0.0,8,0.0,0.0,0,0.0,12,0.0,0.0,0,0.5,0.5,0,0.0,0.0,1.0,6,0,0,0,0,36,0,0,0.0,0.0,37
2020-04,0.0,0,0.0,0,2,0.0,0.5,0.5,0.0,2,0.0,0.0,0,0,0.5,0.0,0.0,0,0.0,1.0,0,0.0,6,0,41,0.0,0.0,1.0,0.0,8,0,0.0,2.0,0.0,9,5,0.0,0.0,0,41,0.5,0.0,0.0,0.0,1,0.5,0.0,0.0,0.0,1.0,3,0,0,0,41,0,0.0,0.0,0.0,0.5,0,0.0,0,0,41,3,2,0,5,41,0,2,0,0.0,20,0.0,0.0,0,41,0,0,0,0,41,0,0,0,0,41,0,0,0.0,0.0,9,0.0,0.0,0,0.0,13,0.0,0.0,0,0.5,0.5,0,0.0,0.0,1.0,7,0,0,0,0,41,0,0,0.0,0.0,40
2020-05,0.0,0,0.0,0,2,0.0,0.5,0.5,0.0,1,0.0,0.5,0,0,0.5,0.0,0.0,0,0.0,1.0,0,0.0,4,0,36,0.0,0.0,1.0,0.5,7,0,0.0,2.0,0.0,8,5,0.0,1.0,1,36,0.5,0.0,0.0,0.5,1,0.5,0.0,0.0,0.0,1.0,3,1,0,1,36,0,0.0,0.0,0.0,0.5,0,0.0,0,0,36,3,2,0,5,36,0,2,0,0.0,18,0.0,0.0,0,36,0,0,0,0,36,0,0,0,0,36,0,0,0.0,0.0,8,0.0,0.0,0,0.0,12,0.0,0.0,0,0.5,0.5,0,0.0,0.0,1.0,6,2,0,0,0,36,0,0,0.0,0.0,36
2020-06,0.0,0,0.0,0,2,0.0,0.5,0.5,0.0,1,0.0,0.5,0,0,0.5,0.0,0.0,0,0.0,1.0,0,0.0,5,0,39,0.0,0.0,1.0,0.5,7,0,0.0,2.0,0.0,9,3,0.0,0.0,1,39,0.5,0.0,0.0,0.0,1,0.5,0.0,0.0,0.0,1.0,3,0,1,0,39,0,0.0,0.0,0.0,0.5,0,0.0,0,0,39,3,1,0,6,39,0,3,0,0.0,19,0.0,0.0,0,39,0,0,0,0,39,0,0,0,0,39,0,0,0.0,0.0,8,0.0,0.0,0,0.0,13,0.0,0.0,0,0.5,0.5,0,0.0,0.0,1.0,6,0,0,0,0,39,0,0,0.0,0.0,39
2020-07,0.0,0,0.0,0,2,0.0,0.5,0.5,0.0,2,0.0,0.5,0,0,0.5,0.0,0.0,0,0.0,1.0,0,0.0,5,0,44,0.0,0.0,1.0,0.0,8,0,0.0,2.0,0.0,10,3,0.0,0.0,0,44,0.5,0.0,0.0,0.0,1,0.5,0.0,0.0,0.0,1.0,2,1,0,0,44,0,0.0,0.0,0.0,0.5,0,0.0,0,0,44,4,1,0,6,44,0,3,0,0.0,21,1.0,0.0,0,44,0,0,0,0,44,0,0,0,0,44,0,0,0.0,0.0,9,0.0,0.0,0,0.0,14,0.0,0.0,0,0.5,0.5,0,0.0,0.0,1.0,7,2,0,0,0,44,0,0,0.0,0.0,44
2020-08,0.0,0,0.0,0,2,0.0,0.5,0.5,0.0,2,0.0,0.5,0,0,0.5,0.0,0.0,0,0.0,1.0,0,0.0,4,0,44,0.0,0.0,0.5,0.5,8,0,0.5,3.0,0.0,10,2,0.0,0.0,0,44,0.5,0.0,0.0,0.5,1,0.5,0.0,0.0,0.0,1.0,2,0,0,0,44,0,0.0,0.0,0.0,0.5,0,0.0,0,0,44,3,2,0,7,44,0,3,0,0.0,21,2.0,0.0,0,44,0,0,0,0,44,0,0,0,0,44,0,0,0.0,0.0,9,0.0,0.0,0,0.0,14,0.0,0.0,0,0.5,0.5,0,0.0,0.0,1.0,7,4,0,0,0,44,0,0,0.0,0.0,44
2020-09,0.0,0,0.0,0,2,0.0,0.5,0.5,0.0,2,0.0,0.0,0,0,0.5,0.0,0.0,0,0.0,1.0,0,0.0,6,0,47,0.0,0.0,0.5,0.0,9,0,0.5,3.0,0.0,11,2,0.0,1.0,0,47,0.5,0.0,0.0,0.0,1,0.5,0.0,0.0,0.0,1.0,2,1,0,0,47,0,0.0,0.0,0.0,0.5,1,0.0,0,0,47,3,1,0,7,47,0,3,0,0.0,23,1.0,0.0,0,47,0,0,0,0,47,0,0,0,0,47,0,0,0.0,0.0,10,0.0,0.0,0,0.0,15,0.0,0.0,0,0.5,0.5,0,0.0,0.5,1.0,8,3,0,0,0,47,0,0,0.0,0.0,47
2020-10,0.0,0,0.0,0,2,0.0,0.5,0.5,0.0,2,0.0,0.5,0,0,0.5,0.0,0.0,0,0.0,1.0,0,0.0,4,0,44,0.0,0.0,0.5,1.0,8,0,0.5,3.0,0.0,10,1,0.0,1.0,0,44,1.0,0.0,0.0,0.5,1,0.5,0.0,0.0,0.0,1.0,2,1,0,1,44,0,0.0,0.0,0.0,0.5,0,0.0,0,0,44,2,0,4,8,44,0,4,0,0.0,21,0.0,0.0,0,44,0,0,0,0,44,0,0,0,0,44,0,0,0.0,0.0,9,0.0,0.0,0,0.0,14,0.0,0.0,0,0.5,0.5,0,0.0,0.0,1.0,7,3,0,0,0,44,0,0,0.0,0.0,44
2020-11,0.0,0,0.0,0,2,0.0,0.5,0.5,0.5,2,0.0,0.5,0,0,0.5,0.0,0.5,0,0.0,1.0,0,0.0,15,0,44,0.0,0.0,0.5,0.5,8,0,0.0,2.0,0.0,10,2,0.0,0.0,1,44,1.0,0.0,0.0,0.5,1,0.5,0.0,0.0,0.0,1.0,2,1,0,0,44,0,0.0,0.0,0.0,0.5,0,1.0,0,0,44,3,1,4,9,44,0,4,0,0.0,21,1.0,0.0,0,44,0,0,0,0,44,0,0,0,0,44,0,0,0.0,0.0,9,0.0,0.0,0,1.0,14,0.0,0.0,0,0.5,0.5,0,0.0,0.0,1.0,7,2,0,0,0,44,0,0,0.0,0.0,44
2020-12,0.0,0,0.0,0,2,0.0,0.5,0.5,0.5,1,0.0,0.5,0,0,0.5,0.0,0.0,0,0.0,1.0,0,0.0,9,0,37,0.0,0.0,0.5,0.5,7,0,0.5,18.0,0.0,8,2,0.0,1.0,1,37,0.5,0.0,0.5,0.0,1,0.5,0.0,0.0,0.0,1.0,5,2,0,1,37,0,0.0,0.0,0.0,0.5,0,0.0,0,0,37,3,0,2,8,37,0,4,0,0.0,18,1.0,0.0,0,37,0,0,0,0,37,0,0,0,0,37,0,0,0.0,0.0,8,0.0,0.0,0,0.0,12,0.0,0.0,0,0.5,0.5,0,0.0,0.0,1.0,6,3,0,0,0,37,0,0,0.0,0.0,37
2021-01,0.0,0,0.0,0,2,0.0,0.5,0.5,0.0,1,0.0,0.5,0,0,0.5,0.0,0.0,0,0.0,1.0,0,0.0,7,0,33,0.0,0.0,0.5,0.5,6,0,1.0,7.0,0.0,8,2,0.0,0.0,0,33,0.5,0.0,0.0,0.5,1,0.5,0.0,0.0,0.0,1.0,3,2,0,2,33,0,0.0,0.0,0.0,0.5,0,0.0,0,0,33,2,1,0,5,33,0,2,0,0.0,16,0.0,0.0,0,33,0,0,0,0,33,0,0,0,0,33,0,0,0.0,0.0,7,0.0,0.0,0,0.0,11,0.0,0.0,0,0.5,0.5,0,0.0,0.5,1.0,5,2,0,0,0,33,0,0,0.0,0.0,34
2021-02,0.0,0,0.0,0,2,0.0,0.5,0.5,0.0,2,0.0,0.5,0,0,0.5,0.0,0.0,0,0.0,1.0,0,0.0,5,0,43,0.0,0.0,0.5,0.0,8,0,0.5,6.0,0.0,10,2,0.0,1.0,1,43,0.5,0.0,0.5,0.0,1,0.5,0.0,0.0,0.0,1.0,3,2,0,1,43,0,0.0,0.0,0.0,0.5,0,0.0,0,0,43,3,0,1,6,43,0,3,0,0.0,21,2.0,0.0,0,43,0,0,0,0,43,0,0,0,0,43,0,0,0.0,0.0,9,0.0,0.0,0,0.0,14,0.0,0.0,0,0.5,0.5,0,0.0,0.0,1.0,7,2,0,0,0,43,0,0,0.0,0.0,43
2021-03,0.0,0,0.0,0,2,0.0,0.5,1.0,0.0,2,0.0,0.5,0,0,0.5,0.0,0.0,0,0.0,1.0,0,0.0,7,0,44,0.0,0.0,0.5,0.5,8,0,0.0,6.0,0.0,10,2,0.0,1.0,0,44,0.5,0.0,0.0,0.5,1,0.5,0.0,0.0,0.0,1.0,2,3,0,1,44,0,0.0,0.0,0.0,0.5,0,0.0,0,0,44,3,1,0,12,44,0,6,0,0.0,21,2.0,0.0,0,44,0,0,0,0,44,0,0,0,0,44,0,0,0.0,0.0,9,0.0,0.0,0,0.0,14,0.0,0.0,0,0.5,0.5,0,0.0,0.5,1.0,7,4,0,0,0,44,0,0,0.0,1.0,44
2021-04,0.0,0,0.0,0,2,0.0,0.5,0.5,0.0,1,0.0,0.5,0,0,0.5,0.0,0.0,0,0.0,1.0,0,0.0,6,0,36,0.0,0.0,1.0,0.0,7,0,0.0,2.0,0.0,8,3,0.0,1.0,0,36,0.5,0.0,0.0,0.5,1,0.5,0.0,0.0,0.0,1.0,2,1,0,1,36,0,0.0,0.0,0.0,0.5,0,0.0,0,0,36,2,1,0,5,36,0,2,0,0.0,17,0.0,0.0,0,36,0,0,0,0,36,0,0,0,0,36,0,0,0.0,0.0,8,0.0,0.0,0,0.0,12,0.0,0.0,0,0.5,0.5,0,0.0,0.5,1.0,6,2,0,0,0,36,0,0,0.0,1.0,36
2021-05,0.0,0,0.0,0,2,0.0,0.5,0.5,0.0,1,0.0,0.5,0,0,0.5,0.0,0.0,0,0.0,1.0,0,0.0,4,0,36,0.0,0.0,1.0,0.5,7,0,1.0,2.0,0.0,8,3,0.0,0.0,1,36,0.5,0.0,0.0,0.5,1,0.5,0.0,0.0,0.0,1.0,2,0,0,2,36,0,0.0,0.0,0.0,0.5,0,1.0,0,0,36,1,2,0,5,36,0,2,0,0.0,18,0.0,0.0,0,36,0,0,0,0,36,0,0,0,0,36,0,0,0.0,0.0,8,0.0,0.0,0,1.0,12,0.0,0.0,0,0.5,0.5,0,0.0,0.5,1.0,6,2,0,0,0,36,0,0,0.0,0.0,36
2021-06,0.0,0,0.0,0,2,0.0,0.5,0.5,0.0,1,0.0,0.5,0,0,0.5,0.0,0.0,0,0.0,1.0,0,0.0,7,0,39,0.0,0.0,0.5,0.5,8,0,1.0,2.0,0.0,9,2,0.0,0.0,0,39,0.5,0.0,0.0,0.5,1,0.5,0.0,0.0,0.0,1.0,2,2,0,0,39,0,0.0,0.0,0.0,0.5,0,0.0,0,0,39,1,0,0,7,39,0,3,0,1.0,19,0.0,0.0,0,39,0,0,0,0,39,0,0,0,0,39,0,0,0.0,0.0,8,0.0,0.0,0,0.0,13,0.0,0.0,0,0.5,0.5,0,0.0,0.0,1.0,6,2,0,0,0,39,0,0,0.0,0.0,39
2021-07,0.0,0,0.0,0,2,0.0,0.5,0.5,0.0,2,0.0,0.5,0,0,0.5,0.0,0.0,0,0.0,1.0,0,0.0,6,0,44,0.0,0.0,0.5,0.0,8,0,0.5,2.0,0.0,10,2,0.0,1.0,0,44,0.5,0.0,0.5,0.0,1,0.5,0.0,0.0,0.5,1.0,3,0,0,0,44,0,0.0,0.0,0.0,0.5,0,1.0,1,0,44,1,1,0,6,44,0,3,0,0.0,21,1.0,0.0,0,44,0,0,0,0,44,0,0,0,0,44,0,0,0.0,0.0,9,0.0,0.0,0,0.0,14,0.0,0.0,0,0.5,0.5,0,0.0,0.0,1.0,7,1,0,0,0,44,0,0,0.0,0.0,44
2021-08,0.0,0,0.0,0,2,0.0,0.5,0.5,0.0,1,0.0,0.5,0,0,0.5,0.0,0.0,0,0.0,1.0,0,0.0,10,0,33,0.0,0.0,0.5,0.5,6,0,1.0,4.0,0.0,8,2,0.0,0.0,0,33,0.5,0.0,0.0,0.5,1,0.5,0.0,0.0,0.0,1.0,2,2,0,0,33,0,0.0,0.0,0.0,0.5,0,1.0,0,0,33,2,1,1,6,33,0,3,0,0.0,16,1.0,0.0,0,33,0,0,0,0,33,0,0,0,0,33,0,0,0.0,0.0,7,0.0,0.0,0,0.0,11,0.0,0.0,0,0.5,0.5,0,0.0,0.0,0.5,5,3,0,0,0,33,0,0,0.0,0.0,34
2021-09,0.0,0,0.0,0,2,0.0,0.5,0.5,0.0,1,0.0,0.5,0,0,0.5,0.0,0.0,0,0.0,1.0,0,0.0,9,0,37,0.0,0.0,1.0,0.5,7,0,1.0,4.0,0.0,8,3,0.0,1.0,0,37,0.5,0.0,0.0,0.5,1,0.5,0.0,0.0,0.0,1.0,3,1,0,0,37,0,0.0,0.0,0.0,0.5,0,1.0,0,0,37,2,0,1,7,37,0,4,0,0.0,18,2.0,0.0,0,37,0,0,0,0,37,0,0,0,0,37,0,0,0.0,0.0,8,0.0,0.0,0,0.0,12,0.0,0.0,0,0.5,0.5,0,0.0,0.5,1.0,6,2,0,0,0,37,0,0,0.0,0.0,37
2021-10,0.0,0,0.0,0,2,0.0,0.5,0.5,0.0,1,0.0,0.5,0,0,0.5,0.5,0.0,0,0.0,1.0,0,0.0,7,0,32,0.0,0.0,1.0,0.5,6,0,0.5,7.0,0.0,7,3,0.0,0.0,0,32,0.5,0.0,0.0,0.5,1,0.5,0.0,0.0,0.5,1.0,3,1,1,1,32,0,0.0,0.0,0.0,0.5,0,0.0,0,1,32,2,1,0,7,32,0,3,0,0.0,15,1.0,0.0,0,32,0,0,0,0,32,0,0,0,0,32,0,0,0.0,0.0,7,0.0,0.0,0,0.0,10,0.0,0.0,0,0.5,0.5,0,0.0,0.5,1.0,5,3,0,0,0,32,0,0,0.0,0.0,31
2021-11,0.0,0,0.0,0,2,0.0,0.5,0.5,0.0,1,0.0,0.5,0,0,0.5,0.0,0.0,0,0.0,1.0,0,0.0,7,0,36,0.0,0.0,0.5,0.0,7,0,0.5,4.0,0.0,8,2,0.0,0.0,1,36,0.5,0.0,0.0,0.5,1,0.5,0.0,0.0,0.0,1.0,3,1,1,0,36,0,0.0,0.0,0.0,0.5,0,1.0,0,0,36,2,1,1,7,36,0,3,0,0.0,18,0.0,0.0,0,36,0,0,0,0,36,0,0,0,0,36,0,0,0.0,0.0,8,0.0,0.0,0,0.0,12,0.0,0.0,0,0.5,0.5,0,0.0,0.0,1.0,6,2,0,0,0,36,0,0,0.0,0.0,37
2021-12,0.0,0,0.0,0,2,0.0,0.5,0.5,0.0,1,0.0,0.5,0,0,0.5,0.0,0.0,0,0.0,1.0,0,0.0,7,0,33,0.0,0.0,0.5,0.5,6,0,0.5,4.0,0.0,7,2,0.0,0.0,0,33,0.5,0.0,0.0,0.5,1,0.5,0.0,0.0,0.0,1.0,4,0,1,2,33,0,0.0,0.0,0.0,0.5,0,0.0,0,0,33,2,0,1,5,33,0,3,0,0.0,16,0.0,0.0,0,33,0,0,0,0,33,0,0,0,0,33,0,0,0.0,0.0,7,0.0,0.0,0,0.0,11,0.0,0.0,0,0.5,0.5,0,0.0,0.0,1.0,5,2,0,0,0,33,0,0,0.0,0.0,33
2022-01,0.0,0,0.0,0,1,0.0,0.5,0.5,0.0,1,0.0,0.5,0,0,0.5,0.0,0.0,0,0.0,1.0,0,0.0,8,0,25,0.0,0.0,1.0,0.5,5,0,1.0,3.0,0.0,6,3,0.0,1.0,1,25,0.5,0.0,0.5,0.0,1,0.5,0.0,0.0,0.5,0.5,3,0,1,1,25,0,0.0,0.0,0.0,0.5,0,0.0,0,1,25,2,1,1,7,25,0,3,0,0.0,12,1.0,0.0,0,25,0,0,0,0,25,0,0,0,0,25,0,0,0.0,0.0,5,0.0,0.0,0,0.0,8,0.0,0.0,0,0.5,0.5,0,0.0,0.5,1.0,4,2,0,0,0,25,0,0,0.0,0.0,25
2022-02,0.0,0,0.0,0,1,0.0,0.5,0.5,0.0,1,0.0,0.5,0,0,0.5,0.0,0.0,0,0.0,1.0,0,0.0,10,0,26,0.0,0.0,0.5,0.0,5,0,0.5,2.0,0.0,6,1,0.0,1.0,1,26,0.5,0.0,0.0,0.5,1,0.5,0.0,0.0,0.0,1.0,3,2,1,1,26,0,0.0,0.0,0.0,0.5,0,0.0,0,0,26,2,2,1,7,26,0,3,0,0.0,13,1.0,0.0,0,26,0,0,0,0,26,0,0,0,0,26,0,0,0.0,0.0,6,0.0,0.0,0,0.0,9,0.0,0.0,0,0.5,0.5,0,0.0,0.5,1.0,4,2,0,0,0,26,0,0,0.0,0.0,26
2022-03,0.0,0,0.0,0,2,0.0,0.5,1.0,0.5,1,0.0,0.5,0,0,0.5,0.0,0.5,0,0.0,1.0,0,0.0,10,0,30,0.0,0.0,0.5,0.5,6,0,0.5,6.0,0.0,7,3,1.0,1.0,1,30,0.5,0.5,0.5,0.5,1,0.5,0.0,0.5,0.5,1.0,2,2,1,1,30,0,0.0,0.0,0.0,0.5,1,0.0,0,1,30,2,1,0,10,30,0,5,0,0.0,14,0.0,0.0,0,30,0,0,0,0,30,0,0,0,0,30,0,0,0.0,0.0,6,0.0,0.0,0,0.0,10,0.0,0.0,0,0.5,0.5,0,0.0,0.5,1.0,5,2,0,0,0,30,0,0,0.0,0.0,30
2022-04,0.0,0,0.0,0,1,0.0,0.5,0.5,0.0,1,0.0,0.5,0,0,0.5,0.0,0.0,0,0.0,0.5,0,0.0,7,0,24,0.0,0.0,1.0,0.5,5,0,0.5,3.0,0.0,6,3,0.0,1.0,1,24,0.5,0.0,0.0,0.5,1,0.5,0.0,0.0,0.5,0.5,2,2,0,2,24,0,0.0,0.0,0.0,0.5,1,1.0,0,1,24,2,1,0,8,24,0,4,0,0.0,12,1.0,0.0,0,24,0,0,0,0,24,0,0,0,0,24,0,0,0.0,0.0,5,0.0,0.0,0,0.5,8,0.0,0.0,0,0.5,0.5,0,0.0,0.5,1.0,4,2,1,0,0,24,0,0,0.0,0.0,24
2022-05,0.0,0,0.0,0,1,0.0,0.5,0.5,0.0,1,0.0,0.5,0,0,0.5,0.0,0.0,0,0.0,0.5,0,0.0,7,0,24,0.0,0.0,0.5,0.5,5,0,0.5,3.0,0.0,5,2,0.0,1.0,1,24,0.5,0.0,0.5,0.5,1,0.5,0.0,0.0,0.5,0.5,3,2,0,1,24,0,0.0,0.0,0.0,0.5,0,1.0,0,1,24,2,2,0,7,24,0,3,0,0.0,12,1.0,0.0,0,24,0,0,0,0,24,0,0,0,0,24,0,0,0.5,0.0,5,0.0,0.0,0,0.0,8,0.0,0.0,0,0.5,0.5,0,0.0,0.5,1.0,4,2,0,1,0,24,0,0,0.0,0.0,24
2022-06,0.0,0,0.0,0,1,0.0,0.5,0.5,0.0,1,0.0,0.5,0,0,0.5,0.0,0.0,0,0.0,1.0,0,0.0,7,0,28,0.0,0.0,0.5,0.5,5,0,1.0,4.0,0.0,6,3,1.0,1.0,1,28,1.0,0.0,0.0,0.5,1,0.5,0.0,0.0,0.5,1.0,3,1,1,1,28,0,0.0,0.0,0.0,0.5,0,1.0,0,0,28,2,1,1,10,28,0,5,0,0.0,14,1.0,0.0,0,28,0,0,0,0,28,0,0,0,0,28,0,0,0.0,0.0,6,0.0,0.0,0,0.0,9,0.0,0.0,0,0.5,0.5,0,0.0,0.5,1.0,5,2,0,0,0,28,0,0,0.0,0.0,28
2022-07,0.0,0,0.0,0,1,0.0,0.5,0.5,0.0,1,0.0,0.5,0,0,0.5,0.0,0.0,0,0.0,0.5,0,0.0,5,0,24,0.0,0.0,0.5,0.5,5,0,0.5,3.0,0.0,5,3,0.0,1.0,1,24,0.5,0.0,0.0,0.5,1,0.5,0.0,0.5,0.5,0.5,3,1,1,1,24,0,0.0,0.0,0.0,0.5,1,1.0,0,0,24,2,1,1,7,24,0,3,0,0.0,12,1.0,0.0,0,24,0,0,0,0,24,0,0,0,0,24,0,0,0.0,0.0,5,0.0,0.0,0,0.5,8,0.0,0.0,0,0.5,0.5,0,0.0,0.5,1.0,4,3,0,0,0,24,0,0,0.0,0.0,24
2022-08,0.0,0,0.0,0,1,0.0,0.5,0.5,0.5,1,0.0,0.5,0,0,0.5,0.0,0.0,0,0.0,1.0,0,0.0,7,0,26,0.0,0.0,1.0,0.5,5,0,0.5,6.0,0.0,6,3,1.0,1.0,1,26,0.5,0.0,0.5,0.5,1,0.5,0.0,0.0,0.0,1.0,3,2,1,2,26,0,0.0,0.0,0.0,0.5,1,1.0,0,1,26,2,1,1,9,26,0,4,0,0.0,13,1.0,0.0,0,26,0,0,0,0,26,0,0,0,0,26,0,0,0.0,0.0,6,0.0,0.0,0,0.0,9,0.0,0.0,0,0.5,0.5,0,0.0,0.5,1.0,4,2,0,0,0,26,0,0,0.0,0.0,26
2022-09,0.0,0,0.0,0,2,0.0,0.5,0.5,0.5,1,0.0,0.5,0,0,0.5,0.0,0.0,0,0.0,1.0,0,0.0,7,0,31,0.0,0.0,1.0,0.5,6,0,0.5,12.0,0.0,7,3,0.0,1.0,1,31,0.5,0.0,0.0,0.5,1,0.5,0.0,0.0,0.5,1.0,3,1,1,1,31,0,0.0,0.0,0.0,0.5,1,1.0,0,0,31,2,1,1,8,31,0,4,0,0.0,15,1.0,0.0,0,31,0,0,0,0,31,0,0,0,0,31,0,0,0.0,0.0,7,0.0,0.0,0,0.0,10,0.0,0.0,0,0.5,0.5,0,0.0,0.5,1.0,5,2,0,0,0,31,0,0,0.0,0.0,31
2022-10,0.0,0,0.0,0,1,0.0,0.5,0.5,0.5,1,0.0,0.5,0,0,0.5,0.0,0.0,0,0.0,0.5,0,0.0,7,0,24,0.0,0.0,0.5,0.5,5,0,0.5,10.0,0.0,5,2,0.0,1.0,1,24,0.5,0.5,0.5,0.5,1,0.5,0.0,0.0,0.5,0.5,2,1,1,2,24,0,0.0,0.0,0.0,0.5,1,1.0,0,1,24,1,2,1,7,24,0,3,0,0.5,12,1.0,0.0,0,24,0,0,0,0,24,0,0,0,0,24,0,0,0.0,0.0,5,0.0,0.0,0,0.5,8,0.0,0.0,0,0.5,0.5,0,0.0,0.5,1.0,4,2,0,0,0,24,0,0,0.0,1.0,24
2022-11,0.0,0,0.0,0,1,0.0,0.5,0.5,0.5,1,0.0,0.5,0,0,0.5,0.5,0.5,0,0.0,0.5,0,0.0,5,0,24,0.0,0.0,0.5,0.5,5,0,0.5,3.0,0.0,5,2,0.0,1.0,1,24,0.5,0.0,0.0,0.5,1,0.5,0.0,0.5,0.0,0.5,2,2,1,1,24,0,0.0,0.0,0.0,0.5,0,1.0,0,0,24,2,1,1,7,24,0,4,0,0.0,12,1.0,0.0,0,24,0,0,0,0,24,0,0,0,0,24,0,0,0.0,0.0,5,0.0,0.0,0,0.0,8,0.0,0.0,0,0.5,0.5,0,0.0,0.5,1.0,4,2,0,0,0,24,0,0,0.0,0.0,24
2022-12,0.0,0,0.0,0,1,0.0,0.5,0.5,0.5,1,0.0,0.5,0,0,0.5,0.0,0.0,0,0.0,0.5,0,0.0,5,0,21,0.0,0.0,0.5,0.5,4,0,0.5,2.0,0.0,5,2,0.0,1.0,1,21,0.5,0.0,0.5,0.5,1,0.5,0.0,0.0,0.0,0.5,2,1,1,1,21,0,0.0,0.5,0.0,0.5,0,0.5,0,1,21,1,1,1,7,21,0,4,0,0.5,10,0.5,0.0,0,21,0,0,0,0,21,0,0,0,0,21,0,0,0.0,0.0,4,0.0,0.5,0,0.5,7,0.0,0.0,0,0.5,0.5,0,0.0,0.5,1.0,3,2,0,0,0,21,0,0,0.0,0.0,21
2023-01,0.0,0,0.0,0,1,0.0,0.5,0.5,0.0,1,0.0,0.5,0,0,0.5,0.0,0.0,0,0.5,0.5,0,0.0,7,0,23,0.0,0.0,0.5,0.5,4,0,0.5,3.0,0.0,5,2,0.0,1.0,1,23,1.0,0.5,0.5,0.5,1,0.5,0.0,0.0,0.0,0.5,2,1,1,1,23,0,0.0,0.0,0.0,0.5,1,1.0,0,0,23,2,1,1,9,23,0,4,0,0.0,11,1.0,1.0,0,23,0,0,0,0,23,0,0,0,0,23,0,0,0.0,0.0,5,0.0,0.0,0,0.0,8,0.0,0.0,0,0.5,0.5,0,0.0,0.5,1.0,4,2,0,0,0,23,0,0,0.0,0.0,23
2023-02,0.0,0,0.0,0,1,0.0,0.5,0.5,0.0,1,0.0,0.5,0,0,0.5,0.0,0.0,0,0.0,1.0,0,0.0,7,0,25,0.0,0.0,0.5,0.5,5,0,0.5,3.0,0.0,6,3,0.0,2.0,1,25,0.5,0.5,0.5,0.5,1,0.5,0.0,0.0,0.0,0.5,3,2,1,1,25,0,0.0,0.0,0.0,0.5,0,1.0,0,1,25,2,1,1,9,25,0,5,0,0.0,12,0.0,0.0,0,25,0,0,0,0,25,0,0,0,0,25,0,0,0.0,0.0,5,0.0,0.0,0,0.0,8,0.0,0.0,0,0.5,0.5,0,0.5,0.5,1.0,4,2,0,0,0,25,0,0,0.0,0.0,25
2023-03,0.0,0,0.0,0,1,0.0,0.5,1.0,0.5,1,0.0,0.5,0,0,0.5,0.0,0.5,0,0.0,0.5,0,0.0,7,0,24,0.0,0.0,1.0,0.5,5,0,1.0,4.0,0.0,5,3,1.0,1.0,1,24,1.0,0.5,0.5,0.5,1,0.5,0.0,0.0,0.5,0.5,2,1,1,1,24,0,0.0,0.0,0.0,0.5,0,0.0,0,1,24,2,1,1,11,24,0,5,0,0.0,12,1.0,1.0,0,24,0,0,0,0,24,0,0,0,0,24,0,0,0.0,0.0,5,0.0,0.0,0,0.0,8,0.0,0.0,0,0.5,0.5,0,0.0,0.5,1.0,4,3,0,0,0,24,0,0,0.0,1.0,24
2023-04,0.0,0,0.0,0,1,0.0,0.5,0.5,0.5,1,0.0,0.5,0,0,0.5,0.0,0.0,0,0.0,0.5,0,0.0,6,0,21,0.0,0.0,1.0,0.5,4,0,1.0,2.0,0.0,5,3,0.0,1.0,1,21,1.0,0.0,0.0,0.5,1,0.5,0.0,0.0,0.5,0.5,2,1,1,1,21,0,0.0,0.0,0.0,0.5,0,1.0,0,1,21,1,1,0,6,21,0,3,0,0.0,10,1.0,0.5,0,21,0,0,0,0,21,0,0,0,0,21,0,0,0.0,0.0,5,0.0,0.0,0,0.5,7,0.0,0.0,0,0.5,0.5,0,0.0,0.5,1.0,3,2,1,0,0,21,0,0,0.0,1.0,21
2023-05,0.0,0,0.0,0,1,0.0,0.5,0.5,0.5,1,0.0,0.5,0,0,0.5,0.0,0.0,0,0.0,1.0,0,0.0,7,0,25,0.0,0.0,0.5,0.5,5,0,0.5,3.0,0.0,6,2,1.0,1.0,1,25,0.5,0.0,0.5,0.5,1,0.5,0.0,0.0,0.5,1.0,2,1,1,2,25,0,0.0,0.0,0.0,0.5,1,1.0,0,1,25,2,1,1,8,25,0,4,0,0.0,12,1.0,0.5,0,25,0,0,0,0,25,0,0,0,0,25,0,0,0.0,0.0,5,0.0,0.0,0,0.0,8,0.0,0.0,0,0.5,0.5,0,0.0,0.5,1.0,4,2,0,0,0,25,0,0,0.0,0.0,25
2023-06,0.0,0,0.0,0,1,0.0,0.5,0.5,0.5,1,0.0,0.5,0,0,0.5,0.0,0.0,0,0.5,0.5,0,0.0,7,0,22,0.0,0.0,0.5,0.5,4,0,0.5,3.0,0.0,5,2,0.0,1.0,1,22,0.5,0.0,0.5,0.5,1,0.5,0.0,0.0,0.5,0.5,3,2,1,1,22,0,0.0,0.0,0.0,0.5,1,1.0,0,1,22,1,2,1,7,22,0,3,0,0.0,11,1.0,1.0,0,22,0,0,0,0,22,0,0,0,0,22,0,0,0.0,0.0,5,0.0,0.0,0,0.0,7,0.0,0.0,0,0.5,0.5,0,0.0,0.5,1.0,4,2,0,0,0,22,0,0,0.0,0.0,22
2023-07,0.0,0,0.0,0,1,0.0,0.5,0.5,0.0,1,0.0,0.5,0,0,0.5,0.0,0.0,0,0.0,0.5,0,0.0,7,0,21,0.0,0.0,1.0,0.5,4,0,0.5,3.0,0.0,5,3,0.0,1.0,1,21,0.5,0.0,0.5,0.5,1,0.5,0.0,0.0,0.5,0.5,2,2,1,2,21,0,0.0,0.0,0.0,0.5,1,1.0,0,1,21,2,1,1,9,21,0,4,0,0.0,10,1.0,1.0,0,21,0,0,0,0,21,0,0,0,0,21,0,0,0.0,0.0,5,0.0,0.0,0,0.0,7,0.0,0.0,0,0.5,0.5,0,0.0,0.5,1.0,3,2,0,0,0,21,0,0,0.0,1.0,22
2023-08,0.0,0,0.0,0,1,0.0,0.5,0.5,0.5,1,0.0,0.5,0,0,0.5,0.0,0.0,0,0.0,0.5,0,1.0,7,0,24,0.0,0.0,0.5,0.5,5,0,0.5,7.0,0.0,5,2,0.0,1.0,1,24,0.5,0.0,0.5,0.5,1,0.5,0.0,0.0,0.5,0.5,2,2,1,2,24,0,0.0,0.0,0.0,0.5,1,2.0,0,1,24,2,1,1,8,24,0,4,0,0.0,12,1.0,1.0,0,24,0,0,0,0,24,0,0,0,0,24,0,0,0.0,0.0,5,0.0,0.0,0,0.0,8,0.0,0.0,0,0.5,0.5,0,0.0,0.5,1.0,4,2,0,0,0,24,0,0,0.0,0.0,24
2023-09,0.0,0,0.0,0,1,0.0,0.5,0.5,0.0,1,0.5,0.5,0,0,0.5,0.0,0.5,0,0.0,0.5,0,0.0,6,0,23,0.0,0.0,0.5,0.5,5,0,1.0,4.0,0.0,5,2,1.0,1.0,1,23,0.5,0.5,0.5,0.5,1,0.5,0.0,0.0,0.5,0.5,2,1,1,1,23,0,0.0,0.0,0.0,0.5,1,1.0,0,0,23,2,1,1,8,23,0,4,0,0.0,11,1.0,0.0,0,23,0,0,0,0,23,0,0,0,0,23,0,0,0.0,0.0,5,0.0,0.0,0,0.0,8,0.0,0.0,0,0.5,0.5,0,0.0,0.5,1.0,4,2,0,0,0,23,0,0,0.0,0.0,24
2023-10,0.0,0,0.0,0,1,0.0,0.5,0.5,0.5,1,0.0,0.5,0,0,0.5,0.0,0.5,0,0.0,0.5,0,0.0,6,0,21,0.0,0.0,1.0,0.5,4,0,0.5,8.0,0.0,5,3,1.0,1.0,1,21,1.0,0.0,0.0,0.5,1,0.5,0.0,0.0,0.5,0.5,2,1,1,2,21,0,0.0,0.0,0.0,0.5,1,0.5,0,1,21,2,1,1,8,21,0,4,0,0.0,10,1.0,1.0,0,21,0,0,0,0,21,0,0,0,0,21,0,0,0.0,0.0,4,0.0,0.0,0,1.0,7,0.0,0.0,0,0.5,0.5,0,0.0,0.5,1.0,3,3,0,0,0,21,0,0,0.0,0.5,20
2023-11,0.0,0,0.0,0,1,0.0,0.5,0.5,0.0,1,0.0,0.5,0,0,0.5,0.0,0.0,0,0.0,0.5,0,0.0,7,0,21,0.0,0.0,1.0,0.5,4,0,1.0,4.0,0.0,5,3,1.0,1.0,1,21,1.0,0.0,0.0,0.5,1,0.5,0.0,0.0,0.5,0.5,2,1,1,2,21,0,0.0,0.0,0.0,0.5,1,1.0,0,1,21,2,1,1,9,21,0,4,0,0.0,10,1.0,1.0,0,21,0,0,0,0,21,0,0,0,0,21,0,0,0.0,0.0,4,0.0,0.0,0,0.5,7,0.0,0.0,0,0.5,0.5,0,0.0,0.5,1.0,3,2,0,0,0,21,0,0,0.0,0.0,21
2023-12,0.0,0,0.0,0,1,0.0,0.5,0.5,0.5,1,0.0,0.5,0,0,0.5,0.0,0.0,0,0.0,0.5,0,0.0,5,0,21,0.0,0.0,1.0,0.5,4,0,0.5,3.0,0.0,5,3,0.0,1.0,1,21,0.5,0.5,0.5,0.5,1,0.5,0.0,0.0,0.5,0.5,2,1,1,1,21,0,0.0,0.0,0.0,0.5,0,1.0,0,0,21,2,1,1,8,21,0,4,0,0.0,10,1.0,0.0,0,21,0,0,0,0,21,0,0,0,0,21,0,0,0.0,0.0,5,0.0,0.0,0,0.5,7,0.0,0.0,0,0.5,0.5,0,0.0,0.5,1.0,3,2,0,0,0,21,0,0,0.0,1.0,21
2024-01,0.0,0,0.0,0,1,0.0,0.5,0.5,0.0,1,0.0,0.5,0,0,0.5,0.0,0.0,0,0.0,0.5,0,0.0,6,0,21,0.0,0.0,0.5,0.5,4,0,0.5,4.0,0.0,5,2,1.0,1.0,1,21,1.0,0.0,0.5,0.5,1,0.5,0.0,0.0,0.5,0.5,19,2,1,1,21,0,0.0,0.0,0.0,0.5,0,1.0,0,0,21,2,1,0,9,21,0,4,0,0.0,10,1.0,0.0,0,21,0,0,0,0,21,0,0,0,0,21,0,0,0.0,0.0,5,0.0,0.0,0,0.5,7,0.0,0.5,0,0.5,0.5,0,0.0,0.5,1.0,3,6,0,0,0,21,0,0,0.0,0.0,21
2024-02,0.0,0,0.0,0,1,0.0,0.5,0.5,0.5,1,0.0,0.5,0,0,0.5,0.0,0.0,0,0.0,0.5,0,0.0,7,0,24,0.0,0.0,1.0,0.5,5,0,0.5,2.0,0.0,5,3,0.0,1.0,0,24,1.0,0.0,0.0,0.5,1,0.5,0.0,0.0,0.5,0.5,5,2,1,1,24,0,0.0,0.0,0.0,0.5,1,1.0,1,0,24,2,1,1,8,24,0,4,0,0.0,12,1.0,0.0,0,24,0,0,0,0,24,0,0,0,0,24,0,0,0.0,0.0,5,0.0,0.0,0,0.5,8,0.0,0.0,0,0.5,0.5,0,0.0,0.5,1.0,4,3,0,0,0,24,0,0,0.0,0.0,24
2024-03,0.0,0,0.0,0,1,0.0,0.5,0.5,0.0,1,0.0,0.5,0,0,0.5,0.0,0.0,0,0.0,1.0,0,0.0,6,0,25,0.0,0.0,0.5,0.5,5,0,0.5,4.0,0.0,6,2,0.0,1.0,1,25,1.0,0.0,0.5,0.5,1,0.5,0.0,0.0,0.5,0.5,4,2,0,1,25,0,0.0,0.0,0.0,0.5,0,1.0,0,1,25,2,1,1,11,25,0,5,0,0.0,12,1.0,1.0,0,25,0,0,0,0,25,0,0,0,0,25,0,0,0.0,0.0,5,0.0,0.0,0,0.5,8,0.0,0.0,0,0.5,0.5,0,0.0,0.5,1.0,4,3,0,0,0,25,0,0,0.0,0.0,25
2024-04,0.0,0,0.0,0,1,0.0,0.5,0.5,0.0,1,0.0,0.5,0,0,0.5,0.0,0.0,0,0.0,0.5,0,0.0,5,0,20,0.0,0.0,0.5,0.5,4,0,0.5,2.0,0.0,4,2,0.0,1.0,1,20,0.5,0.0,0.5,0.5,1,0.5,0.0,0.0,0.5,0.5,3,1,0,1,20,0,0.0,0.0,0.0,0.5,1,1.0,0,1,20,2,1,1,6,20,0,3,0,0.0,10,1.0,0.0,0,20,0,0,0,0,20,0,0,0,0,20,0,0,0.0,0.0,4,0.0,0.0,0,0.5,7,0.0,0.0,0,0.5,0.5,0,0.0,0.5,1.0,3,2,1,0,0,20,0,0,0.0,1.0,20
2024-05,0.0,0,0.0,0,1,0.0,0.5,0.5,0.0,1,0.0,0.5,0,0,0.5,0.0,0.5,0,0.0,0.5,0,0.0,5,0,22,0.0,0.0,0.5,0.5,4,0,0.5,3.0,0.5,5,3,1.0,1.0,1,22,1.0,0.5,0.0,0.5,1,0.5,0.0,0.0,0.5,0.5,3,2,1,1,22,0,0.0,0.0,0.0,0.5,0,1.0,0,1,22,2,1,1,7,22,0,3,0,0.0,11,1.0,1.0,0,22,0,0,0,0,22,0,0,0,0,22,0,0,0.0,0.0,5,0.0,0.0,0,0.5,7,0.0,0.0,0,0.5,0.5,0,0.0,0.5,1.0,4,2,0,0,0,22,0,0,0.0,1.0,22
2024-06,0.0,0,0.0,0,1,0.0,0.5,0.5,0.0,1,0.0,0.5,0,0,0.5,0.0,0.0,0,0.0,0.5,0,0.0,6,0,19,0.0,0.0,0.5,0.5,4,0,0.5,2.0,0.0,4,1,0.0,1.0,1,19,0.5,0.0,0.0,0.5,1,0.5,0.0,0.0,0.5,0.5,3,1,1,0,19,0,0.0,0.0,0.0,0.5,1,1.0,0,1,19,1,1,1,6,19,0,3,0,0.0,9,1.0,0.0,0,19,0,0,0,0,19,0,0,0,0,19,0,0,0.0,0.0,4,0.0,0.0,0,0.0,6,0.0,0.0,0,0.5,0.5,0,0.0,0.5,1.0,3,2,0,0,0,19,0,0,0.0,0.0,19
2024-07,0.0,0,0.0,0,1,0.0,0.5,0.5,0.0,1,0.0,0.5,0,0,0.5,0.0,0.5,0,0.0,0.5,0,0.0,6,0,22,0.0,0.0,0.5,0.0,4,0,0.5,2.0,0.0,5,1,0.0,1.0,1,22,0.5,0.0,0.0,0.5,1,0.5,0.0,0.0,0.5,0.5,3,2,1,1,22,0,0.0,0.0,0.0,0.5,1,1.0,0,0,22,1,1,0,6,22,0,3,0,0.5,11,1.0,0.0,0,22,0,0,0,0,22,0,0,0,0,22,0,0,0.0,0.5,5,0.0,0.0,0,0.0,7,0.0,0.0,0,0.5,0.5,0,0.0,0.5,0.5,4,2,0,0,0,22,0,0,0.0,0.0,23
2024-08,0.0,0,0.0,0,1,0.0,0.5,0.5,0.0,1,0.0,0.5,0,0,0.5,0.0,0.5,0,0.0,0.5,0,0.0,9,0,24,0.0,0.0,1.0,0.5,5,0,0.5,9.0,0.0,5,3,0.0,1.0,1,24,0.5,0.5,0.5,0.5,1,0.5,0.0,0.0,0.0,0.5,6,2,1,1,24,0,0.0,0.0,0.5,0.5,1,1.0,0,0,24,1,2,1,7,24,0,3,0,0.0,11,0.0,0.0,0,24,0,0,0,0,24,0,0,0,0,24,0,0,0.0,0.0,5,0.0,0.0,0,0.0,8,0.0,0.0,0,0.5,0.5,0,0.5,0.5,1.0,4,3,0,0,0,24,0,0,0.0,0.0,24
2024-09,0.0,0,0.0,0,1,0.0,0.5,0.5,0.5,1,0.5,0.5,0,0,0.5,0.0,0.5,0,0.0,1.0,0,0.0,7,0,25,0.0,0.0,0.5,0.5,5,0,0.5,4.0,0.0,6,2,0.0,1.0,1,25,0.5,0.5,0.0,0.5,1,0.5,0.0,0.5,0.5,0.5,2,2,1,1,25,0,0.0,0.0,0.0,0.5,0,1.0,0,1,25,2,1,1,7,25,0,3,0,0.0,12,1.0,0.0,0,25,0,0,0,0,25,0,0,0,0,25,0,0,0.0,0.5,5,0.0,0.0,0,0.5,8,0.0,0.0,0,0.5,0.5,0,0.5,0.5,1.0,4,3,0,0,0,25,0,0,0.0,1.0,25
2024-10,0.0,0,0.0,0,1,0.0,0.5,0.5,0.0,1,0.5,0.5,0,0,0.5,0.0,0.5,0,0.0,0.5,0,0.0,7,0,24,0.0,0.0,0.5,0.5,5,0,0.5,3.0,0.0,5,2,0.0,0.5,1,24,0.5,0.5,0.5,0.5,1,0.5,0.0,0.0,0.5,0.5,1,2,2,1,24,0,0.0,0.0,0.0,0.5,1,1.0,0,1,24,2,2,0,8,24,0,4,0,0.0,12,1.0,0.0,0,24,0,0,0,0,24,0,0,0,0,24,0,0,0.0,0.0,5,0.0,0.5,0,0.5,8,0.0,0.0,0,0.5,0.5,0,0.0,0.5,1.0,4,3,0,0,0,24,0,0,0.0,0.5,24
2024-11,0.0,0,0.0,0,1,0.0,0.5,0.5,0.5,1,0.0,0.5,0,0,0.5,0.0,0.5,0,0.5,1.0,0,0.0,7,0,26,0.0,0.0,1.0,0.5,5,0,0.5,2.0,0.0,6,3,0.0,1.0,1,26,0.5,0.5,0.5,0.5,1,0.5,0.0,0.0,0.5,1.0,1,3,1,2,26,0,0.0,0.0,0.0,0.5,0,1.0,0,1,26,2,1,1,8,26,0,4,0,0.0,13,1.0,0.0,0,26,0,0,0,0,26,0,0,0,0,26,0,0,0.0,0.0,6,0.0,0.0,0,0.0,8,0.0,0.0,0,0.5,0.5,0,0.0,0.5,1.0,4,2,0,0,0,26,0,0,0.0,0.0,26
2024-12,0.0,0,0.5,0,1,0.0,0.5,0.5,0.0,1,0.0,0.5,0,0,0.5,0.0,0.5,0,0.0,0.5,0,0.0,5,0,24,0.0,0.0,1.0,0.5,5,0,0.5,2.0,0.0,5,3,0.0,1.0,1,24,0.5,0.5,0.0,0.5,1,0.5,0.0,0.0,0.5,0.5,1,2,1,1,24,0,0.0,0.0,0.0,0.5,0,1.0,0,2,24,2,2,1,7,24,0,4,0,0.0,12,1.0,0.0,0,24,0,0,0,0,24,0,0,0,0,24,0,0,0.0,0.0,5,0.0,0.0,0,0.0,8,0.0,0.0,0,0.5,0.5,0,0.0,0.5,1.0,4,2,0,0,0,24,0,0,0.0,0.0,24
2025-01,0.0,0,0.0,0,1,0.0,0.5,0.5,0.0,1,0.0,0.5,0,0,0.5,0.0,0.5,0,0.0,0.5,0,0.0,6,0,24,0.0,0.0,1.0,0.5,5,0,0.0,2.0,0.0,5,3,1.0,1.0,1,24,0.5,0.5,0.5,0.5,1,0.5,0.0,0.0,0.5,0.5,1,3,1,2,24,0,0.0,0.0,0.0,0.5,1,1.0,0,1,24,3,1,0,8,24,0,4,0,0.0,12,0.0,0.0,0,24,0,0,0,0,24,0,0,0,0,24,0,0,0.0,0.0,5,0.0,0.0,0,0.0,8,0.0,0.0,0,0.5,0.5,0,0.0,0.5,1.0,4,2,0,0,0,24,0,0,0.0,1.0,24
2025-02,0.0,0,0.0,0,1,0.0,0.5,0.5,0.0,1,0.0,0.5,0,0,0.5,0.0,0.5,0,0.0,0.5,0,0.0,5,0,23,0.0,0.0,1.0,0.5,4,0,0.0,2.0,0.0,5,3,1.0,1.0,1,23,0.5,0.5,0.5,0.5,1,0.5,0.0,0.0,0.0,0.5,1,2,1,2,23,0,0.0,0.0,0.0,0.5,0,1.0,0,1,23,2,1,1,7,23,0,3,0,0.0,11,1.0,0.0,0,23,0,0,0,0,23,0,0,0,0,23,0,0,0.0,0.0,5,0.0,0.0,0,0.0,7,0.0,0.0,0,0.5,0.5,0,0.0,0.5,1.0,4,2,0,0,0,23,0,0,0.0,1.0,23
2025-03,0.0,0,0.0,0,1,0.0,0.5,0.5,0.0,1,0.0,0.5,0,0,0.5,0.0,0.5,0,0.0,0.5,0,0.0,5,0,23,0.0,0.0,0.5,0.5,4,0,0.5,2.0,0.0,5,2,0.0,1.0,0,23,0.5,0.0,0.5,0.5,1,0.5,0.0,0.0,0.5,0.5,0,2,1,1,23,0,0.0,0.0,0.0,0.5,0,1.0,0,1,23,2,1,0,8,23,0,4,0,0.0,11,1.0,0.0,0,23,0,0,0,0,23,0,0,0,0,23,0,0,0.0,0.0,5,0.0,0.0,0,0.5,8,0.0,0.0,0,0.5,0.5,0,0.0,0.5,1.0,4,2,1,0,0,23,0,0,0.0,0.0,23
2025-04,0.0,0,0.0,0,1,0.0,0.5,0.5,0.5,1,0.0,0.5,0,0,0.5,0.0,0.5,0,0.0,0.5,0,0.0,5,0,21,0.0,0.0,1.0,0.5,4,0,0.0,1.0,0.0,5,3,0.0,1.0,1,21,0.5,0.0,0.5,0.5,1,0.5,0.0,0.0,0.5,0.5,1,2,1,2,21,0,0.0,0.0,0.0,0.5,1,1.0,0,1,21,2,1,1,7,21,0,3,0,0.0,10,1.0,1.0,0,21,0,0,0,0,21,0,0,0,0,21,0,0,0.0,0.0,5,0.0,0.0,0,1.0,7,0.0,0.0,0,0.5,0.5,0,0.0,0.5,1.0,3,2,0,0,0,21,0,0,0.0,0.0,22
2025-05,0.0,0,0.0,0,1,0.0,0.5,0.5,0.0,1,0.0,0.5,0,0,0.5,0.0,0.5,0,0.0,0.5,0,0.0,5,0,21,0.0,0.0,1.0,0.5,4,0,0.5,1.0,0.0,5,3,0.0,1.0,1,21,0.5,0.0,0.0,0.5,1,0.5,0.0,0.0,0.5,0.5,1,2,0,3,21,0,0.0,0.0,0.0,0.5,1,1.0,0,1,21,2,1,1,7,21,0,3,0,0.0,10,1.0,1.0,0,21,0,0,0,0,21,0,0,0,0,21,0,0,0.0,0.0,4,0.0,0.0,0,0.0,7,0.0,0.0,0,0.5,0.5,0,0.0,0.5,1.0,3,2,0,0,0,21,0,0,0.0,0.0,21
2025-06,0.0,0,0.0,0,1,0.0,0.5,0.5,0.0,1,0.0,0.5,0,0,0.5,0.0,0.5,0,0.0,0.5,0,0.0,5,0,22,0.0,0.0,0.5,0.5,4,0,0.5,1.0,0.5,5,2,0.0,1.0,1,22,0.5,0.5,0.5,0.5,1,0.5,0.0,0.5,0.0,0.5,1,2,1,1,22,0,0.0,0.0,0.0,0.5,1,1.0,0,1,22,1,1,0,8,22,0,4,0,0.0,11,1.0,0.0,0,22,0,0,0,0,22,0,0,0,0,22,0,0,0.0,0.0,5,0.0,0.0,0,0.5,7,0.0,0.0,0,0.5,0.5,0,0.0,0.5,1.0,4,2,0,0,0,22,0,0,1.0,1.0,22
2025-07,0.0,0,0.0,0,1,0.0,0.5,0.5,0.0,1,0.0,0.5,0,0,0.5,0.0,0.5,0,0.0,0.5,0,0.0,8,0,19,0.0,0.0,1.0,0.5,4,0,0.5,2.0,0.0,4,3,0.0,1.0,1,19,0.5,0.0,0.0,0.5,1,0.5,0.0,0.0,0.5,0.5,1,2,1,1,19,0,0.0,0.0,0.0,0.5,1,1.0,0,1,19,2,1,1,7,19,0,4,0,0.0,9,1.0,0.0,0,19,0,0,0,0,19,0,0,0,0,19,0,0,0.0,0.0,4,0.0,0.0,0,0.0,6,0.0,0.0,0,0.5,0.5,0,0.0,0.5,1.0,3,2,0,0,0,19,0,0,0.0,1.0,19
2025-08,0.0,0,0.0,0,1,0.5,0.5,0.5,0.5,1,0.0,0.5,0,0,0.5,0.0,0.5,0,0.5,0.5,0,0.5,7,0,23,0.0,0.0,0.5,0.5,4,0,0.5,2.0,0.0,5,2,1.0,1.0,1,23,0.5,0.5,0.5,0.5,1,0.5,0.0,0.0,0.5,0.5,1,2,1,1,23,0,0.0,0.0,0.0,0.5,1,1.0,0,1,23,2,2,1,10,23,0,5,0,0.0,11,1.0,0.5,0,23,0,0,0,0,23,0,0,0,0,23,0,0,0.0,0.0,5,0.0,0.0,0,0.0,7,0.0,0.0,0,0.5,0.5,0,0.0,0.5,1.0,4,2,0,0,0,23,0,0,0.5,0.5,22
2025-09,0.0,0,0.0,0,1,0.0,0.5,0.5,0.5,1,0.5,0.5,0,0,0.5,0.0,0.5,0,0.5,0.5,0,0.5,8,0,20,0.5,0.5,0.5,0.5,4,0,2.0,1.0,0.0,4,2,0.5,1.0,1,20,1.0,0.5,0.5,0.5,1,0.5,0.5,0.5,0.5,0.5,1,2,1,1,20,0,0.0,0.0,0.5,0.5,1,1.0,0,1,20,2,1,1,9,20,0,4,0,0.5,9,1.0,0.5,0,20,0,0,0,0,20,0,0,0,0,20,0,0,0.0,0.0,4,0.5,0.0,0,0.5,6,0.0,0.0,0,0.5,0.5,0,0.5,0.5,1.0,3,2,0,0,0,20,0,0,0.5,0.5,20
