Month,মানবিক সংস্থাসমূহ,এনজিও সংস্থা,আন্তর্জাতিক এনজিও,মানবিক সংস্থাগুলি,Email,অস্ত্রোপচার,পুষ্টি,অপুষ্টি,পুষ্টিহীনতা,Email_file1,পুনর্গঠন,সরবরাহ,চিকিৎসা,অনুদান,Email_file2,কারিগরি প্রশিক্ষণ,রেশনিং,পিডিএস,রেশন বিতরণ পদ্ধতি,Email_file3,দান সংস্থা,মানবিক দান সংস্থা,সংগঠন,আশ্রয়,Email_file4,পানাহ,আশ্রয়_file5,অস্থায়ী,স্বল্পমেয়াদি,Email_file5,মৃত্যু,টিকাদান,সুরক্ষা,মল,Email_file6,নগদ সহায়তা,ঔষধ,ঔষধ(2),ওষুধ,Email_file7,কষ্ট,গর্ভবতী,ঝুড়ি,ধারক,Email_file8,জার,বাক্স,প্যাকেট,পোশাক,Email_file9,জরুরি অবস্থা,খাবারের প্যাকেট,অর্থ,ভাউচার,Email_file10,এনজিও সংস্থা_file11,আন্তর্জাতিক এনজিও_file11,শরণার্থী শিবির,তাঁবু,Email_file11,কুপন,জলশূন্যতা,পুষ্টিহীনতা_file12,নগদ অনুদান,Email_file12,নগদ সহায়তা_file13,আর্থিক সহায়তা,সেনাবাহিনী,Email_file13,স্বাগতিক সম্প্রদায়,শরণার্থী শিবিরসমূহ,তাঁবু_file14,স্বাগতিক সম্প্রদায়সমূহ,Email_file14,মোকাবেলার কৌশল,মানিয়ে নেবার কৌশল,সহায়তা,জরুরি সহায়তা,Email_file15,ত্রাণ সহায়তা,ত্রাণ,প্রাদুর্ভাব,সংক্রমণের বিস্তার,Email_file16,সংক্রামক রোগ,মহামারি,রোগ,সংক্রামক,Email_file17,দাতা,সংস্থা,দাতা ব্যক্তি,টিকাদান_file18,Email_file18,টিকা কার্যক্রম,অভিযান,ক্যাম্পেইন,প্রচারাভিযান,Email_file19,পোলিও,কলেরা,অপারেশন,অভিযান_file20,Email_file20,ত্রাণ কার্যক্রম,দুর্যোগ,জরুরি পরিস্থিতি,জটিল মানবিক জরুরি পরিস্থিতি,Email_file21
2004-01,0,0.0,0.0,0,0.0,0,0,0,0,0,0.0,0.0,0.0,0.0,0.0,0.0,0,0,0,0,0,0,0,0.0,0,0,0.0,0.0,0,0,0.0,0.0,0.0,0.0,0.0,0.0,0,0.0,0.0,0,0.0,0.0,0.0,0.0,0,0.0,0.0,0,0,0,0.0,0,0.0,0.0,0.0,0.0,0.0,0,0.0,0.0,0.0,0.0,0.0,0.0,0,0.0,0.0,0.0,0.0,0,0.0,0.0,0.0,0.0,0.0,0,0.0,0,0,0,0.0,0,0,0,0.0,0.0,0.0,0.0,0,0.0,0,0,0.0,0,0,0.0,0.0,0,0,0.0,0.0,0.0,0.0,0,0,0.0,0.0,0,0
2004-02,0,0.0,0.0,0,0.0,0,0,0,0,0,0.0,0.0,0.0,0.0,0.0,0.0,0,0,0,0,0,0,0,0.0,0,0,0.0,0.0,0,0,0.0,0.0,0.0,0.0,0.0,0.0,0,0.0,0.0,0,0.0,0.0,0.0,0.0,0,0.0,0.0,0,0,0,40.0,0,0.0,0.0,0.0,0.0,0.0,0,0.0,0.0,0.0,0.0,0.0,0.0,0,0.0,0.0,0.0,0.0,0,0.0,0.0,0.0,0.0,0.0,0,0.0,0,0,0,0.0,0,0,0,0.0,0.0,0.0,0.0,0,0.0,0,0,0.0,0,0,0.0,0.0,0,0,0.0,0.0,0.0,0.0,0,0,0.0,0.0,0,0
2004-03,0,0.0,0.0,0,0.0,0,0,0,0,0,0.0,0.0,0.0,0.0,0.0,0.0,0,0,0,0,0,0,0,0.0,0,0,0.0,0.0,0,0,0.0,0.0,0.0,0.0,0.0,0.0,0,0.0,0.0,0,0.0,0.0,0.0,0.0,0,0.0,0.0,0,0,0,0.0,0,0.0,0.0,0.0,0.0,0.0,0,0.0,0.0,0.0,0.0,0.0,0.0,0,0.0,0.0,0.0,0.0,0,0.0,0.0,0.0,0.0,0.0,0,0.0,0,0,0,0.0,0,0,0,0.0,0.0,0.0,0.0,0,0.0,0,0,0.0,0,0,0.0,0.0,0,0,0.0,0.0,0.0,0.0,0,0,0.0,0.0,0,0
2004-04,0,0.0,0.0,0,0.0,0,0,0,0,0,0.0,0.0,0.0,0.0,0.0,0.0,0,0,0,0,0,0,0,0.0,0,0,0.0,0.0,0,0,0.0,0.0,0.0,0.0,0.0,0.0,0,0.0,0.0,0,0.0,0.0,0.0,0.0,0,0.0,0.0,0,0,0,0.0,0,0.0,0.0,0.0,0.0,0.0,0,0.0,0.0,0.0,0.0,0.0,0.0,0,0.0,0.0,0.0,0.0,0,0.0,0.0,0.0,0.0,0.0,0,0.0,0,0,0,0.0,0,0,0,0.0,0.0,0.0,0.0,0,0.0,0,0,0.0,0,0,0.0,0.0,0,0,0.0,0.0,0.0,0.0,0,0,0.0,0.0,0,0
2004-05,0,0.0,0.0,0,0.0,0,0,0,0,0,0.0,0.0,0.0,0.0,0.0,0.0,0,0,0,0,0,0,0,0.0,0,0,0.0,0.0,0,0,0.0,0.0,0.0,0.0,0.0,0.0,0,0.0,0.0,0,0.0,0.0,0.0,0.0,0,0.0,0.0,0,0,0,0.0,0,0.0,0.0,0.0,0.0,0.0,0,0.0,0.0,0.0,0.0,0.0,0.0,0,0.0,0.0,0.0,0.0,0,0.0,0.0,0.0,0.0,0.0,0,0.0,0,0,0,0.0,0,0,0,0.0,0.0,0.0,0.0,0,0.0,0,0,0.0,0,0,0.0,0.0,0,0,0.0,0.0,0.0,0.0,0,0,0.0,0.0,0,0
2004-06,0,0.0,0.0,0,0.0,0,0,0,0,0,0.0,0.0,0.0,0.0,0.0,0.0,0,0,0,0,0,0,0,0.0,0,0,0.0,0.0,0,0,0.0,0.0,0.0,0.0,0.0,0.0,0,0.0,0.0,0,0.0,0.0,0.0,0.0,0,0.0,0.0,0,0,0,0.0,0,0.0,0.0,0.0,0.0,0.0,0,0.0,0.0,0.0,0.0,0.0,0.0,0,0.0,0.0,0.0,0.0,0,0.0,0.0,0.0,0.0,0.0,0,0.0,0,0,0,0.0,0,0,0,0.0,0.0,0.0,0.0,0,0.0,0,0,0.0,0,0,0.0,0.0,0,0,0.0,0.0,0.0,0.0,0,0,0.0,0.0,0,0
2004-07,0,0.0,0.0,0,0.0,0,0,0,0,0,0.0,0.0,0.0,0.0,0.0,0.0,0,0,0,0,0,0,0,0.0,0,0,0.0,0.0,0,0,0.0,0.0,0.0,0.0,0.0,0.0,0,0.0,0.0,0,0.0,0.0,0.0,0.0,0,0.0,0.0,0,0,0,0.0,0,0.0,0.0,0.0,0.0,0.0,0,0.0,0.0,0.0,0.0,0.0,0.0,0,0.0,0.0,0.0,0.0,0,0.0,0.0,0.0,0.0,0.0,0,0.0,0,0,0,0.0,0,0,0,0.0,0.0,0.0,0.0,0,0.0,0,0,0.0,0,0,0.0,0.0,0,0,0.0,0.0,0.0,0.0,0,0,0.0,0.0,0,0
2004-08,0,0.0,0.0,0,0.0,0,0,0,0,0,0.0,0.0,0.0,0.0,0.0,0.0,0,0,0,0,0,0,0,0.0,0,0,0.0,0.0,0,0,0.0,0.0,0.0,0.0,0.0,0.0,0,0.0,0.0,0,0.0,0.0,0.0,0.0,0,0.0,0.0,0,0,0,0.0,0,0.0,0.0,0.0,0.0,0.0,0,0.0,0.0,0.0,0.0,0.0,0.0,0,0.0,0.0,0.0,0.0,0,0.0,0.0,0.0,0.0,0.0,0,0.0,0,0,0,0.0,0,0,0,0.0,0.0,0.0,0.0,0,0.0,0,0,0.0,0,0,0.0,0.0,0,0,0.0,0.0,0.0,0.0,0,0,0.0,0.0,0,0
2004-09,0,0.0,0.0,0,0.0,0,0,0,0,0,0.0,0.0,0.0,0.0,0.0,0.0,0,0,0,0,0,0,0,0.0,0,0,0.0,0.0,0,0,0.0,0.0,0.0,0.0,0.0,0.0,0,0.0,0.0,0,0.0,0.0,0.0,0.0,0,0.0,0.0,0,0,0,0.0,0,0.0,0.0,0.0,0.0,0.0,0,0.0,0.0,0.0,0.0,0.0,0.0,0,0.0,0.0,0.0,0.0,0,0.0,0.0,0.0,0.0,0.0,0,0.0,0,0,0,0.0,0,0,0,0.0,0.0,0.0,0.0,0,0.0,0,0,0.0,0,0,0.0,0.0,0,0,0.0,0.0,0.0,0.0,0,0,0.0,0.0,0,0
2004-10,0,0.0,0.0,0,0.0,0,0,0,0,0,0.0,0.0,0.0,0.0,0.0,0.0,0,0,0,0,0,0,0,0.0,0,0,0.0,0.0,0,0,0.0,0.0,0.0,0.0,0.0,0.0,0,0.0,0.0,0,0.0,0.0,0.0,0.0,0,0.0,0.0,0,0,0,0.0,0,0.0,0.0,0.0,0.0,0.0,0,0.0,0.0,0.0,0.0,0.0,0.0,0,0.0,0.0,0.0,0.0,0,0.0,0.0,0.0,0.0,0.0,0,0.0,0,0,0,0.0,0,0,0,0.0,0.0,0.0,0.0,0,0.0,0,0,0.0,0,0,0.0,0.0,0,0,0.0,0.0,0.0,0.0,0,0,0.0,0.0,0,0
2004-11,0,0.0,0.0,0,0.0,0,0,0,0,0,0.0,0.0,0.0,0.0,0.0,0.0,0,0,0,0,0,0,0,0.0,0,0,0.0,0.0,0,0,0.0,0.0,0.0,0.0,0.0,0.0,0,0.0,0.0,0,0.0,0.0,0.0,0.0,0,0.0,0.0,0,0,0,0.0,0,0.0,0.0,0.0,0.0,0.0,0,0.0,0.0,0.0,0.0,0.0,0.0,0,0.0,0.0,0.0,0.0,0,0.0,0.0,0.0,0.0,0.0,0,0.0,0,0,0,0.0,0,0,0,0.0,0.0,0.0,0.0,0,0.0,0,0,0.0,0,0,0.0,0.0,0,0,0.0,0.0,0.0,0.0,0,0,0.0,0.0,0,0
2004-12,0,0.0,0.0,0,0.0,0,0,0,0,0,0.0,0.0,0.0,0.0,0.0,0.0,0,0,0,0,0,0,0,0.0,0,0,0.0,0.0,0,0,0.0,0.0,0.0,100.0,0.0,0.0,0,0.0,0.0,0,0.0,0.0,0.0,0.0,0,0.0,0.0,0,0,0,0.0,0,0.0,0.0,0.0,0.0,0.0,0,0.0,0.0,0.0,0.0,0.0,0.0,0,0.0,0.0,0.0,0.0,0,0.0,0.0,0.0,0.0,0.0,0,0.0,0,0,0,0.0,0,0,0,0.0,0.0,0.0,0.0,0,0.0,0,0,0.0,0,0,0.0,0.0,0,0,0.0,0.0,0.0,0.0,0,0,0.0,0.0,0,0
2005-01,0,0.0,0.0,0,0.0,0,0,0,0,0,0.0,0.0,0.0,0.0,0.0,0.0,0,0,0,0,0,0,0,0.0,0,0,0.0,0.0,0,0,0.0,0.0,0.0,0.0,0.0,0.0,0,0.0,0.0,0,0.0,0.0,0.0,0.0,0,0.0,0.0,0,0,0,0.0,0,0.0,0.0,0.0,0.0,0.0,0,0.0,0.0,0.0,0.0,0.0,0.0,0,0.0,0.0,0.0,0.0,0,0.0,0.0,0.0,0.0,0.0,0,0.0,0,0,0,0.0,0,0,0,0.0,0.0,0.0,0.0,0,0.0,0,0,0.0,0,0,0.0,0.0,0,0,0.0,0.0,0.0,0.0,0,0,0.0,0.0,0,0
2005-02,0,0.0,0.0,0,0.0,0,0,0,0,0,0.0,0.0,0.0,0.0,0.0,0.0,0,0,0,0,0,0,0,0.0,0,0,0.0,0.0,0,0,0.0,0.0,0.0,0.0,0.0,0.0,0,0.0,0.0,0,0.0,0.0,0.0,0.0,0,0.0,0.0,0,0,0,0.0,0,0.0,0.0,0.0,0.0,0.0,0,0.0,0.0,0.0,0.0,0.0,0.0,0,0.0,0.0,0.0,0.0,0,0.0,0.0,0.0,0.0,0.0,0,0.0,0,0,0,0.0,0,0,0,0.0,0.0,0.0,0.0,0,0.0,0,0,0.0,0,0,0.0,0.0,0,0,0.0,0.0,0.0,0.0,0,0,0.0,0.0,0,0
2005-03,0,0.0,0.0,0,0.0,0,0,0,0,0,0.0,0.0,0.0,0.0,0.0,0.0,0,0,0,0,0,0,0,0.0,0,0,0.0,0.0,0,0,0.0,0.0,0.0,0.0,0.0,0.0,0,0.0,0.0,0,0.0,0.0,0.0,0.0,0,0.0,0.0,0,0,0,0.0,0,0.0,0.0,0.0,0.0,0.0,0,0.0,0.0,0.0,0.0,0.0,0.0,0,0.0,0.0,0.0,0.0,0,0.0,0.0,0.0,0.0,0.0,0,0.0,0,0,0,0.0,0,0,0,0.0,0.0,0.0,0.0,0,0.0,0,0,0.0,0,0,0.0,0.0,0,0,0.0,0.0,0.0,0.0,0,0,0.0,0.0,0,0
2005-04,0,0.0,0.0,0,0.0,0,0,0,0,0,0.0,0.0,0.0,0.0,0.0,0.0,0,0,0,0,0,0,0,0.0,0,0,0.0,0.0,0,0,0.0,0.0,0.0,0.0,0.0,0.0,0,0.0,0.0,0,0.0,0.0,0.0,0.0,0,0.0,0.0,0,0,0,0.0,0,0.0,0.0,0.0,0.0,0.0,0,0.0,0.0,0.0,0.0,0.0,0.0,0,0.0,0.0,0.0,0.0,0,0.0,0.0,0.0,0.0,0.0,0,0.0,0,0,0,0.0,0,0,0,0.0,0.0,0.0,0.0,0,0.0,0,0,0.0,0,0,0.0,0.0,0,0,0.0,0.0,0.0,0.0,0,0,0.0,0.0,0,0
2005-05,0,0.0,0.0,0,0.0,0,0,0,0,0,0.0,0.0,0.0,0.0,0.0,0.0,0,0,0,0,0,0,0,0.0,0,0,0.0,0.0,0,0,0.0,0.0,0.0,0.0,0.0,0.0,0,0.0,0.0,0,0.0,0.0,0.0,0.0,0,0.0,0.0,0,0,0,0.0,0,0.0,0.0,0.0,0.0,0.0,0,0.0,0.0,0.0,0.0,0.0,0.0,0,0.0,0.0,0.0,0.0,0,0.0,0.0,0.0,0.0,0.0,0,0.0,0,0,0,0.0,0,0,0,0.0,0.0,0.0,0.0,0,0.0,0,0,0.0,0,0,0.0,0.0,0,0,0.0,0.0,0.0,0.0,0,0,0.0,0.0,0,0
2005-06,0,0.0,0.0,0,0.0,0,0,0,0,0,0.0,0.0,0.0,100.0,0.0,0.0,0,0,0,0,0,0,0,0.0,0,0,0.0,0.0,0,0,0.0,0.0,0.0,0.0,0.0,0.0,0,0.0,0.0,0,0.0,0.0,0.0,0.0,0,0.0,0.0,0,0,0,0.0,0,0.0,0.0,0.0,0.0,0.0,0,100.0,0.0,0.0,0.0,0.0,0.0,0,0.0,0.0,0.0,0.0,0,0.0,100.0,0.0,0.0,0.0,0,0.0,0,0,0,0.0,0,0,0,0.0,0.0,0.0,0.0,0,0.0,0,0,0.0,0,0,0.0,0.0,0,0,0.0,0.0,0.0,0.0,0,0,0.0,0.0,0,0
2005-07,0,0.0,0.0,0,0.0,0,0,0,0,0,0.0,0.0,0.0,0.0,0.0,0.0,0,0,0,0,0,0,0,0.0,0,0,0.0,0.0,0,0,0.0,0.0,0.0,0.0,0.0,0.0,0,0.0,0.0,0,0.0,0.0,0.0,0.0,0,0.0,0.0,0,0,0,0.0,0,0.0,0.0,0.0,0.0,0.0,0,0.0,0.0,0.0,0.0,0.0,0.0,0,0.0,0.0,0.0,0.0,0,0.0,0.0,0.0,0.0,0.0,0,0.0,0,0,0,0.0,0,0,0,0.0,0.0,0.0,0.0,0,0.0,0,0,0.0,0,0,0.0,0.0,0,0,0.0,0.0,0.0,0.0,0,0,0.0,0.0,0,0
2005-08,0,0.0,0.0,0,0.0,0,0,0,0,0,0.0,0.0,0.0,0.0,0.0,0.0,0,0,0,0,0,0,0,0.0,0,0,0.0,0.0,0,0,0.0,0.0,0.0,0.0,0.0,0.0,0,0.0,0.0,0,0.0,0.0,0.0,0.0,0,0.0,0.0,0,0,0,0.0,0,0.0,0.0,0.0,0.0,0.0,0,0.0,0.0,0.0,0.0,0.0,0.0,0,0.0,0.0,0.0,0.0,0,0.0,0.0,0.0,0.0,0.0,0,0.0,0,0,0,0.0,0,0,0,0.0,0.0,0.0,0.0,0,0.0,0,0,0.0,0,0,0.0,0.0,0,0,0.0,0.0,0.0,0.0,0,0,0.0,0.0,0,0
2005-09,0,0.0,0.0,0,0.0,0,0,0,0,0,0.0,0.0,0.0,0.0,0.0,0.0,0,0,0,0,0,0,0,0.0,0,0,0.0,0.0,0,0,0.0,0.0,0.0,0.0,0.0,0.0,0,0.0,0.0,0,0.0,0.0,0.0,0.0,0,0.0,0.0,0,0,0,0.0,0,0.0,0.0,0.0,0.0,0.0,0,0.0,0.0,0.0,0.0,0.0,0.0,0,0.0,0.0,0.0,0.0,0,0.0,0.0,0.0,0.0,0.0,0,0.0,0,0,0,0.0,0,0,0,0.0,0.0,0.0,0.0,0,0.0,0,0,0.0,0,0,0.0,0.0,0,0,0.0,0.0,0.0,0.0,0,0,0.0,0.0,0,0
2005-10,0,0.0,0.0,0,0.0,0,0,0,0,0,0.0,0.0,0.0,0.0,0.0,0.0,0,0,0,0,0,0,0,0.0,0,0,0.0,0.0,0,0,0.0,0.0,0.0,0.0,0.0,0.0,0,0.0,0.0,0,0.0,0.0,0.0,0.0,0,0.0,0.0,0,0,0,0.0,0,0.0,0.0,0.0,0.0,0.0,0,0.0,0.0,0.0,0.0,0.0,0.0,0,0.0,0.0,0.0,0.0,0,0.0,0.0,0.0,0.0,0.0,0,0.0,0,0,0,0.0,0,0,0,0.0,0.0,0.0,0.0,0,0.0,0,0,0.0,0,0,0.0,0.0,0,0,0.0,0.0,0.0,0.0,0,0,0.0,0.0,0,0
2005-11,0,0.0,0.0,0,0.0,0,0,0,0,0,0.0,0.0,0.0,0.0,0.0,0.0,0,0,0,0,0,0,0,0.0,0,0,0.0,0.0,0,0,0.0,0.0,0.0,0.0,0.0,0.0,0,0.0,0.0,0,0.0,0.0,0.0,0.0,0,0.0,0.0,0,0,0,0.0,0,0.0,0.0,0.0,0.0,0.0,0,0.0,0.0,0.0,0.0,0.0,0.0,0,0.0,0.0,0.0,0.0,0,0.0,0.0,0.0,0.0,0.0,0,0.0,0,0,0,0.0,0,0,0,0.0,0.0,0.0,0.0,0,0.0,0,0,0.0,0,0,0.0,0.0,0,0,0.0,0.0,0.0,0.0,0,0,0.0,0.0,0,0
2005-12,0,0.0,0.0,0,0.0,0,0,0,0,0,0.0,0.0,0.0,0.0,0.0,0.0,0,0,0,0,0,0,0,0.0,0,0,0.0,0.0,0,0,0.0,0.0,0.0,0.0,0.0,0.0,0,0.0,0.0,0,0.0,0.0,0.0,0.0,0,0.0,0.0,0,0,0,0.0,0,0.0,100.0,0.0,0.0,0.0,0,0.0,0.0,0.0,0.0,0.0,0.0,0,0.0,0.0,0.0,0.0,0,0.0,0.0,0.0,0.0,0.0,0,0.0,0,0,0,0.0,0,0,0,0.0,0.0,0.0,0.0,0,0.0,0,0,0.0,0,0,0.0,0.0,0,0,0.0,0.0,0.0,0.0,0,0,0.0,0.0,0,0
2006-01,0,0.0,0.0,0,0.0,0,0,0,0,0,0.0,0.0,0.0,0.0,0.0,0.0,0,0,0,0,0,0,0,0.0,0,0,0.0,0.0,0,0,0.0,0.0,0.0,0.0,0.0,0.0,0,0.0,0.0,0,0.0,0.0,0.0,0.0,0,0.0,0.0,0,0,0,0.0,0,0.0,0.0,0.0,0.0,0.0,0,0.0,0.0,0.0,0.0,0.0,0.0,0,0.0,0.0,0.0,0.0,0,0.0,0.0,0.0,0.0,0.0,0,0.0,0,0,0,0.0,0,0,0,0.0,0.0,0.0,0.0,0,0.0,0,0,0.0,0,0,0.0,0.0,0,0,0.0,0.0,0.0,0.0,0,0,0.0,0.0,0,0
2006-02,0,0.0,0.0,0,0.0,0,0,0,0,0,0.0,0.0,0.0,0.0,0.0,0.0,0,0,0,0,0,0,0,0.0,0,0,0.0,0.0,0,0,0.0,0.0,0.0,0.0,0.0,0.0,0,0.0,0.0,0,0.0,0.0,0.0,0.0,0,0.0,0.0,0,0,0,0.0,0,0.0,0.0,0.0,0.0,0.0,0,0.0,0.0,0.0,0.0,0.0,0.0,0,0.0,0.0,0.0,0.0,0,0.0,0.0,0.0,0.0,0.0,0,0.0,0,0,0,0.0,0,0,0,0.0,0.0,0.0,0.0,0,0.0,0,0,0.0,0,0,0.0,0.0,0,0,0.0,0.0,0.0,0.0,0,0,0.0,0.0,0,0
2006-03,0,0.0,0.0,0,0.0,0,0,0,0,0,0.0,0.0,0.0,0.0,0.0,0.0,0,0,0,0,0,0,0,0.0,0,0,0.0,0.0,0,0,0.0,0.0,0.0,0.0,0.0,0.0,0,0.0,0.0,0,0.0,0.0,0.0,0.0,0,0.0,0.0,0,0,0,0.0,0,0.0,0.0,0.0,0.0,0.0,0,0.0,0.0,0.0,0.0,0.0,0.0,0,0.0,0.0,0.0,0.0,0,0.0,0.0,0.0,0.0,0.0,0,0.0,0,0,0,0.0,0,0,0,0.0,0.0,0.0,0.0,0,0.0,0,0,0.0,0,0,0.0,0.0,0,0,0.0,0.0,0.0,0.0,0,0,0.0,0.0,0,0
2006-04,0,0.0,0.0,0,0.0,0,0,0,0,0,0.0,0.0,0.0,0.0,0.0,0.0,0,0,0,0,0,0,0,0.0,0,0,0.0,0.0,0,0,0.0,0.0,0.0,0.0,0.0,0.0,0,0.0,0.0,0,0.0,0.0,0.0,0.0,0,0.0,0.0,0,0,0,0.0,0,0.0,0.0,0.0,0.0,0.0,0,0.0,0.0,0.0,0.0,0.0,0.0,0,0.0,0.0,0.0,0.0,0,0.0,0.0,0.0,0.0,0.0,0,0.0,0,0,0,0.0,0,0,0,0.0,0.0,0.0,0.0,0,0.0,0,0,0.0,0,0,0.0,0.0,0,0,0.0,0.0,0.0,0.0,0,0,0.0,0.0,0,0
2006-05,0,0.0,0.0,0,0.0,0,0,0,0,0,0.0,0.0,0.0,0.0,0.0,0.0,0,0,0,0,0,0,0,0.0,0,0,0.0,0.0,0,0,0.0,0.0,0.0,0.0,0.0,0.0,0,0.0,0.0,0,0.0,0.0,0.0,0.0,0,0.0,0.0,0,0,0,0.0,0,0.0,0.0,0.0,0.0,0.0,0,0.0,0.0,0.0,0.0,0.0,0.0,0,0.0,0.0,0.0,0.0,0,0.0,0.0,0.0,0.0,0.0,0,0.0,0,0,0,0.0,0,0,0,0.0,0.0,0.0,0.0,0,0.0,0,0,0.0,0,0,0.0,0.0,0,0,0.0,0.0,0.0,0.0,0,0,0.0,0.0,0,0
2006-06,0,0.0,0.0,0,0.0,0,0,0,0,0,0.0,0.0,0.0,0.0,0.0,0.0,0,0,0,0,0,0,0,0.0,0,0,0.0,0.0,0,0,0.0,0.0,0.0,0.0,0.0,0.0,0,0.0,0.0,0,0.0,0.0,0.0,0.0,0,0.0,0.0,0,0,0,0.0,0,0.0,0.0,0.0,0.0,0.0,0,0.0,0.0,0.0,0.0,0.0,0.0,0,0.0,0.0,0.0,0.0,0,0.0,0.0,0.0,0.0,0.0,0,0.0,0,0,0,0.0,0,0,0,0.0,0.0,0.0,0.0,0,0.0,0,0,0.0,0,0,0.0,0.0,0,0,0.0,0.0,0.0,0.0,0,0,0.0,0.0,0,0
2006-07,0,0.0,0.0,0,0.0,0,0,0,0,0,0.0,0.0,0.0,0.0,0.0,0.0,0,0,0,0,0,0,0,0.0,0,0,0.0,0.0,0,0,0.0,0.0,0.0,0.0,0.0,0.0,0,0.0,0.0,0,0.0,0.0,0.0,0.0,0,0.0,0.0,0,0,0,0.0,0,0.0,0.0,0.0,0.0,0.0,0,0.0,0.0,0.0,0.0,0.0,0.0,0,0.0,0.0,0.0,0.0,0,0.0,0.0,0.0,0.0,0.0,0,0.0,0,0,0,0.0,0,0,0,0.0,0.0,0.0,0.0,0,0.0,0,0,0.0,0,0,0.0,0.0,0,0,0.0,0.0,0.0,0.0,0,0,0.0,0.0,0,0
2006-08,0,0.0,0.0,0,0.0,0,0,0,0,0,0.0,0.0,0.0,0.0,0.0,0.0,0,0,0,0,0,0,0,0.0,0,0,0.0,0.0,0,0,0.0,0.0,0.0,0.0,0.0,0.0,0,0.0,0.0,0,0.0,0.0,0.0,0.0,0,0.0,0.0,0,0,0,0.0,0,0.0,0.0,0.0,0.0,0.0,0,0.0,0.0,0.0,0.0,0.0,0.0,0,0.0,0.0,0.0,0.0,0,0.0,0.0,0.0,0.0,0.0,0,0.0,0,0,0,0.0,0,0,0,0.0,0.0,0.0,0.0,0,0.0,0,0,0.0,0,0,0.0,0.0,0,0,0.0,0.0,0.0,0.0,0,0,0.0,0.0,0,0
2006-09,0,0.0,0.0,0,0.0,0,0,0,0,0,0.0,0.0,0.0,0.0,0.0,0.0,0,0,0,0,0,0,0,0.0,0,0,0.0,0.0,0,0,0.0,0.0,0.0,0.0,0.0,0.0,0,0.0,0.0,0,0.0,0.0,0.0,0.0,0,0.0,0.0,0,0,0,0.0,0,0.0,0.0,0.0,0.0,0.0,0,0.0,0.0,0.0,0.0,0.0,0.0,0,0.0,0.0,0.0,0.0,0,0.0,0.0,0.0,0.0,0.0,0,0.0,0,0,0,0.0,0,0,0,0.0,0.0,0.0,0.0,0,0.0,0,0,0.0,0,0,0.0,0.0,0,0,0.0,0.0,0.0,0.0,0,0,0.0,0.0,0,0
2006-10,0,0.0,0.0,0,0.0,0,0,0,0,0,0.0,0.0,0.0,0.0,0.0,0.0,0,0,0,0,0,0,0,0.0,0,0,0.0,0.0,0,0,0.0,0.0,0.0,0.0,0.0,0.0,0,0.0,0.0,0,0.0,0.0,0.0,0.0,0,0.0,0.0,0,0,0,0.0,0,0.0,0.0,0.0,0.0,0.0,0,0.0,0.0,0.0,0.0,0.0,0.0,0,0.0,0.0,0.0,0.0,0,0.0,0.0,0.0,0.0,0.0,0,0.0,0,0,0,0.0,0,0,0,0.0,0.0,0.0,0.0,0,0.0,0,0,0.0,0,0,0.0,0.0,0,0,0.0,0.0,0.0,0.0,0,0,0.0,0.0,0,0
2006-11,0,0.0,0.0,0,0.0,0,0,0,0,0,0.0,0.0,0.0,0.0,0.0,0.0,0,0,0,0,0,0,0,0.0,0,0,0.0,0.0,0,0,0.0,0.0,0.0,0.0,0.0,0.0,0,0.0,0.0,0,0.0,0.0,0.0,0.0,0,0.0,0.0,0,0,0,0.0,0,0.0,0.0,0.0,0.0,0.0,0,0.0,0.0,0.0,0.0,0.0,0.0,0,0.0,0.0,0.0,0.0,0,0.0,0.0,0.0,0.0,0.0,0,0.0,0,0,0,0.0,0,0,0,0.0,0.0,0.0,0.0,0,0.0,0,0,0.0,0,0,0.0,0.0,0,0,0.0,0.0,0.0,0.0,0,0,0.0,0.0,0,0
2006-12,0,0.0,0.0,0,0.0,0,0,0,0,0,0.0,0.0,0.0,0.0,0.0,0.0,0,0,0,0,0,0,0,0.0,0,0,0.0,0.0,0,0,0.0,0.0,0.0,0.0,0.0,0.0,0,0.0,0.0,0,0.0,0.0,0.0,0.0,0,0.0,0.0,0,0,0,0.0,0,0.0,0.0,0.0,0.0,0.0,0,0.0,0.0,0.0,0.0,0.0,0.0,0,0.0,0.0,0.0,0.0,0,0.0,0.0,0.0,0.0,0.0,0,0.0,0,0,0,0.0,0,0,0,0.0,0.0,0.0,0.0,0,0.0,0,0,0.0,0,0,0.0,0.0,0,0,0.0,0.0,0.0,0.0,0,0,0.0,0.0,0,0
2007-01,0,0.0,0.0,0,0.0,0,0,0,0,0,0.0,0.0,0.0,0.0,0.0,0.0,0,0,0,0,0,0,0,0.0,0,0,0.0,0.0,0,0,0.0,0.0,0.0,0.0,0.0,0.0,0,0.0,0.0,0,0.0,0.0,0.0,0.0,0,0.0,0.0,0,0,0,0.0,0,0.0,0.0,0.0,0.0,0.0,0,0.0,0.0,0.0,0.0,0.0,0.0,0,0.0,0.0,0.0,0.0,0,0.0,0.0,0.0,0.0,0.0,0,0.0,0,0,0,0.0,0,0,0,0.0,0.0,0.0,0.0,0,0.0,0,0,0.0,0,0,0.0,0.0,0,0,0.0,0.0,0.0,0.0,0,0,0.0,0.0,0,0
2007-02,0,0.0,0.0,0,0.0,0,0,0,0,0,0.0,0.0,0.0,0.0,0.0,0.0,0,0,0,0,0,0,0,0.0,0,0,0.0,0.0,0,0,0.0,0.0,0.0,0.0,0.0,0.0,0,0.0,0.0,0,0.0,0.0,0.0,0.0,0,0.0,0.0,0,0,0,0.0,0,0.0,0.0,0.0,0.0,0.0,0,0.0,0.0,0.0,0.0,0.0,0.0,0,0.0,0.0,0.0,0.0,0,0.0,0.0,0.0,0.0,0.0,0,0.0,0,0,0,0.0,0,0,0,0.0,0.0,0.0,0.0,0,0.0,0,0,0.0,0,0,0.0,0.0,0,0,0.0,0.0,0.0,0.0,0,0,0.0,0.0,0,0
2007-03,0,0.0,0.0,0,0.0,0,0,0,0,0,0.0,0.0,0.0,0.0,0.0,0.0,0,0,0,0,0,0,0,0.0,0,0,0.0,0.0,0,0,0.0,0.0,0.0,0.0,0.0,0.0,0,0.0,0.0,0,0.0,0.0,0.0,0.0,0,0.0,0.0,0,0,0,0.0,0,0.0,0.0,0.0,0.0,0.0,0,0.0,0.0,0.0,0.0,0.0,0.0,0,0.0,0.0,0.0,0.0,0,0.0,0.0,0.0,0.0,0.0,0,0.0,0,0,0,0.0,0,0,0,0.0,0.0,0.0,0.0,0,0.0,0,0,0.0,0,0,0.0,0.0,0,0,0.0,0.0,0.0,0.0,0,0,0.0,0.0,0,0
2007-04,0,0.0,0.0,0,0.0,0,0,0,0,0,0.0,0.0,0.0,0.0,0.0,0.0,0,0,0,0,0,0,0,0.0,0,0,0.0,0.0,0,0,0.0,0.0,0.0,0.0,0.0,0.0,0,0.0,0.0,0,0.0,0.0,0.0,0.0,0,0.0,0.0,0,0,0,0.0,0,0.0,0.0,0.0,0.0,0.0,0,0.0,0.0,0.0,0.0,0.0,0.0,0,0.0,0.0,0.0,0.0,0,0.0,0.0,0.0,0.0,0.0,0,0.0,0,0,0,0.0,0,0,0,0.0,0.0,0.0,0.0,0,0.0,0,0,0.0,0,0,0.0,0.0,0,0,0.0,0.0,0.0,0.0,0,0,0.0,0.0,0,0
2007-05,0,0.0,0.0,0,0.0,0,0,0,0,0,0.0,0.0,0.0,0.0,0.0,0.0,0,0,0,0,0,0,0,0.0,0,0,0.0,0.0,0,0,0.0,0.0,0.0,0.0,0.0,0.0,0,0.0,0.0,0,0.0,0.0,0.0,0.0,0,0.0,0.0,0,0,0,0.0,0,0.0,0.0,0.0,0.0,0.0,0,0.0,0.0,0.0,0.0,0.0,0.0,0,0.0,0.0,0.0,0.0,0,0.0,0.0,0.0,0.0,0.0,0,0.0,0,0,0,0.0,0,0,0,0.0,0.0,0.0,0.0,0,0.0,0,0,0.0,0,0,0.0,0.0,0,0,0.0,0.0,0.0,0.0,0,0,0.0,0.0,0,0
2007-06,0,0.0,0.0,0,0.0,0,0,0,0,0,0.0,0.0,0.0,0.0,0.0,0.0,0,0,0,0,0,0,0,0.0,0,0,0.0,0.0,0,0,0.0,0.0,0.0,0.0,0.0,0.0,0,0.0,0.0,0,0.0,0.0,0.0,0.0,0,0.0,0.0,0,0,0,0.0,0,0.0,0.0,0.0,0.0,0.0,0,0.0,0.0,0.0,0.0,0.0,0.0,0,0.0,0.0,0.0,0.0,0,0.0,0.0,0.0,0.0,0.0,0,0.0,0,0,0,0.0,0,0,0,0.0,0.0,0.0,0.0,0,0.0,0,0,0.0,0,0,0.0,0.0,0,0,0.0,0.0,0.0,0.0,0,0,0.0,0.0,0,0
2007-07,0,0.0,0.0,0,0.0,0,0,0,0,0,0.0,0.0,0.0,0.0,0.0,0.0,0,0,0,0,0,0,0,0.0,0,0,0.0,0.0,0,0,0.0,0.0,0.0,0.0,0.0,0.0,0,0.0,0.0,0,0.0,0.0,0.0,0.0,0,0.0,0.0,0,0,0,0.0,0,0.0,0.0,0.0,0.0,0.0,0,0.0,0.0,0.0,0.0,0.0,0.0,0,0.0,0.0,0.0,0.0,0,0.0,0.0,0.0,0.0,0.0,0,0.0,0,0,0,0.0,0,0,0,0.0,0.0,0.0,0.0,0,0.0,0,0,0.0,0,0,0.0,0.0,0,0,0.0,0.0,0.0,0.0,0,0,0.0,0.0,0,0
2007-08,0,0.0,0.0,0,0.0,0,0,0,0,0,0.0,0.0,0.0,0.0,0.0,0.0,0,0,0,0,0,0,0,0.0,0,0,0.0,0.0,0,0,0.0,0.0,0.0,0.0,0.0,0.0,0,0.0,0.0,0,0.0,0.0,0.0,0.0,0,0.0,0.0,0,0,0,0.0,0,0.0,0.0,0.0,0.0,0.0,0,0.0,0.0,0.0,0.0,0.0,0.0,0,0.0,0.0,0.0,0.0,0,0.0,0.0,0.0,0.0,0.0,0,0.0,0,0,0,0.0,0,0,0,0.0,0.0,0.0,0.0,0,0.0,0,0,0.0,0,0,0.0,0.0,0,0,0.0,0.0,0.0,0.0,0,0,0.0,0.0,0,0
2007-09,0,0.0,0.0,0,0.0,0,0,0,0,0,0.0,0.0,0.0,0.0,0.0,0.0,0,0,0,0,0,0,0,0.0,0,0,0.0,0.0,0,0,0.0,0.0,0.0,0.0,0.0,0.0,0,0.0,0.0,0,0.0,0.0,0.0,0.0,0,0.0,0.0,0,0,0,0.0,0,0.0,0.0,0.0,0.0,0.0,0,0.0,0.0,0.0,0.0,0.0,0.0,0,0.0,0.0,0.0,0.0,0,0.0,0.0,0.0,0.0,0.0,0,0.0,0,0,0,0.0,0,0,0,0.0,0.0,0.0,0.0,0,0.0,0,0,0.0,0,0,0.0,0.0,0,0,0.0,0.0,0.0,0.0,0,0,0.0,0.0,0,0
2007-10,0,0.0,0.0,0,0.0,0,0,0,0,0,0.0,0.0,0.0,0.0,0.0,0.0,0,0,0,0,0,0,0,0.0,0,0,0.0,0.0,0,0,0.0,0.0,0.0,0.0,0.0,0.0,0,0.0,0.0,0,0.0,0.0,0.0,0.0,0,0.0,0.0,0,0,0,0.0,0,0.0,0.0,0.0,0.0,0.0,0,0.0,0.0,0.0,0.0,0.0,0.0,0,0.0,0.0,0.0,0.0,0,0.0,0.0,0.0,0.0,0.0,0,0.0,0,0,0,0.0,0,0,0,0.0,0.0,0.0,0.0,0,0.0,0,0,0.0,0,0,0.0,0.0,0,0,0.0,0.0,0.0,0.0,0,0,0.0,0.0,0,0
2007-11,0,0.0,0.0,0,0.0,0,0,0,0,0,0.0,0.0,0.0,0.0,0.0,0.0,0,0,0,0,0,0,0,0.0,0,0,0.0,0.0,0,0,0.0,0.0,0.0,0.0,0.0,0.0,0,0.0,0.0,0,0.0,0.0,0.0,0.0,0,0.0,0.0,0,0,0,0.0,0,0.0,0.0,0.0,0.0,0.0,0,0.0,0.0,0.0,0.0,0.0,0.0,0,0.0,0.0,0.0,0.0,0,0.0,0.0,0.0,0.0,0.0,0,0.0,0,0,0,0.0,0,0,0,0.0,0.0,0.0,0.0,0,0.0,0,0,0.0,0,0,0.0,0.0,0,0,0.0,0.0,0.0,0.0,0,0,0.0,0.0,0,0
2007-12,0,0.0,0.0,0,0.0,0,0,0,0,0,0.0,0.0,0.0,0.0,0.0,0.0,0,0,0,0,0,0,0,0.0,0,0,0.0,0.0,0,0,0.0,0.0,0.0,0.0,0.0,0.0,0,0.0,0.0,0,0.0,0.0,0.0,0.0,0,0.0,0.0,0,0,0,0.0,0,0.0,0.0,0.0,0.0,0.0,0,0.0,0.0,0.0,0.0,0.0,0.0,0,0.0,0.0,0.0,0.0,0,0.0,0.0,0.0,0.0,0.0,0,0.0,0,0,0,0.0,0,0,0,0.0,0.0,0.0,0.0,0,0.0,0,0,0.0,0,0,0.0,0.0,0,0,0.0,0.0,0.0,0.0,0,0,0.0,0.0,0,0
2008-01,0,0.0,0.0,0,0.0,0,0,0,0,0,0.0,0.0,0.0,0.0,0.0,0.0,0,0,0,0,0,0,0,0.0,0,0,0.0,0.0,0,0,0.0,0.0,0.0,0.0,0.0,0.0,0,0.0,0.0,0,0.0,0.0,0.0,0.0,0,0.0,0.0,0,0,0,0.0,0,0.0,0.0,0.0,0.0,0.0,0,0.0,0.0,0.0,0.0,0.0,0.0,0,0.0,0.0,0.0,0.0,0,0.0,0.0,0.0,0.0,0.0,0,0.0,0,0,0,0.0,0,0,0,0.0,0.0,0.0,0.0,0,0.0,0,0,0.0,0,0,0.0,0.0,0,0,0.0,0.0,0.0,0.0,0,0,0.0,0.0,0,0
2008-02,0,0.0,0.0,0,0.0,0,0,0,0,0,0.0,0.0,0.0,0.0,0.0,0.0,0,0,0,0,0,0,0,0.0,0,0,0.0,0.0,0,0,0.0,0.0,0.0,0.0,0.0,0.0,0,0.0,0.0,0,0.0,0.0,0.0,0.0,0,0.0,0.0,0,0,0,0.0,0,0.0,0.0,0.0,0.0,0.0,0,0.0,0.0,0.0,0.0,0.0,0.0,0,0.0,0.0,0.0,0.0,0,0.0,0.0,0.0,0.0,0.0,0,0.0,0,0,0,0.0,0,0,0,0.0,0.0,0.0,0.0,0,0.0,0,0,0.0,0,0,0.0,0.0,0,0,0.0,0.0,0.0,0.0,0,0,0.0,0.0,0,0
2008-03,0,0.0,0.0,0,0.0,0,0,0,0,0,0.0,0.0,0.0,0.0,0.0,0.0,0,0,0,0,0,0,0,0.0,0,0,0.0,0.0,0,0,0.0,0.0,0.0,0.0,0.0,0.0,0,0.0,0.0,0,0.0,0.0,0.0,0.0,0,0.0,0.0,0,0,0,0.0,0,0.0,0.0,0.0,0.0,0.0,0,0.0,0.0,0.0,0.0,0.0,0.0,0,0.0,0.0,0.0,0.0,0,0.0,0.0,0.0,0.0,0.0,0,0.0,0,0,0,0.0,0,0,0,0.0,0.0,0.0,0.0,0,0.0,0,0,0.0,0,0,0.0,0.0,0,0,0.0,0.0,0.0,0.0,0,0,0.0,0.0,0,0
2008-04,0,0.0,0.0,0,0.0,0,0,0,0,0,0.0,0.0,0.0,0.0,0.0,0.0,0,0,0,0,0,0,0,0.0,0,0,0.0,0.0,0,0,0.0,0.0,0.0,0.0,0.0,0.0,0,0.0,0.0,0,0.0,0.0,0.0,0.0,0,0.0,0.0,0,0,0,0.0,0,0.0,0.0,0.0,0.0,0.0,0,0.0,0.0,0.0,0.0,0.0,0.0,0,0.0,0.0,0.0,0.0,0,0.0,0.0,0.0,0.0,0.0,0,0.0,0,0,0,0.0,0,0,0,0.0,0.0,0.0,0.0,0,0.0,0,0,0.0,0,0,0.0,0.0,0,0,0.0,0.0,0.0,0.0,0,0,0.0,0.0,0,0
2008-05,0,0.0,0.0,0,0.0,0,0,0,0,0,0.0,0.0,0.0,0.0,0.0,0.0,0,0,0,0,0,0,0,0.0,0,0,0.0,0.0,0,0,0.0,0.0,0.0,0.0,0.0,0.0,0,0.0,0.0,0,0.0,0.0,0.0,0.0,0,0.0,0.0,0,0,0,0.0,0,0.0,0.0,0.0,0.0,0.0,0,0.0,0.0,0.0,0.0,0.0,0.0,0,0.0,0.0,0.0,0.0,0,0.0,0.0,0.0,0.0,0.0,0,0.0,0,0,0,0.0,0,0,0,0.0,0.0,0.0,0.0,0,0.0,0,0,0.0,0,0,0.0,0.0,0,0,0.0,0.0,0.0,0.0,0,0,0.0,0.0,0,0
2008-06,0,0.0,0.0,0,0.0,0,0,0,0,0,0.0,0.0,0.0,0.0,0.0,0.0,0,0,0,0,0,0,0,0.0,0,0,0.0,0.0,0,0,0.0,0.0,0.0,0.0,0.0,0.0,0,0.0,0.0,0,0.0,0.0,0.0,0.0,0,0.0,0.0,0,0,0,0.0,0,0.0,0.0,0.0,0.0,0.0,0,0.0,0.0,0.0,0.0,0.0,0.0,0,0.0,0.0,0.0,0.0,0,0.0,0.0,0.0,0.0,0.0,0,0.0,0,0,0,0.0,0,0,0,0.0,0.0,0.0,0.0,0,0.0,0,0,0.0,0,0,0.0,0.0,0,0,0.0,0.0,0.0,0.0,0,0,0.0,0.0,0,0
2008-07,0,0.0,0.0,0,0.0,0,0,0,0,0,0.0,0.0,0.0,0.0,0.0,0.0,0,0,0,0,0,0,0,0.0,0,0,0.0,0.0,0,0,0.0,0.0,0.0,0.0,0.0,0.0,0,0.0,0.0,0,0.0,0.0,0.0,0.0,0,0.0,0.0,0,0,0,0.0,0,0.0,0.0,0.0,0.0,0.0,0,0.0,0.0,0.0,0.0,0.0,0.0,0,0.0,0.0,0.0,0.0,0,0.0,0.0,0.0,0.0,0.0,0,0.0,0,0,0,0.0,0,0,0,0.0,0.0,0.0,0.0,0,0.0,0,0,0.0,0,0,0.0,0.0,0,0,0.0,0.0,0.0,0.0,0,0,0.0,0.0,0,0
2008-08,0,0.0,0.0,0,0.0,0,0,0,0,0,0.0,0.0,0.0,0.0,0.0,0.0,0,0,0,0,0,0,0,0.0,0,0,0.0,0.0,0,0,0.0,0.0,0.0,0.0,0.0,0.0,0,0.0,0.0,0,0.0,0.0,0.0,0.0,0,0.0,0.0,0,0,0,0.0,0,0.0,0.0,0.0,0.0,0.0,0,0.0,0.0,0.0,0.0,0.0,0.0,0,0.0,0.0,0.0,0.0,0,0.0,0.0,0.0,0.0,0.0,0,0.0,0,0,0,0.0,0,0,0,0.0,0.0,0.0,0.0,0,0.0,0,0,0.0,0,0,0.0,0.0,0,0,0.0,0.0,0.0,0.0,0,0,0.0,0.0,0,0
2008-09,0,0.0,0.0,0,0.0,0,0,0,0,0,0.0,0.0,0.0,0.0,0.0,0.0,0,0,0,0,0,0,0,0.0,0,0,0.0,0.0,0,0,0.0,0.0,0.0,0.0,0.0,0.0,0,0.0,0.0,0,0.0,0.0,0.0,0.0,0,0.0,0.0,0,0,0,0.0,0,0.0,0.0,0.0,0.0,0.0,0,0.0,0.0,0.0,0.0,0.0,0.0,0,0.0,0.0,0.0,0.0,0,0.0,0.0,0.0,0.0,0.0,0,0.0,0,0,0,0.0,0,0,0,0.0,0.0,0.0,0.0,0,0.0,0,0,0.0,0,0,0.0,0.0,0,0,0.0,0.0,0.0,0.0,0,0,0.0,0.0,0,0
2008-10,0,0.0,0.0,0,0.0,0,0,0,0,0,0.0,0.0,0.0,0.0,0.0,0.0,0,0,0,0,0,0,0,0.0,0,0,0.0,0.0,0,0,0.0,0.0,0.0,0.0,0.0,0.0,0,0.0,0.0,0,0.0,0.0,0.0,0.0,0,0.0,0.0,0,0,0,0.0,0,0.0,0.0,0.0,0.0,0.0,0,0.0,0.0,0.0,0.0,0.0,0.0,0,0.0,0.0,0.0,0.0,0,0.0,0.0,0.0,0.0,0.0,0,0.0,0,0,0,0.0,0,0,0,0.0,0.0,0.0,0.0,0,0.0,0,0,0.0,0,0,0.0,0.0,0,0,0.0,0.0,0.0,0.0,0,0,0.0,0.0,0,0
2008-11,0,0.0,0.0,0,0.0,0,0,0,0,0,0.0,0.0,0.0,0.0,0.0,0.0,0,0,0,0,0,0,0,0.0,0,0,0.0,0.0,0,0,0.0,0.0,0.0,0.0,0.0,0.0,0,0.0,0.0,0,0.0,0.0,0.0,0.0,0,0.0,0.0,0,0,0,0.0,0,0.0,0.0,0.0,0.0,0.0,0,0.0,0.0,0.0,0.0,0.0,0.0,0,0.0,0.0,0.0,0.0,0,0.0,0.0,0.0,0.0,0.0,0,0.0,0,0,0,0.0,0,0,0,0.0,0.0,0.0,0.0,0,0.0,0,0,0.0,0,0,0.0,0.0,0,0,0.0,0.0,0.0,0.0,0,0,0.0,0.0,0,0
2008-12,0,0.0,0.0,0,0.0,0,0,0,0,0,0.0,0.0,0.0,0.0,0.0,0.0,0,0,0,0,0,0,0,0.0,0,0,0.0,0.0,0,0,0.0,0.0,0.0,0.0,0.0,0.0,0,0.0,0.0,0,0.0,0.0,0.0,0.0,0,0.0,0.0,0,0,0,0.0,0,0.0,0.0,0.0,0.0,0.0,0,0.0,0.0,0.0,0.0,0.0,0.0,0,0.0,0.0,0.0,0.0,0,0.0,0.0,0.0,0.0,0.0,0,0.0,0,0,0,0.0,0,0,0,0.0,0.0,0.0,0.0,0,0.0,0,0,0.0,0,0,0.0,0.0,0,0,0.0,0.0,0.0,0.0,0,0,0.0,0.0,0,0
2009-01,0,0.0,0.0,0,0.0,0,0,0,0,0,0.0,0.0,0.0,0.0,0.0,0.0,0,0,0,0,0,0,0,0.0,0,0,0.0,0.0,0,0,0.0,0.0,0.0,0.0,0.0,0.0,0,0.0,0.0,0,0.0,0.0,0.0,0.0,0,0.0,0.0,0,0,0,0.0,0,0.0,0.0,0.0,0.0,0.0,0,0.0,0.0,0.0,0.0,0.0,0.0,0,0.0,0.0,0.0,0.0,0,0.0,0.0,0.0,0.0,0.0,0,0.0,0,0,0,0.0,0,0,0,0.0,0.0,0.0,0.0,0,0.0,0,0,0.0,0,0,0.0,0.0,0,0,0.0,0.0,0.0,0.0,0,0,0.0,0.0,0,0
2009-02,0,0.0,0.0,0,0.0,0,0,0,0,0,0.0,0.0,0.0,0.0,0.0,0.0,0,0,0,0,0,0,0,0.0,0,0,0.0,0.0,0,0,0.0,0.0,0.0,0.0,0.0,0.0,0,0.0,0.0,0,0.0,0.0,0.0,0.0,0,0.0,0.0,0,0,0,0.0,0,0.0,0.0,0.0,0.0,0.0,0,0.0,0.0,0.0,0.0,0.0,0.0,0,0.0,0.0,0.0,0.0,0,0.0,0.0,0.0,0.0,0.0,0,0.0,0,0,0,0.0,0,0,0,0.0,0.0,0.0,0.0,0,0.0,0,0,0.0,0,0,0.0,0.0,0,0,0.0,0.0,0.0,0.0,0,0,0.0,0.0,0,0
2009-03,0,0.0,0.0,0,0.0,0,0,0,0,0,0.0,0.0,0.0,0.0,0.0,0.0,0,0,0,0,0,0,0,0.0,0,0,0.0,0.0,0,0,0.0,0.0,0.0,0.0,0.0,0.0,0,0.0,0.0,0,0.0,0.0,0.0,0.0,0,0.0,0.0,0,0,0,0.0,0,0.0,0.0,0.0,0.0,0.0,0,0.0,0.0,0.0,0.0,0.0,0.0,0,0.0,100.0,0.0,0.0,0,0.0,0.0,0.0,0.0,0.0,0,0.0,0,0,0,0.0,0,0,0,0.0,0.0,0.0,0.0,0,0.0,0,0,0.0,0,0,0.0,0.0,0,0,0.0,0.0,0.0,0.0,0,0,0.0,0.0,0,0
2009-04,0,0.0,0.0,0,0.0,0,0,0,0,0,0.0,0.0,0.0,0.0,0.0,0.0,0,0,0,0,0,0,0,0.0,0,0,0.0,0.0,0,0,0.0,0.0,0.0,0.0,0.0,0.0,0,0.0,0.0,0,0.0,0.0,0.0,0.0,0,0.0,0.0,0,0,0,0.0,0,0.0,0.0,0.0,0.0,0.0,0,0.0,0.0,0.0,0.0,0.0,0.0,0,0.0,0.0,0.0,0.0,0,0.0,0.0,0.0,0.0,0.0,0,0.0,0,0,0,0.0,0,0,0,0.0,0.0,0.0,0.0,0,0.0,0,0,0.0,0,0,0.0,0.0,0,0,0.0,0.0,0.0,0.0,0,0,0.0,0.0,0,0
2009-05,0,0.0,0.0,0,0.0,0,0,0,0,0,0.0,0.0,0.0,0.0,0.0,0.0,0,0,0,0,0,0,0,0.0,0,0,0.0,0.0,0,0,0.0,0.0,0.0,0.0,0.0,0.0,0,0.0,0.0,0,0.0,0.0,0.0,0.0,0,0.0,0.0,0,0,0,0.0,0,0.0,0.0,0.0,0.0,0.0,0,0.0,0.0,0.0,0.0,0.0,0.0,0,0.0,0.0,0.0,0.0,0,0.0,0.0,0.0,0.0,0.0,0,0.0,0,0,0,0.0,0,0,0,0.0,0.0,0.0,0.0,0,0.0,0,0,0.0,0,0,0.0,0.0,0,0,0.0,0.0,0.0,0.0,0,0,0.0,0.0,0,0
2009-06,0,0.0,0.0,0,0.0,0,0,0,0,0,0.0,0.0,0.0,0.0,0.0,0.0,0,0,0,0,0,0,0,0.0,0,0,0.0,0.0,0,0,0.0,0.0,0.0,0.0,0.0,0.0,0,0.0,0.0,0,0.0,0.0,0.0,0.0,0,0.0,0.0,0,0,0,0.0,0,0.0,0.0,0.0,0.0,0.0,0,0.0,0.0,0.0,0.0,0.0,0.0,0,0.0,0.0,0.0,0.0,0,0.0,0.0,0.0,0.0,0.0,0,0.0,0,0,0,0.0,0,0,0,0.0,0.0,0.0,0.0,0,0.0,0,0,0.0,0,0,0.0,0.0,0,0,0.0,0.0,0.0,0.0,0,0,0.0,0.0,0,0
2009-07,0,66.0,0.0,0,0.0,0,0,0,0,0,18.0,0.0,0.0,0.0,0.0,0.0,0,0,0,0,0,0,0,0.0,0,0,0.0,0.0,0,0,0.0,0.0,0.0,0.0,0.0,0.0,0,0.0,0.0,0,0.0,0.0,0.0,0.0,0,0.0,0.0,0,0,0,0.0,0,0.0,0.0,0.0,15.0,0.0,0,0.0,0.0,0.0,0.0,0.0,0.0,0,0.0,0.0,0.0,0.0,0,0.0,0.0,0.0,0.0,0.0,0,0.0,0,0,0,0.0,0,0,0,0.0,0.0,0.0,0.0,0,0.0,0,0,0.0,0,0,0.0,0.0,0,0,0.0,0.0,0.0,0.0,0,0,0.0,0.0,0,0
2009-08,0,0.0,0.0,0,0.0,0,0,0,0,0,0.0,0.0,0.0,0.0,0.0,0.0,0,0,0,0,0,0,0,0.0,0,0,0.0,0.0,0,0,0.0,0.0,0.0,0.0,0.0,0.0,0,0.0,0.0,0,0.0,0.0,0.0,0.0,0,0.0,0.0,0,0,0,0.0,0,0.0,0.0,0.0,0.0,0.0,0,0.0,0.0,0.0,0.0,0.0,0.0,0,0.0,0.0,0.0,0.0,0,0.0,0.0,0.0,0.0,0.0,0,0.0,0,0,0,0.0,0,0,0,0.0,0.0,0.0,0.0,0,0.0,0,0,0.0,0,0,0.0,0.0,0,0,0.0,0.0,0.0,0.0,0,0,0.0,0.0,0,0
2009-09,0,0.0,100.0,0,0.0,0,0,0,0,0,0.0,0.0,0.0,0.0,0.0,0.0,0,0,0,0,0,0,0,0.0,0,0,0.0,0.0,0,0,0.0,0.0,0.0,0.0,0.0,0.0,0,0.0,0.0,0,0.0,0.0,0.0,0.0,0,0.0,0.0,0,0,0,0.0,0,0.0,0.0,0.0,0.0,23.0,0,0.0,0.0,0.0,0.0,0.0,0.0,0,0.0,0.0,0.0,0.0,0,0.0,0.0,0.0,0.0,0.0,0,0.0,0,0,0,0.0,0,0,0,0.0,0.0,0.0,0.0,0,0.0,0,0,0.0,0,0,0.0,0.0,0,0,0.0,0.0,0.0,0.0,0,0,0.0,0.0,0,0
2009-10,0,0.0,0.0,0,0.0,0,0,0,0,0,0.0,0.0,0.0,0.0,0.0,0.0,0,0,0,0,0,0,0,0.0,0,0,0.0,0.0,0,0,0.0,0.0,0.0,0.0,0.0,0.0,0,0.0,0.0,0,0.0,0.0,0.0,0.0,0,0.0,0.0,0,0,0,0.0,0,0.0,0.0,0.0,0.0,0.0,0,0.0,0.0,0.0,0.0,0.0,0.0,0,0.0,0.0,0.0,0.0,0,0.0,0.0,0.0,0.0,0.0,0,0.0,0,0,0,0.0,0,0,0,0.0,0.0,0.0,0.0,0,0.0,0,0,0.0,0,0,0.0,0.0,0,0,0.0,0.0,0.0,0.0,0,0,0.0,0.0,0,0
2009-11,0,0.0,0.0,0,0.0,0,0,0,0,0,0.0,0.0,0.0,0.0,0.0,0.0,0,0,0,0,0,0,0,0.0,0,0,0.0,0.0,0,0,0.0,0.0,0.0,0.0,0.0,0.0,0,0.0,0.0,0,0.0,0.0,0.0,0.0,0,0.0,0.0,0,0,0,0.0,0,0.0,0.0,0.0,0.0,0.0,0,0.0,0.0,0.0,0.0,0.0,0.0,0,0.0,0.0,0.0,0.0,0,0.0,0.0,0.0,0.0,0.0,0,0.0,0,0,0,0.0,0,0,0,0.0,0.0,0.0,0.0,0,0.0,0,0,0.0,0,0,0.0,0.0,0,0,0.0,0.0,0.0,0.0,0,0,0.0,0.0,0,0
2009-12,0,0.0,0.0,0,0.0,0,0,0,0,0,0.0,0.0,0.0,0.0,0.0,0.0,0,0,0,0,0,0,0,0.0,0,0,0.0,0.0,0,0,0.0,0.0,0.0,0.0,0.0,0.0,0,0.0,0.0,0,0.0,0.0,0.0,0.0,0,0.0,0.0,0,0,0,0.0,0,0.0,0.0,0.0,0.0,0.0,0,0.0,0.0,0.0,0.0,0.0,0.0,0,0.0,0.0,0.0,0.0,0,0.0,0.0,0.0,0.0,0.0,0,0.0,0,0,0,0.0,0,0,0,0.0,0.0,0.0,0.0,0,0.0,0,0,0.0,0,0,0.0,0.0,0,0,0.0,0.0,0.0,0.0,0,0,0.0,0.0,0,0
2010-01,0,0.0,0.0,0,0.0,0,0,0,0,0,0.0,0.0,0.0,0.0,0.0,0.0,0,0,0,0,0,0,0,0.0,0,0,0.0,0.0,0,0,0.0,0.0,0.0,0.0,0.0,0.0,0,0.0,0.0,0,0.0,0.0,0.0,0.0,0,0.0,0.0,0,0,0,0.0,0,0.0,0.0,0.0,0.0,0.0,0,0.0,0.0,0.0,0.0,0.0,0.0,0,0.0,0.0,0.0,0.0,0,0.0,0.0,0.0,0.0,0.0,0,0.0,0,0,0,0.0,0,0,0,0.0,0.0,0.0,0.0,0,0.0,0,0,0.0,0,0,0.0,0.0,0,0,0.0,0.0,0.0,0.0,0,0,0.0,0.0,0,0
2010-02,0,0.0,0.0,0,0.0,0,0,0,0,0,0.0,0.0,0.0,0.0,0.0,0.0,0,0,0,0,0,0,0,0.0,0,0,0.0,0.0,0,0,0.0,0.0,0.0,0.0,0.0,0.0,0,0.0,0.0,0,0.0,0.0,0.0,0.0,0,0.0,0.0,0,0,0,0.0,0,0.0,0.0,0.0,0.0,0.0,0,0.0,0.0,0.0,0.0,0.0,0.0,0,0.0,0.0,0.0,0.0,0,0.0,0.0,0.0,0.0,0.0,0,0.0,0,0,0,0.0,0,0,0,0.0,0.0,0.0,0.0,0,0.0,0,0,0.0,0,0,0.0,0.0,0,0,0.0,0.0,0.0,0.0,0,0,0.0,0.0,0,0
2010-03,0,0.0,0.0,0,0.0,0,0,0,0,0,0.0,0.0,0.0,0.0,0.0,0.0,0,0,0,0,0,0,0,0.0,0,0,0.0,0.0,0,0,0.0,0.0,0.0,0.0,0.0,0.0,0,0.0,0.0,0,0.0,0.0,0.0,0.0,0,0.0,0.0,0,0,0,0.0,0,0.0,0.0,0.0,0.0,0.0,0,0.0,0.0,0.0,0.0,0.0,0.0,0,0.0,0.0,0.0,0.0,0,0.0,0.0,0.0,0.0,0.0,0,0.0,0,0,0,0.0,0,0,0,0.0,0.0,0.0,0.0,0,0.0,0,0,0.0,0,0,0.0,0.0,0,0,0.0,0.0,0.0,0.0,0,0,0.0,0.0,0,0
2010-04,0,0.0,0.0,0,0.0,0,0,0,0,0,0.0,0.0,0.0,0.0,0.0,0.0,0,0,0,0,0,0,0,0.0,0,0,0.0,0.0,0,0,0.0,0.0,0.0,0.0,0.0,0.0,0,0.0,0.0,0,0.0,0.0,0.0,0.0,0,0.0,0.0,0,0,0,0.0,0,0.0,0.0,0.0,0.0,0.0,0,0.0,0.0,0.0,0.0,0.0,0.0,0,0.0,0.0,0.0,0.0,0,0.0,0.0,0.0,0.0,0.0,0,0.0,0,0,0,0.0,0,0,0,0.0,0.0,0.0,0.0,0,0.0,0,0,0.0,0,0,0.0,0.0,0,0,0.0,0.0,0.0,0.0,0,0,0.0,0.0,0,0
2010-05,0,0.0,0.0,0,0.0,0,0,0,0,0,0.0,0.0,0.0,0.0,0.0,0.0,0,0,0,0,0,0,0,0.0,0,0,0.0,0.0,0,0,0.0,0.0,0.0,0.0,0.0,0.0,0,0.0,0.0,0,0.0,0.0,0.0,0.0,0,0.0,0.0,0,0,0,0.0,0,0.0,0.0,0.0,0.0,0.0,0,0.0,0.0,0.0,0.0,0.0,0.0,0,0.0,0.0,0.0,0.0,0,0.0,0.0,0.0,0.0,0.0,0,0.0,0,0,0,0.0,0,0,0,0.0,0.0,0.0,0.0,0,0.0,0,0,0.0,0,0,0.0,0.0,0,0,0.0,0.0,0.0,0.0,0,0,0.0,0.0,0,0
2010-06,0,0.0,0.0,0,0.0,0,0,0,0,0,0.0,0.0,0.0,0.0,0.0,0.0,0,0,0,0,0,0,0,0.0,0,0,0.0,0.0,0,0,0.0,0.0,0.0,0.0,0.0,0.0,0,0.0,0.0,0,0.0,0.0,0.0,0.0,0,0.0,0.0,0,0,0,0.0,0,0.0,0.0,0.0,0.0,0.0,0,0.0,0.0,0.0,0.0,0.0,0.0,0,0.0,0.0,0.0,0.0,0,0.0,0.0,0.0,0.0,0.0,0,0.0,0,0,0,0.0,0,0,0,0.0,0.0,0.0,0.0,0,0.0,0,0,0.0,0,0,0.0,0.0,0,0,0.0,0.0,0.0,0.0,0,0,0.0,0.0,0,0
2010-07,0,0.0,0.0,0,0.0,0,0,0,0,0,0.0,0.0,0.0,0.0,0.0,0.0,0,0,0,0,0,0,0,0.0,0,0,0.0,0.0,0,0,0.0,0.0,0.0,0.0,0.0,0.0,0,0.0,0.0,0,0.0,0.0,0.0,0.0,0,0.0,0.0,0,0,0,0.0,0,0.0,0.0,0.0,0.0,0.0,0,0.0,0.0,0.0,0.0,0.0,0.0,0,0.0,0.0,0.0,0.0,0,0.0,0.0,0.0,0.0,0.0,0,0.0,0,0,0,0.0,0,0,0,0.0,0.0,0.0,0.0,0,0.0,0,0,0.0,0,0,0.0,0.0,0,0,0.0,0.0,0.0,0.0,0,0,0.0,0.0,0,0
2010-08,0,0.0,0.0,0,0.0,0,0,0,0,0,0.0,0.0,0.0,0.0,0.0,0.0,0,0,0,0,0,0,0,0.0,0,0,0.0,0.0,0,0,0.0,0.0,0.0,0.0,0.0,0.0,0,0.0,0.0,0,0.0,0.0,0.0,0.0,0,0.0,0.0,0,0,0,0.0,0,0.0,0.0,0.0,0.0,0.0,0,0.0,0.0,0.0,0.0,0.0,0.0,0,0.0,0.0,0.0,0.0,0,0.0,0.0,0.0,0.0,0.0,0,0.0,0,0,0,0.0,0,0,0,0.0,0.0,0.0,0.0,0,0.0,0,0,0.0,0,0,0.0,100.0,0,0,0.0,0.0,0.0,0.0,0,0,0.0,0.0,0,0
2010-09,0,0.0,0.0,0,0.0,0,0,0,0,0,0.0,0.0,0.0,0.0,0.0,0.0,0,0,0,0,0,0,0,0.0,0,0,0.0,0.0,0,0,0.0,0.0,0.0,0.0,0.0,0.0,0,0.0,0.0,0,0.0,0.0,0.0,0.0,0,0.0,0.0,0,0,0,0.0,0,0.0,0.0,0.0,0.0,0.0,0,0.0,0.0,0.0,0.0,0.0,0.0,0,0.0,0.0,0.0,0.0,0,0.0,0.0,0.0,0.0,0.0,0,0.0,0,0,0,0.0,0,0,0,0.0,0.0,0.0,0.0,0,0.0,0,0,0.0,0,0,0.0,0.0,0,0,0.0,0.0,0.0,0.0,0,0,0.0,0.0,0,0
2010-10,0,0.0,0.0,0,0.0,0,0,0,0,0,0.0,0.0,0.0,0.0,0.0,0.0,0,0,0,0,0,0,0,0.0,0,0,0.0,0.0,0,0,0.0,0.0,0.0,0.0,0.0,0.0,0,0.0,0.0,0,0.0,0.0,0.0,0.0,0,0.0,0.0,0,0,0,0.0,0,0.0,0.0,0.0,0.0,0.0,0,0.0,0.0,0.0,0.0,0.0,0.0,0,0.0,0.0,0.0,0.0,0,0.0,0.0,0.0,0.0,0.0,0,0.0,0,0,0,0.0,0,0,0,0.0,0.0,0.0,0.0,0,0.0,0,0,0.0,0,0,0.0,0.0,0,0,0.0,0.0,0.0,0.0,0,0,0.0,0.0,0,0
2010-11,0,0.0,0.0,0,0.0,0,0,0,0,0,0.0,0.0,0.0,0.0,0.0,0.0,0,0,0,0,0,0,0,0.0,0,0,0.0,0.0,0,0,0.0,0.0,0.0,0.0,0.0,0.0,0,0.0,0.0,0,0.0,0.0,0.0,0.0,0,0.0,0.0,0,0,0,0.0,0,0.0,0.0,0.0,0.0,0.0,0,0.0,0.0,0.0,0.0,0.0,0.0,0,0.0,0.0,0.0,0.0,0,0.0,0.0,0.0,0.0,0.0,0,0.0,0,0,0,0.0,0,0,0,0.0,0.0,0.0,0.0,0,0.0,0,0,0.0,0,0,0.0,0.0,0,0,0.0,0.0,0.0,0.0,0,0,0.0,0.0,0,0
2010-12,0,0.0,0.0,0,0.0,0,0,0,0,0,0.0,0.0,0.0,0.0,0.0,0.0,0,0,0,0,0,0,0,0.0,0,0,0.0,0.0,0,0,0.0,0.0,0.0,0.0,0.0,0.0,0,0.0,0.0,0,0.0,0.0,0.0,0.0,0,0.0,0.0,0,0,0,0.0,0,0.0,0.0,0.0,0.0,0.0,0,0.0,0.0,0.0,0.0,0.0,0.0,0,0.0,0.0,0.0,0.0,0,0.0,0.0,0.0,0.0,0.0,0,0.0,0,0,0,0.0,0,0,0,0.0,0.0,0.0,0.0,0,0.0,0,0,0.0,0,0,0.0,0.0,0,0,0.0,0.0,0.0,0.0,0,0,0.0,0.0,0,0
2011-01,0,0.0,0.0,0,0.0,0,0,0,0,0,0.0,0.0,0.0,0.0,0.0,0.0,0,0,0,0,0,0,0,0.0,0,0,0.0,0.0,0,0,0.0,0.0,0.0,0.0,0.0,0.0,0,0.0,0.0,0,0.0,0.0,0.0,0.0,0,0.0,0.0,0,0,0,0.0,0,0.0,0.0,0.0,0.0,0.0,0,0.0,0.0,0.0,0.0,0.0,0.0,0,0.0,0.0,0.0,0.0,0,0.0,0.0,0.0,0.0,0.0,0,0.0,0,0,0,0.0,0,0,0,0.0,0.0,0.0,0.0,0,0.0,0,0,0.0,0,0,0.0,37.0,0,0,0.0,0.0,0.0,0.0,0,0,0.0,0.0,0,0
2011-02,0,0.0,0.0,0,0.0,0,0,0,0,0,0.0,0.0,0.0,0.0,0.0,0.0,0,0,0,0,0,0,0,0.0,0,0,0.0,0.0,0,0,0.0,0.0,0.0,0.0,0.0,0.0,0,0.0,0.0,0,0.0,0.0,0.0,0.0,0,0.0,0.0,0,0,0,0.0,0,0.0,0.0,0.0,0.0,0.0,0,0.0,0.0,0.0,0.0,0.0,0.0,0,0.0,0.0,0.0,0.0,0,0.0,0.0,0.0,0.0,0.0,0,0.0,0,0,0,0.0,0,0,0,0.0,0.0,0.0,0.0,0,0.0,0,0,0.0,0,0,0.0,0.0,0,0,0.0,0.0,0.0,0.0,0,0,0.0,0.0,0,0
2011-03,0,0.0,0.0,0,0.0,0,0,0,0,0,0.0,0.0,0.0,0.0,0.0,0.0,0,0,0,0,0,0,0,0.0,0,0,0.0,0.0,0,0,0.0,0.0,0.0,0.0,0.0,0.0,0,0.0,0.0,0,0.0,0.0,0.0,100.0,0,0.0,0.0,0,0,0,0.0,0,0.0,0.0,0.0,0.0,0.0,0,0.0,0.0,0.0,0.0,0.0,0.0,0,0.0,0.0,0.0,0.0,0,0.0,0.0,0.0,0.0,0.0,0,0.0,0,0,0,0.0,0,0,0,0.0,0.0,0.0,0.0,0,0.0,0,0,0.0,0,0,0.0,0.0,0,0,0.0,0.0,0.0,0.0,0,0,0.0,0.0,0,0
2011-04,0,0.0,0.0,0,0.0,0,0,0,0,0,0.0,0.0,0.0,0.0,0.0,0.0,0,0,0,0,0,0,0,0.0,0,0,0.0,0.0,0,0,0.0,0.0,0.0,0.0,0.0,0.0,0,0.0,0.0,0,0.0,0.0,0.0,0.0,0,0.0,0.0,0,0,0,0.0,0,0.0,0.0,0.0,0.0,0.0,0,0.0,0.0,0.0,0.0,0.0,0.0,0,0.0,0.0,0.0,0.0,0,0.0,0.0,0.0,0.0,0.0,0,0.0,0,0,0,0.0,0,0,0,0.0,0.0,0.0,0.0,0,0.0,0,0,0.0,0,0,0.0,0.0,0,0,0.0,0.0,0.0,0.0,0,0,0.0,0.0,0,0
2011-05,0,0.0,0.0,0,0.0,0,0,0,0,0,0.0,0.0,0.0,0.0,0.0,0.0,0,0,0,0,0,0,0,0.0,0,0,0.0,0.0,0,0,0.0,0.0,0.0,0.0,0.0,0.0,0,0.0,0.0,0,0.0,0.0,0.0,0.0,0,0.0,0.0,0,0,0,0.0,0,0.0,0.0,0.0,0.0,0.0,0,0.0,0.0,0.0,0.0,0.0,0.0,0,0.0,0.0,0.0,0.0,0,0.0,0.0,0.0,0.0,0.0,0,0.0,0,0,0,0.0,0,0,0,0.0,0.0,0.0,0.0,0,0.0,0,0,0.0,0,0,0.0,0.0,0,0,0.0,0.0,0.0,0.0,0,0,0.0,0.0,0,0
2011-06,0,0.0,0.0,0,0.0,0,0,0,0,0,0.0,0.0,0.0,0.0,0.0,0.0,0,0,0,0,0,0,0,0.0,0,0,0.0,0.0,0,0,0.0,0.0,0.0,0.0,0.0,0.0,0,0.0,0.0,0,0.0,0.0,0.0,0.0,0,0.0,0.0,0,0,0,0.0,0,0.0,0.0,0.0,0.0,0.0,0,0.0,0.0,0.0,0.0,0.0,0.0,0,0.0,0.0,0.0,0.0,0,0.0,0.0,0.0,0.0,0.0,0,0.0,0,0,0,0.0,0,0,0,0.0,0.0,0.0,0.0,0,0.0,0,0,0.0,0,0,0.0,0.0,0,0,0.0,0.0,0.0,0.0,0,0,0.0,0.0,0,0
2011-07,0,0.0,0.0,0,0.0,0,0,0,0,0,0.0,0.0,0.0,0.0,0.0,0.0,0,0,0,0,0,0,0,0.0,0,0,0.0,0.0,0,0,0.0,0.0,0.0,0.0,0.0,0.0,0,0.0,0.0,0,0.0,0.0,0.0,0.0,0,0.0,0.0,0,0,0,0.0,0,0.0,0.0,0.0,0.0,0.0,0,0.0,0.0,0.0,0.0,0.0,0.0,0,0.0,0.0,0.0,0.0,0,0.0,0.0,0.0,0.0,0.0,0,0.0,0,0,0,0.0,0,0,0,0.0,0.0,0.0,0.0,0,0.0,0,0,0.0,0,0,0.0,0.0,0,0,0.0,0.0,0.0,0.0,0,0,0.0,0.0,0,0
2011-08,0,0.0,0.0,0,0.0,0,0,0,0,0,0.0,0.0,0.0,0.0,0.0,0.0,0,0,0,0,0,0,0,0.0,0,0,0.0,0.0,0,0,0.0,0.0,0.0,0.0,0.0,0.0,0,0.0,0.0,0,0.0,0.0,0.0,0.0,0,0.0,0.0,0,0,0,0.0,0,0.0,0.0,0.0,0.0,0.0,0,0.0,0.0,0.0,0.0,0.0,0.0,0,0.0,0.0,0.0,0.0,0,0.0,0.0,0.0,0.0,0.0,0,0.0,0,0,0,0.0,0,0,0,0.0,0.0,0.0,0.0,0,0.0,0,0,0.0,0,0,0.0,0.0,0,0,0.0,0.0,0.0,0.0,0,0,0.0,0.0,0,0
2011-09,0,0.0,0.0,0,0.0,0,0,0,0,0,0.0,0.0,0.0,0.0,0.0,0.0,0,0,0,0,0,0,0,0.0,0,0,0.0,0.0,0,0,0.0,0.0,0.0,0.0,0.0,0.0,0,0.0,0.0,0,0.0,0.0,0.0,0.0,0,0.0,0.0,0,0,0,0.0,0,0.0,0.0,0.0,0.0,0.0,0,0.0,0.0,0.0,0.0,0.0,0.0,0,0.0,0.0,0.0,0.0,0,0.0,0.0,0.0,0.0,0.0,0,0.0,0,0,0,0.0,0,0,0,0.0,0.0,0.0,0.0,0,0.0,0,0,0.0,0,0,0.0,0.0,0,0,0.0,0.0,0.0,0.0,0,0,0.0,0.0,0,0
2011-10,0,0.0,0.0,0,0.0,0,0,0,0,0,0.0,0.0,0.0,0.0,0.0,0.0,0,0,0,0,0,0,0,0.0,0,0,0.0,0.0,0,0,0.0,0.0,0.0,0.0,0.0,0.0,0,0.0,0.0,0,0.0,0.0,0.0,0.0,0,0.0,0.0,0,0,0,0.0,0,0.0,0.0,0.0,0.0,0.0,0,0.0,0.0,0.0,0.0,0.0,0.0,0,0.0,0.0,0.0,0.0,0,0.0,0.0,0.0,0.0,0.0,0,0.0,0,0,0,0.0,0,0,0,0.0,0.0,0.0,0.0,0,0.0,0,0,0.0,0,0,0.0,0.0,0,0,0.0,0.0,0.0,0.0,0,0,0.0,0.0,0,0
2011-11,0,0.0,0.0,0,0.0,0,0,0,0,0,0.0,0.0,0.0,0.0,0.0,0.0,0,0,0,0,0,0,0,0.0,0,0,0.0,0.0,0,0,0.0,0.0,0.0,0.0,0.0,0.0,0,100.0,0.0,0,0.0,0.0,0.0,0.0,0,0.0,0.0,0,0,0,0.0,0,0.0,0.0,0.0,0.0,0.0,0,0.0,0.0,0.0,0.0,0.0,0.0,0,0.0,0.0,0.0,0.0,0,0.0,0.0,0.0,0.0,0.0,0,0.0,0,0,0,0.0,0,0,0,0.0,0.0,0.0,0.0,0,0.0,0,0,0.0,0,0,0.0,0.0,0,0,0.0,0.0,0.0,0.0,0,0,0.0,0.0,100,0
2011-12,0,0.0,0.0,0,0.0,0,0,0,0,0,0.0,0.0,0.0,0.0,0.0,0.0,0,0,0,0,0,0,0,0.0,0,0,0.0,0.0,0,0,0.0,0.0,0.0,0.0,0.0,0.0,0,0.0,0.0,0,0.0,0.0,0.0,0.0,0,0.0,0.0,0,0,0,0.0,0,0.0,0.0,0.0,0.0,0.0,0,0.0,0.0,0.0,0.0,0.0,0.0,0,0.0,0.0,0.0,0.0,0,0.0,0.0,0.0,0.0,0.0,0,0.0,0,0,0,0.0,0,0,0,0.0,0.0,0.0,0.0,0,0.0,0,0,0.0,0,0,0.0,0.0,0,0,0.0,0.0,0.0,0.0,0,0,0.0,0.0,0,0
2012-01,0,0.0,0.0,0,0.0,0,0,0,0,0,0.0,0.0,0.0,0.0,0.0,0.0,0,0,0,0,0,0,0,0.0,0,0,0.0,0.0,0,0,0.0,0.0,0.0,0.0,0.0,0.0,0,0.0,0.0,0,0.0,0.0,0.0,0.0,0,0.0,0.0,0,0,0,0.0,0,0.0,0.0,0.0,0.0,0.0,0,0.0,0.0,0.0,0.0,0.0,0.0,0,0.0,0.0,0.0,0.0,0,0.0,0.0,0.0,0.0,0.0,0,100.0,0,0,0,0.0,0,0,0,0.0,0.0,0.0,100.0,0,0.0,0,0,0.0,0,66,0.0,0.0,0,0,0.0,0.0,0.0,0.0,0,0,0.0,0.0,0,0
2012-02,0,23.0,0.0,0,0.0,0,0,0,0,0,0.0,0.0,0.0,0.0,0.0,0.0,0,0,0,0,0,0,0,0.0,0,0,0.0,0.0,0,0,0.0,0.0,0.0,0.0,0.0,0.0,0,0.0,0.0,0,0.0,0.0,0.0,0.0,0,0.0,0.0,0,0,0,0.0,0,0.0,0.0,0.0,5.0,0.0,0,0.0,0.0,0.0,0.0,0.0,0.0,0,0.0,0.0,0.0,0.0,0,0.0,0.0,0.0,0.0,0.0,0,0.0,0,0,0,0.0,0,0,0,0.0,0.0,0.0,0.0,0,0.0,0,0,0.0,0,0,0.0,0.0,0,0,0.0,0.0,0.0,0.0,0,0,0.0,0.0,0,0
2012-03,0,0.0,0.0,0,0.0,0,0,0,0,0,0.0,0.0,0.0,0.0,0.0,0.0,0,0,0,0,0,0,0,0.0,0,0,0.0,0.0,0,0,0.0,0.0,0.0,0.0,0.0,0.0,0,0.0,0.0,0,0.0,0.0,0.0,0.0,0,0.0,0.0,0,0,0,0.0,0,0.0,0.0,0.0,0.0,0.0,0,0.0,0.0,0.0,0.0,0.0,0.0,0,0.0,0.0,0.0,0.0,0,0.0,0.0,0.0,0.0,0.0,0,0.0,0,0,0,0.0,0,0,0,0.0,0.0,0.0,0.0,0,0.0,0,0,0.0,0,0,0.0,0.0,0,0,0.0,0.0,0.0,0.0,0,0,0.0,0.0,0,0
2012-04,0,0.0,0.0,0,0.0,0,0,0,0,0,0.0,0.0,0.0,0.0,0.0,0.0,0,0,0,0,0,0,0,0.0,0,0,0.0,0.0,0,0,0.0,0.0,0.0,0.0,0.0,0.0,0,0.0,0.0,0,0.0,0.0,0.0,0.0,0,0.0,0.0,0,0,0,0.0,0,0.0,0.0,0.0,0.0,0.0,0,0.0,0.0,0.0,0.0,0.0,0.0,0,0.0,0.0,0.0,0.0,0,0.0,0.0,0.0,0.0,0.0,0,0.0,0,0,0,0.0,0,0,0,0.0,0.0,0.0,0.0,0,0.0,0,0,0.0,0,0,0.0,0.0,0,0,0.0,0.0,0.0,0.0,0,0,0.0,0.0,0,0
2012-05,0,0.0,0.0,0,1.0,0,0,0,0,29,0.0,0.0,0.0,0.0,0.5,0.0,0,0,0,29,0,0,0,0.0,29,0,0.0,0.0,0,29,0.0,0.0,0.0,0.0,0.5,0.0,0,0.0,0.0,3,0.0,0.0,0.0,0.0,2,0.0,0.0,0,0,29,0.0,0,0.5,0.0,0.5,0.0,0.0,0,0.0,0.5,0.0,0.0,0.0,0.0,5,0.0,0.0,0.0,1.0,0,0.0,0.0,0.0,0.5,0.0,0,0.0,0,1,0,0.0,0,0,26,0.0,0.0,0.0,0.0,1,0.0,0,0,0.0,29,0,0.0,0.0,0,1,0.0,0.0,0.0,0.0,6,0,0.0,0.0,0,2
2012-06,0,0.0,0.0,0,1.0,0,0,0,0,38,0.0,0.0,0.0,0.0,0.5,0.0,0,0,0,38,0,0,0,0.0,38,0,0.0,0.0,0,38,0.0,0.0,0.0,0.0,0.5,0.0,0,0.0,0.0,3,0.0,0.0,0.0,0.0,3,0.0,0.0,0,0,38,0.0,0,0.5,0.0,0.5,0.0,0.0,0,0.0,0.5,0.0,0.0,0.0,0.0,7,0.0,0.0,0.0,1.0,0,0.0,0.0,0.0,0.5,0.0,0,0.0,0,1,0,0.0,0,0,34,0.0,0.0,0.5,0.0,2,0.0,0,0,0.0,38,0,0.0,0.0,0,1,0.0,0.0,0.0,0.0,8,0,0.0,0.0,0,3
2012-07,0,0.0,0.0,0,1.0,0,0,0,0,35,0.0,0.0,0.0,0.0,0.5,0.0,0,0,0,35,0,0,0,0.0,35,0,0.0,0.0,0,35,0.0,0.0,0.0,0.5,0.5,0.0,0,0.0,0.0,3,0.0,0.0,0.0,0.0,3,0.0,0.0,0,0,35,0.0,0,0.5,0.0,0.5,0.0,0.0,0,0.0,0.5,0.0,0.0,0.0,0.0,6,0.0,0.0,0.0,1.0,0,0.0,0.0,0.0,0.5,0.0,0,0.0,0,1,0,0.0,0,0,32,0.0,0.0,0.0,0.0,2,0.0,0,0,0.0,35,0,0.0,0.0,0,1,0.0,0.0,0.0,0.0,7,0,0.0,0.0,0,3
2012-08,0,0.0,0.0,0,1.0,0,0,0,0,34,0.0,0.0,0.0,0.0,0.5,0.0,0,0,0,34,0,0,0,0.0,34,0,0.0,0.0,0,34,0.0,0.0,0.0,0.0,0.5,0.0,0,0.0,0.0,3,0.0,0.0,0.0,0.0,3,0.0,0.0,0,0,34,0.0,0,0.0,0.0,0.5,0.0,0.0,0,0.0,0.5,0.0,0.0,0.0,0.0,6,0.0,0.0,0.0,1.0,0,0.0,0.0,0.0,0.5,0.0,0,0.0,0,1,0,0.0,0,0,31,0.0,0.0,0.0,0.0,2,0.0,0,0,0.0,34,0,0.0,0.0,0,1,0.0,0.0,0.0,0.0,7,0,0.0,0.0,0,3
2012-09,0,0.0,0.0,0,1.0,0,0,0,0,28,0.0,0.0,0.0,0.0,0.5,0.0,0,0,0,28,0,0,0,0.0,28,0,0.0,0.0,0,28,0.0,0.0,0.0,0.0,0.5,0.0,0,0.0,0.0,3,0.0,0.0,0.0,0.0,2,0.0,0.0,0,0,28,0.0,0,0.0,0.0,0.5,0.0,0.0,0,0.0,0.5,0.0,0.0,0.0,0.0,5,0.0,0.0,0.0,1.0,0,0.0,0.0,0.0,0.5,0.0,0,0.0,0,1,0,0.0,0,0,25,0.0,0.0,0.0,0.0,1,0.0,0,0,0.0,28,0,0.0,0.0,0,1,0.0,0.0,0.0,0.0,6,0,0.0,0.0,0,2
2012-10,0,0.0,0.0,0,1.0,0,0,0,0,28,0.0,0.0,0.0,0.0,0.5,0.0,0,0,0,28,0,0,0,0.0,28,0,0.0,0.0,0,28,0.0,0.0,0.0,0.0,0.5,0.0,0,0.5,0.0,3,0.0,0.0,0.0,0.0,2,0.0,0.0,0,0,28,0.0,0,0.5,0.0,0.5,0.0,0.0,0,0.0,0.5,0.0,0.0,0.0,0.0,5,0.0,0.0,0.0,1.0,0,0.0,0.0,0.0,0.5,0.0,0,0.0,0,1,0,0.0,0,0,25,0.0,0.0,0.0,0.0,1,0.0,0,0,0.0,28,0,0.0,0.0,0,1,0.0,0.0,0.0,0.0,6,0,0.0,0.0,0,2
2012-11,0,0.0,0.0,0,1.0,0,0,0,0,27,0.0,0.0,0.0,0.0,0.5,0.0,0,0,0,27,0,0,0,0.0,27,0,0.0,0.0,0,27,0.0,0.0,0.0,0.0,0.5,0.0,0,0.0,0.0,3,0.0,0.0,0.0,0.0,2,0.0,0.0,0,0,27,0.0,0,0.5,0.0,0.5,0.0,0.0,0,0.0,0.5,0.0,0.0,0.0,0.0,5,0.0,0.0,0.0,1.0,0,0.0,0.0,0.0,0.5,0.0,0,0.0,0,1,0,0.0,0,0,25,0.0,0.0,0.0,0.0,1,0.0,0,0,0.0,27,0,0.0,0.0,0,1,0.0,0.0,0.0,0.0,6,0,0.0,0.0,0,2
2012-12,0,0.0,0.0,0,1.0,0,0,0,0,28,0.0,0.0,0.0,0.0,0.5,0.0,0,0,0,28,0,0,0,0.0,28,0,0.0,0.0,0,28,0.0,0.0,0.0,0.0,0.5,0.0,0,0.0,0.0,3,0.0,0.0,0.0,0.0,2,0.0,0.0,0,0,28,0.0,0,0.0,0.0,0.5,0.0,0.0,0,0.0,0.5,0.0,0.0,0.0,0.0,5,0.0,0.0,0.0,1.0,0,0.0,0.0,0.0,0.5,0.0,0,0.0,0,1,0,0.0,0,0,25,0.0,0.0,0.0,0.0,1,0.0,0,0,0.0,28,0,0.0,0.0,0,1,0.0,0.0,0.0,0.0,6,0,0.0,0.0,0,2
2013-01,0,0.0,0.0,0,0.0,0,0,0,0,0,0.0,0.0,0.0,0.0,0.0,0.0,0,0,0,0,0,0,0,0.0,0,0,0.0,0.0,0,0,0.0,0.0,0.0,0.0,0.0,0.0,0,0.0,0.0,0,0.0,0.0,0.0,0.0,0,0.0,0.0,0,0,0,0.0,0,0.0,0.0,0.0,0.0,0.0,0,0.0,0.0,0.0,0.0,0.0,0.0,0,0.0,0.0,0.0,0.0,0,0.0,0.0,0.0,0.0,0.0,0,0.0,0,0,0,0.0,0,0,0,0.0,0.0,0.0,0.0,0,0.0,0,0,0.0,0,0,0.0,0.0,0,0,0.0,0.0,0.0,0.0,0,0,0.0,0.0,0,0
2013-02,0,0.0,0.0,0,0.0,0,0,0,0,0,0.0,0.0,0.0,0.0,0.0,0.0,0,0,0,0,0,0,0,0.0,0,0,0.0,0.0,0,0,0.0,0.0,0.0,0.0,0.0,0.0,0,0.0,0.0,0,0.0,0.0,0.0,0.0,0,0.0,0.0,0,0,0,0.0,0,0.0,0.0,0.0,0.0,0.0,0,0.0,0.0,0.0,0.0,0.0,0.0,0,0.0,0.0,0.0,0.0,0,0.0,0.0,0.0,0.0,0.0,0,0.0,0,0,0,0.0,0,0,0,0.0,0.0,0.0,0.0,0,0.0,0,0,0.0,0,0,0.0,0.0,0,0,0.0,0.0,0.0,0.0,0,0,0.0,0.0,0,0
2013-03,0,0.0,0.0,0,0.0,0,0,0,0,0,0.0,0.0,0.0,0.0,0.0,0.0,0,0,0,0,0,0,0,0.0,0,0,0.0,0.0,0,0,0.0,0.0,0.0,0.0,0.0,0.0,0,0.0,0.0,0,0.0,0.0,0.0,0.0,0,0.0,0.0,0,0,0,0.0,0,0.0,0.0,0.0,0.0,0.0,0,0.0,0.0,0.0,0.0,0.0,0.0,0,0.0,0.0,0.0,0.0,0,0.0,0.0,0.0,0.0,0.0,0,0.0,0,0,0,0.0,0,0,0,0.0,0.0,0.0,0.0,0,0.0,0,0,0.0,0,0,0.0,0.0,0,0,0.0,0.0,0.0,0.0,0,0,0.0,0.0,0,0
2013-04,0,0.0,0.0,0,0.0,0,0,0,0,0,0.0,0.0,0.0,0.0,0.0,0.0,0,0,0,0,0,0,0,0.0,0,0,0.0,0.0,0,0,0.0,0.0,0.0,0.0,0.0,0.0,0,0.0,0.0,0,0.0,0.0,0.0,0.0,0,0.0,0.0,0,0,0,0.0,0,0.0,0.0,0.0,0.0,0.0,0,0.0,0.0,0.0,0.0,0.0,0.0,0,0.0,0.0,0.0,0.0,0,0.0,0.0,0.0,0.0,0.0,0,0.0,0,0,0,0.0,0,0,0,0.0,0.0,0.0,0.0,0,0.0,0,0,0.0,0,0,0.0,0.0,0,0,0.0,0.0,0.0,0.0,0,0,0.0,0.0,0,0
2013-05,0,0.0,0.0,0,0.0,0,0,0,0,0,0.0,0.0,0.0,0.0,0.0,0.0,0,0,0,0,0,0,0,0.0,0,0,0.0,0.0,0,0,0.0,0.0,0.0,0.0,0.0,0.0,0,0.0,0.0,0,0.0,0.0,0.0,0.0,0,0.0,0.0,0,0,0,0.0,0,0.0,0.0,0.0,0.0,0.0,0,0.0,0.0,0.0,0.0,0.0,0.0,0,0.0,0.0,0.0,0.0,0,0.0,0.0,0.0,0.0,0.0,0,0.0,0,0,0,0.0,0,0,0,0.0,0.0,0.0,0.0,0,0.0,0,0,0.0,0,0,0.0,0.0,0,0,0.0,0.0,0.0,0.0,0,0,0.0,0.0,0,0
2013-06,0,0.0,0.0,0,0.0,0,0,0,0,0,0.0,0.0,0.0,0.0,0.0,0.0,0,0,0,0,0,0,0,0.0,0,0,0.0,0.0,0,0,0.0,0.0,0.0,0.0,0.0,0.0,0,0.0,0.0,0,0.0,0.0,0.0,0.0,0,0.0,0.0,0,0,0,0.0,0,0.0,0.0,0.0,0.0,0.0,0,0.0,0.0,0.0,0.0,0.0,0.0,0,0.0,0.0,0.0,0.0,0,0.0,0.0,0.0,0.0,0.0,0,0.0,0,0,0,0.0,0,0,0,0.0,0.0,0.0,0.0,0,0.0,0,0,0.0,0,0,0.0,0.0,0,0,0.0,0.0,0.0,0.0,0,0,0.0,0.0,0,0
2013-07,0,0.0,0.0,0,0.0,0,0,0,0,0,0.0,0.0,0.0,0.0,0.0,0.0,0,0,0,0,0,0,0,0.0,0,0,0.0,0.0,0,0,0.0,0.0,0.0,0.0,0.0,0.0,0,0.0,0.0,0,0.0,0.0,0.0,0.0,0,0.0,0.0,0,0,0,0.0,0,0.0,0.0,0.0,0.0,0.0,0,0.0,0.0,0.0,0.0,0.0,0.0,0,0.0,0.0,0.0,0.0,0,0.0,0.0,0.0,0.0,0.0,0,0.0,0,0,0,0.0,0,0,0,0.0,0.0,0.0,0.0,0,0.0,0,0,0.0,0,0,0.0,0.0,0,0,0.0,0.0,0.0,0.0,0,0,0.0,0.0,0,0
2013-08,0,0.0,0.0,0,0.0,0,0,0,0,0,0.0,0.0,0.0,0.0,0.0,0.0,0,0,0,0,0,0,0,0.0,0,0,0.0,0.0,0,0,0.0,0.0,0.0,0.0,0.0,0.0,0,0.0,0.0,0,0.0,0.0,0.0,0.0,0,0.0,0.0,0,0,0,0.0,0,0.0,0.0,0.0,0.0,0.0,0,0.0,0.0,0.0,0.0,0.0,0.0,0,0.0,0.0,0.0,0.0,0,0.0,0.0,0.0,0.0,0.0,0,0.0,0,0,0,0.0,0,0,0,0.0,0.0,0.0,0.0,0,0.0,0,0,0.0,0,0,0.0,0.0,0,0,0.0,0.0,0.0,0.0,0,0,0.0,0.0,0,0
2013-09,0,0.0,0.0,0,0.0,0,0,0,0,0,0.0,0.0,0.0,0.0,0.0,0.0,0,0,0,0,0,0,0,0.0,0,0,0.0,0.0,0,0,0.0,0.0,0.0,0.0,0.0,0.0,0,0.0,0.0,0,0.0,0.0,0.0,0.0,0,0.0,0.0,0,0,0,0.0,0,0.0,0.0,0.0,0.0,0.0,0,0.0,0.0,0.0,0.0,0.0,0.0,0,0.0,0.0,0.0,0.0,0,0.0,0.0,0.0,0.0,0.0,0,0.0,0,0,0,0.0,0,0,0,0.0,0.0,0.0,0.0,0,0.0,0,0,0.0,0,0,0.0,22.0,0,0,0.0,0.0,0.0,0.0,0,0,0.0,0.0,0,0
2013-10,0,0.0,0.0,0,0.0,0,0,0,0,0,0.0,0.0,0.0,0.0,0.0,0.0,0,0,0,0,0,0,0,0.0,0,0,0.0,0.0,0,0,0.0,0.0,0.0,0.0,0.0,0.0,0,0.0,0.0,0,0.0,0.0,0.0,0.0,0,0.0,0.0,0,0,0,0.0,0,0.0,0.0,0.0,0.0,0.0,0,0.0,0.0,0.0,0.0,0.0,0.0,0,0.0,0.0,0.0,0.0,0,0.0,0.0,0.0,0.0,0.0,0,0.0,0,0,0,0.0,0,0,0,0.0,0.0,0.0,0.0,0,0.0,0,0,0.0,0,0,0.0,0.0,0,0,0.0,0.0,0.0,0.0,0,0,0.0,0.0,0,0
2013-11,0,0.0,0.0,0,0.0,0,0,0,0,0,0.0,0.0,0.0,0.0,0.0,0.0,0,0,0,0,0,0,0,0.0,0,0,0.0,0.0,0,0,0.0,0.0,0.0,0.0,0.0,0.0,0,0.0,0.0,0,0.0,0.0,0.0,0.0,0,0.0,0.0,0,0,0,0.0,0,0.0,0.0,0.0,0.0,0.0,0,0.0,0.0,0.0,0.0,0.0,0.0,0,0.0,0.0,0.0,0.0,0,0.0,0.0,0.0,0.0,0.0,0,0.0,0,0,0,0.0,0,0,0,0.0,0.0,0.0,0.0,0,0.0,0,0,0.0,0,0,0.0,0.0,0,0,0.0,0.0,0.0,0.0,0,0,0.0,0.0,0,0
2013-12,0,0.0,0.0,0,0.0,0,0,0,0,0,0.0,0.0,0.0,0.0,0.0,0.0,0,0,0,0,0,0,0,0.0,0,0,0.0,0.0,0,0,0.0,0.0,0.0,0.0,0.0,0.0,0,0.0,0.0,0,0.0,0.0,0.0,0.0,0,0.0,0.0,0,0,0,0.0,0,0.0,0.0,0.0,0.0,0.0,0,0.0,0.0,0.0,0.0,0.0,0.0,0,0.0,0.0,0.0,0.0,0,0.0,0.0,0.0,0.0,0.0,0,0.0,0,0,0,0.0,0,0,0,0.0,0.0,0.0,0.0,0,0.0,0,0,0.0,0,0,0.0,0.0,0,0,0.0,0.0,0.0,0.0,0,0,0.0,0.0,0,0
2014-01,0,0.0,0.0,0,0.0,0,0,0,0,0,0.0,0.0,0.0,0.0,0.0,0.0,0,0,0,0,0,0,0,0.0,0,0,0.0,0.0,0,0,0.0,0.0,0.0,0.0,0.0,0.0,0,0.0,0.0,0,0.0,0.0,0.0,0.0,0,0.0,0.0,0,0,0,0.0,0,0.0,0.0,0.0,0.0,0.0,0,0.0,0.0,0.0,0.0,0.0,0.0,0,0.0,0.0,0.0,0.0,0,0.0,0.0,0.0,0.0,0.0,0,0.0,0,0,0,0.0,0,0,0,0.0,0.0,0.0,0.0,0,0.0,0,0,0.0,0,0,0.0,0.0,0,0,0.0,0.0,0.0,0.0,0,0,0.0,0.0,0,0
2014-02,0,0.0,0.0,0,0.0,0,0,0,0,0,0.0,0.0,0.0,0.0,0.0,0.0,0,0,0,0,0,0,0,0.0,0,0,0.0,0.0,0,0,0.0,0.0,0.0,0.0,0.0,0.0,0,0.0,0.0,0,0.0,0.0,0.0,0.0,0,0.0,0.0,0,0,0,0.0,0,0.0,0.0,0.0,0.0,0.0,0,0.0,0.0,0.0,0.0,0.0,0.0,0,0.0,0.0,0.0,0.0,0,0.0,0.0,0.0,0.0,0.0,0,0.0,0,0,0,0.0,0,0,0,0.0,0.0,0.0,0.0,0,0.0,0,0,0.0,0,0,0.0,0.0,0,0,0.0,0.0,0.0,0.0,0,0,0.0,0.0,0,0
2014-03,0,0.0,0.0,0,0.0,0,0,0,0,0,0.0,0.0,0.0,0.0,0.0,0.0,0,0,0,0,0,0,0,0.0,0,0,0.0,0.0,0,0,0.0,0.0,0.0,0.0,0.0,0.0,0,0.0,0.0,0,0.0,0.0,0.0,0.0,0,0.0,0.0,0,0,0,0.0,0,0.0,0.0,0.0,0.0,0.0,0,0.0,0.0,100.0,0.0,0.0,0.0,0,0.0,0.0,0.0,0.0,0,0.0,0.0,0.0,0.0,0.0,0,0.0,0,0,0,0.0,0,0,0,0.0,0.0,0.0,0.0,0,0.0,0,0,0.0,0,0,0.0,0.0,0,0,0.0,0.0,0.0,0.0,0,0,0.0,0.0,0,0
2014-04,0,0.0,0.0,0,0.0,0,0,0,0,0,0.0,0.0,0.0,0.0,0.0,0.0,0,0,0,0,0,0,0,0.0,0,0,0.0,0.0,0,0,0.0,0.0,0.0,0.0,0.0,0.0,0,0.0,0.0,0,0.0,0.0,0.0,0.0,0,0.0,0.0,0,0,0,0.0,0,0.0,0.0,0.0,0.0,0.0,0,0.0,0.0,0.0,0.0,0.0,0.0,0,0.0,0.0,0.0,0.0,0,0.0,0.0,0.0,0.0,0.0,0,0.0,0,0,0,0.0,0,0,0,0.0,0.0,0.0,0.0,0,0.0,0,0,0.0,0,0,0.0,0.0,0,0,100.0,0.0,0.0,0.0,0,0,0.0,0.0,0,0
2014-05,0,0.0,0.0,0,0.0,0,0,0,0,0,0.0,0.0,0.0,0.0,0.0,0.0,0,0,0,0,0,0,0,0.0,0,0,0.0,0.0,0,0,0.0,0.0,0.0,0.0,0.0,0.0,0,0.0,0.0,0,0.0,0.0,0.0,0.0,0,0.0,0.0,0,0,0,0.0,0,0.0,0.0,0.0,0.0,0.0,0,0.0,0.0,0.0,0.0,0.0,0.0,0,0.0,0.0,0.0,0.0,0,0.0,0.0,0.0,0.0,0.0,0,0.0,0,0,0,0.0,0,0,0,0.0,0.0,0.0,0.0,0,0.0,0,0,0.0,0,0,0.0,0.0,0,0,0.0,0.0,0.0,0.0,0,0,0.0,0.0,0,0
2014-06,0,0.0,0.0,0,0.0,0,0,0,0,0,0.0,0.0,0.0,0.0,0.0,0.0,0,0,0,0,0,0,0,0.0,0,0,0.0,0.0,0,0,0.0,0.0,0.0,0.0,0.0,0.0,0,0.0,0.0,0,0.0,0.0,0.0,0.0,0,0.0,0.0,0,0,0,0.0,0,0.0,0.0,0.0,0.0,0.0,0,0.0,0.0,0.0,0.0,0.0,0.0,0,0.0,0.0,0.0,0.0,0,0.0,0.0,0.0,0.0,0.0,0,0.0,0,0,0,0.0,0,0,0,0.0,0.0,0.0,0.0,0,0.0,0,0,0.0,0,0,0.0,0.0,0,0,0.0,0.0,0.0,0.0,0,0,0.0,0.0,0,0
2014-07,0,0.0,0.0,0,0.0,0,0,0,0,0,0.0,0.0,0.0,0.0,0.0,0.0,0,0,0,0,0,0,0,0.0,0,0,0.0,0.0,0,0,0.0,0.0,0.0,0.0,0.0,0.0,0,0.0,0.0,0,0.0,0.0,0.0,0.0,0,0.0,0.0,0,0,0,0.0,0,0.0,0.0,0.0,0.0,0.0,0,0.0,0.0,0.0,0.0,0.0,0.0,0,0.0,0.0,0.0,0.0,0,0.0,0.0,0.0,0.0,0.0,0,0.0,0,0,0,0.0,0,0,0,0.0,0.0,0.0,0.0,0,0.0,0,0,0.0,0,0,0.0,0.0,0,0,0.0,0.0,0.0,0.0,0,0,0.0,0.0,0,0
2014-08,0,0.0,0.0,0,0.0,0,0,0,0,0,0.0,0.0,0.0,0.0,0.0,0.0,0,0,0,0,0,0,0,0.0,0,0,0.0,0.0,0,0,0.0,0.0,0.0,0.0,0.0,0.0,0,0.0,0.0,0,0.0,0.0,0.0,0.0,0,0.0,0.0,0,0,0,0.0,0,0.0,0.0,0.0,0.0,0.0,0,0.0,0.0,0.0,0.0,0.0,0.0,0,0.0,0.0,0.0,0.0,0,0.0,0.0,0.0,0.0,0.0,0,0.0,0,0,0,0.0,0,0,0,0.0,0.0,0.0,0.0,0,0.0,0,0,0.0,0,0,0.0,0.0,0,0,0.0,0.0,0.0,0.0,0,0,0.0,0.0,0,0
2014-09,0,0.0,0.0,0,0.0,0,0,0,0,0,0.0,0.0,0.0,0.0,0.0,0.0,0,0,0,0,0,0,0,0.0,0,0,0.0,0.0,0,0,0.0,0.0,0.0,0.0,0.0,0.0,0,0.0,0.0,0,0.0,0.0,0.0,0.0,0,0.0,0.0,0,0,0,0.0,0,0.0,0.0,0.0,0.0,0.0,0,0.0,0.0,0.0,0.0,0.0,0.0,0,0.0,0.0,0.0,0.0,0,0.0,0.0,0.0,0.0,0.0,0,0.0,0,0,0,0.0,0,0,0,0.0,0.0,0.0,0.0,0,0.0,0,0,0.0,0,0,0.0,0.0,0,0,0.0,0.0,0.0,0.0,0,0,0.0,0.0,0,0
2014-10,0,0.0,0.0,0,0.0,0,0,0,0,0,0.0,0.0,0.0,0.0,0.0,0.0,0,0,0,0,0,0,0,0.0,0,0,0.0,0.0,0,0,0.0,0.0,0.0,0.0,0.0,0.0,0,0.0,0.0,0,0.0,0.0,0.0,0.0,0,0.0,0.0,0,0,0,0.0,0,0.0,0.0,0.0,0.0,0.0,0,0.0,0.0,0.0,0.0,0.0,0.0,0,0.0,0.0,0.0,0.0,0,0.0,0.0,0.0,0.0,0.0,0,0.0,0,0,0,0.0,0,0,0,0.0,0.0,0.0,0.0,0,0.0,0,0,0.0,0,0,0.0,0.0,0,0,0.0,0.0,0.0,0.0,0,0,0.0,0.0,0,0
2014-11,0,0.0,0.0,0,0.0,0,0,0,0,0,0.0,0.0,0.0,0.0,0.0,0.0,0,0,0,0,0,0,0,0.0,0,0,0.0,0.0,0,0,0.0,0.0,0.0,0.0,0.0,0.0,0,0.0,0.0,0,0.0,0.0,0.0,0.0,0,0.0,0.0,0,0,0,0.0,0,0.0,0.0,0.0,0.0,0.0,0,0.0,0.0,0.0,0.0,0.0,0.0,0,0.0,0.0,0.0,0.0,0,0.0,0.0,0.0,0.0,0.0,0,0.0,0,0,0,0.0,0,0,0,0.0,0.0,0.0,0.0,0,0.0,0,0,0.0,0,0,0.0,0.0,0,0,0.0,0.0,0.0,0.0,0,0,0.0,0.0,0,0
2014-12,0,0.0,0.0,0,0.0,0,0,0,0,0,0.0,0.0,0.0,0.0,0.0,0.0,0,0,0,0,0,0,0,0.0,0,0,0.0,0.0,0,0,0.0,0.0,0.0,0.0,0.0,0.0,0,0.0,0.0,0,0.0,0.0,0.0,0.0,0,0.0,0.0,0,0,0,0.0,0,0.0,0.0,0.0,0.0,0.0,0,0.0,0.0,0.0,0.0,0.0,0.0,0,0.0,0.0,0.0,0.0,0,0.0,0.0,0.0,0.0,0.0,0,0.0,0,0,0,0.0,0,0,0,0.0,0.0,0.0,0.0,0,0.0,0,0,0.0,0,0,0.0,0.0,0,0,0.0,0.0,0.0,0.0,0,0,0.0,0.0,0,0
2015-01,0,0.0,0.0,0,0.0,0,0,0,0,0,0.0,0.0,0.0,0.0,0.0,0.0,0,0,0,0,0,0,0,0.0,0,0,0.0,0.0,0,0,0.0,0.0,0.0,0.0,0.0,0.0,0,0.0,0.0,0,0.0,0.0,0.0,0.0,0,0.0,0.0,0,0,0,0.0,0,0.0,0.0,0.0,0.0,0.0,0,0.0,0.0,0.0,0.0,0.0,0.0,0,0.0,0.0,0.0,0.0,0,0.0,0.0,0.0,0.0,0.0,0,0.0,0,0,0,0.0,0,0,0,0.0,0.0,0.0,0.0,0,0.0,0,0,0.0,0,0,0.0,0.0,0,0,0.0,0.0,0.0,0.0,0,0,0.0,0.0,0,0
2015-02,0,0.0,0.0,0,0.0,0,0,0,0,0,0.0,0.0,0.0,0.0,0.0,0.0,0,0,0,0,0,0,0,0.0,0,0,0.0,0.0,0,0,0.0,0.0,0.0,0.0,0.0,0.0,0,0.0,0.0,0,0.0,0.0,0.0,0.0,0,0.0,0.0,0,0,0,0.0,0,0.0,0.0,0.0,0.0,0.0,0,0.0,0.0,0.0,0.0,0.0,0.0,0,0.0,0.0,0.0,0.0,0,0.0,0.0,0.0,0.0,0.0,0,0.0,0,0,0,0.0,0,0,0,0.0,0.0,0.0,0.0,0,0.0,0,0,0.0,0,0,0.0,0.0,0,0,0.0,0.0,0.0,0.0,0,0,0.0,0.0,0,0
2015-03,0,0.0,0.0,0,0.0,0,0,0,0,0,0.0,0.0,0.0,0.0,0.0,0.0,0,0,0,0,0,0,0,0.0,0,0,0.0,0.0,0,0,0.0,0.0,0.0,0.0,0.0,0.0,0,0.0,0.0,0,0.0,0.0,0.0,0.0,0,0.0,0.0,0,0,0,0.0,0,0.0,0.0,0.0,0.0,0.0,0,0.0,0.0,0.0,0.0,0.0,0.0,0,0.0,0.0,0.0,0.0,0,0.0,0.0,0.0,0.0,0.0,0,0.0,0,0,0,0.0,0,0,0,0.0,0.0,0.0,0.0,0,0.0,0,0,0.0,0,0,0.0,0.0,0,0,0.0,0.0,0.0,0.0,0,0,0.0,0.0,0,0
2015-04,0,0.0,0.0,0,0.0,0,0,0,0,0,0.0,0.0,0.0,0.0,0.0,0.0,0,0,0,0,0,0,0,0.0,0,0,0.0,0.0,0,0,0.0,0.0,0.0,0.0,0.0,0.0,0,0.0,0.0,0,0.0,0.0,0.0,0.0,0,0.0,0.0,0,0,0,0.0,0,0.0,0.0,0.0,0.0,0.0,0,0.0,0.0,0.0,0.0,0.0,0.0,0,0.0,0.0,0.0,0.0,0,0.0,0.0,0.0,0.0,0.0,0,0.0,0,0,0,0.0,0,0,0,0.0,0.0,0.0,0.0,0,0.0,0,0,0.0,0,0,0.0,0.0,0,0,0.0,0.0,0.0,0.0,0,0,0.0,0.0,0,0
2015-05,0,0.0,0.0,0,0.0,0,0,0,0,0,0.0,0.0,0.0,0.0,0.0,0.0,0,0,0,0,0,0,0,0.0,0,0,0.0,0.0,0,0,0.0,0.0,0.0,0.0,0.0,0.0,0,0.0,0.0,0,0.0,0.0,0.0,0.0,0,0.0,0.0,0,0,0,0.0,0,0.0,0.0,0.0,0.0,0.0,0,0.0,0.0,0.0,0.0,0.0,0.0,0,0.0,0.0,0.0,0.0,0,0.0,0.0,0.0,0.0,0.0,0,0.0,0,0,0,0.0,0,0,0,0.0,0.0,0.0,0.0,0,0.0,0,0,0.0,0,0,0.0,0.0,0,0,0.0,0.0,0.0,0.0,0,0,0.0,0.0,0,0
2015-06,0,0.0,0.0,0,0.0,0,0,0,0,0,0.0,0.0,0.0,0.0,0.0,0.0,0,0,0,0,0,0,0,0.0,0,0,0.0,0.0,0,0,0.0,0.0,0.0,0.0,0.0,0.0,0,0.0,0.0,0,0.0,0.0,0.0,0.0,0,0.0,0.0,0,0,0,0.0,0,0.0,0.0,0.0,0.0,0.0,0,0.0,0.0,0.0,0.0,0.0,0.0,0,0.0,0.0,0.0,0.0,0,0.0,0.0,0.0,0.0,0.0,0,0.0,0,0,0,0.0,0,100,0,0.0,0.0,0.0,0.0,0,0.0,0,0,0.0,0,0,0.0,0.0,0,0,0.0,0.0,0.0,0.0,0,0,0.0,0.0,0,0
2015-07,0,0.0,0.0,0,1.0,0,0,0,0,73,0.0,0.0,0.0,0.0,0.5,0.0,0,0,0,73,0,0,0,0.0,73,0,0.0,0.0,0,73,0.0,0.0,0.0,0.0,0.5,0.0,0,0.0,0.0,7,0.0,0.0,0.0,0.0,6,0.0,0.0,0,0,73,0.0,0,0.0,0.0,0.5,0.0,0.0,0,0.0,0.5,0.0,0.0,0.0,0.0,13,0.0,0.0,0.0,1.0,0,0.0,0.0,0.0,0.5,0.0,0,0.0,0,2,0,0.0,0,0,66,0.0,0.0,0.0,0.0,3,0.0,0,0,0.0,73,0,0.0,0.0,0,2,0.0,0.0,0.0,0.0,15,0,0.0,0.0,0,5
2015-08,0,0.0,0.0,0,2.0,0,0,0,0,100,0.0,0.0,0.0,0.0,0.5,0.0,0,0,0,100,0,0,0,0.0,100,0,0.0,0.0,0,100,0.0,0.0,0.0,0.0,0.5,0.0,0,0.0,0.0,9,0.0,0.0,0.0,0.0,9,0.0,0.0,0,0,100,0.0,0,0.0,0.0,0.5,0.0,0.0,0,0.0,0.5,0.0,0.0,0.0,0.0,18,0.0,0.0,0.0,2.0,0,0.0,0.0,0.0,0.5,0.0,0,0.0,0,3,0,0.0,0,0,90,0.0,0.0,0.0,0.0,5,0.0,0,0,0.0,100,0,0.0,0.0,0,3,0.0,0.0,0.0,0.0,21,0,0.0,0.0,0,8
2015-09,0,0.0,0.0,0,2.0,0,0,0,0,85,0.0,0.0,0.0,0.0,0.5,0.0,0,0,0,85,0,0,0,0.0,85,0,0.0,0.0,0,85,0.0,0.0,0.0,0.0,0.5,0.0,0,0.0,0.0,8,0.0,0.0,0.0,0.0,7,0.0,0.0,0,0,85,0.0,0,0.0,0.0,0.5,0.0,0.0,0,0.0,0.5,0.0,0.0,0.0,0.0,16,0.0,0.0,0.0,2.0,0,0.0,0.0,0.0,0.5,0.0,0,0.0,0,3,0,0.0,0,0,77,0.0,0.0,0.0,0.0,4,0.0,0,0,0.0,85,0,0.0,0.0,0,3,0.0,0.0,0.0,0.0,18,0,0.0,0.0,0,6
2015-10,0,0.0,0.0,0,1.0,0,0,0,0,36,0.0,0.0,0.0,0.0,0.5,0.0,0,0,0,36,0,0,0,0.0,36,0,0.0,0.0,0,36,0.0,0.0,0.0,0.0,0.5,0.0,0,0.0,0.0,3,0.0,0.0,0.0,0.0,3,0.0,0.0,0,0,36,0.0,0,0.0,0.0,0.5,0.0,0.0,0,0.0,0.5,0.0,0.0,0.0,0.0,7,0.0,0.0,0.0,1.0,0,0.0,0.0,0.0,0.5,0.0,0,0.0,0,1,0,0.0,0,0,32,0.0,0.0,0.0,0.0,2,0.0,0,0,0.0,36,0,0.0,0.0,0,1,0.0,0.0,0.0,0.0,7,0,0.0,0.0,0,3
2015-11,0,0.0,0.0,0,1.0,0,0,0,0,62,0.0,0.0,0.0,0.0,0.5,0.0,0,0,0,62,0,0,0,0.0,62,0,0.0,0.0,0,62,0.0,0.0,0.0,0.0,0.5,0.0,0,0.0,0.0,6,0.0,0.0,0.0,0.0,5,0.0,0.0,0,0,62,0.0,0,0.0,0.0,0.5,0.0,0.0,0,0.0,0.5,0.0,0.0,0.0,0.0,12,0.0,0.0,0.0,1.0,0,0.0,0.0,0.0,0.5,0.0,0,0.0,0,2,0,0.0,0,0,56,0.0,0.0,0.0,0.0,3,0.0,0,0,0.0,62,0,0.0,0.0,0,2,0.0,0.0,0.0,0.0,13,0,0.0,0.0,0,5
2015-12,0,0.0,0.0,0,1.0,0,0,0,0,74,0.0,0.0,0.0,0.0,0.5,0.0,0,0,0,74,0,0,0,0.0,74,0,0.0,0.0,0,74,0.0,0.0,0.0,0.0,0.5,0.0,0,0.0,0.0,7,0.0,0.0,0.0,0.0,6,0.0,0.0,0,0,74,0.0,0,0.0,0.0,0.5,0.0,0.0,0,0.0,0.5,0.0,0.0,0.0,0.0,14,0.0,0.0,0.0,2.0,0,0.0,0.0,0.0,0.5,0.0,0,0.0,0,2,0,0.0,0,0,67,0.0,0.0,0.0,0.0,4,0.0,0,0,0.0,74,0,0.0,0.0,0,2,0.0,0.0,0.0,0.0,16,0,0.0,0.0,0,6
2016-01,0,0.0,0.0,0,1.0,0,0,0,0,72,0.0,0.0,0.0,0.0,0.5,0.0,0,0,0,72,0,0,0,0.0,72,0,0.0,0.0,0,72,0.0,0.0,0.0,0.0,0.5,0.0,0,0.0,0.0,7,0.0,0.0,0.0,0.0,6,0.0,0.0,0,0,72,0.0,0,0.0,0.0,0.5,0.0,0.0,0,0.0,0.5,0.0,0.0,0.0,0.0,13,0.0,0.0,0.0,1.0,0,0.0,0.0,0.0,0.5,0.0,0,0.0,0,2,0,0.0,0,0,65,0.0,0.0,0.0,1.0,3,0.0,0,0,0.0,72,0,0.0,0.0,0,2,0.0,0.0,0.0,0.0,15,0,0.0,0.0,0,5
2016-02,0,0.0,0.0,0,1.0,0,0,0,0,38,0.0,0.0,0.0,0.0,0.5,0.0,0,0,0,38,0,0,0,0.0,38,0,0.0,0.0,0,38,0.0,0.0,0.0,0.0,0.5,0.0,0,0.0,0.0,3,0.0,0.0,0.0,0.0,3,0.0,0.0,0,0,38,0.0,0,0.0,0.0,0.5,0.0,0.0,0,0.0,0.5,0.0,0.0,0.0,0.0,7,0.0,0.0,0.0,1.0,0,0.0,0.0,0.0,0.5,0.0,0,0.0,0,1,0,0.0,0,0,34,0.0,0.0,0.0,0.0,2,0.0,0,0,0.0,38,0,0.0,0.0,0,1,0.0,0.0,0.0,0.0,8,0,0.0,0.0,0,3
2016-03,0,0.0,0.0,0,1.0,0,0,0,0,58,0.0,0.0,0.0,0.0,0.5,0.0,0,0,0,58,0,0,0,0.0,58,0,0.0,0.0,0,58,0.0,0.0,0.0,0.0,0.5,0.0,0,0.0,0.0,5,0.0,0.0,0.0,0.0,5,0.0,0.0,0,0,58,0.0,0,0.0,0.0,0.5,0.0,0.0,0,0.0,0.5,0.0,0.0,0.0,0.0,11,0.0,0.0,0.0,1.0,0,0.0,0.0,0.0,0.5,0.0,0,0.0,0,2,0,0.0,0,0,53,0.0,0.0,0.0,0.0,3,0.0,0,0,0.0,58,0,0.0,0.0,0,2,0.0,0.0,0.0,0.0,12,0,0.0,0.0,0,4
2016-04,0,0.0,0.0,0,1.0,0,0,0,0,64,0.0,0.0,0.0,0.0,0.5,0.0,0,0,0,64,0,0,0,0.0,64,0,0.0,0.0,0,64,0.0,0.0,0.0,0.0,0.5,0.0,0,0.0,0.0,6,0.0,0.0,0.0,0.0,6,0.0,0.0,0,0,64,0.0,0,0.0,0.0,0.5,0.0,0.0,0,0.0,0.5,0.0,0.0,0.0,0.0,12,0.0,0.0,0.0,1.0,0,0.0,0.0,0.0,0.5,0.0,0,0.0,0,2,0,0.0,0,0,58,0.0,0.0,0.0,0.0,3,0.0,0,0,0.0,64,0,0.0,0.0,0,2,0.0,0.0,0.0,0.0,13,0,0.0,0.0,0,5
2016-05,0,0.0,0.0,0,1.0,0,0,0,0,53,0.0,0.0,0.0,0.0,0.5,0.0,0,0,0,53,0,0,0,0.0,53,0,0.0,0.0,0,53,0.0,0.0,0.0,0.0,0.5,0.0,0,0.0,0.0,5,0.0,0.0,0.0,0.0,5,0.0,0.0,0,0,53,0.0,0,0.5,0.0,0.5,0.0,0.0,0,0.0,0.5,0.0,0.0,0.0,0.0,10,0.0,0.0,0.0,1.0,0,0.0,0.0,0.0,0.5,0.0,0,0.0,0,2,0,0.0,0,0,48,0.0,0.0,0.0,0.0,3,0.0,0,0,0.0,53,0,0.0,0.0,0,2,0.0,0.0,0.0,0.0,11,0,0.0,0.0,0,4
2016-06,0,0.0,0.0,0,1.0,0,0,0,0,72,0.0,0.0,0.0,0.0,0.5,0.0,0,0,0,72,0,0,0,0.0,72,0,0.0,0.0,0,72,0.0,0.0,0.0,0.0,0.5,0.0,0,0.0,0.0,7,0.0,0.0,0.0,0.0,6,0.0,0.0,0,0,72,0.0,0,0.0,0.0,0.5,0.0,0.0,0,0.0,0.5,0.0,0.0,0.0,0.0,13,0.0,0.0,0.0,1.0,0,0.0,0.0,0.0,0.5,0.0,0,0.0,0,2,0,0.0,0,0,65,0.0,0.0,0.0,0.0,3,0.0,0,0,0.0,72,0,0.0,0.0,0,2,0.0,0.0,0.0,0.0,15,0,0.0,0.0,0,5
2016-07,0,0.0,0.0,0,1.0,0,0,0,0,33,0.0,0.0,0.0,0.0,0.5,0.0,0,0,0,33,0,0,0,0.0,33,0,0.0,0.0,0,33,0.0,0.0,0.0,0.0,0.5,0.0,0,0.0,0.0,3,0.0,0.0,0.0,0.0,3,0.0,0.0,0,0,33,0.0,0,0.0,0.0,0.5,0.0,0.0,0,0.0,0.5,0.0,0.0,0.0,0.0,6,0.0,0.0,0.0,1.0,0,0.0,0.0,0.0,0.5,0.0,0,0.0,0,1,0,0.0,0,0,30,0.0,0.0,0.0,0.0,2,0.0,0,0,0.0,33,0,0.0,0.0,0,1,0.0,0.0,0.0,0.0,7,0,0.0,0.0,0,3
2016-08,0,0.0,0.0,0,1.0,0,0,0,0,47,0.0,0.0,0.0,0.0,0.5,0.0,0,0,0,47,0,0,0,0.0,47,0,0.0,0.0,0,47,0.0,0.0,0.0,0.0,0.5,0.0,0,0.0,0.0,4,0.0,0.0,0.0,0.0,4,0.0,0.0,0,0,47,0.0,0,0.5,0.0,0.5,0.0,0.0,0,0.0,0.5,0.0,0.0,0.0,0.0,9,0.0,0.0,0.0,1.0,0,0.0,0.0,0.0,0.5,0.0,0,0.0,0,2,0,0.0,0,0,42,0.0,0.0,0.0,0.0,2,0.0,0,0,0.0,47,0,0.0,0.0,0,1,0.0,0.0,0.0,0.0,10,0,0.0,0.0,0,4
2016-09,0,0.0,0.0,0,1.0,0,0,0,0,35,0.0,0.0,0.0,0.0,0.5,0.0,0,0,0,35,0,0,0,0.0,35,0,0.0,0.0,0,35,0.0,0.0,0.0,0.0,0.5,0.0,0,0.0,0.0,3,0.0,0.0,0.0,0.0,3,0.0,0.0,0,0,35,0.0,0,0.0,0.0,0.5,0.0,0.0,0,0.0,0.5,0.0,0.0,0.0,0.0,7,0.0,0.0,0.0,1.0,0,0.0,0.0,0.0,0.5,0.0,0,0.0,0,1,0,0.0,0,0,32,0.0,0.0,0.0,0.0,2,0.0,0,0,0.0,35,0,0.0,0.0,0,1,0.0,0.0,0.0,0.0,7,0,0.0,0.0,0,3
2016-10,0,0.0,0.0,0,1.0,0,0,0,0,54,0.0,0.0,0.0,0.0,0.5,0.0,0,0,0,54,0,0,0,0.0,54,0,0.0,0.0,0,54,0.0,0.0,0.0,0.0,0.5,0.0,0,0.0,0.0,5,0.0,0.0,0.0,0.0,5,0.0,0.0,0,0,54,0.0,0,0.0,0.0,0.5,0.0,0.0,0,0.0,0.5,0.0,0.0,0.0,0.0,10,0.0,0.0,0.0,1.0,0,0.0,0.0,0.0,0.5,0.0,0,0.0,0,2,0,0.0,0,0,49,0.0,0.0,0.0,0.0,3,0.0,0,0,0.0,54,0,0.0,0.0,0,2,0.0,0.0,0.0,0.0,11,0,0.0,0.0,0,4
2016-11,0,0.0,0.0,0,1.0,0,0,0,0,53,0.0,0.0,0.0,0.0,0.5,0.0,0,0,0,53,0,0,0,0.0,53,0,0.0,0.0,0,53,0.0,0.0,0.0,0.0,0.5,0.0,0,0.0,0.0,5,0.0,0.0,0.0,0.0,5,0.0,0.0,0,0,53,0.0,0,0.5,0.0,0.5,0.0,0.0,0,0.0,0.5,0.0,0.0,0.0,0.0,10,0.0,0.0,0.0,1.0,0,0.0,0.0,0.0,0.5,0.0,0,0.0,0,2,0,0.0,0,0,48,0.0,0.0,0.0,0.0,3,0.0,0,0,0.0,53,0,0.0,0.0,0,2,0.0,0.0,0.0,0.0,11,0,0.0,0.0,0,4
2016-12,0,0.0,0.0,0,1.0,0,0,0,0,65,0.0,0.0,0.0,0.0,0.5,0.0,0,0,0,65,0,0,0,0.0,65,0,0.0,0.0,0,65,0.0,0.0,0.0,0.0,0.5,0.0,1,0.0,0.0,6,0.0,0.0,0.0,0.0,6,0.0,0.0,0,0,65,0.0,0,0.5,0.0,0.5,0.0,0.0,0,0.0,0.5,0.0,0.0,0.0,0.0,12,0.0,0.0,0.0,1.0,0,0.0,0.0,0.0,0.5,0.0,0,0.0,0,2,0,0.0,0,0,59,0.0,0.0,0.0,0.0,3,0.0,0,0,0.0,65,0,0.0,0.0,0,2,0.0,0.0,0.0,0.0,14,0,0.0,0.0,0,5
2017-01,0,0.0,0.0,0,1.0,0,0,0,0,50,0.0,0.0,0.0,0.0,0.5,0.0,0,0,0,50,0,0,0,0.0,50,0,0.0,0.0,0,50,0.0,0.0,0.0,0.0,0.5,0.0,0,0.0,0.0,5,0.0,0.0,0.0,0.0,4,0.0,0.0,0,0,50,0.0,0,0.5,0.0,0.5,0.0,0.0,0,0.0,0.5,0.0,0.0,0.0,0.0,9,0.0,0.0,0.0,1.0,0,0.0,0.0,0.0,0.5,0.0,0,0.0,0,2,0,0.0,0,0,45,0.0,0.0,0.0,0.0,2,0.0,0,0,0.0,50,0,0.0,0.0,0,2,0.0,0.0,0.0,0.0,10,0,0.0,0.0,0,4
2017-02,0,0.0,0.0,0,1.0,0,0,0,0,54,0.0,0.0,0.0,0.0,0.5,0.0,0,0,0,54,0,0,0,0.0,54,0,0.0,0.0,0,54,0.0,0.0,0.0,0.0,0.5,0.0,1,0.0,0.0,5,0.0,0.0,0.0,0.0,5,0.0,0.0,0,0,54,0.0,0,0.5,0.0,0.5,0.0,0.0,0,0.0,0.5,0.0,0.0,0.0,0.0,10,0.0,0.0,0.0,1.0,0,0.0,0.0,0.0,0.5,0.0,0,0.0,0,2,0,0.0,0,0,49,0.0,0.0,0.0,0.0,3,0.0,0,0,0.0,54,0,0.0,0.0,0,2,0.0,0.0,0.0,0.0,11,0,0.0,0.0,0,4
2017-03,0,0.0,0.0,0,1.0,0,0,0,0,63,0.0,0.0,0.0,0.0,0.5,0.0,0,0,0,63,0,0,0,0.0,63,0,0.0,0.0,0,63,0.0,0.0,0.0,0.0,0.5,0.0,0,0.0,0.0,6,0.0,0.0,0.0,0.0,5,0.0,0.0,0,0,63,0.0,0,0.5,0.0,0.5,0.0,0.0,0,0.0,0.5,0.0,0.0,0.0,0.0,12,0.0,0.0,0.0,1.0,0,0.0,0.0,0.0,0.5,0.0,0,0.0,0,2,0,0.0,0,0,57,0.0,0.0,0.0,0.0,3,0.0,0,0,0.0,63,0,0.0,0.0,0,2,0.0,2.0,0.0,0.0,13,0,0.0,0.0,0,5
2017-04,0,0.0,0.0,0,1.0,0,0,0,0,53,0.0,0.0,0.5,0.0,0.5,0.0,0,0,0,53,0,0,0,0.0,53,0,0.0,0.0,0,53,0.0,0.0,0.0,0.0,0.5,0.0,0,0.0,0.0,5,0.0,0.0,0.0,0.0,5,0.0,0.0,0,0,53,0.0,0,0.5,0.0,0.5,0.0,0.0,0,0.0,0.5,0.0,0.0,0.0,0.0,10,0.0,0.0,0.0,1.0,0,0.0,0.0,0.0,0.5,0.0,0,0.0,0,2,0,0.0,0,0,48,0.0,0.0,0.0,0.0,3,0.0,0,0,0.0,53,0,0.0,0.0,0,2,0.0,0.0,0.0,0.0,11,0,0.0,0.0,0,4
2017-05,0,0.0,0.0,0,1.0,0,0,0,0,35,0.0,0.0,0.5,0.0,0.5,0.0,0,0,0,35,0,0,0,0.0,35,0,0.0,0.0,0,35,0.0,0.0,0.0,0.0,0.5,0.0,0,0.0,0.0,3,0.0,0.0,0.0,0.0,3,0.0,0.0,0,0,35,0.0,0,0.5,0.0,0.5,0.0,0.0,0,0.0,0.5,0.0,0.0,0.0,0.0,6,0.0,0.0,0.0,1.0,0,0.0,0.0,0.0,0.5,0.0,0,0.0,0,1,0,0.0,0,0,31,0.0,0.0,0.0,0.0,2,0.0,0,0,0.0,35,0,0.0,0.0,0,1,0.0,0.0,0.0,0.0,7,0,0.0,0.0,0,3
2017-06,0,0.0,0.0,0,1.0,0,0,0,0,34,0.0,0.0,0.0,0.0,0.5,0.0,0,0,0,34,0,0,0,0.0,34,0,0.0,0.0,0,34,0.0,0.0,0.0,0.0,0.5,0.0,0,0.0,0.0,3,0.0,0.0,0.0,0.0,3,0.0,0.0,0,0,34,0.0,0,0.5,0.0,0.5,0.0,0.0,0,0.0,0.5,0.0,0.0,0.0,0.0,6,0.0,0.0,0.0,1.0,0,0.0,0.0,0.0,0.5,0.0,0,0.0,0,1,0,0.0,0,0,30,0.0,0.0,0.0,0.0,2,0.0,0,0,0.0,34,0,0.0,0.0,0,1,0.0,0.0,0.0,0.0,7,0,0.0,0.0,0,3
2017-07,0,0.0,0.0,0,1.0,0,0,0,0,36,0.0,0.0,0.5,0.0,0.5,0.0,0,0,0,36,0,0,0,0.0,36,0,0.0,0.0,0,36,0.0,0.0,0.0,0.0,0.5,0.0,0,1.0,0.0,3,0.0,0.0,0.0,0.0,3,0.0,0.0,0,0,36,0.0,0,0.5,0.0,0.5,0.0,0.0,0,0.0,0.5,0.0,0.0,0.0,0.0,7,0.0,0.0,0.0,1.0,0,0.0,0.0,0.0,0.5,0.0,0,0.0,0,1,0,0.0,0,0,32,0.0,0.0,0.0,0.0,2,0.0,0,0,0.0,36,0,0.0,0.0,0,1,0.0,0.0,0.0,0.0,8,0,0.0,0.0,0,3
2017-08,0,0.0,0.0,0,1.0,0,0,0,0,39,0.0,0.0,0.0,0.0,0.5,0.0,0,0,0,39,0,0,0,0.0,39,0,0.0,0.0,0,39,0.0,0.0,0.0,0.0,0.5,0.0,1,1.0,0.0,4,0.0,0.0,0.0,0.0,3,0.0,0.0,0,0,39,0.0,0,0.5,0.0,0.5,0.0,0.0,0,0.0,0.5,0.0,0.0,0.0,0.0,7,0.0,0.0,0.0,1.0,0,0.0,0.0,0.0,0.5,0.0,0,0.0,0,1,0,0.0,0,0,35,0.0,0.0,0.5,0.0,2,0.0,0,0,0.0,39,0,0.0,0.0,0,1,0.0,0.0,0.0,0.0,8,0,0.0,0.0,0,3
2017-09,0,0.0,0.0,0,1.0,0,0,0,0,41,0.0,0.0,0.0,0.0,0.5,0.0,0,0,0,41,0,0,0,0.0,41,0,0.0,0.0,0,41,0.0,0.0,0.0,0.0,0.5,0.0,1,1.0,0.0,4,0.0,0.0,0.0,0.0,3,0.0,0.0,0,0,41,0.0,0,0.5,0.0,0.5,0.0,0.0,0,0.0,0.5,0.0,0.0,0.0,0.0,7,0.0,0.0,0.0,1.0,0,0.0,0.0,0.0,0.5,0.0,0,0.0,0,1,0,0.0,0,0,37,0.0,0.0,0.0,0.0,2,0.0,0,0,0.0,41,0,0.0,0.0,0,1,0.0,0.0,0.0,0.0,8,0,0.0,0.0,0,3
2017-10,0,0.0,0.0,0,1.0,0,0,0,0,48,0.0,0.0,0.5,0.0,0.5,0.0,0,0,0,48,0,0,0,0.0,48,0,0.0,0.0,0,48,0.0,0.0,0.0,0.0,0.5,0.0,1,1.0,0.0,4,0.0,0.0,0.0,0.0,4,0.0,0.0,0,0,48,0.0,0,0.5,0.0,0.5,0.0,0.0,0,0.5,0.5,0.0,0.0,0.0,0.0,9,0.0,0.0,0.0,1.0,0,0.0,0.5,0.0,0.5,0.0,0,0.0,0,2,0,0.0,0,0,43,0.0,0.0,0.0,0.0,2,0.0,0,0,0.0,48,0,0.0,0.0,0,1,0.0,0.0,0.0,0.0,10,0,0.0,0.0,0,4
2017-11,0,0.0,0.0,0,1.0,0,0,0,0,54,0.0,0.0,0.5,0.0,0.5,0.0,0,0,0,54,0,0,0,0.0,54,0,0.0,0.0,0,54,0.0,0.0,0.0,0.0,0.5,0.0,0,1.0,0.0,5,0.0,0.0,0.0,0.0,5,0.0,0.0,0,0,54,0.0,0,0.5,0.0,0.5,0.0,0.0,0,0.0,0.5,0.0,0.0,0.0,0.0,10,0.0,0.0,0.0,1.0,0,0.0,0.0,0.0,0.5,0.0,0,0.0,0,2,0,0.0,0,0,49,0.0,0.0,0.0,0.0,3,0.0,0,0,0.0,54,0,0.0,0.0,0,2,0.0,0.0,0.0,0.0,11,0,0.0,0.0,0,4
2017-12,0,0.0,0.0,0,1.0,0,0,0,0,48,0.0,0.0,0.0,0.0,0.5,0.0,0,0,0,48,0,0,0,0.0,48,0,0.0,0.0,8,48,0.0,0.0,0.0,0.0,0.5,0.0,1,1.0,0.0,4,0.0,0.0,0.0,0.0,4,0.0,0.0,0,0,48,0.0,0,0.5,0.0,0.5,0.0,0.0,0,0.0,0.5,0.0,0.0,0.0,0.0,9,0.0,0.0,0.0,1.0,0,0.0,0.0,0.0,0.5,0.0,0,0.0,0,2,0,0.0,0,0,43,0.0,0.0,0.5,0.0,2,0.0,0,0,0.0,48,0,0.0,0.0,0,2,0.0,0.0,0.0,0.0,10,0,0.0,0.0,0,4
2018-01,0,0.0,0.0,0,1.0,0,0,0,0,42,0.0,0.0,0.5,0.0,0.5,0.0,0,0,0,42,0,0,0,0.0,42,0,0.0,0.0,0,42,0.0,0.0,0.0,0.0,0.5,0.0,1,1.0,0.0,4,0.0,0.0,0.0,0.0,4,0.0,0.0,0,0,42,0.0,0,0.5,0.0,0.5,0.0,0.0,0,0.0,0.5,0.0,0.0,0.0,0.0,8,0.0,0.0,0.0,1.0,0,0.0,0.0,0.0,0.5,0.0,0,0.0,0,1,0,0.0,0,0,38,0.0,0.0,0.0,0.0,2,0.0,0,0,0.0,42,0,0.0,0.0,0,1,0.0,0.0,0.0,0.0,9,0,0.0,0.0,0,3
2018-02,0,0.0,0.0,0,1.0,0,0,0,0,47,0.0,0.0,0.5,0.0,0.5,0.0,0,0,0,47,0,0,0,0.0,47,0,0.0,0.0,0,47,0.0,0.0,0.0,0.0,0.5,0.0,1,1.0,0.0,4,0.0,0.0,0.0,0.0,4,0.0,0.0,0,0,47,0.0,0,0.5,0.0,0.5,0.0,0.0,0,0.0,0.5,0.0,0.0,0.0,0.0,9,0.0,0.0,0.0,1.0,0,0.0,0.0,0.0,0.5,0.0,0,0.0,0,2,0,0.0,0,0,43,0.0,0.0,0.0,0.0,2,0.0,0,0,0.0,47,0,0.0,0.0,0,1,0.0,0.0,0.0,0.0,10,0,0.0,0.0,0,4
2018-03,0,0.0,0.0,0,1.0,0,0,0,0,48,0.0,0.0,0.5,0.0,0.5,0.0,0,0,0,48,0,0,0,0.0,48,0,0.0,0.0,0,48,0.5,0.0,0.0,0.0,0.5,0.0,1,1.0,0.0,4,0.0,1.0,0.0,0.0,4,0.0,0.0,0,0,48,0.0,0,0.5,0.0,0.5,0.0,0.0,0,0.0,0.5,0.0,0.0,0.0,0.0,9,0.0,0.0,0.0,1.0,0,0.0,0.0,0.0,0.5,0.0,0,0.0,0,2,0,0.0,0,0,43,0.0,0.0,0.5,0.0,2,0.0,0,0,0.0,48,0,0.0,0.5,0,2,0.0,0.0,0.0,0.0,10,0,0.0,0.0,0,4
2018-04,0,0.0,0.0,0,1.0,0,0,0,0,49,0.0,0.0,0.5,0.0,0.5,0.0,0,0,0,49,0,0,0,0.0,49,0,0.0,0.0,0,49,0.5,0.0,0.0,0.0,0.5,0.0,1,1.0,0.0,4,0.0,0.0,0.0,0.0,4,0.0,0.0,0,0,49,0.0,0,0.5,0.0,0.5,0.0,0.0,0,0.0,0.5,0.0,0.0,0.0,0.0,9,0.0,0.0,0.0,1.0,0,0.0,0.0,0.0,0.5,0.0,0,0.0,0,2,0,0.0,0,0,44,0.0,0.0,0.5,0.0,2,0.0,0,0,0.0,49,0,0.0,0.0,0,2,0.0,0.0,0.0,0.0,10,0,0.0,0.0,0,4
2018-05,0,0.0,0.0,0,1.0,0,0,0,0,48,0.0,0.0,0.5,0.0,0.5,0.0,0,0,0,48,0,0,0,0.0,48,0,0.0,0.0,0,48,0.0,0.0,0.0,0.0,0.5,0.0,1,1.0,0.0,4,0.0,0.0,0.0,0.0,4,0.0,0.0,0,4,48,0.0,0,0.5,0.0,0.5,0.0,0.0,0,0.0,0.5,0.0,0.0,0.0,0.0,9,0.0,0.0,0.0,1.0,0,0.0,0.0,0.0,0.5,0.5,0,0.0,0,2,0,0.0,0,0,44,0.0,0.0,0.5,0.0,2,0.0,0,0,0.0,48,0,0.0,0.0,0,2,0.0,0.0,0.0,0.0,10,0,0.0,0.0,0,4
2018-06,0,0.0,0.0,0,1.0,0,0,0,0,35,0.0,0.0,0.5,0.0,0.5,0.0,0,0,0,35,0,0,0,0.0,35,0,0.0,0.0,0,35,0.5,0.0,0.0,0.0,0.5,0.0,1,1.0,0.0,3,0.0,0.0,0.0,0.0,3,0.0,0.0,0,0,35,0.0,0,0.5,0.0,0.5,0.0,0.0,0,0.0,0.5,0.0,0.0,0.0,0.0,7,0.0,0.0,0.0,1.0,0,0.0,0.0,0.0,0.5,0.0,0,0.0,0,1,0,0.0,0,0,32,0.0,0.0,0.5,0.0,2,0.0,0,0,0.0,35,0,0.0,0.0,0,1,0.0,0.0,0.0,0.0,7,0,0.0,0.0,0,3
2018-07,0,0.0,0.0,0,1.0,0,0,0,0,42,0.0,0.0,0.5,0.0,0.5,0.0,0,0,0,42,0,0,0,0.0,42,0,0.0,0.0,0,42,0.0,0.0,0.0,0.0,0.5,0.0,1,1.0,0.0,4,0.0,0.0,0.0,0.0,4,0.0,0.0,0,0,42,0.0,0,0.5,0.0,0.5,0.0,0.0,0,0.0,0.5,0.0,0.0,0.0,0.0,8,0.0,0.0,0.5,1.0,0,0.0,0.0,0.0,0.5,0.0,0,0.0,0,1,0,0.0,0,0,37,0.0,0.0,0.5,0.0,2,0.0,0,0,0.0,42,0,0.0,0.0,0,1,0.0,0.0,0.0,0.0,9,0,0.0,0.0,0,3
2018-08,0,0.0,0.0,0,1.0,0,0,0,0,42,0.0,0.0,0.5,0.0,0.5,0.0,0,0,0,42,0,0,0,0.0,42,0,0.0,0.0,0,42,0.5,0.0,0.0,0.0,0.5,0.0,1,1.0,0.0,4,0.0,0.0,0.0,0.0,4,0.0,0.0,0,0,42,0.0,0,0.5,0.0,0.5,0.0,0.0,0,0.0,0.5,0.0,0.0,0.0,0.0,8,0.0,0.0,0.0,1.0,0,0.0,0.0,0.0,0.5,0.0,0,0.0,0,1,0,0.0,0,0,38,0.0,0.0,0.5,0.0,2,0.0,0,0,0.0,42,0,0.0,0.0,0,1,0.0,0.0,0.0,0.0,9,0,0.0,0.0,0,3
2018-09,0,0.0,0.0,0,1.0,0,0,0,0,42,0.0,0.0,0.5,0.0,0.5,0.0,0,0,0,42,0,0,0,0.0,42,0,0.0,0.0,0,42,0.5,0.0,0.0,0.0,0.5,0.0,1,1.0,1.0,4,0.0,0.0,0.0,0.0,4,0.0,0.0,0,0,42,0.0,0,0.5,0.0,0.5,0.0,0.0,0,0.0,0.5,0.0,0.0,0.0,0.0,8,0.0,0.0,0.5,1.0,0,0.0,0.0,0.0,0.5,0.0,0,0.0,0,1,0,0.0,0,0,38,0.0,0.0,0.5,0.0,2,0.0,0,0,0.0,42,0,0.0,0.0,0,1,0.0,0.0,0.0,0.0,9,0,0.0,0.0,0,3
2018-10,0,0.0,0.5,0,1.0,0,0,0,0,39,0.0,0.0,0.5,0.0,0.5,0.0,0,0,0,39,0,0,0,0.0,39,0,0.0,0.0,0,39,0.5,0.0,0.0,0.0,0.5,0.0,1,1.0,0.5,4,0.5,0.5,0.0,0.0,3,0.0,0.0,0,2,39,0.0,0,0.5,0.0,0.5,0.0,0.5,0,0.0,0.5,0.0,0.0,0.0,0.0,7,0.0,0.0,0.5,1.0,0,0.0,0.0,0.0,0.5,0.0,0,0.0,0,1,0,0.0,0,0,36,0.0,0.0,0.5,0.0,2,0.0,0,0,0.0,39,0,0.0,0.0,0,1,0.0,0.0,0.0,0.0,8,0,0.0,0.0,0,3
2018-11,0,0.0,0.0,0,1.0,0,0,0,0,47,0.0,0.0,0.5,0.0,0.5,0.0,0,0,0,47,0,0,0,0.0,47,0,0.0,0.0,0,47,0.5,0.0,0.0,0.0,0.5,0.0,1,1.0,0.5,4,0.0,0.5,0.0,0.0,4,0.0,0.0,0,0,47,0.0,0,0.5,0.0,0.5,0.0,0.0,0,0.0,0.5,0.0,0.0,0.0,0.0,9,0.0,0.0,0.5,1.0,0,0.0,0.0,0.0,0.5,0.0,0,0.0,0,2,0,0.0,0,0,43,0.0,0.0,0.5,0.0,2,0.0,0,0,0.0,47,0,0.0,0.0,0,1,0.0,0.0,0.0,0.0,10,0,0.0,0.0,0,4
2018-12,0,0.0,0.0,0,1.0,0,0,0,0,39,0.0,0.0,0.5,0.0,0.5,0.0,0,0,0,39,0,0,0,0.0,39,0,0.0,0.0,0,39,0.5,0.0,0.0,0.0,0.5,0.0,1,1.0,0.5,4,0.5,0.0,0.0,0.0,3,0.0,0.0,0,0,39,0.0,0,0.5,0.0,0.5,0.0,0.0,0,0.0,0.5,0.0,0.0,0.0,0.0,7,0.0,0.0,0.5,1.0,0,0.0,0.0,0.0,0.5,0.0,0,0.0,0,1,0,0.0,0,0,36,0.0,0.0,0.5,0.0,2,0.0,0,0,0.0,39,0,0.0,0.0,0,1,0.0,0.0,0.0,0.0,8,0,0.0,0.0,0,3
2019-01,0,0.0,0.0,0,1.0,0,0,0,0,32,0.0,0.0,0.5,0.0,0.5,0.0,0,0,0,32,0,0,0,0.0,32,0,0.0,0.0,0,32,0.5,0.0,0.0,0.0,0.5,0.0,1,1.0,0.5,3,0.5,0.5,0.0,0.0,3,0.0,0.0,0,0,32,0.0,0,0.5,0.0,0.5,0.0,0.0,0,0.0,0.5,0.0,0.0,0.0,0.0,6,0.0,0.0,0.5,1.0,0,0.0,0.0,0.0,0.5,0.0,0,0.0,0,1,0,0.0,0,0,29,0.0,0.0,0.5,0.0,2,0.0,0,0,0.0,32,0,0.0,0.0,0,1,0.0,0.0,0.0,0.0,7,0,0.0,0.0,0,2
2019-02,0,0.0,0.0,0,1.0,0,0,0,0,45,0.0,0.0,0.5,0.0,0.5,0.0,0,0,0,45,0,0,0,0.0,45,0,0.0,0.0,0,45,0.5,0.0,0.0,0.0,0.5,0.0,1,1.0,0.0,4,0.0,0.5,0.0,0.0,4,0.0,0.0,0,0,45,0.0,0,0.5,0.0,0.5,0.0,0.0,0,0.0,0.5,0.0,0.0,0.0,0.0,8,0.0,0.0,0.5,1.0,0,0.0,0.0,0.0,0.5,0.0,0,0.0,0,1,0,0.0,0,0,41,0.0,0.0,0.5,0.0,2,0.0,0,0,0.0,45,0,0.5,0.0,0,1,0.0,0.0,0.0,1.0,9,0,0.0,0.0,0,3
2019-03,0,0.0,0.0,0,1.0,0,3,0,0,68,0.0,0.0,0.5,0.0,0.5,0.0,3,0,0,68,0,0,0,0.0,68,0,0.0,0.0,0,68,0.5,0.0,0.0,0.0,0.5,0.0,1,1.0,0.5,6,0.5,0.5,0.0,0.0,6,0.0,0.0,0,0,68,0.0,0,0.5,0.0,0.5,0.0,0.0,0,0.0,0.5,0.0,0.0,0.0,0.0,13,0.0,0.0,0.5,1.0,0,0.0,0.0,0.0,0.5,0.0,0,0.5,0,2,0,0.0,0,0,61,0.0,0.0,0.5,0.0,3,0.0,0,0,0.0,68,0,0.0,0.0,0,2,0.0,0.0,0.0,0.0,14,0,0.0,0.0,0,5
2019-04,0,0.0,0.0,0,1.0,0,0,0,0,56,0.0,0.0,0.5,0.0,0.5,0.0,0,0,0,56,0,0,0,0.0,56,0,0.0,0.0,0,56,0.5,0.0,0.0,0.0,0.5,0.0,1,1.0,0.5,5,0.5,0.5,0.0,0.5,5,0.0,0.0,0,0,56,0.0,0,0.5,0.0,0.5,0.0,0.0,0,0.0,0.5,0.0,0.0,0.0,0.0,10,0.0,0.0,0.5,1.0,0,0.0,0.0,0.0,0.5,0.0,0,0.0,0,2,0,0.0,0,0,50,0.0,0.0,1.0,0.0,3,0.0,0,0,0.0,56,0,0.0,0.0,0,2,0.0,0.0,0.0,0.0,12,0,0.0,0.0,0,4
2019-05,0,0.0,0.0,0,1.0,0,0,0,0,61,0.0,0.0,0.5,0.0,0.5,0.0,0,0,0,61,0,0,0,0.0,61,0,0.0,0.0,0,61,0.5,0.0,0.0,0.0,0.5,0.0,1,1.0,0.5,6,0.0,0.0,0.0,0.0,5,0.0,0.0,0,0,61,0.0,0,0.5,0.0,0.5,0.0,0.0,0,0.0,0.5,0.0,0.0,0.0,0.0,11,0.0,0.0,0.5,1.0,0,0.0,0.0,0.0,0.5,0.0,0,0.0,0,2,0,0.0,0,0,55,0.0,0.0,0.5,0.0,3,0.0,0,0,0.0,61,0,0.0,0.0,0,2,0.0,0.0,0.0,0.0,13,0,0.5,0.0,0,5
2019-06,0,0.0,0.0,0,1.0,0,0,0,0,34,0.0,0.0,0.5,0.0,0.5,0.0,0,0,0,34,0,0,0,0.0,34,0,0.0,0.0,0,34,0.5,0.0,0.0,0.0,0.5,0.0,1,1.0,0.5,3,0.0,0.0,0.0,0.0,3,0.0,0.0,0,0,34,0.0,0,0.5,0.0,0.5,0.0,0.0,0,0.0,0.5,0.0,0.0,0.0,0.0,6,0.0,0.0,0.5,1.0,0,0.0,0.0,0.0,0.5,0.0,0,0.0,0,1,0,0.0,0,0,31,0.0,0.0,0.5,0.0,2,0.0,0,0,0.0,34,0,0.0,0.0,0,1,0.0,0.0,0.0,0.0,7,0,0.0,0.0,0,3
2019-07,0,0.0,0.0,0,1.0,0,0,0,0,58,0.0,0.0,0.5,0.0,0.5,0.0,0,0,0,58,0,0,0,0.0,58,0,0.0,0.0,0,58,0.5,0.0,0.0,0.0,0.5,0.0,1,1.0,0.5,5,0.0,0.0,0.0,0.0,5,0.0,0.0,0,0,58,0.0,0,0.5,0.0,0.5,0.0,0.0,0,0.0,0.5,0.0,0.0,0.0,0.0,11,0.0,0.0,0.5,1.0,0,0.0,0.0,0.0,0.5,0.0,0,0.0,0,2,0,0.0,0,0,52,0.0,0.0,0.5,0.0,3,0.0,0,0,0.0,58,0,0.0,0.0,0,2,0.0,0.0,0.0,0.0,12,0,0.0,0.0,0,4
2019-08,0,0.0,0.0,0,1.0,0,0,0,0,49,0.0,0.0,0.5,0.0,0.5,0.0,0,0,0,49,0,0,3,0.0,49,0,0.0,0.0,0,49,0.5,0.0,0.0,0.0,0.5,0.0,1,1.0,1.0,4,0.5,0.5,0.0,0.0,4,0.0,0.0,0,4,49,0.0,0,0.5,0.0,0.5,0.0,0.0,0,0.0,0.5,0.0,0.0,0.0,0.0,9,0.0,0.0,0.5,1.0,0,0.0,0.0,0.0,0.5,0.0,0,0.0,0,2,0,0.0,0,0,44,0.0,0.0,0.5,0.0,2,0.0,0,0,0.0,49,0,0.0,0.0,0,2,0.0,0.0,0.0,0.0,10,0,0.0,0.0,0,4
2019-09,0,0.0,0.0,0,1.0,0,0,0,0,47,0.0,0.0,0.5,0.0,0.5,0.0,0,0,0,47,0,0,0,0.0,47,0,0.0,0.0,0,47,0.5,0.0,0.0,0.0,0.5,0.0,1,1.0,0.5,4,0.5,0.0,0.0,0.0,4,0.0,0.0,0,0,47,0.0,0,0.5,0.0,0.5,0.0,0.0,0,0.0,0.5,0.0,0.0,0.0,0.0,9,0.0,0.0,0.5,1.0,0,0.0,0.0,0.0,0.5,0.0,0,0.0,0,2,0,0.0,0,0,43,0.0,0.0,0.5,0.0,2,0.0,3,0,0.0,47,0,0.0,0.0,0,1,0.0,0.0,0.0,0.0,10,0,0.5,0.0,0,4
2019-10,0,0.0,0.0,0,1.0,0,0,0,0,50,0.0,0.0,0.5,0.0,0.5,0.0,0,0,0,50,0,0,3,0.0,50,0,0.0,0.0,0,50,0.5,0.0,0.0,0.0,0.5,0.0,1,1.0,0.5,5,0.5,0.0,0.0,0.0,4,0.0,0.0,0,2,50,0.0,0,0.5,0.0,0.5,0.0,0.0,0,0.0,0.5,0.0,0.0,0.0,0.0,9,0.0,0.0,0.5,1.0,0,0.0,0.0,0.0,0.5,0.0,0,0.0,0,2,0,0.0,0,0,45,0.0,0.0,1.0,0.0,2,0.0,2,0,0.0,50,0,0.0,0.0,0,2,0.0,0.0,0.5,0.0,10,0,0.0,0.0,0,4
2019-11,0,0.0,0.0,0,1.0,0,0,0,0,38,0.0,0.0,0.5,0.0,0.5,0.0,0,0,0,38,0,0,0,0.0,38,0,0.0,0.0,0,38,0.5,0.0,0.0,0.0,0.5,0.0,1,1.0,0.5,4,0.5,0.5,0.0,0.0,3,0.0,0.0,0,3,38,0.0,0,0.5,0.0,0.5,0.0,0.0,0,0.0,0.5,0.0,0.5,0.0,0.0,7,0.0,0.0,0.5,1.0,0,0.0,0.0,0.0,0.5,0.0,0,0.0,0,1,0,0.0,0,0,35,0.0,0.0,0.5,0.0,2,0.0,2,0,0.0,38,0,0.0,0.0,0,1,0.0,0.0,1.0,0.0,8,0,0.0,0.0,0,3
2019-12,0,0.0,0.0,0,1.0,0,2,0,0,35,0.0,0.0,0.5,0.0,0.5,0.0,0,0,0,35,0,0,0,0.0,35,0,0.0,0.0,0,35,0.5,0.0,0.0,0.0,0.5,0.0,1,1.0,0.5,3,0.5,0.5,0.0,0.0,3,0.0,0.0,0,3,35,0.0,0,0.5,0.0,0.5,0.0,0.0,0,0.0,0.5,0.0,0.0,0.0,0.0,7,0.0,0.0,0.5,1.0,0,0.0,0.0,0.5,0.5,0.0,0,0.0,0,1,0,0.0,0,0,32,0.0,0.0,0.5,0.0,2,0.0,0,0,0.0,35,0,0.0,0.0,0,1,0.0,0.0,0.0,0.0,7,0,0.0,0.0,0,3
2020-01,0,0.0,0.0,0,1.0,0,0,0,0,40,0.0,0.0,0.5,0.0,0.5,0.0,0,0,0,40,0,0,2,0.0,40,0,0.0,0.0,0,40,0.5,0.0,0.0,0.0,0.5,0.0,1,1.0,0.5,4,0.5,0.0,0.0,0.0,3,0.0,0.0,0,3,40,0.0,0,0.5,0.0,0.5,0.0,0.0,0,0.0,0.5,0.0,0.0,0.0,0.0,7,0.0,0.0,0.5,1.0,0,0.0,0.0,0.0,0.5,0.0,0,0.0,0,1,0,0.0,0,0,36,0.0,0.0,0.5,0.0,2,0.0,2,0,0.0,40,0,0.5,0.0,0,1,0.0,0.0,0.0,0.5,8,0,0.0,0.0,0,3
2020-02,0,0.0,0.0,0,1.0,0,0,0,0,39,0.0,0.0,0.5,0.5,0.5,0.0,0,0,0,39,0,0,0,0.0,39,0,0.0,0.0,0,39,0.5,0.0,0.0,0.0,0.5,0.5,1,1.0,1.0,4,0.5,0.5,0.0,0.0,3,0.0,0.0,0,3,39,0.0,0,0.5,0.0,0.5,0.0,0.0,0,0.0,0.5,0.0,0.0,0.0,0.0,7,0.5,0.0,0.5,1.0,0,0.0,0.0,0.0,0.5,0.0,0,0.0,0,1,0,0.0,0,0,35,0.0,0.0,1.0,0.0,2,0.0,2,0,0.0,39,0,0.0,0.0,0,1,0.0,0.0,0.0,0.0,8,0,0.0,0.0,0,3
2020-03,0,0.0,0.0,0,1.0,0,1,0,1,36,0.0,0.0,0.5,0.0,0.5,0.0,0,0,0,36,0,0,0,0.0,36,0,0.0,0.0,0,36,0.5,0.0,0.0,0.0,0.5,0.0,2,2.0,1.0,3,0.5,0.5,0.5,0.0,3,0.0,0.0,0,0,36,0.0,0,0.5,0.0,0.5,0.0,0.0,0,0.0,0.5,0.0,0.0,0.5,0.0,7,0.0,0.0,0.5,1.0,0,0.0,0.0,0.0,0.5,0.0,0,0.0,0,1,0,0.0,0,0,33,0.0,0.5,1.0,0.0,2,0.0,2,0,0.0,36,0,0.0,0.0,0,1,0.0,0.0,0.0,0.0,8,0,0.0,0.0,0,3
2020-04,0,0.0,0.0,0,1.0,0,2,0,0,41,0.0,0.0,0.5,0.0,0.5,0.0,0,0,0,41,0,0,2,0.0,41,0,0.0,0.0,0,41,0.5,0.0,0.0,0.0,0.5,0.0,2,2.0,1.0,4,0.5,1.0,0.0,0.0,3,0.0,0.0,0,2,41,0.0,0,0.5,0.0,0.5,0.0,0.0,0,0.0,0.5,0.0,0.0,0.0,0.0,8,0.0,0.0,0.5,1.0,0,0.0,0.0,0.0,0.5,0.0,0,0.0,0,1,0,4.0,0,0,37,0.0,0.5,1.0,0.0,2,0.0,2,0,0.0,41,0,0.5,0.0,0,1,0.0,0.0,0.0,0.5,9,0,0.5,0.0,0,3
2020-05,0,0.0,0.0,0,1.0,0,1,0,0,36,0.0,0.0,0.5,0.5,0.5,0.0,0,0,0,36,0,0,0,0.0,36,0,0.0,0.0,0,36,0.5,0.0,0.0,0.5,0.5,0.0,2,2.0,1.0,3,0.5,0.5,0.0,0.0,3,0.0,1.0,0,1,36,0.0,0,0.5,0.0,0.5,0.0,0.0,0,0.0,0.5,0.0,0.0,0.0,0.0,7,0.0,0.0,0.5,1.0,0,0.0,0.0,0.0,0.5,0.0,0,0.0,0,1,0,2.0,0,0,33,0.0,0.0,0.5,0.0,2,0.0,2,0,0.0,36,0,0.0,0.0,0,1,0.0,0.0,0.0,0.0,8,0,0.0,0.0,0,3
2020-06,0,0.0,0.0,0,1.0,0,0,0,0,39,0.0,0.0,0.5,0.0,0.5,0.0,0,0,0,39,0,0,1,0.0,39,0,0.0,0.0,0,39,0.5,0.0,0.0,0.0,0.5,0.0,2,2.0,1.0,4,0.5,0.5,0.0,0.0,3,0.0,0.0,0,1,39,0.0,0,0.5,0.0,0.5,0.0,0.0,0,0.0,0.5,0.0,0.0,0.0,0.0,7,0.0,0.0,0.5,1.0,0,0.0,0.0,0.0,0.5,0.0,0,0.0,0,1,0,0.0,0,0,35,0.0,0.0,0.5,0.0,2,0.0,2,0,0.0,39,0,0.0,0.0,0,1,0.0,0.0,0.5,0.0,8,0,0.5,0.0,0,3
2020-07,0,0.0,0.0,0,1.0,0,0,0,0,44,0.0,0.0,0.5,0.0,0.5,0.0,0,0,0,44,0,1,0,0.0,44,0,0.0,0.0,0,44,0.5,0.0,0.0,0.0,0.5,0.0,2,2.0,1.0,4,0.5,0.5,0.0,0.0,4,0.0,0.0,0,2,44,0.0,0,0.5,0.0,0.5,0.0,0.0,0,0.0,0.5,0.0,0.0,0.0,0.0,8,0.0,0.0,0.5,1.0,0,0.0,0.0,0.0,0.5,0.0,0,0.0,0,1,0,1.0,0,0,39,0.0,0.0,0.5,0.0,2,0.0,2,0,0.0,44,0,0.0,0.0,0,1,0.0,0.0,0.5,0.0,9,0,0.0,0.0,0,3
2020-08,0,0.0,0.0,0,1.0,0,1,0,0,44,0.0,0.0,0.5,0.0,0.5,0.0,0,0,0,44,0,0,2,2.0,44,0,2.0,0.0,0,44,0.5,0.0,0.0,0.0,0.5,0.0,1,2.0,1.0,4,0.5,0.5,0.0,0.0,4,0.0,0.0,0,2,44,0.0,0,0.5,0.0,0.5,0.0,0.0,0,0.0,0.5,0.0,0.0,0.0,0.0,8,0.0,0.0,0.5,1.0,0,0.0,0.0,0.0,0.5,0.0,0,0.0,0,1,0,1.0,0,0,39,0.0,0.0,0.5,0.0,2,0.0,1,0,0.0,44,0,0.0,0.0,0,1,0.0,0.0,0.5,0.0,9,0,0.5,0.0,0,3
2020-09,0,0.0,0.0,0,1.0,0,1,0,0,47,0.0,0.0,0.5,0.5,0.5,0.0,0,0,0,47,0,0,0,2.0,47,0,2.0,0.0,0,47,0.5,0.0,0.0,0.0,0.5,0.0,2,2.0,1.0,4,0.5,0.5,0.0,0.0,4,0.0,0.0,0,2,47,0.0,0,0.5,0.0,0.5,0.0,0.0,0,0.0,0.5,0.0,0.0,0.0,0.0,9,0.0,0.0,0.5,1.0,0,0.0,0.0,0.0,0.5,0.0,0,0.0,0,2,0,0.0,0,0,43,0.0,0.0,0.5,0.0,2,0.0,2,0,0.0,47,0,0.0,0.0,0,1,0.0,0.0,0.5,0.0,10,0,0.0,0.0,0,4
2020-10,0,0.0,0.0,0,1.0,0,0,0,0,44,0.0,0.0,0.5,0.0,0.5,0.0,0,0,0,44,0,0,2,0.0,44,0,0.0,0.0,0,44,0.5,0.0,0.0,0.0,0.5,0.0,2,1.0,1.0,4,0.5,0.5,0.0,0.0,4,0.0,0.0,0,2,44,0.0,0,0.5,0.0,0.5,0.0,0.0,0,0.0,0.5,0.0,0.0,0.0,0.0,8,0.0,0.0,0.5,1.0,0,0.0,0.0,0.0,0.5,0.0,0,0.5,0,1,0,0.0,0,0,40,0.0,0.0,0.5,0.0,2,0.0,1,0,0.0,44,0,0.0,0.0,0,1,0.0,0.0,0.5,0.0,9,0,0.0,0.0,0,3
2020-11,0,0.0,0.0,0,1.0,0,3,0,0,44,0.5,0.0,0.5,0.0,0.5,0.0,0,0,0,44,0,0,2,0.0,44,0,0.0,0.0,0,44,0.5,0.0,0.0,0.5,0.5,0.0,1,2.0,1.0,4,0.5,0.5,0.0,0.0,4,0.0,0.0,1,4,44,0.0,0,0.5,0.0,0.5,0.0,0.0,0,0.0,0.5,0.0,0.0,0.0,0.0,8,0.0,0.0,0.5,1.0,0,0.0,0.0,0.0,0.5,0.0,0,0.0,0,1,0,1.0,0,0,39,0.0,0.0,1.0,0.0,2,0.0,2,0,0.0,44,0,0.0,0.0,0,1,0.0,0.0,0.5,0.0,9,0,0.5,0.0,0,3
2020-12,0,0.0,0.0,0,1.0,0,6,0,0,37,0.0,0.0,0.5,0.0,0.5,0.0,0,0,0,37,0,0,5,0.0,37,0,0.0,0.0,0,37,0.5,0.0,0.0,0.0,0.5,0.0,1,1.0,0.5,3,0.5,0.5,0.5,0.0,3,0.0,0.0,0,3,37,0.0,0,0.5,0.0,0.5,0.0,0.0,0,0.0,0.5,0.0,0.0,0.0,0.0,7,0.0,0.0,0.5,1.0,0,0.0,0.0,0.0,0.5,0.0,0,0.0,0,1,0,1.0,0,0,34,0.0,0.0,1.0,0.0,2,1.0,2,0,0.0,37,0,0.0,0.0,0,1,0.0,0.0,0.5,0.0,8,0,0.5,0.0,0,3
2021-01,0,0.0,0.0,0,1.0,0,0,0,0,33,0.0,0.0,0.5,0.0,0.5,0.0,0,0,0,33,0,0,2,0.0,33,0,0.0,1.0,0,33,0.5,0.0,0.5,0.0,0.5,0.0,2,2.0,1.0,3,0.5,0.5,0.0,0.0,3,0.0,0.0,0,3,33,0.0,0,0.5,0.0,0.5,0.0,0.0,0,0.0,0.5,0.0,0.0,0.0,0.0,6,0.0,0.0,0.5,1.0,0,0.0,0.0,0.0,0.5,0.0,0,0.0,0,1,0,0.0,0,0,30,0.0,0.0,0.5,0.0,2,0.0,3,0,0.0,33,0,0.0,0.0,0,1,0.0,0.0,0.5,0.0,7,0,0.5,0.0,0,3
2021-02,0,0.0,0.0,0,1.0,0,0,0,0,43,0.0,0.0,0.5,0.5,0.5,0.0,0,0,0,43,0,0,7,0.0,43,0,0.0,0.0,0,43,0.5,0.0,0.5,0.0,0.5,0.0,2,2.0,0.5,4,0.5,0.5,0.0,0.0,4,0.0,0.0,0,2,43,0.0,0,0.5,0.0,0.5,0.0,0.0,0,0.0,0.5,0.0,0.0,0.0,0.0,8,0.0,0.0,0.5,1.0,0,0.0,0.0,0.0,0.5,0.0,0,0.0,0,1,0,0.0,0,0,39,0.0,0.0,0.5,0.0,2,0.0,2,0,0.0,43,0,0.0,0.0,0,1,0.0,0.0,1.0,0.0,9,0,0.0,0.0,0,3
2021-03,0,0.0,0.0,0,1.0,0,0,0,0,44,0.0,0.0,0.5,0.5,0.5,0.0,0,0,0,44,0,0,2,0.0,44,0,0.0,1.0,0,44,0.5,0.0,0.5,0.0,0.5,0.0,2,2.0,1.0,4,0.5,0.5,0.0,0.0,4,0.0,0.0,0,2,44,0.0,0,0.5,0.0,0.5,0.0,0.0,0,0.0,0.5,0.0,0.0,0.0,0.0,8,0.0,0.5,0.5,1.0,0,0.0,0.0,0.0,0.5,0.0,0,0.5,0,1,0,0.0,0,0,40,0.0,0.0,0.5,0.0,2,0.0,2,0,0.0,44,0,0.0,0.0,0,1,0.0,0.0,1.0,0.0,9,0,0.5,0.0,0,3
2021-04,0,0.0,0.0,0,1.0,0,1,0,0,36,0.0,0.0,0.5,0.5,0.5,0.0,0,0,0,36,0,0,1,0.0,36,0,0.0,0.0,0,36,0.5,0.0,0.5,0.0,0.5,0.0,1,1.0,1.0,3,0.5,0.5,0.0,0.0,3,0.0,0.0,0,2,36,0.0,0,0.5,0.0,0.5,0.0,0.0,0,0.0,0.5,0.0,0.0,0.0,0.0,7,0.0,0.0,0.5,1.0,0,0.0,0.0,0.0,0.5,0.0,0,0.5,0,1,0,0.0,0,0,32,0.0,0.0,0.5,0.0,2,0.0,2,0,0.0,36,0,0.0,0.0,0,1,0.0,0.0,0.5,0.0,7,0,0.0,0.0,0,3
2021-05,0,0.0,0.0,0,1.0,0,0,0,0,36,0.0,0.0,0.5,0.5,0.5,0.0,0,0,0,36,0,0,1,0.0,36,0,0.0,0.0,0,36,0.5,0.0,0.5,0.0,0.5,0.0,1,1.0,1.0,3,0.5,0.5,0.0,0.0,3,0.0,0.0,0,2,36,0.0,0,0.5,0.0,0.5,0.0,0.0,0,0.0,0.5,0.0,0.0,0.0,0.0,7,0.0,0.0,0.5,1.0,0,0.0,0.0,0.0,0.5,0.0,0,0.5,0,1,0,0.0,0,0,33,0.0,0.0,0.5,0.0,2,0.0,2,0,0.0,36,0,0.5,0.0,0,1,0.0,0.0,0.5,0.5,8,0,0.0,0.0,0,3
2021-06,0,0.0,0.0,0,1.0,0,1,0,0,39,0.0,0.0,0.5,0.0,0.5,0.0,0,0,0,39,0,0,0,0.0,39,0,0.0,0.0,0,39,0.5,0.0,0.5,0.0,0.5,0.0,2,2.0,1.0,4,0.5,0.5,0.0,0.0,3,0.0,0.0,0,1,39,0.0,0,0.5,0.0,0.5,0.0,0.0,0,0.0,0.5,0.0,0.0,0.0,0.0,7,0.0,0.0,0.5,1.0,0,0.0,0.0,0.0,0.5,0.0,0,0.5,0,1,0,1.0,0,0,35,0.0,0.0,0.5,0.0,2,0.0,3,0,0.0,39,0,0.0,0.0,0,1,0.0,0.0,0.5,0.0,8,0,0.5,0.0,0,3
2021-07,0,0.0,0.0,0,1.0,0,1,0,0,44,0.0,0.0,0.5,0.5,0.5,0.0,0,0,0,44,0,0,2,0.0,44,0,0.0,0.0,0,44,0.5,0.0,0.5,0.5,0.5,0.0,2,2.0,1.0,4,0.5,0.5,0.0,0.0,4,0.0,0.0,0,2,44,0.0,0,0.5,0.5,0.5,0.0,0.0,0,0.0,0.5,0.0,0.0,0.0,0.0,8,0.0,0.0,0.5,1.0,0,0.0,0.0,0.0,0.5,0.0,0,0.5,0,1,0,1.0,0,0,39,0.0,0.0,0.5,0.0,2,0.0,0,0,0.0,44,0,0.0,0.0,0,1,0.0,0.0,0.5,0.0,9,0,0.5,0.0,0,3
2021-08,0,0.0,0.0,0,1.0,0,2,0,0,33,0.0,0.0,0.5,0.5,0.5,0.0,0,0,0,33,0,0,13,0.0,33,0,0.0,0.0,0,33,0.5,0.5,1.0,0.0,0.5,0.0,2,2.0,1.0,3,0.5,0.5,0.0,0.0,3,0.0,0.0,0,3,33,0.5,0,0.5,0.0,0.5,0.0,0.0,0,0.0,0.5,0.0,0.0,0.0,0.0,6,0.0,0.0,0.5,1.0,0,0.0,0.0,0.0,0.5,0.0,0,0.5,0,1,0,0.0,0,0,30,0.0,0.0,0.5,0.0,2,0.0,2,0,1.0,33,0,0.5,0.0,0,1,0.0,0.0,0.5,0.5,7,0,0.0,0.0,0,3
2021-09,0,0.0,0.0,0,1.0,0,0,0,0,37,0.0,0.0,0.5,0.0,0.5,0.0,0,0,0,37,0,0,8,0.0,37,0,0.0,0.0,0,37,0.5,0.0,0.5,0.0,0.5,0.0,2,2.0,1.0,3,0.5,0.5,0.0,0.0,3,0.0,0.0,0,2,37,0.0,0,0.5,0.0,0.5,0.0,0.0,0,0.0,0.5,0.0,0.0,0.0,0.0,7,0.0,0.0,0.5,1.0,0,0.0,0.0,0.0,0.5,0.0,0,0.0,0,1,0,1.0,0,0,34,0.0,0.0,0.5,0.0,2,0.0,3,0,0.0,37,0,0.0,0.0,0,1,0.0,0.0,0.5,0.0,8,0,0.5,0.0,0,3
2021-10,0,0.0,0.0,0,1.0,0,0,0,0,32,0.0,0.0,0.5,0.0,0.5,0.0,0,0,0,32,0,0,4,0.0,32,0,0.0,0.0,0,32,0.5,0.0,0.5,0.0,0.5,0.0,2,2.0,1.0,3,0.5,0.5,0.0,0.0,3,0.0,0.0,0,2,32,0.0,0,0.5,0.0,0.5,0.0,0.0,0,0.0,0.5,0.0,0.0,0.0,0.0,6,0.0,0.0,0.5,1.0,0,0.0,0.0,0.0,0.5,0.0,0,0.0,0,1,0,0.0,0,0,28,0.0,0.0,0.5,0.0,2,0.0,2,0,0.0,32,0,0.0,0.0,0,1,0.0,0.0,0.5,0.0,7,0,0.5,0.0,0,2
2021-11,0,0.0,0.0,0,1.0,0,2,0,0,36,0.0,0.0,0.5,0.0,0.5,0.0,0,0,0,36,0,0,4,0.0,36,0,0.0,0.0,0,36,0.5,0.0,0.5,0.0,0.5,0.0,2,2.0,1.0,3,0.5,0.5,0.0,0.0,3,0.0,0.0,0,4,36,0.0,0,0.5,0.0,0.5,0.0,0.0,0,0.0,0.5,0.0,0.0,0.0,0.0,7,0.0,0.0,0.5,1.0,0,0.0,0.0,0.0,0.5,0.0,0,0.0,0,1,0,0.0,0,0,33,0.0,0.0,0.5,0.0,2,0.0,2,0,0.0,36,0,0.0,0.0,0,1,0.0,0.0,1.0,0.0,8,0,0.5,0.0,0,3
2021-12,0,0.0,0.0,0,1.0,0,0,0,0,33,0.0,0.0,0.5,0.0,0.5,0.0,0,0,0,33,0,0,4,0.0,33,0,0.0,0.0,0,33,0.5,0.0,0.5,0.0,0.5,0.0,2,2.0,1.0,3,0.5,0.5,0.0,0.0,3,0.0,1.0,0,3,33,0.0,0,0.5,0.0,0.5,0.0,0.0,0,0.0,0.5,0.0,0.0,0.0,0.0,6,0.0,0.0,0.5,1.0,0,0.0,0.0,0.0,0.5,0.0,0,0.0,0,1,0,0.0,0,1,29,0.0,0.0,0.5,0.0,2,0.0,2,0,0.0,33,0,0.5,0.0,0,1,0.0,0.0,0.5,0.5,7,0,0.5,0.0,0,2
2022-01,0,0.0,0.0,0,0.5,0,1,0,0,25,0.0,0.0,0.5,0.0,0.5,0.0,0,0,0,25,0,0,2,0.0,25,0,0.0,0.0,0,25,0.5,0.0,0.5,0.0,0.5,0.0,2,2.0,1.0,2,0.5,0.5,0.0,0.0,2,0.0,0.0,0,4,25,0.0,0,0.5,0.0,0.5,0.0,0.0,0,0.0,0.5,0.0,0.0,0.0,0.0,5,0.0,0.0,0.5,0.5,0,0.0,0.0,0.0,0.5,0.0,0,0.5,0,1,0,0.0,0,0,22,0.0,0.0,0.5,0.0,1,0.0,2,0,0.0,25,0,0.0,0.0,0,1,0.0,0.0,0.5,0.0,5,0,0.5,0.0,0,2
2022-02,0,0.0,0.0,0,0.5,0,1,0,0,26,0.0,0.0,0.5,0.5,0.5,0.0,0,0,0,26,0,0,3,0.0,26,0,0.0,0.0,0,26,0.5,0.0,0.5,0.0,0.5,0.0,2,2.0,1.0,2,0.5,0.5,0.0,0.0,2,0.0,0.0,1,2,26,0.0,0,0.5,0.0,0.5,0.0,0.0,0,0.0,0.5,0.0,0.0,0.0,0.0,5,0.0,0.0,0.5,1.0,0,0.0,0.0,0.0,0.5,0.0,0,0.5,0,1,0,0.0,0,0,24,0.0,0.0,0.5,0.0,1,0.0,3,0,0.0,26,0,0.0,0.0,0,1,0.0,0.0,0.5,0.0,6,0,0.5,0.0,0,2
2022-03,0,0.0,0.0,0,1.0,0,1,0,0,30,0.0,0.0,0.5,0.5,0.5,0.0,0,0,0,30,0,0,3,0.0,30,0,0.0,2.0,0,30,0.5,0.0,0.5,0.0,0.5,0.0,2,2.0,1.0,3,0.5,0.5,0.5,0.0,3,0.0,1.0,0,2,30,0.0,0,0.5,0.0,0.5,0.0,0.0,0,0.0,0.5,0.0,0.0,0.0,0.0,5,0.0,0.0,0.5,1.0,0,0.0,0.0,0.0,0.5,0.0,0,0.5,0,1,0,0.5,0,0,27,0.0,0.0,0.5,0.0,1,0.0,3,0,0.0,30,0,0.5,0.0,0,1,0.0,0.0,1.0,0.5,6,0,0.5,0.0,0,2
2022-04,0,0.0,0.0,0,0.5,0,2,0,0,24,0.0,0.5,0.5,0.0,0.5,0.0,0,0,0,24,0,0,1,0.0,24,0,0.0,1.0,0,24,0.5,0.0,0.5,0.5,0.5,0.0,2,2.0,1.0,2,0.5,0.5,0.0,0.0,2,0.0,0.0,1,3,24,0.0,0,0.5,0.0,0.5,0.0,0.0,0,0.0,0.5,0.0,0.0,0.0,0.0,5,0.0,0.0,0.5,0.5,0,0.0,0.0,0.0,0.5,0.0,0,0.5,0,1,0,0.0,0,0,22,0.0,0.0,0.5,0.0,1,0.0,3,0,0.0,24,0,0.5,0.0,0,1,0.0,0.0,0.5,0.5,5,0,0.5,0.0,0,2
2022-05,0,0.0,0.0,0,0.5,0,1,0,0,24,0.0,0.5,0.5,0.5,0.5,0.0,0,0,0,24,1,0,2,0.0,24,0,0.0,1.0,0,24,0.5,0.0,0.5,0.5,0.5,0.0,2,2.0,1.0,2,0.5,0.5,0.5,0.0,2,1.0,1.0,0,3,24,0.0,0,0.5,0.0,0.5,0.0,0.0,0,0.0,0.5,0.0,0.0,0.0,0.0,4,0.0,0.0,0.5,0.5,0,0.0,0.0,0.0,0.5,0.0,0,0.5,0,1,0,1.0,0,0,21,0.0,0.5,0.5,0.0,1,0.0,3,0,0.0,24,0,0.0,0.0,0,1,0.0,0.0,1.0,0.0,5,0,0.5,0.0,0,2
2022-06,0,0.0,0.0,0,1.0,0,1,0,0,28,0.0,0.5,0.5,0.5,0.5,1.0,0,0,0,28,0,0,3,0.0,28,0,0.0,1.0,0,28,0.5,0.0,0.5,0.0,0.5,0.0,2,2.0,1.0,3,0.5,0.5,0.5,0.0,2,0.0,1.0,0,2,28,0.0,0,0.5,0.0,0.5,0.0,0.0,0,0.0,0.5,0.0,0.0,0.0,0.0,5,0.0,0.0,0.5,1.0,0,0.0,0.0,0.0,0.5,0.0,0,0.5,0,1,0,1.0,0,0,25,0.0,0.0,0.5,0.0,1,0.0,3,0,0.0,28,0,0.5,0.0,0,1,0.0,0.0,1.0,0.5,6,0,0.5,0.0,0,2
2022-07,0,0.0,0.0,0,0.5,0,1,0,0,24,0.0,0.5,0.5,0.0,0.5,0.0,0,0,0,24,0,0,1,0.0,24,0,0.0,0.0,0,24,0.5,0.0,0.5,0.0,0.5,0.0,2,2.0,1.0,2,0.5,1.0,0.0,0.0,2,0.0,0.0,1,2,24,0.0,0,0.5,0.0,0.5,0.0,0.0,0,0.0,0.5,0.0,0.0,0.0,0.0,4,0.0,0.0,0.5,0.5,0,0.0,0.0,0.0,0.5,0.0,0,0.5,0,1,0,0.0,0,0,22,0.0,0.0,0.5,0.0,1,0.0,2,0,0.0,24,0,0.0,0.0,0,1,0.0,0.0,0.5,0.0,5,0,0.5,0.0,0,2
2022-08,0,0.0,0.0,0,1.0,0,1,0,0,26,0.0,0.0,0.5,0.0,0.5,0.0,0,0,0,26,0,0,2,0.0,26,0,0.0,0.0,0,26,0.5,0.0,0.5,0.0,0.5,0.0,2,2.0,1.0,2,0.5,0.5,0.0,0.0,2,0.0,0.0,0,1,26,0.0,0,0.5,0.5,0.5,0.0,0.0,0,0.0,0.5,0.0,0.0,0.0,0.0,5,0.0,0.0,0.5,1.0,0,0.0,0.0,0.0,0.5,0.0,0,0.5,0,1,0,1.0,0,0,24,0.0,0.0,0.5,0.0,1,0.0,2,0,0.0,26,0,0.5,0.0,0,1,0.0,0.0,0.5,0.5,6,0,0.5,0.0,0,2
2022-09,0,0.0,0.0,0,1.0,0,1,0,0,31,0.0,0.0,0.5,0.5,0.5,0.0,0,0,0,31,0,0,2,1.0,31,0,1.0,1.0,0,31,0.5,0.0,0.5,0.0,0.5,0.0,2,2.0,1.0,3,0.5,0.5,0.0,0.0,3,0.0,0.0,1,3,31,0.0,0,0.5,0.0,0.5,0.0,0.0,0,0.0,0.5,0.0,0.0,0.0,0.0,6,0.0,0.0,0.5,1.0,0,0.0,0.0,0.0,0.5,0.0,0,0.5,0,1,0,0.0,0,0,28,0.0,0.0,0.5,0.0,1,0.0,1,0,0.0,31,0,0.0,0.0,0,1,0.0,0.0,1.0,0.0,6,0,0.5,0.0,0,2
2022-10,0,0.0,0.0,0,0.5,0,1,0,0,24,0.0,0.5,0.5,0.0,0.5,0.0,0,0,0,24,0,0,2,0.0,24,0,0.0,1.0,0,24,0.5,0.0,0.5,0.0,0.5,0.0,2,2.0,1.0,2,0.5,0.5,0.5,0.5,2,0.0,0.0,0,2,24,0.0,0,0.5,0.0,0.5,0.0,0.0,0,0.0,0.5,0.0,0.0,0.0,0.0,4,0.0,0.0,0.5,0.5,0,0.0,0.0,0.0,0.5,0.0,0,0.5,0,1,0,0.0,0,0,22,0.0,0.0,0.5,0.0,1,0.0,2,0,0.0,24,0,0.5,0.0,0,1,0.0,0.0,1.0,0.5,5,0,0.5,0.0,0,2
2022-11,0,0.0,0.0,0,0.5,0,1,0,1,24,0.0,0.0,0.5,0.5,0.5,1.0,0,0,0,24,0,0,2,0.0,24,0,0.0,1.0,0,24,0.5,0.0,0.5,0.0,0.5,0.0,2,2.0,1.0,2,0.5,0.5,0.5,0.0,2,1.0,0.5,1,4,24,0.0,0,0.5,0.0,0.5,0.0,0.0,0,0.0,0.5,0.0,0.0,0.5,0.0,4,0.0,0.0,0.5,0.5,0,0.0,0.0,0.0,0.5,0.0,0,0.5,0,1,0,0.0,0,0,22,0.0,0.0,0.5,0.0,1,0.0,2,0,0.0,24,0,0.0,0.0,0,1,0.0,0.0,0.5,0.0,5,0,0.5,0.0,0,2
2022-12,0,0.0,0.0,0,0.5,0,1,0,0,21,0.0,0.0,0.5,0.0,0.5,0.0,0,1,0,21,0,0,2,0.0,21,0,0.0,1.0,0,21,0.5,0.0,0.5,0.5,0.5,0.0,2,2.0,1.0,2,0.5,0.5,0.5,0.0,2,1.0,0.0,0,3,21,0.0,0,0.5,0.0,0.5,0.0,0.0,0,0.0,0.5,0.0,0.0,0.0,0.0,4,0.0,0.0,0.5,0.5,0,0.0,0.0,0.0,0.5,0.0,0,0.5,0,1,0,1.0,0,0,19,0.0,0.0,0.5,0.0,1,1.0,2,0,0.0,21,0,0.5,0.0,0,1,0.0,0.0,0.5,0.5,4,0,0.5,0.0,0,2
2023-01,0,0.0,0.0,0,0.5,0,1,0,0,23,0.0,0.0,0.5,0.0,0.5,0.0,0,0,0,23,0,0,2,0.0,23,0,0.0,1.0,0,23,0.5,0.0,0.5,0.0,0.5,0.0,2,2.0,1.0,2,0.5,0.5,0.5,0.0,2,0.0,1.0,0,3,23,0.0,0,0.5,0.0,0.5,0.0,0.0,0,0.0,0.5,0.0,0.0,0.0,0.0,4,0.0,0.0,0.5,0.5,0,0.5,0.0,0.0,0.5,0.0,0,0.5,0,1,0,0.0,0,0,21,0.0,0.0,0.5,0.0,1,0.0,2,0,0.0,23,0,0.0,0.0,0,1,0.0,0.0,1.0,0.0,5,0,0.5,0.0,0,2
2023-02,0,0.0,0.0,0,0.5,0,1,1,0,25,0.0,0.0,0.5,0.5,0.5,0.0,0,0,0,25,0,0,1,0.0,25,0,0.0,1.0,0,25,0.5,0.0,0.5,0.5,0.5,0.0,3,3.0,1.0,2,0.5,1.0,0.0,0.0,2,0.0,0.0,0,2,25,0.0,0,0.5,0.0,0.5,0.0,0.0,0,0.0,0.5,0.0,0.0,0.0,0.0,5,0.0,0.0,0.5,1.0,0,0.0,0.0,0.0,0.5,0.0,0,0.5,0,1,0,0.0,0,0,22,0.0,0.0,0.5,0.0,1,1.0,3,0,0.0,25,0,0.5,0.0,0,1,0.0,0.0,1.0,0.5,5,0,0.5,0.0,0,2
2023-03,0,0.0,0.0,0,0.5,0,1,0,0,24,0.0,0.0,0.5,0.5,0.5,0.0,0,0,0,24,0,0,2,0.0,24,0,0.0,0.0,0,24,0.5,0.0,0.5,0.5,0.5,0.0,2,2.0,1.0,2,0.5,0.5,0.5,0.0,2,1.0,0.0,0,2,24,0.0,0,0.5,0.0,0.5,0.0,0.0,0,0.0,0.5,0.0,0.0,0.0,0.0,4,0.0,0.0,0.5,0.5,0,0.0,0.0,0.0,0.5,0.0,0,0.5,0,1,0,0.0,0,0,22,0.0,0.0,0.5,0.0,1,0.0,2,0,0.0,24,0,0.5,0.0,0,1,0.0,0.0,1.0,0.5,5,0,0.5,0.0,0,2
2023-04,0,0.0,0.0,0,0.5,0,1,0,0,21,0.0,0.0,0.5,0.0,0.5,0.0,0,0,0,21,0,0,1,0.0,21,0,0.0,1.0,0,21,0.5,0.0,0.5,0.5,0.5,0.0,2,2.0,1.0,2,0.5,0.5,0.5,0.0,2,0.0,1.0,1,2,21,0.0,0,0.5,0.0,0.5,0.0,0.0,0,0.0,0.5,0.0,0.0,0.0,0.0,4,0.0,0.0,0.5,0.5,0,0.0,0.0,0.0,0.5,0.0,0,0.5,0,1,0,1.0,0,0,19,0.0,0.0,0.5,0.0,1,0.0,2,0,0.0,21,0,0.0,0.0,0,1,0.0,0.0,0.5,0.0,4,0,0.5,0.0,0,2
2023-05,0,0.0,0.0,0,0.5,0,2,0,0,25,0.0,0.5,0.5,0.0,0.5,0.0,0,0,0,25,0,0,2,0.0,25,0,0.0,1.0,0,25,0.5,0.0,0.5,0.0,0.5,0.0,2,2.0,1.0,2,0.5,0.5,0.5,0.0,2,0.5,0.5,1,2,25,0.0,0,0.5,0.0,0.5,0.0,0.0,0,0.0,0.5,0.0,0.0,0.0,0.0,5,0.0,0.0,0.5,1.0,0,0.0,0.0,0.0,0.5,0.0,0,0.5,0,1,0,0.0,0,0,23,0.0,0.0,0.5,0.5,1,0.0,3,0,0.0,25,0,0.5,0.0,0,1,0.0,0.0,1.0,0.5,5,0,0.5,0.0,0,2
2023-06,0,0.0,0.0,0,0.5,0,4,1,0,22,0.0,0.0,0.5,0.5,0.5,0.0,0,0,0,22,0,0,3,0.0,22,0,0.0,0.0,0,22,0.5,0.0,0.5,0.0,0.5,0.0,3,3.0,1.0,2,0.5,1.0,0.5,0.0,2,0.0,0.0,0,2,22,0.0,0,0.5,0.5,0.5,0.0,0.0,0,0.0,0.5,0.0,0.0,0.0,0.0,4,0.0,0.0,0.5,0.5,0,0.0,0.0,0.0,0.5,0.0,0,0.5,0,1,0,0.0,0,0,20,0.0,0.0,1.0,0.0,1,0.0,3,0,0.0,22,0,0.5,0.0,0,1,0.0,0.0,1.0,0.5,5,0,0.5,0.0,0,2
2023-07,0,0.0,0.0,0,0.5,0,1,0,0,21,0.0,0.0,0.5,0.5,0.5,0.0,0,0,0,21,0,0,1,0.0,21,0,0.0,0.0,0,21,0.5,0.0,0.5,0.5,0.5,0.0,3,3.0,2.0,2,0.5,0.5,0.5,0.0,2,0.0,0.0,1,2,21,0.0,0,0.5,0.0,0.5,0.0,0.0,0,0.0,0.5,0.0,0.0,0.0,0.0,4,0.0,0.0,0.5,0.5,0,0.0,0.0,0.0,0.5,0.0,0,0.5,0,1,0,0.0,0,0,19,0.0,0.0,0.5,0.0,1,0.0,2,0,0.0,21,0,0.5,0.0,0,1,0.0,0.0,1.0,0.5,4,0,0.5,0.0,0,2
2023-08,0,0.0,0.0,0,0.5,0,2,0,0,24,0.0,0.0,0.5,0.5,0.5,1.0,0,0,0,24,0,0,2,1.0,24,0,1.0,0.0,0,24,0.5,0.0,0.5,0.5,0.5,0.0,3,3.0,1.0,2,0.5,0.5,0.5,0.0,2,1.0,1.0,1,3,24,0.0,0,0.5,0.0,0.5,0.0,0.0,0,0.0,0.5,0.0,0.0,0.0,0.0,4,0.0,0.0,0.5,0.5,0,0.0,0.0,0.0,0.5,0.0,0,0.5,0,1,0,0.0,0,0,22,0.0,0.0,0.5,0.0,1,1.0,3,0,0.0,24,0,0.5,0.0,0,1,0.0,0.0,1.0,0.5,5,0,0.5,0.0,0,2
2023-09,0,0.0,0.0,0,0.5,0,2,0,0,23,0.0,0.0,0.5,0.5,0.5,0.0,0,0,0,23,0,0,4,0.0,23,0,0.0,1.0,0,23,0.5,0.0,0.5,0.5,0.5,0.0,3,3.0,1.0,2,0.5,0.5,0.0,0.0,2,0.0,0.0,1,3,23,0.0,0,0.5,0.0,0.5,0.0,0.0,0,0.0,0.5,0.0,0.0,0.0,0.0,4,0.0,0.0,0.5,0.5,0,0.0,0.0,0.0,0.5,0.0,0,0.5,0,1,0,0.0,0,0,21,0.0,0.0,1.0,0.0,1,1.0,2,0,0.0,23,0,0.5,0.0,0,1,0.0,0.0,1.0,0.5,5,0,0.5,0.0,0,2
2023-10,0,0.0,0.0,0,0.5,0,1,0,0,21,0.0,0.0,0.5,0.0,0.5,0.0,0,0,0,21,0,0,3,0.0,21,0,0.0,1.0,0,21,0.5,0.0,0.5,0.0,0.5,0.0,3,3.0,1.0,2,0.5,0.5,0.5,0.0,2,0.0,0.0,1,2,21,0.0,0,0.5,0.5,0.5,0.0,0.0,0,0.0,0.5,0.0,0.0,0.0,0.0,4,0.0,0.0,0.5,0.5,0,0.0,0.0,0.0,0.5,0.0,0,0.5,0,1,0,0.0,0,0,19,0.0,0.0,0.5,0.0,1,0.0,2,0,0.0,21,0,0.5,0.0,0,1,0.0,0.0,0.5,0.5,4,0,0.5,0.0,0,2
2023-11,0,0.0,0.0,0,0.5,0,2,0,0,21,0.0,0.5,0.5,0.5,0.5,0.0,0,0,0,21,0,0,2,1.0,21,0,1.0,1.0,0,21,0.5,0.0,0.5,0.5,0.5,0.0,3,3.0,1.0,2,0.5,0.5,0.0,0.0,2,0.0,0.0,0,5,21,0.0,0,0.5,0.0,0.5,0.0,0.0,0,0.0,0.5,0.0,0.0,0.0,0.0,4,0.0,0.0,0.5,0.5,0,0.0,0.0,0.0,0.5,0.0,0,0.5,0,1,0,0.0,0,0,19,0.0,0.0,0.5,0.0,1,0.0,2,0,0.0,21,0,0.5,0.0,0,1,0.0,0.0,1.0,0.5,4,0,0.5,0.5,0,2
2023-12,0,0.0,0.0,0,0.5,0,1,0,0,21,0.0,0.0,0.5,0.0,0.5,0.0,0,0,0,21,0,0,2,0.0,21,0,0.0,1.0,0,21,0.5,0.0,0.5,0.0,0.5,0.0,3,3.0,1.0,2,0.5,0.5,0.5,0.0,2,0.0,1.0,1,4,21,0.0,0,0.5,0.0,0.5,0.0,0.0,0,0.0,0.5,0.0,0.0,0.0,0.0,4,0.0,0.0,0.5,0.5,0,0.0,0.0,0.0,0.5,0.0,0,0.5,0,1,0,0.0,0,0,19,0.0,0.0,0.5,0.0,1,0.0,2,0,0.0,21,0,0.0,0.5,0,1,0.0,0.0,0.5,0.0,4,0,0.5,0.0,0,2
2024-01,0,0.0,0.0,0,0.5,0,1,0,0,21,0.0,0.0,0.5,0.5,0.5,0.0,0,0,0,21,0,0,2,0.0,21,0,0.0,1.0,0,21,0.5,0.0,0.5,0.0,0.5,0.0,2,2.0,1.0,2,0.5,0.5,0.5,0.0,2,0.0,0.0,0,3,21,0.0,0,0.5,0.0,0.5,0.0,0.0,0,0.0,0.5,0.0,0.0,0.0,0.0,4,0.0,0.0,0.5,0.5,0,0.0,0.0,0.0,0.5,0.0,0,0.5,0,1,0,0.0,0,0,19,0.0,0.0,0.5,0.0,1,0.0,2,0,0.0,21,0,0.0,0.0,0,1,0.0,0.0,0.5,0.0,4,0,0.5,0.0,0,2
2024-02,0,0.0,0.0,0,0.5,0,2,0,0,24,0.5,0.0,0.5,0.5,0.5,0.0,0,0,0,24,0,0,2,0.0,24,0,0.0,1.0,0,24,0.5,0.0,0.5,0.5,0.5,0.0,2,2.0,1.0,2,0.5,0.5,0.5,0.0,2,0.0,0.0,1,2,24,0.0,0,0.5,0.0,0.5,0.0,0.0,0,0.0,0.5,0.0,0.0,0.0,0.0,4,0.0,0.0,0.5,0.5,0,0.0,0.0,0.0,0.5,0.0,0,0.5,0,1,0,0.0,0,0,22,0.0,0.0,0.5,0.0,1,0.0,3,0,0.0,24,0,0.5,0.0,0,1,0.0,0.0,1.0,0.5,5,0,0.5,0.0,0,2
2024-03,0,0.0,0.0,0,0.5,0,2,0,0,25,0.0,0.0,0.5,0.5,0.5,0.0,0,0,0,25,0,0,3,0.0,25,0,0.0,1.0,0,25,0.5,0.0,0.5,0.5,0.5,0.0,2,2.0,1.0,2,0.5,0.5,0.0,0.0,2,0.0,0.0,0,3,25,0.0,0,0.5,0.0,0.5,0.0,0.0,0,0.0,0.5,0.0,0.0,0.0,0.0,5,0.0,0.0,0.5,1.0,0,0.0,0.0,0.0,0.5,0.0,0,0.5,0,1,0,0.0,0,0,22,0.0,0.0,0.5,0.0,1,0.0,3,0,0.0,25,0,0.5,0.0,0,1,0.0,0.0,1.0,0.5,5,0,0.5,0.0,0,2
2024-04,0,0.0,0.0,0,0.5,0,1,0,0,20,0.0,0.0,0.5,0.5,0.5,0.0,0,0,0,20,0,0,2,0.0,20,0,0.0,1.0,0,20,0.5,0.0,0.5,0.5,0.5,0.0,2,2.0,1.0,2,0.5,0.5,0.0,0.0,2,1.0,1.0,1,2,20,0.0,0,0.5,0.0,0.5,0.0,0.0,0,0.0,0.5,0.0,0.0,0.0,0.0,4,0.0,0.0,0.5,0.5,0,0.0,0.0,0.0,0.5,0.0,0,0.5,0,1,0,0.0,0,0,18,0.0,0.0,0.5,0.0,1,0.0,2,0,0.0,20,0,0.0,0.0,0,1,0.0,0.0,0.5,0.0,4,0,0.5,0.0,0,2
2024-05,0,0.0,0.0,0,0.5,0,2,0,0,22,0.0,0.0,0.5,0.0,0.5,0.0,0,0,0,22,0,0,2,0.0,22,0,0.0,0.5,0,22,0.5,0.0,0.5,0.0,0.5,0.0,2,2.0,1.0,2,0.5,0.5,0.0,0.0,2,0.0,0.0,1,2,22,0.0,0,0.5,0.0,0.5,0.0,0.0,0,0.0,0.5,0.0,0.0,0.0,0.0,4,0.0,0.0,0.5,0.5,0,0.0,0.0,0.0,0.5,0.0,0,0.5,0,1,0,0.5,0,0,20,0.0,0.0,0.5,0.0,1,0.0,2,0,0.0,22,0,0.5,0.0,0,1,0.0,0.0,0.5,0.5,5,0,0.5,0.0,0,2
2024-06,0,0.0,0.0,0,0.5,0,1,0,0,19,0.0,0.0,0.5,0.5,0.5,0.0,0,0,0,19,0,0,1,0.0,19,0,0.0,0.0,1,19,0.5,0.0,0.5,0.0,0.5,0.0,2,2.0,1.0,2,0.5,0.5,0.0,0.0,2,0.0,0.0,0,2,19,0.0,0,0.5,0.0,0.5,0.0,0.0,0,0.0,0.5,0.0,0.0,0.0,0.0,4,0.0,0.0,0.5,0.5,0,0.0,0.0,0.0,0.5,0.0,0,0.5,0,1,0,1.0,0,0,17,0.0,0.0,0.5,0.0,1,0.0,2,0,0.0,19,0,0.0,0.0,0,1,0.5,0.0,0.5,0.0,4,0,0.5,0.0,0,1
2024-07,0,0.0,0.0,0,0.5,0,1,0,0,22,0.0,0.0,0.5,0.5,0.5,0.0,0,0,0,22,0,0,2,0.0,22,0,0.0,1.0,0,22,0.5,0.0,0.5,0.0,0.5,0.0,2,2.0,1.0,2,0.5,0.5,0.0,0.0,2,0.0,0.0,1,2,22,0.0,0,0.5,0.0,0.5,0.0,0.0,0,0.0,0.5,0.0,0.0,0.0,0.0,4,0.0,0.0,0.5,0.5,0,0.0,0.0,0.0,0.5,0.0,0,0.5,0,1,0,0.0,0,0,20,0.0,0.0,0.5,0.0,1,0.0,2,0,0.0,22,0,0.0,0.0,0,1,0.0,0.0,0.5,0.0,5,0,0.5,0.0,0,2
2024-08,0,0.0,0.0,0,0.5,0,1,0,0,24,0.0,0.0,0.5,0.5,0.5,0.0,0,0,0,24,0,0,2,1.0,24,0,1.0,1.0,0,24,0.5,0.0,0.5,0.0,0.5,0.0,2,2.0,1.0,2,0.5,0.5,0.0,0.0,2,0.0,0.0,1,2,24,0.0,0,0.5,0.0,0.5,0.0,0.0,0,0.0,0.5,0.0,0.0,0.0,0.0,4,0.0,0.0,0.5,0.5,0,0.0,0.0,0.0,0.5,0.0,0,0.5,0,1,0,1.0,0,0,21,0.0,0.0,0.5,0.0,1,0.0,2,0,0.0,24,0,0.5,0.0,0,1,0.0,0.0,0.5,0.5,5,0,0.5,0.0,0,2
2024-09,0,0.0,0.0,0,0.5,0,2,0,0,25,0.0,0.0,0.5,0.5,0.5,0.0,0,0,0,25,0,0,2,1.0,25,0,1.0,0.0,0,25,0.5,0.0,0.5,0.0,0.5,0.0,2,2.0,1.0,2,0.5,0.5,0.0,0.0,2,0.0,0.0,1,2,25,0.0,0,0.5,0.0,0.5,0.0,0.0,0,0.0,0.5,0.0,0.0,0.0,0.0,5,0.0,0.0,0.5,1.0,0,0.0,0.0,0.5,0.5,0.0,0,0.5,0,1,0,1.0,0,0,22,0.5,0.0,0.5,0.5,1,0.0,2,0,0.0,25,0,0.5,0.0,0,1,0.0,0.0,0.5,0.5,5,0,0.5,0.0,0,2
2024-10,0,0.0,0.0,0,0.5,0,1,0,0,24,0.0,0.0,0.5,0.0,0.5,0.0,0,0,0,24,0,0,3,1.0,24,0,1.0,1.0,0,24,0.5,0.0,0.5,0.0,0.5,0.0,3,3.0,1.0,2,0.5,0.5,0.0,0.0,2,0.0,0.0,1,2,24,0.0,0,0.5,0.0,0.5,0.0,0.0,0,0.0,0.5,0.0,0.0,0.0,0.0,4,0.0,0.0,0.5,0.5,0,0.0,0.0,0.0,0.5,0.0,0,0.5,0,1,0,0.0,0,0,22,0.0,0.0,0.5,0.5,1,0.0,2,0,0.0,24,0,0.0,0.0,0,1,0.0,0.0,0.5,0.0,5,0,0.5,0.0,0,2
2024-11,0,0.0,0.0,0,0.5,0,2,0,0,26,0.0,0.0,0.5,0.5,0.5,0.0,0,0,0,26,0,0,3,0.0,26,0,0.0,0.0,0,26,0.5,0.0,0.5,0.5,0.5,0.0,3,3.0,1.0,2,0.5,0.5,0.0,0.0,2,1.0,0.0,0,3,26,0.0,0,0.5,0.5,0.5,0.0,0.0,0,0.0,0.5,0.0,0.0,0.0,0.0,5,0.0,0.0,0.5,1.0,0,0.0,0.0,0.0,0.5,0.0,0,0.5,0,1,0,0.0,0,0,23,0.5,0.0,0.5,0.5,1,0.0,2,0,0.0,26,0,0.5,0.0,0,1,0.0,0.0,1.0,0.5,5,0,0.5,0.0,0,2
2024-12,0,0.0,0.0,0,0.5,0,1,0,0,24,0.0,0.0,0.5,0.0,0.5,0.0,0,0,0,24,0,0,2,0.0,24,0,0.0,0.0,0,24,0.5,0.0,0.5,0.0,0.5,0.0,2,2.0,1.0,2,0.5,0.5,0.5,0.0,2,1.0,0.0,1,3,24,0.0,0,0.5,0.0,0.5,0.0,0.0,0,0.0,0.5,0.0,0.0,0.0,0.0,4,0.0,0.0,0.5,0.5,0,0.0,0.0,0.0,0.5,0.0,0,0.5,0,1,0,0.0,0,0,21,0.0,0.0,0.5,0.0,1,0.0,2,0,0.0,24,0,0.5,0.0,0,1,0.0,0.0,0.5,0.5,5,0,0.5,0.0,0,2
2025-01,0,0.0,0.0,0,0.5,0,1,0,0,24,0.0,0.0,0.5,0.5,0.5,0.0,0,0,0,24,0,0,2,0.0,24,0,0.0,0.0,0,24,0.5,0.0,0.5,0.0,0.5,0.0,2,2.0,1.0,2,0.5,0.5,0.0,0.0,2,0.0,0.0,1,4,24,0.0,0,0.5,0.0,0.5,0.0,0.0,0,0.0,0.5,0.0,0.0,0.0,0.0,4,0.0,0.0,0.5,0.5,0,0.0,0.0,0.0,0.5,0.0,0,0.5,0,1,0,0.0,0,0,22,0.0,0.0,0.5,0.0,1,0.0,3,0,0.0,24,0,0.5,0.0,0,1,0.0,0.0,0.5,0.5,5,0,0.5,0.0,0,2
2025-02,0,0.0,0.0,0,0.5,0,2,0,0,23,0.0,0.5,0.5,0.5,0.5,0.0,0,0,0,23,0,0,3,0.0,23,0,0.0,1.0,0,23,0.5,0.0,0.5,0.0,0.5,0.0,2,2.0,1.0,2,0.5,0.5,0.0,0.0,2,1.0,0.0,1,2,23,0.0,0,0.5,0.0,0.5,0.0,0.0,0,0.0,0.5,0.0,0.0,0.0,0.0,4,0.0,0.0,0.5,0.5,0,0.0,0.0,0.0,0.5,0.0,0,0.5,0,1,0,0.0,0,0,20,0.0,0.0,0.5,0.0,1,0.0,2,0,0.0,23,0,0.5,0.0,0,1,0.0,0.0,1.0,0.5,5,0,0.5,0.0,0,2
2025-03,0,0.0,0.0,0,0.5,0,1,0,1,23,0.0,0.0,0.5,0.5,0.5,0.0,0,0,0,23,0,0,2,0.0,23,0,0.0,0.0,0,23,0.5,0.0,0.5,0.5,0.5,0.0,3,3.0,1.0,2,0.5,0.5,0.0,0.0,2,0.0,0.0,1,2,23,0.0,0,0.5,0.0,0.5,0.0,0.0,0,0.0,0.5,0.0,0.0,0.5,0.0,4,0.0,0.0,0.5,0.5,0,0.0,0.0,0.0,0.5,0.0,0,0.5,0,1,0,0.0,0,0,21,0.0,0.0,0.5,0.0,1,0.0,2,0,0.0,23,0,0.0,0.0,0,1,0.5,0.0,1.0,0.0,5,0,0.0,0.0,0,2
2025-04,0,0.0,0.0,0,0.5,0,1,0,0,21,0.0,0.0,0.5,0.5,0.5,0.0,0,0,0,21,0,0,2,1.0,21,0,1.0,0.0,0,21,0.5,0.0,0.5,0.0,0.5,0.0,2,2.0,1.0,2,0.5,0.5,0.0,0.0,2,0.0,0.0,1,2,21,0.0,0,0.5,0.0,0.5,0.0,0.0,0,0.0,0.5,0.0,0.0,0.0,0.0,4,0.0,0.0,0.5,0.5,0,0.0,0.0,0.0,0.5,0.0,0,0.5,0,1,0,0.0,0,0,19,0.0,0.0,0.5,0.0,1,0.0,2,0,0.0,21,0,0.0,0.0,0,1,0.0,0.0,0.5,0.0,4,0,0.5,0.0,0,2
2025-05,0,0.0,0.0,0,0.5,0,1,0,0,21,0.0,0.0,0.5,0.5,0.5,0.0,0,0,0,21,0,0,2,1.0,21,0,1.0,0.0,0,21,0.5,0.0,0.0,0.5,0.5,0.0,2,2.0,1.0,2,0.5,0.5,0.0,0.0,2,0.0,1.0,1,2,21,0.0,0,0.5,0.0,0.5,0.0,0.0,0,0.0,0.5,0.0,0.0,0.0,0.5,4,0.0,0.0,0.5,0.5,0,0.0,0.0,0.0,0.5,0.0,0,0.5,0,1,0,0.0,0,0,19,0.0,0.0,0.5,0.0,1,0.0,2,0,0.0,21,0,0.5,0.0,0,1,0.0,0.0,1.0,0.5,4,0,0.5,0.0,0,2
2025-06,0,0.0,0.0,0,0.5,0,2,0,0,22,0.0,0.0,0.5,0.5,0.5,0.0,0,0,0,22,0,0,2,0.0,22,0,0.0,0.0,0,22,0.5,0.0,0.5,0.0,0.5,0.0,2,2.0,1.0,2,0.5,0.5,0.0,0.0,2,1.0,0.0,1,2,22,0.0,0,0.5,0.0,0.5,0.0,0.0,0,0.0,0.5,0.0,0.0,0.0,0.0,4,0.0,0.0,0.5,0.5,0,0.0,0.0,0.0,0.5,0.0,0,0.5,0,1,0,0.0,0,0,20,0.0,0.0,0.5,0.0,1,0.0,2,0,0.0,22,0,0.0,0.0,0,1,0.0,0.0,0.5,0.0,5,0,0.5,0.0,0,2
2025-07,0,0.0,0.0,0,0.5,0,1,0,0,19,0.0,0.5,0.5,0.5,0.5,0.0,0,0,0,19,0,0,3,0.0,19,0,0.0,0.0,0,19,0.5,0.0,0.5,0.5,0.5,0.0,3,3.0,2.0,2,0.5,0.5,0.5,0.0,2,1.0,1.0,1,2,19,0.0,0,0.5,0.0,0.5,0.0,0.0,0,0.0,0.5,0.0,0.0,0.0,0.0,4,0.0,0.0,0.5,0.5,0,0.0,0.0,0.0,0.5,0.0,0,0.5,0,1,0,0.0,0,0,17,0.0,0.0,0.5,0.0,1,0.0,3,0,0.0,19,0,0.5,0.0,0,1,0.0,0.0,1.0,0.5,4,0,0.5,0.0,0,1
2025-08,0,0.0,0.0,0,0.5,0,2,0,0,23,0.5,0.0,0.5,0.5,0.5,1.0,0,0,0,23,0,0,2,0.5,23,0,0.5,1.0,0,23,0.5,0.5,0.5,0.0,0.5,0.0,3,3.0,2.0,2,0.5,0.5,0.5,0.0,2,1.0,0.0,2,3,23,0.0,0,0.5,0.0,0.5,0.0,0.0,0,0.0,0.5,0.0,0.0,0.0,0.0,4,0.0,0.0,0.5,0.5,0,0.0,0.0,0.0,0.5,0.0,0,0.5,0,1,0,0.0,0,0,20,0.0,0.0,0.5,0.0,1,0.0,2,0,0.5,23,0,0.5,0.5,0,1,0.0,0.0,1.0,0.5,5,0,0.5,0.0,0,2
2025-09,0,0.5,0.0,0,0.5,0,1,0,0,20,0.0,0.5,0.5,0.5,0.5,0.5,0,0,0,20,0,0,2,0.5,20,0,0.5,1.0,0,20,0.5,0.5,0.5,0.5,0.5,0.0,3,3.0,2.0,2,0.5,1.0,0.5,0.0,2,0.5,0.5,1,3,20,0.5,0,0.5,0.5,0.5,0.5,0.0,0,0.0,0.5,0.5,0.0,0.0,0.0,4,0.0,0.5,0.5,0.5,0,0.0,0.0,0.0,0.5,0.0,0,0.5,0,1,0,0.5,0,0,18,0.0,0.0,0.5,0.5,1,0.5,2,0,0.5,20,0,0.5,0.5,0,1,0.5,0.5,1.0,0.5,4,0,0.5,0.0,0,1
