Month,supply,demand,GDP,investment,Email,foreign currency,foreign trade,oil,loan,Email_file1,debt,debt(2),livestock,loans,Email_file2,debts,debts(2),corruption,bribes,Email_file3,contract,smuggle,smuggler,business,Email_file4,suspension,freeze,fuel,foreign,Email_file5,foreign_file6,investor,tariff,warehouse,Email_file6,warehouse_file7,customs,customs(2),licence,Email_file7,licence_file8,shipment,shipment(2),shipment(3),Email_file8,money,Email_file9,restriction,employment,employment(2),employment(3),Email_file10,restrictions,restrictions(2),restrictions(3),unemployment,Email_file11,currency,labour market,market,exchange rate,Email_file12,tax,taxes,good,good(2),Email_file13,levels of production,seasonal work,seasonal work(2),temporary work,Email_file14,sanctions,diaspora network,diaspora,import,Email_file15,export,trade,local economy,trader,Email_file16,informal sector,informal market,black market,foreign currency_file17,Email_file17,economy,remittances,ban,supply_file18,Email_file18
2004-01,0.0,0.0,0.0,0.0,0,0.0,0.0,0,0.0,0,0,0,0.0,0.0,0,0.0,0.0,0,0,0,0.0,0,0.0,0,0,0.0,0.0,0.0,0.0,0,0,0.0,0.0,0.0,0,0.0,0.0,0.0,0.0,0.0,0.0,0.0,0.0,0.0,0.0,0,0,0.0,0.0,0.0,0.0,0,0.0,0.0,0.0,0.0,0,0,0.0,0,0.0,0,0,0.0,0,0,0,0,0.0,0.0,0.0,0,0.0,0,0.0,0,0,0.0,0.0,0,0.0,0,0,0,0.0,0.0,0,0.0,0.0,0,0,0
2004-02,0.0,0.0,0.0,0.0,0,0.0,0.0,0,0.0,0,0,0,0.0,0.0,0,0.0,0.0,0,0,0,0.0,0,0.0,0,0,0.0,0.0,0.0,0.0,0,0,0.0,0.0,0.0,0,0.0,0.0,0.0,0.0,0.0,0.0,0.0,0.0,0.0,0.0,0,0,0.0,0.0,0.0,0.0,0,0.0,0.0,0.0,0.0,0,0,0.0,0,0.0,0,0,0.0,0,0,0,0,0.0,0.0,0.0,0,0.0,0,0.0,0,0,0.0,0.0,0,0.0,0,0,0,0.0,0.0,0,0.0,0.0,0,0,0
2004-03,0.0,0.0,0.0,0.0,0,0.0,0.0,0,0.0,0,0,0,0.0,0.0,0,0.0,0.0,0,0,0,0.0,0,0.0,0,0,0.0,0.0,0.0,0.0,0,0,0.0,0.0,0.0,0,0.0,0.0,0.0,0.0,0.0,0.0,0.0,0.0,0.0,0.0,0,0,0.0,0.0,0.0,0.0,0,0.0,0.0,0.0,0.0,0,0,0.0,0,0.0,0,0,0.0,0,0,0,0,0.0,0.0,0.0,0,0.0,0,0.0,0,0,0.0,0.0,0,0.0,0,0,0,0.0,0.0,0,0.0,0.0,0,0,0
2004-04,0.0,0.0,0.0,0.0,0,0.0,0.0,0,0.0,0,0,0,0.0,0.0,0,0.0,0.0,0,0,0,0.0,0,0.0,0,0,0.0,0.0,0.0,0.0,0,0,0.0,0.0,0.0,0,0.0,0.0,100.0,0.0,0.0,0.0,0.0,0.0,0.0,0.0,0,0,0.0,0.0,0.0,0.0,0,0.0,0.0,0.0,0.0,0,0,0.0,0,0.0,0,0,0.0,0,0,0,0,0.0,0.0,0.0,0,0.0,0,0.0,0,0,0.0,0.0,0,0.0,0,0,0,0.0,0.0,0,0.0,0.0,0,0,0
2004-05,0.0,0.0,100.0,0.0,0,0.0,0.0,0,0.0,0,0,0,0.0,0.0,0,0.0,0.0,0,0,0,0.0,0,0.0,0,0,0.0,0.0,0.0,0.0,0,0,0.0,0.0,0.0,0,0.0,0.0,0.0,0.0,0.0,0.0,0.0,0.0,0.0,0.0,0,0,0.0,0.0,0.0,0.0,0,0.0,0.0,0.0,0.0,0,0,0.0,0,0.0,0,0,0.0,0,0,0,0,0.0,0.0,0.0,0,0.0,0,0.0,0,0,0.0,0.0,0,0.0,0,0,0,0.0,0.0,0,0.0,0.0,0,0,0
2004-06,0.0,0.0,0.0,0.0,0,0.0,0.0,0,0.0,0,0,0,0.0,0.0,0,0.0,0.0,0,0,0,0.0,0,0.0,0,0,0.0,0.0,0.0,0.0,0,0,0.0,0.0,0.0,0,0.0,0.0,0.0,0.0,0.0,0.0,0.0,0.0,0.0,0.0,0,0,0.0,0.0,0.0,0.0,0,0.0,0.0,0.0,0.0,0,0,0.0,0,0.0,0,0,0.0,0,0,0,0,0.0,0.0,0.0,0,0.0,0,0.0,0,0,0.0,0.0,0,0.0,0,0,0,0.0,0.0,0,0.0,0.0,0,0,0
2004-07,0.0,0.0,0.0,0.0,0,0.0,0.0,0,0.0,0,0,0,0.0,0.0,0,0.0,0.0,0,0,0,0.0,0,0.0,0,0,0.0,0.0,0.0,0.0,0,0,0.0,0.0,0.0,0,0.0,0.0,0.0,0.0,0.0,0.0,0.0,0.0,0.0,0.0,0,0,0.0,0.0,0.0,0.0,0,0.0,0.0,0.0,0.0,0,0,0.0,0,0.0,0,0,0.0,0,0,0,0,0.0,0.0,0.0,0,0.0,0,0.0,0,0,0.0,0.0,0,0.0,0,0,0,0.0,0.0,0,0.0,0.0,0,0,0
2004-08,0.0,0.0,0.0,0.0,0,0.0,0.0,0,0.0,0,0,0,0.0,0.0,0,0.0,0.0,0,0,0,0.0,0,0.0,0,0,0.0,0.0,0.0,0.0,0,0,0.0,0.0,0.0,0,0.0,0.0,0.0,0.0,0.0,0.0,0.0,0.0,0.0,0.0,0,0,0.0,0.0,0.0,0.0,0,0.0,0.0,0.0,0.0,0,0,0.0,0,0.0,0,0,0.0,0,0,0,0,0.0,0.0,0.0,0,0.0,0,0.0,0,0,0.0,0.0,0,0.0,0,0,0,0.0,0.0,0,0.0,0.0,0,0,0
2004-09,0.0,0.0,0.0,0.0,0,0.0,0.0,0,0.0,0,0,0,0.0,0.0,0,0.0,0.0,0,0,0,0.0,0,0.0,100,0,0.0,0.0,0.0,0.0,0,0,0.0,0.0,0.0,0,0.0,0.0,0.0,0.0,0.0,0.0,0.0,0.0,0.0,0.0,0,0,0.0,0.0,0.0,0.0,0,0.0,0.0,0.0,0.0,0,0,0.0,0,0.0,0,0,0.0,0,0,0,0,0.0,0.0,0.0,0,0.0,0,0.0,0,0,0.0,0.0,0,0.0,0,0,0,0.0,0.0,0,0.0,0.0,0,0,0
2004-10,0.0,0.0,0.0,0.0,0,0.0,0.0,0,0.0,0,0,0,0.0,0.0,0,0.0,0.0,0,0,0,0.0,0,0.0,0,0,0.0,0.0,0.0,0.0,0,0,0.0,0.0,0.0,0,0.0,0.0,0.0,0.0,0.0,0.0,0.0,0.0,0.0,0.0,0,0,0.0,0.0,100.0,0.0,0,0.0,0.0,0.0,0.0,0,0,0.0,0,0.0,0,0,0.0,0,0,0,0,0.0,0.0,0.0,0,0.0,0,0.0,0,0,0.0,0.0,0,0.0,0,0,0,0.0,0.0,0,0.0,0.0,0,0,0
2004-11,0.0,0.0,0.0,0.0,0,0.0,0.0,0,0.0,0,0,0,0.0,0.0,0,0.0,0.0,0,0,0,0.0,0,0.0,0,0,0.0,0.0,0.0,0.0,0,0,0.0,0.0,0.0,0,0.0,0.0,0.0,0.0,0.0,0.0,0.0,0.0,0.0,0.0,0,0,0.0,0.0,0.0,0.0,0,0.0,0.0,0.0,0.0,0,0,0.0,0,0.0,0,0,0.0,0,0,0,0,0.0,0.0,0.0,0,0.0,0,0.0,0,0,0.0,0.0,0,0.0,0,0,0,0.0,0.0,0,0.0,0.0,0,0,0
2004-12,0.0,0.0,0.0,0.0,0,0.0,0.0,0,0.0,0,0,0,0.0,0.0,0,0.0,0.0,0,0,0,0.0,0,0.0,0,0,0.0,0.0,0.0,0.0,0,0,0.0,0.0,0.0,0,0.0,0.0,0.0,0.0,0.0,0.0,0.0,0.0,0.0,0.0,0,0,0.0,0.0,0.0,0.0,0,0.0,0.0,0.0,0.0,0,0,0.0,0,0.0,0,0,0.0,0,0,0,0,0.0,0.0,0.0,0,0.0,0,0.0,0,0,0.0,0.0,0,0.0,0,0,0,0.0,0.0,0,0.0,0.0,0,0,0
2005-01,0.0,0.0,0.0,0.0,0,0.0,0.0,0,0.0,0,0,0,0.0,0.0,0,0.0,0.0,0,0,0,0.0,0,0.0,0,0,0.0,0.0,0.0,0.0,0,0,0.0,0.0,0.0,0,0.0,0.0,0.0,0.0,0.0,0.0,0.0,0.0,0.0,0.0,0,0,0.0,0.0,0.0,0.0,0,0.0,0.0,0.0,0.0,0,0,0.0,0,0.0,0,0,0.0,0,0,0,0,0.0,0.0,0.0,0,0.0,0,0.0,0,0,0.0,0.0,0,0.0,0,0,0,0.0,0.0,0,0.0,0.0,0,0,0
2005-02,0.0,0.0,0.0,0.0,0,0.0,0.0,0,0.0,0,0,0,0.0,0.0,0,0.0,0.0,0,0,0,0.0,0,0.0,0,0,0.0,0.0,0.0,0.0,0,0,0.0,0.0,0.0,0,0.0,0.0,0.0,0.0,0.0,0.0,0.0,0.0,0.0,0.0,0,0,0.0,0.0,0.0,0.0,0,0.0,0.0,0.0,0.0,0,0,0.0,0,0.0,0,0,0.0,0,0,0,0,0.0,0.0,0.0,0,0.0,0,0.0,0,0,0.0,0.0,0,0.0,0,0,0,0.0,0.0,0,0.0,0.0,0,0,0
2005-03,0.0,0.0,0.0,0.0,0,0.0,0.0,0,0.0,0,0,0,0.0,0.0,0,0.0,0.0,0,0,0,0.0,0,0.0,0,0,0.0,0.0,0.0,0.0,0,0,0.0,0.0,0.0,0,0.0,0.0,0.0,0.0,0.0,0.0,0.0,0.0,0.0,0.0,0,0,0.0,0.0,0.0,0.0,0,0.0,0.0,0.0,0.0,0,0,0.0,0,0.0,0,0,0.0,0,0,0,0,0.0,0.0,0.0,0,0.0,0,0.0,0,0,0.0,0.0,0,0.0,0,0,0,0.0,0.0,0,0.0,0.0,0,0,0
2005-04,0.0,0.0,0.0,0.0,0,0.0,0.0,0,0.0,0,0,0,0.0,0.0,0,0.0,0.0,0,0,0,0.0,0,0.0,0,0,0.0,0.0,0.0,0.0,0,0,0.0,0.0,0.0,0,0.0,0.0,0.0,0.0,0.0,0.0,0.0,0.0,0.0,0.0,0,0,0.0,0.0,0.0,0.0,0,0.0,0.0,0.0,0.0,0,0,0.0,0,0.0,0,0,0.0,0,0,0,0,0.0,0.0,0.0,0,0.0,0,0.0,0,0,0.0,0.0,0,0.0,0,0,0,0.0,0.0,0,0.0,0.0,0,0,0
2005-05,0.0,0.0,0.0,0.0,0,0.0,0.0,0,0.0,0,0,0,0.0,0.0,0,0.0,0.0,0,0,0,0.0,0,0.0,0,0,0.0,0.0,0.0,0.0,0,0,0.0,0.0,0.0,0,0.0,0.0,0.0,0.0,0.0,0.0,0.0,0.0,0.0,0.0,0,0,0.0,0.0,0.0,0.0,0,0.0,0.0,0.0,0.0,0,0,0.0,0,0.0,0,0,0.0,0,0,0,0,0.0,0.0,0.0,0,0.0,0,0.0,0,0,0.0,0.0,0,0.0,0,0,0,0.0,0.0,0,0.0,0.0,0,0,0
2005-06,0.0,0.0,0.0,0.0,0,0.0,0.0,0,0.0,0,0,0,0.0,0.0,0,0.0,0.0,0,0,0,0.0,0,0.0,0,0,0.0,0.0,0.0,0.0,0,0,0.0,0.0,0.0,0,0.0,0.0,0.0,0.0,0.0,0.0,0.0,0.0,0.0,0.0,0,0,0.0,0.0,0.0,0.0,0,0.0,0.0,0.0,0.0,0,0,0.0,0,0.0,0,0,0.0,0,0,0,0,0.0,0.0,0.0,0,0.0,0,0.0,0,0,0.0,0.0,0,0.0,0,0,0,0.0,0.0,0,0.0,0.0,0,0,0
2005-07,0.0,0.0,0.0,0.0,0,0.0,0.0,0,0.0,0,0,0,0.0,0.0,0,0.0,0.0,0,0,0,0.0,0,0.0,0,0,0.0,0.0,0.0,0.0,0,0,0.0,0.0,0.0,0,0.0,0.0,0.0,0.0,0.0,0.0,0.0,0.0,0.0,0.0,0,0,0.0,0.0,0.0,0.0,0,0.0,0.0,0.0,0.0,0,0,0.0,0,0.0,0,0,0.0,0,0,0,0,0.0,0.0,0.0,0,0.0,0,0.0,0,0,0.0,0.0,0,0.0,0,0,0,0.0,0.0,0,0.0,0.0,0,0,0
2005-08,0.0,0.0,0.0,0.0,0,0.0,0.0,0,0.0,0,0,0,0.0,0.0,0,0.0,0.0,0,0,0,0.0,0,0.0,0,0,0.0,0.0,0.0,0.0,0,0,0.0,0.0,0.0,0,0.0,0.0,0.0,0.0,0.0,0.0,0.0,0.0,0.0,0.0,0,0,0.0,0.0,0.0,0.0,0,0.0,0.0,0.0,0.0,0,0,0.0,0,0.0,0,0,0.0,0,0,0,0,0.0,0.0,0.0,0,0.0,0,0.0,0,0,0.0,0.0,0,0.0,0,0,0,0.0,0.0,0,0.0,0.0,0,0,0
2005-09,0.0,0.0,0.0,0.0,0,0.0,0.0,0,0.0,0,0,0,0.0,0.0,0,0.0,0.0,0,0,0,0.0,0,0.0,0,0,0.0,0.0,0.0,0.0,0,0,0.0,0.0,0.0,0,0.0,0.0,0.0,0.0,0.0,0.0,0.0,0.0,0.0,0.0,0,0,0.0,0.0,0.0,0.0,0,0.0,0.0,0.0,0.0,0,0,0.0,0,0.0,0,0,0.0,0,0,0,0,0.0,0.0,0.0,0,0.0,0,0.0,0,0,0.0,0.0,0,0.0,0,0,0,0.0,0.0,0,0.0,0.0,0,0,0
2005-10,0.0,0.0,0.0,0.0,0,0.0,0.0,0,0.0,0,0,0,0.0,0.0,0,0.0,0.0,0,0,0,0.0,0,0.0,0,0,0.0,0.0,0.0,0.0,0,0,0.0,0.0,0.0,0,0.0,0.0,0.0,0.0,0.0,0.0,0.0,0.0,0.0,0.0,0,0,0.0,0.0,0.0,0.0,0,0.0,0.0,0.0,0.0,0,0,0.0,0,0.0,0,0,0.0,0,0,0,0,0.0,0.0,0.0,0,0.0,0,0.0,0,0,0.0,0.0,0,0.0,0,0,0,0.0,0.0,0,0.0,0.0,0,0,0
2005-11,0.0,0.0,0.0,0.0,0,0.0,0.0,0,0.0,0,0,0,0.0,0.0,0,0.0,0.0,0,0,0,0.0,0,0.0,0,0,0.0,0.0,0.0,0.0,0,0,0.0,0.0,0.0,0,0.0,0.0,0.0,0.0,0.0,0.0,0.0,0.0,0.0,0.0,0,0,0.0,0.0,0.0,0.0,0,0.0,0.0,0.0,0.0,0,0,0.0,0,0.0,0,0,0.0,0,0,0,0,0.0,0.0,0.0,0,0.0,0,0.0,0,0,0.0,0.0,0,0.0,0,0,0,0.0,0.0,0,0.0,0.0,0,0,0
2005-12,0.0,0.0,0.0,0.0,0,0.0,0.0,0,0.0,0,0,0,0.0,0.0,0,0.0,0.0,0,0,0,0.0,0,0.0,0,0,0.0,0.0,0.0,0.0,0,0,0.0,0.0,0.0,0,0.0,0.0,0.0,0.0,0.0,0.0,0.0,0.0,0.0,0.0,0,0,0.0,0.0,0.0,0.0,0,0.0,0.0,0.0,0.0,0,0,0.0,0,0.0,0,0,0.0,0,0,0,0,0.0,0.0,0.0,0,0.0,0,0.0,0,0,0.0,0.0,0,0.0,0,0,0,0.0,0.0,0,0.0,0.0,0,0,0
2006-01,0.0,0.0,0.0,0.0,0,0.0,0.0,0,0.0,0,0,0,0.0,0.0,0,0.0,0.0,0,0,0,0.0,0,0.0,0,0,0.0,0.0,0.0,0.0,0,0,0.0,0.0,0.0,0,0.0,0.0,0.0,0.0,0.0,0.0,0.0,100.0,0.0,0.0,0,0,0.0,0.0,0.0,0.0,0,0.0,0.0,0.0,0.0,0,0,0.0,0,0.0,0,0,0.0,0,0,0,0,0.0,0.0,0.0,0,0.0,0,0.0,0,0,0.0,0.0,0,0.0,0,0,0,0.0,0.0,0,0.0,0.0,0,0,0
2006-02,0.0,0.0,0.0,0.0,0,0.0,0.0,0,0.0,0,0,0,0.0,0.0,0,0.0,0.0,0,0,0,0.0,0,0.0,0,0,0.0,0.0,0.0,0.0,0,0,0.0,0.0,0.0,0,0.0,0.0,0.0,0.0,0.0,0.0,0.0,0.0,0.0,0.0,0,0,0.0,0.0,0.0,0.0,0,0.0,0.0,0.0,0.0,0,0,0.0,0,0.0,0,0,0.0,0,0,0,0,0.0,0.0,0.0,0,0.0,0,0.0,0,0,0.0,0.0,0,0.0,0,0,0,0.0,0.0,0,0.0,0.0,0,0,0
2006-03,0.0,0.0,0.0,0.0,0,0.0,0.0,0,0.0,0,0,0,0.0,0.0,0,0.0,0.0,0,0,0,0.0,0,0.0,0,0,0.0,0.0,0.0,0.0,0,0,0.0,0.0,0.0,0,0.0,0.0,0.0,0.0,0.0,0.0,0.0,0.0,0.0,0.0,0,0,0.0,0.0,0.0,0.0,0,0.0,0.0,0.0,0.0,0,0,0.0,0,0.0,0,0,0.0,0,0,0,0,0.0,0.0,0.0,0,0.0,0,0.0,0,0,0.0,0.0,0,0.0,0,0,0,0.0,0.0,0,0.0,0.0,0,0,0
2006-04,0.0,0.0,0.0,0.0,0,0.0,0.0,0,0.0,0,0,0,0.0,0.0,0,0.0,0.0,0,0,0,0.0,0,0.0,0,0,0.0,0.0,0.0,0.0,0,0,0.0,0.0,0.0,0,0.0,0.0,0.0,0.0,0.0,0.0,0.0,0.0,0.0,0.0,0,0,0.0,0.0,0.0,0.0,0,0.0,0.0,0.0,0.0,0,0,0.0,0,0.0,0,0,0.0,0,0,0,0,0.0,0.0,0.0,0,0.0,0,0.0,0,0,0.0,0.0,0,0.0,0,0,0,0.0,0.0,0,0.0,0.0,0,0,0
2006-05,0.0,0.0,0.0,0.0,0,0.0,0.0,0,0.0,0,0,0,0.0,0.0,0,0.0,0.0,0,0,0,0.0,0,0.0,0,0,0.0,0.0,0.0,0.0,0,0,0.0,0.0,0.0,0,0.0,0.0,0.0,0.0,0.0,0.0,0.0,0.0,0.0,0.0,0,0,0.0,0.0,0.0,0.0,0,0.0,0.0,0.0,0.0,0,0,0.0,0,0.0,0,0,0.0,0,0,0,0,0.0,0.0,0.0,0,0.0,0,0.0,0,0,0.0,0.0,0,0.0,0,0,0,0.0,0.0,0,0.0,0.0,0,0,0
2006-06,0.0,0.0,0.0,0.0,0,0.0,0.0,0,0.0,0,0,0,0.0,0.0,0,0.0,0.0,0,0,0,0.0,0,0.0,0,0,0.0,0.0,0.0,0.0,0,0,0.0,0.0,0.0,0,0.0,0.0,0.0,0.0,0.0,0.0,0.0,0.0,0.0,0.0,0,0,0.0,0.0,0.0,0.0,0,0.0,0.0,0.0,0.0,0,0,0.0,0,0.0,0,0,0.0,0,0,0,0,0.0,0.0,0.0,0,0.0,0,0.0,0,0,0.0,0.0,0,0.0,0,0,0,0.0,0.0,0,0.0,0.0,0,0,0
2006-07,0.0,0.0,0.0,0.0,0,0.0,0.0,0,0.0,0,0,0,0.0,0.0,0,0.0,0.0,0,0,0,0.0,0,0.0,0,0,0.0,0.0,0.0,0.0,0,0,0.0,0.0,0.0,0,0.0,0.0,0.0,0.0,0.0,0.0,0.0,0.0,0.0,0.0,0,0,0.0,0.0,0.0,0.0,0,0.0,0.0,0.0,0.0,0,0,0.0,0,0.0,0,0,0.0,0,0,0,0,0.0,0.0,0.0,0,0.0,0,0.0,0,0,0.0,0.0,0,0.0,0,0,0,0.0,0.0,0,0.0,0.0,0,0,0
2006-08,0.0,0.0,0.0,0.0,0,0.0,100.0,0,0.0,0,0,0,0.0,0.0,0,0.0,0.0,0,0,0,0.0,0,0.0,0,0,0.0,0.0,0.0,0.0,0,0,0.0,0.0,0.0,0,0.0,0.0,0.0,0.0,0.0,0.0,0.0,0.0,0.0,0.0,0,0,0.0,0.0,0.0,0.0,0,0.0,0.0,0.0,0.0,0,0,0.0,0,0.0,0,0,0.0,0,0,0,0,0.0,0.0,0.0,0,0.0,0,0.0,0,0,0.0,0.0,0,0.0,0,0,0,0.0,0.0,0,0.0,0.0,0,0,0
2006-09,0.0,0.0,0.0,0.0,0,0.0,0.0,0,0.0,0,0,0,0.0,0.0,0,0.0,0.0,0,0,0,0.0,0,0.0,0,0,0.0,0.0,0.0,0.0,0,0,0.0,0.0,0.0,0,0.0,0.0,0.0,0.0,0.0,0.0,0.0,0.0,0.0,0.0,0,0,0.0,0.0,0.0,0.0,0,0.0,0.0,0.0,0.0,0,0,0.0,0,0.0,0,0,0.0,0,0,0,0,0.0,0.0,0.0,0,0.0,0,0.0,0,0,0.0,0.0,0,0.0,0,0,0,0.0,0.0,0,0.0,0.0,0,0,0
2006-10,0.0,0.0,0.0,0.0,0,0.0,0.0,0,0.0,0,0,0,0.0,0.0,0,0.0,0.0,0,0,0,0.0,0,0.0,0,0,0.0,0.0,0.0,0.0,0,0,0.0,0.0,0.0,0,0.0,0.0,0.0,0.0,0.0,0.0,0.0,0.0,0.0,0.0,0,0,0.0,0.0,0.0,0.0,0,0.0,0.0,0.0,0.0,0,0,0.0,0,0.0,0,0,0.0,0,0,0,0,0.0,0.0,0.0,0,0.0,0,0.0,0,0,0.0,0.0,0,0.0,0,0,0,0.0,0.0,0,0.0,0.0,0,0,0
2006-11,0.0,0.0,0.0,0.0,0,0.0,0.0,0,0.0,0,0,0,0.0,0.0,0,0.0,0.0,0,0,0,0.0,0,0.0,0,0,0.0,0.0,0.0,0.0,0,0,0.0,0.0,0.0,0,0.0,0.0,0.0,0.0,0.0,0.0,0.0,0.0,0.0,0.0,0,0,0.0,0.0,0.0,0.0,0,0.0,0.0,0.0,0.0,0,0,0.0,0,0.0,0,0,0.0,0,0,0,0,0.0,0.0,0.0,0,0.0,0,0.0,0,0,0.0,0.0,0,0.0,0,0,0,0.0,0.0,0,0.0,0.0,0,0,0
2006-12,0.0,0.0,0.0,0.0,0,0.0,0.0,0,0.0,0,0,0,0.0,0.0,0,0.0,0.0,0,0,0,0.0,0,0.0,0,0,0.0,0.0,0.0,0.0,0,0,0.0,0.0,0.0,0,0.0,0.0,0.0,0.0,0.0,0.0,0.0,0.0,0.0,0.0,0,0,0.0,0.0,0.0,0.0,0,0.0,0.0,0.0,0.0,0,0,0.0,0,0.0,0,0,0.0,0,0,0,0,0.0,0.0,0.0,0,0.0,0,0.0,0,0,0.0,0.0,0,0.0,0,0,0,0.0,0.0,0,0.0,0.0,0,0,0
2007-01,0.0,0.0,0.0,0.0,0,0.0,0.0,0,0.0,0,0,0,0.0,0.0,0,0.0,0.0,0,0,0,0.0,0,0.0,0,0,0.0,0.0,0.0,0.0,0,0,0.0,0.0,0.0,0,0.0,0.0,0.0,0.0,0.0,0.0,0.0,0.0,0.0,0.0,0,0,0.0,0.0,0.0,0.0,0,0.0,0.0,0.0,0.0,0,0,0.0,0,0.0,0,0,0.0,0,0,0,0,0.0,0.0,0.0,0,0.0,0,0.0,0,0,0.0,0.0,0,0.0,0,0,0,0.0,0.0,0,0.0,0.0,0,0,0
2007-02,0.0,0.0,0.0,0.0,0,0.0,0.0,0,0.0,0,0,0,0.0,0.0,0,0.0,0.0,0,0,0,0.0,0,0.0,0,0,0.0,0.0,0.0,0.0,0,0,0.0,0.0,0.0,0,0.0,0.0,0.0,0.0,0.0,0.0,0.0,0.0,0.0,0.0,0,0,0.0,0.0,0.0,0.0,0,0.0,0.0,0.0,0.0,0,0,0.0,0,0.0,0,0,0.0,0,0,0,0,0.0,0.0,0.0,0,0.0,0,0.0,0,0,0.0,0.0,0,0.0,0,0,0,0.0,0.0,0,0.0,0.0,0,0,0
2007-03,0.0,0.0,0.0,0.0,0,0.0,0.0,0,0.0,0,0,0,0.0,0.0,0,0.0,0.0,0,0,0,0.0,0,0.0,0,0,0.0,0.0,0.0,0.0,0,0,0.0,0.0,0.0,0,0.0,0.0,0.0,0.0,0.0,0.0,0.0,0.0,0.0,0.0,0,0,0.0,0.0,0.0,0.0,0,0.0,0.0,0.0,0.0,0,0,0.0,0,0.0,0,0,0.0,0,0,0,0,0.0,0.0,0.0,0,0.0,0,0.0,0,0,0.0,0.0,0,0.0,0,0,0,0.0,0.0,0,0.0,0.0,0,0,0
2007-04,0.0,0.0,0.0,0.0,0,0.0,0.0,0,0.0,0,0,0,0.0,0.0,0,0.0,0.0,0,0,0,0.0,0,0.0,0,0,0.0,0.0,0.0,0.0,0,0,0.0,0.0,0.0,0,0.0,0.0,0.0,0.0,0.0,0.0,0.0,0.0,0.0,0.0,0,0,0.0,0.0,0.0,0.0,0,0.0,0.0,0.0,0.0,0,0,0.0,0,0.0,0,0,0.0,0,0,0,0,0.0,0.0,0.0,0,0.0,0,0.0,0,0,0.0,0.0,0,0.0,0,0,0,0.0,0.0,0,0.0,0.0,0,0,0
2007-05,0.0,0.0,0.0,0.0,0,0.0,0.0,0,0.0,0,0,0,0.0,0.0,0,0.0,0.0,0,0,0,0.0,0,0.0,0,0,0.0,0.0,0.0,0.0,0,0,0.0,0.0,0.0,0,0.0,0.0,0.0,0.0,0.0,0.0,0.0,0.0,0.0,0.0,0,0,0.0,0.0,0.0,0.0,0,0.0,0.0,0.0,0.0,0,0,0.0,0,0.0,0,0,0.0,0,0,0,0,0.0,0.0,0.0,0,0.0,0,0.0,0,0,0.0,0.0,0,100.0,0,0,0,0.0,0.0,0,0.0,0.0,0,0,0
2007-06,0.0,0.0,0.0,0.0,0,0.0,0.0,0,0.0,0,0,0,0.0,0.0,0,0.0,0.0,0,0,0,0.0,0,0.0,0,0,0.0,0.0,0.0,0.0,0,0,0.0,0.0,0.0,0,0.0,0.0,0.0,0.0,0.0,0.0,0.0,0.0,0.0,0.0,0,0,0.0,0.0,0.0,0.0,0,0.0,0.0,0.0,0.0,0,0,0.0,0,0.0,0,0,0.0,0,0,0,0,0.0,0.0,0.0,0,0.0,0,0.0,0,0,0.0,0.0,0,0.0,0,0,0,0.0,0.0,0,0.0,0.0,0,0,0
2007-07,0.0,0.0,0.0,0.0,0,0.0,0.0,0,0.0,0,0,0,0.0,0.0,0,0.0,0.0,0,0,0,0.0,0,0.0,0,0,100.0,0.0,0.0,0.0,0,0,0.0,0.0,0.0,0,0.0,0.0,0.0,0.0,0.0,0.0,0.0,0.0,0.0,0.0,0,0,0.0,0.0,0.0,0.0,0,0.0,0.0,0.0,0.0,0,0,0.0,0,0.0,0,0,0.0,0,0,0,0,0.0,0.0,0.0,0,0.0,0,0.0,0,0,0.0,0.0,0,0.0,0,0,0,0.0,0.0,0,0.0,0.0,0,0,0
2007-08,0.0,0.0,0.0,0.0,0,0.0,0.0,0,0.0,0,0,0,0.0,0.0,0,0.0,0.0,0,0,0,0.0,0,0.0,0,0,0.0,0.0,0.0,0.0,0,0,0.0,0.0,0.0,0,0.0,0.0,0.0,0.0,0.0,0.0,0.0,0.0,0.0,0.0,0,0,0.0,0.0,0.0,0.0,0,0.0,0.0,0.0,0.0,0,0,0.0,0,0.0,0,0,0.0,0,0,0,0,0.0,0.0,0.0,0,0.0,0,0.0,0,0,0.0,0.0,0,0.0,0,0,0,0.0,0.0,0,0.0,0.0,0,0,0
2007-09,0.0,0.0,0.0,0.0,0,0.0,0.0,0,0.0,0,0,0,0.0,0.0,0,0.0,0.0,0,0,0,0.0,0,0.0,0,0,0.0,0.0,0.0,0.0,0,0,0.0,0.0,0.0,0,0.0,0.0,0.0,0.0,0.0,0.0,0.0,0.0,0.0,0.0,0,0,0.0,0.0,0.0,0.0,0,0.0,0.0,0.0,0.0,0,0,0.0,0,0.0,0,0,0.0,0,0,0,0,0.0,0.0,0.0,0,0.0,0,0.0,0,0,0.0,0.0,0,0.0,0,0,0,100.0,0.0,0,0.0,0.0,0,0,0
2007-10,0.0,0.0,0.0,0.0,0,0.0,0.0,0,0.0,0,0,0,0.0,0.0,0,0.0,0.0,0,0,0,0.0,0,0.0,0,0,0.0,0.0,0.0,0.0,0,0,0.0,0.0,0.0,0,0.0,0.0,0.0,0.0,0.0,0.0,0.0,0.0,0.0,0.0,0,0,0.0,0.0,0.0,0.0,0,0.0,0.0,0.0,0.0,0,0,0.0,0,0.0,0,0,0.0,0,0,0,0,0.0,0.0,0.0,0,0.0,0,0.0,0,0,0.0,0.0,0,0.0,0,0,0,0.0,0.0,0,0.0,0.0,0,0,0
2007-11,0.0,0.0,0.0,0.0,0,0.0,0.0,0,0.0,0,0,0,0.0,0.0,0,0.0,0.0,0,0,0,0.0,0,0.0,0,0,0.0,0.0,0.0,0.0,0,0,0.0,0.0,0.0,0,0.0,0.0,0.0,0.0,0.0,0.0,0.0,0.0,0.0,0.0,0,0,0.0,0.0,0.0,0.0,0,0.0,0.0,0.0,0.0,0,0,0.0,0,0.0,0,0,0.0,0,0,0,0,0.0,0.0,0.0,0,0.0,0,0.0,0,0,0.0,0.0,0,0.0,0,0,0,0.0,0.0,0,0.0,0.0,0,0,0
2007-12,0.0,0.0,0.0,0.0,0,0.0,0.0,0,0.0,0,0,0,0.0,0.0,0,0.0,0.0,0,0,0,0.0,0,0.0,0,0,0.0,0.0,0.0,0.0,0,0,0.0,0.0,0.0,0,0.0,0.0,0.0,0.0,0.0,0.0,0.0,0.0,0.0,0.0,0,0,0.0,0.0,0.0,0.0,0,0.0,0.0,0.0,0.0,0,0,0.0,0,0.0,0,0,0.0,0,0,0,0,0.0,0.0,0.0,0,0.0,0,0.0,0,0,0.0,0.0,0,0.0,0,0,0,0.0,0.0,0,0.0,0.0,0,0,0
2008-01,0.0,0.0,0.0,0.0,0,0.0,0.0,0,0.0,0,0,0,0.0,0.0,0,0.0,0.0,0,0,0,0.0,0,0.0,0,0,0.0,0.0,0.0,0.0,0,0,0.0,0.0,0.0,0,0.0,0.0,0.0,0.0,0.0,0.0,0.0,0.0,0.0,0.0,0,0,0.0,0.0,0.0,0.0,0,0.0,0.0,0.0,0.0,0,0,0.0,0,0.0,0,0,0.0,0,0,0,0,0.0,0.0,0.0,0,0.0,0,0.0,0,0,0.0,0.0,0,0.0,0,0,0,0.0,0.0,0,0.0,0.0,0,0,0
2008-02,0.0,0.0,0.0,0.0,0,0.0,0.0,0,0.0,0,0,0,0.0,0.0,0,0.0,0.0,0,0,0,0.0,0,0.0,0,0,0.0,0.0,0.0,0.0,0,0,0.0,0.0,0.0,0,0.0,0.0,0.0,0.0,0.0,0.0,0.0,0.0,0.0,0.0,0,0,0.0,0.0,0.0,0.0,0,0.0,0.0,0.0,0.0,0,0,0.0,0,0.0,0,0,0.0,0,0,0,0,0.0,0.0,0.0,0,0.0,0,0.0,0,0,0.0,0.0,0,0.0,0,0,0,0.0,0.0,0,0.0,0.0,0,0,0
2008-03,0.0,0.0,0.0,0.0,0,0.0,0.0,0,0.0,0,0,0,0.0,0.0,0,0.0,0.0,0,0,0,0.0,0,0.0,0,0,0.0,0.0,0.0,0.0,0,0,0.0,0.0,0.0,0,0.0,0.0,0.0,0.0,0.0,0.0,0.0,0.0,0.0,0.0,0,0,0.0,0.0,0.0,0.0,0,0.0,0.0,0.0,0.0,0,0,0.0,0,0.0,0,0,0.0,0,0,0,0,0.0,0.0,0.0,0,0.0,0,0.0,0,0,0.0,0.0,0,0.0,0,0,0,0.0,0.0,0,0.0,0.0,0,0,0
2008-04,0.0,0.0,0.0,0.0,0,0.0,0.0,0,0.0,0,0,0,0.0,0.0,0,0.0,0.0,0,0,0,0.0,0,0.0,0,0,0.0,0.0,0.0,0.0,0,0,0.0,0.0,0.0,0,0.0,0.0,0.0,0.0,0.0,0.0,0.0,0.0,0.0,0.0,0,0,0.0,0.0,0.0,0.0,0,0.0,0.0,0.0,0.0,0,0,0.0,0,0.0,0,0,0.0,0,0,0,0,0.0,0.0,0.0,0,0.0,0,0.0,0,0,0.0,0.0,0,0.0,0,0,0,0.0,0.0,0,0.0,0.0,0,0,0
2008-05,0.0,0.0,0.0,0.0,0,0.0,0.0,0,0.0,0,0,0,0.0,0.0,0,0.0,0.0,0,0,0,0.0,0,0.0,0,0,0.0,0.0,0.0,0.0,0,0,0.0,0.0,0.0,0,0.0,0.0,0.0,0.0,0.0,0.0,0.0,0.0,0.0,0.0,0,0,0.0,0.0,0.0,0.0,0,0.0,0.0,0.0,0.0,0,0,0.0,0,0.0,0,0,0.0,0,0,0,0,0.0,0.0,0.0,0,0.0,0,0.0,0,0,0.0,0.0,0,0.0,0,0,0,0.0,0.0,0,0.0,0.0,0,0,0
2008-06,0.0,0.0,0.0,0.0,0,0.0,0.0,0,0.0,0,0,0,0.0,0.0,0,0.0,0.0,0,0,0,0.0,0,0.0,0,0,0.0,0.0,0.0,0.0,0,0,0.0,0.0,0.0,0,0.0,0.0,0.0,0.0,0.0,0.0,0.0,0.0,0.0,0.0,0,0,0.0,0.0,0.0,0.0,0,0.0,0.0,0.0,0.0,0,0,0.0,0,0.0,0,0,0.0,0,0,0,0,0.0,0.0,0.0,0,0.0,0,0.0,0,0,12.0,0.0,0,0.0,0,0,0,0.0,0.0,0,0.0,0.0,0,0,0
2008-07,0.0,0.0,0.0,0.0,0,0.0,0.0,0,0.0,0,0,0,0.0,0.0,0,0.0,0.0,0,0,0,0.0,0,0.0,0,0,0.0,0.0,0.0,0.0,0,0,0.0,0.0,0.0,0,0.0,0.0,0.0,0.0,0.0,0.0,0.0,0.0,0.0,0.0,0,0,0.0,0.0,0.0,0.0,0,0.0,0.0,0.0,0.0,0,0,0.0,0,0.0,0,0,0.0,0,0,0,0,0.0,0.0,0.0,0,0.0,0,0.0,0,0,9.0,0.0,0,0.0,0,0,0,0.0,0.0,0,0.0,0.0,0,0,0
2008-08,0.0,0.0,0.0,9.0,0,0.0,0.0,0,0.0,0,0,0,0.0,0.0,0,0.0,0.0,0,0,0,0.0,0,0.0,13,0,0.0,0.0,0.0,0.0,0,0,0.0,0.0,0.0,0,0.0,0.0,0.0,0.0,0.0,0.0,0.0,0.0,0.0,0.0,0,0,0.0,0.0,0.0,0.0,0,0.0,0.0,0.0,0.0,0,0,0.0,0,0.0,0,0,0.0,0,0,0,0,0.0,0.0,0.0,0,0.0,0,0.0,0,0,0.0,0.0,0,0.0,0,0,0,0.0,0.0,0,0.0,0.0,0,0,0
2008-09,0.0,0.0,0.0,0.0,0,0.0,0.0,0,0.0,0,0,0,0.0,0.0,0,0.0,0.0,0,0,0,0.0,0,0.0,0,0,0.0,14.0,0.0,0.0,0,0,0.0,0.0,0.0,0,0.0,0.0,0.0,0.0,0.0,0.0,0.0,0.0,0.0,0.0,0,0,0.0,0.0,0.0,0.0,0,0.0,0.0,0.0,0.0,0,0,0.0,0,0.0,0,0,0.0,0,0,0,0,100.0,0.0,0.0,0,0.0,0,0.0,0,0,0.0,0.0,0,0.0,0,0,0,0.0,0.0,0,0.0,0.0,0,0,0
2008-10,0.0,0.0,0.0,0.0,0,0.0,0.0,32,0.0,0,0,0,0.0,0.0,0,0.0,0.0,0,0,0,0.0,0,0.0,0,0,0.0,0.0,0.0,0.0,0,0,0.0,0.0,0.0,0,0.0,0.0,0.0,0.0,0.0,0.0,0.0,0.0,0.0,0.0,0,0,0.0,0.0,0.0,0.0,0,0.0,0.0,0.0,0.0,0,0,0.0,0,0.0,0,0,0.0,0,0,0,0,0.0,0.0,0.0,0,0.0,0,0.0,0,0,0.0,0.0,0,0.0,0,0,0,0.0,0.0,0,0.0,0.0,0,0,0
2008-11,0.0,0.0,0.0,0.0,0,0.0,0.0,0,0.0,0,0,0,0.0,0.0,0,0.0,0.0,0,0,0,0.0,0,0.0,0,0,0.0,0.0,0.0,0.0,0,0,0.0,0.0,0.0,0,0.0,0.0,0.0,0.0,0.0,0.0,0.0,0.0,0.0,0.0,0,0,0.0,0.0,0.0,0.0,0,0.0,0.0,0.0,0.0,0,0,0.0,0,0.0,0,0,0.0,0,0,0,0,0.0,0.0,0.0,0,0.0,0,0.0,0,0,0.0,0.0,0,0.0,0,0,0,0.0,0.0,0,0.0,0.0,0,0,0
2008-12,0.0,0.0,0.0,0.0,0,0.0,0.0,0,0.0,0,0,0,0.0,0.0,0,0.0,0.0,0,0,0,0.0,0,0.0,0,0,0.0,0.0,0.0,0.0,0,0,0.0,0.0,0.0,0,0.0,0.0,0.0,0.0,0.0,0.0,0.0,0.0,0.0,0.0,0,0,0.0,0.0,0.0,0.0,0,0.0,0.0,0.0,0.0,0,0,0.0,0,0.0,0,0,0.0,0,0,0,0,0.0,0.0,0.0,0,0.0,0,0.0,0,0,0.0,0.0,0,0.0,0,0,0,0.0,0.0,0,0.0,0.0,0,0,0
2009-01,0.0,0.0,0.0,0.0,0,0.0,0.0,0,0.0,0,0,0,0.0,0.0,0,0.0,0.0,0,0,0,0.0,0,0.0,0,0,0.0,0.0,0.0,0.0,0,0,0.0,0.0,0.0,0,0.0,0.0,0.0,0.0,0.0,0.0,0.0,0.0,0.0,0.0,0,0,0.0,0.0,0.0,0.0,0,0.0,0.0,0.0,0.0,0,0,0.0,0,0.0,0,0,0.0,0,0,0,0,0.0,0.0,0.0,0,0.0,0,0.0,0,0,0.0,0.0,0,0.0,0,0,0,0.0,0.0,0,0.0,0.0,0,0,0
2009-02,0.0,0.0,0.0,0.0,0,0.0,0.0,0,0.0,0,0,0,0.0,0.0,0,0.0,0.0,0,0,0,0.0,0,0.0,0,0,0.0,0.0,0.0,0.0,0,0,0.0,0.0,0.0,0,0.0,0.0,0.0,0.0,0.0,0.0,0.0,0.0,0.0,0.0,0,0,0.0,0.0,0.0,0.0,0,0.0,0.0,0.0,0.0,0,0,0.0,0,0.0,0,0,0.0,0,0,0,0,0.0,0.0,0.0,0,0.0,0,0.0,0,0,0.0,0.0,0,0.0,0,0,0,0.0,0.0,0,0.0,0.0,0,0,0
2009-03,0.0,0.0,0.0,0.0,0,0.0,0.0,0,0.0,0,0,0,0.0,0.0,0,0.0,0.0,0,0,0,0.0,0,0.0,0,0,0.0,0.0,0.0,0.0,0,0,0.0,0.0,0.0,0,0.0,0.0,0.0,0.0,0.0,0.0,0.0,0.0,0.0,0.0,0,0,0.0,0.0,0.0,0.0,0,0.0,0.0,0.0,0.0,0,0,0.0,0,0.0,0,0,0.0,0,0,0,0,0.0,0.0,0.0,0,0.0,0,0.0,0,0,0.0,0.0,0,0.0,0,0,0,0.0,0.0,0,0.0,0.0,0,0,0
2009-04,9.0,0.0,0.0,0.0,0,0.0,0.0,0,0.0,0,0,0,0.0,0.0,0,0.0,0.0,0,0,0,0.0,0,0.0,0,0,0.0,0.0,0.0,0.0,0,0,0.0,0.0,0.0,0,0.0,0.0,0.0,0.0,0.0,0.0,0.0,0.0,0.0,0.0,0,0,0.0,0.0,0.0,0.0,0,0.0,0.0,0.0,0.0,0,0,0.0,0,0.0,0,0,0.0,0,0,0,0,0.0,0.0,0.0,0,0.0,0,0.0,0,0,0.0,0.0,0,0.0,0,0,0,0.0,0.0,0,0.0,0.0,0,73,0
2009-05,0.0,0.0,0.0,0.0,0,0.0,0.0,0,0.0,0,0,0,0.0,0.0,0,0.0,0.0,0,0,0,0.0,0,0.0,0,0,0.0,0.0,0.0,0.0,0,0,0.0,0.0,0.0,0,0.0,0.0,0.0,0.0,0.0,0.0,0.0,0.0,0.0,0.0,0,0,0.0,0.0,0.0,0.0,0,0.0,0.0,0.0,0.0,0,0,0.0,0,0.0,0,0,0.0,0,0,0,0,0.0,0.0,0.0,0,0.0,0,0.0,0,0,0.0,0.0,0,0.0,0,0,0,0.0,0.0,0,0.0,0.0,0,0,0
2009-06,0.0,0.0,0.0,0.0,0,0.0,0.0,0,0.0,0,0,0,0.0,0.0,0,0.0,0.0,0,0,0,0.0,0,0.0,0,0,0.0,0.0,0.0,0.0,0,0,0.0,0.0,0.0,0,0.0,0.0,0.0,0.0,0.0,0.0,0.0,0.0,0.0,0.0,0,0,0.0,0.0,0.0,0.0,0,0.0,0.0,0.0,0.0,0,0,0.0,0,0.0,0,0,0.0,0,0,0,0,0.0,0.0,0.0,0,0.0,0,0.0,0,0,0.0,0.0,0,0.0,0,0,0,0.0,0.0,0,0.0,0.0,0,0,0
2009-07,0.0,0.0,0.0,0.0,0,0.0,0.0,0,0.0,0,0,0,0.0,0.0,0,0.0,0.0,0,0,0,0.0,0,0.0,0,0,0.0,0.0,0.0,0.0,0,0,0.0,0.0,0.0,0,0.0,0.0,0.0,0.0,0.0,0.0,0.0,0.0,0.0,0.0,0,0,0.0,0.0,0.0,0.0,0,0.0,0.0,0.0,0.0,0,0,0.0,0,0.0,0,0,0.0,0,0,0,0,0.0,0.0,0.0,0,0.0,0,0.0,0,0,0.0,0.0,0,0.0,0,0,0,0.0,0.0,0,0.0,0.0,0,0,0
2009-08,0.0,0.0,0.0,0.0,0,0.0,0.0,0,0.0,0,0,0,0.0,0.0,0,0.0,0.0,0,0,0,0.0,0,0.0,0,0,0.0,0.0,0.0,0.0,0,0,0.0,0.0,0.0,0,0.0,0.0,0.0,0.0,0.0,0.0,0.0,0.0,0.0,0.0,0,0,0.0,0.0,0.0,0.0,0,0.0,0.0,0.0,0.0,0,0,0.0,97,100.0,0,0,0.0,0,0,0,0,0.0,0.0,0.0,0,0.0,0,0.0,0,0,0.0,0.0,0,0.0,0,0,0,0.0,0.0,0,0.0,0.0,0,0,0
2009-09,0.0,0.0,0.0,0.0,0,0.0,0.0,0,0.0,0,0,0,0.0,0.0,0,0.0,0.0,0,0,0,0.0,0,0.0,0,0,0.0,0.0,0.0,0.0,0,0,0.0,0.0,0.0,0,0.0,0.0,0.0,0.0,0.0,0.0,0.0,0.0,0.0,0.0,0,0,0.0,0.0,0.0,0.0,0,0.0,0.0,0.0,0.0,0,0,0.0,0,0.0,0,0,0.0,0,0,0,0,0.0,0.0,0.0,0,0.0,0,0.0,0,0,0.0,0.0,0,0.0,0,0,0,0.0,0.0,0,0.0,0.0,0,0,0
2009-10,0.0,0.0,0.0,0.0,0,0.0,0.0,0,0.0,0,0,0,0.0,0.0,0,0.0,0.0,0,0,0,0.0,0,0.0,0,0,0.0,0.0,0.0,0.0,0,0,0.0,0.0,0.0,0,0.0,0.0,0.0,0.0,0.0,0.0,0.0,0.0,0.0,0.0,0,0,0.0,0.0,0.0,0.0,0,0.0,0.0,0.0,0.0,0,0,0.0,0,0.0,0,0,0.0,0,0,0,0,0.0,0.0,0.0,0,0.0,0,0.0,0,0,0.0,0.0,0,0.0,0,0,0,0.0,0.0,0,0.0,0.0,0,0,0
2009-11,0.0,0.0,0.0,0.0,0,0.0,0.0,0,0.0,0,0,0,0.0,0.0,0,0.0,0.0,0,0,0,0.0,0,0.0,0,0,0.0,0.0,0.0,0.0,0,0,0.0,0.0,0.0,0,0.0,0.0,0.0,0.0,0.0,0.0,0.0,0.0,0.0,0.0,0,0,0.0,0.0,0.0,0.0,0,0.0,0.0,0.0,0.0,0,0,0.0,0,0.0,0,0,0.0,0,0,0,0,0.0,0.0,0.0,0,0.0,0,0.0,0,0,0.0,0.0,0,0.0,0,0,0,0.0,0.0,0,0.0,0.0,0,0,0
2009-12,0.0,0.0,0.0,0.0,0,0.0,0.0,0,0.0,0,0,0,0.0,0.0,0,0.0,0.0,0,0,0,0.0,0,0.0,6,0,0.0,0.0,0.0,0.0,0,0,0.0,0.0,0.0,0,0.0,0.0,0.0,0.0,0.0,0.0,0.0,0.0,0.0,0.0,0,0,0.0,0.0,0.0,0.0,0,0.0,0.0,0.0,0.0,0,0,0.0,0,0.0,0,100,0.0,0,0,0,0,0.0,0.0,0.0,0,0.0,0,0.0,0,0,0.0,0.0,0,0.0,0,0,0,0.0,0.0,0,0.0,0.0,0,0,0
2010-01,0.0,0.0,0.0,0.0,0,0.0,0.0,0,0.0,0,0,0,0.0,0.0,0,0.0,0.0,0,0,0,0.0,0,0.0,0,0,0.0,0.0,0.0,0.0,0,0,0.0,0.0,0.0,0,0.0,0.0,0.0,0.0,0.0,0.0,0.0,0.0,0.0,0.0,0,0,0.0,0.0,0.0,0.0,0,0.0,0.0,0.0,0.0,0,0,0.0,0,0.0,0,0,0.0,0,0,0,0,0.0,0.0,0.0,0,0.0,0,0.0,0,0,0.0,0.0,0,0.0,0,0,0,0.0,0.0,0,0.0,0.0,0,0,0
2010-02,0.0,0.0,0.0,0.0,0,0.0,0.0,0,0.0,0,0,0,0.0,0.0,0,0.0,0.0,0,0,0,0.0,0,0.0,0,0,0.0,0.0,0.0,0.0,0,0,0.0,0.0,0.0,0,0.0,0.0,0.0,0.0,0.0,0.0,0.0,0.0,0.0,0.0,0,0,0.0,0.0,0.0,0.0,0,0.0,0.0,0.0,0.0,0,0,0.0,0,0.0,0,0,0.0,0,0,0,0,0.0,0.0,0.0,0,0.0,0,0.0,0,0,0.0,0.0,0,0.0,0,0,0,0.0,0.0,0,0.0,0.0,0,0,0
2010-03,0.0,0.0,0.0,0.0,0,0.0,0.0,0,0.0,0,0,0,0.0,0.0,0,0.0,0.0,0,0,0,0.0,0,0.0,0,0,0.0,0.0,0.0,0.0,0,0,0.0,0.0,0.0,0,0.0,0.0,0.0,0.0,0.0,0.0,0.0,0.0,0.0,0.0,0,0,0.0,0.0,0.0,0.0,0,0.0,0.0,0.0,0.0,0,0,0.0,0,0.0,0,0,0.0,0,0,0,0,0.0,0.0,0.0,0,0.0,0,0.0,0,0,0.0,0.0,0,0.0,0,0,0,0.0,0.0,0,0.0,0.0,0,0,0
2010-04,0.0,0.0,4.0,0.0,0,0.0,0.0,0,0.0,0,0,0,0.0,0.0,0,0.0,0.0,0,0,0,0.0,0,0.0,0,0,0.0,0.0,0.0,0.0,0,0,0.0,0.0,0.0,0,0.0,0.0,0.0,0.0,0.0,0.0,0.0,0.0,0.0,0.0,100,0,0.0,0.0,0.0,0.0,0,0.0,0.0,0.0,0.0,0,0,0.0,0,0.0,0,0,0.0,0,0,0,0,0.0,0.0,0.0,0,0.0,0,0.0,0,0,0.0,0.0,0,0.0,0,0,0,0.0,0.0,0,0.0,0.0,0,0,0
2010-05,0.0,0.0,0.0,0.0,0,0.0,0.0,0,0.0,0,0,0,0.0,0.0,0,0.0,0.0,0,0,0,0.0,0,0.0,7,0,0.0,0.0,0.0,0.0,0,0,0.0,0.0,0.0,0,0.0,0.0,0.0,0.0,0.0,0.0,0.0,0.0,0.0,0.0,0,0,0.0,0.0,0.0,0.0,0,0.0,0.0,0.0,0.0,0,0,0.0,0,0.0,0,0,0.0,0,0,0,0,0.0,0.0,0.0,0,0.0,0,0.0,0,0,0.0,0.0,0,0.0,0,0,0,0.0,0.0,0,0.0,0.0,0,0,0
2010-06,0.0,0.0,0.0,0.0,0,0.0,0.0,0,0.0,0,0,0,0.0,0.0,0,0.0,0.0,0,0,0,0.0,0,0.0,0,0,0.0,0.0,0.0,0.0,0,0,0.0,0.0,0.0,0,0.0,0.0,0.0,0.0,0.0,0.0,0.0,0.0,0.0,0.0,0,0,0.0,0.0,0.0,0.0,0,0.0,0.0,0.0,0.0,0,0,0.0,46,0.0,0,0,0.0,0,0,0,0,0.0,0.0,0.0,0,0.0,0,0.0,0,0,0.0,0.0,0,0.0,0,0,0,0.0,0.0,0,0.0,0.0,0,0,0
2010-07,0.0,0.0,0.0,0.0,0,0.0,0.0,0,0.0,0,0,0,0.0,0.0,0,0.0,0.0,0,0,0,0.0,0,0.0,6,0,0.0,0.0,0.0,0.0,0,0,0.0,0.0,0.0,0,0.0,0.0,0.0,0.0,0.0,0.0,0.0,0.0,0.0,0.0,0,0,0.0,0.0,0.0,0.0,0,0.0,0.0,0.0,0.0,0,0,0.0,0,0.0,0,0,0.0,0,0,0,0,0.0,0.0,0.0,0,0.0,0,0.0,0,0,0.0,0.0,0,0.0,0,0,0,0.0,0.0,0,0.0,0.0,0,0,0
2010-08,0.0,0.0,0.0,0.0,0,0.0,0.0,0,0.0,0,0,0,0.0,0.0,0,0.0,0.0,0,0,0,0.0,0,0.0,6,0,0.0,0.0,0.0,0.0,0,0,0.0,0.0,0.0,0,0.0,0.0,0.0,0.0,0.0,0.0,0.0,0.0,0.0,0.0,0,0,0.0,0.0,0.0,0.0,0,0.0,0.0,0.0,0.0,0,0,0.0,0,0.0,0,0,0.0,0,0,0,0,0.0,0.0,0.0,0,0.0,0,0.0,0,0,0.0,0.0,0,0.0,0,0,0,0.0,0.0,0,0.0,0.0,0,0,0
2010-09,0.0,0.0,0.0,0.0,0,0.0,0.0,0,0.0,0,0,0,0.0,0.0,0,0.0,0.0,0,0,0,0.0,0,0.0,0,0,0.0,0.0,0.0,8.0,0,100,0.0,0.0,0.0,0,0.0,0.0,0.0,0.0,0.0,0.0,0.0,0.0,0.0,0.0,0,0,0.0,0.0,0.0,0.0,0,0.0,0.0,0.0,0.0,0,0,0.0,0,0.0,0,0,0.0,0,0,0,0,0.0,0.0,0.0,0,0.0,0,0.0,0,0,0.0,0.0,0,0.0,0,0,0,0.0,0.0,0,0.0,0.0,0,0,0
2010-10,0.0,0.0,0.0,0.0,0,0.0,0.0,0,0.0,0,0,0,0.0,0.0,0,0.0,0.0,0,0,0,0.0,0,0.0,6,0,0.0,0.0,0.0,0.0,0,0,0.0,0.0,0.0,0,0.0,0.0,0.0,0.0,0.0,0.0,0.0,0.0,0.0,0.0,0,0,0.0,0.0,0.0,0.0,0,0.0,0.0,0.0,0.0,0,0,0.0,39,0.0,0,0,0.0,0,0,0,0,0.0,0.0,0.0,0,0.0,0,0.0,0,0,0.0,0.0,0,0.0,0,0,0,0.0,0.0,0,0.0,0.0,0,0,0
2010-11,0.0,0.0,0.0,0.0,0,0.0,0.0,0,0.0,0,0,0,0.0,0.0,0,0.0,0.0,0,0,0,0.0,0,0.0,0,0,0.0,0.0,0.0,0.0,0,0,0.0,0.0,0.0,0,0.0,0.0,0.0,0.0,0.0,0.0,0.0,0.0,0.0,0.0,0,0,0.0,0.0,0.0,0.0,0,0.0,0.0,0.0,0.0,0,0,0.0,43,0.0,0,0,0.0,0,0,0,0,0.0,0.0,0.0,0,0.0,0,0.0,0,0,0.0,0.0,0,0.0,0,0,0,0.0,0.0,0,0.0,0.0,0,0,0
2010-12,0.0,0.0,0.0,0.0,0,0.0,0.0,0,0.0,0,0,0,0.0,0.0,0,0.0,0.0,0,0,0,0.0,0,0.0,0,0,0.0,0.0,0.0,0.0,0,0,0.0,0.0,0.0,0,0.0,0.0,0.0,0.0,0.0,0.0,0.0,0.0,0.0,0.0,0,0,0.0,0.0,0.0,0.0,0,0.0,0.0,0.0,0.0,0,0,0.0,0,0.0,0,0,0.0,0,0,0,0,0.0,0.0,0.0,0,0.0,0,0.0,0,0,0.0,0.0,0,0.0,0,0,0,0.0,0.0,0,0.0,0.0,0,0,0
2011-01,0.0,0.0,0.0,0.0,2,0.0,0.0,3,0.0,5,0,0,0.0,0.0,81,0.0,0.0,0,0,81,0.0,0,0.0,5,3,0.0,0.0,0.0,0.0,3,0,0.0,0.0,0.0,35,0.0,0.0,0.0,0.0,2.0,0.0,0.0,0.0,0.0,2.0,37,46,0.0,0.0,0.0,0.0,2,0.0,0.0,0.0,0.0,81,0,0.0,36,0.0,21,0,0.0,30,0,43,0,0.0,0.0,0.0,19,0.0,0,0.0,0,81,0.0,1.0,0,0.0,2,0,0,0.0,0.0,4,0.0,0.0,0,0,16
2011-02,0.0,0.0,0.0,0.0,2,0.0,0.0,0,0.0,5,0,0,0.0,0.0,80,0.0,0.0,0,0,80,0.0,0,0.0,4,3,2.0,0.0,0.0,0.0,3,0,0.0,0.0,0.0,35,0.0,0.0,0.0,0.0,2.0,0.0,0.0,0.0,0.0,2.0,43,46,0.0,0.0,0.0,0.0,2,0.0,0.0,0.0,0.0,80,0,0.0,26,0.0,21,0,0.0,0,0,43,0,0.0,0.0,0.0,19,0.0,0,0.0,0,80,0.0,1.0,0,0.0,2,0,0,0.0,0.0,4,0.0,0.0,0,0,16
2011-03,0.0,0.0,0.0,0.0,2,0.0,0.0,4,0.0,5,0,0,0.0,0.0,76,0.0,0.0,0,0,76,0.0,0,0.0,4,2,0.0,0.0,0.0,0.0,3,0,0.0,0.0,0.0,33,0.0,0.0,0.0,0.0,1.0,0.0,0.0,0.0,0.0,1.0,31,43,0.0,0.0,0.0,0.0,2,0.0,0.0,0.0,0.0,76,0,0.0,25,0.0,20,0,0.0,68,47,40,0,0.0,0.0,0.0,18,0.0,0,0.0,0,76,0.0,0.0,0,0.0,2,0,0,0.0,0.0,4,0.0,0.0,0,0,15
2011-04,0.0,0.0,0.0,0.0,2,0.0,0.0,3,0.0,6,0,0,0.0,0.0,96,0.0,0.0,0,0,96,0.0,0,0.0,4,3,0.0,0.0,0.0,0.0,3,0,0.0,0.0,0.0,41,0.0,0.0,0.0,0.0,2.0,0.0,0.0,0.0,0.0,2.0,37,55,0.0,0.0,0.0,0.0,3,0.0,0.0,0.0,0.0,96,17,0.0,28,0.0,25,0,0.0,41,48,51,0,0.0,0.0,0.0,23,0.0,0,0.0,0,96,0.0,0.0,0,0.0,2,0,0,0.0,0.0,5,0.0,0.0,0,0,19
2011-05,0.0,0.0,0.0,1.0,2,0.0,0.0,2,0.0,5,0,0,0.0,0.0,76,0.0,0.0,0,0,76,0.0,0,0.0,3,3,0.0,0.0,0.0,0.0,3,0,0.0,0.0,0.0,33,0.0,0.0,0.0,0.0,1.0,0.0,0.0,0.0,0.0,1.0,36,44,0.0,0.0,0.0,0.0,2,0.0,0.0,0.0,0.0,76,0,0.0,23,9.0,20,0,0.0,36,39,41,0,0.0,0.0,0.0,18,0.0,0,0.0,0,76,0.0,0.0,0,0.0,2,0,0,0.0,0.0,4,0.0,0.0,0,0,15
2011-06,1.0,0.0,0.0,1.0,2,0.0,0.0,2,0.0,7,0,0,0.0,0.0,100,0.0,0.0,0,0,100,0.0,0,0.0,5,3,0.0,0.0,0.0,0.0,4,0,21.0,0.0,0.0,43,0.0,0.0,0.0,0.0,2.0,0.0,0.0,0.0,0.0,2.0,57,57,0.0,0.0,0.0,0.0,3,0.0,0.0,0.0,0.0,100,16,0.0,23,0.0,26,0,0.0,30,34,53,0,0.0,0.0,0.0,24,0.0,0,0.0,0,100,1.0,0.0,0,0.0,2,0,0,0.0,0.0,5,0.0,0.0,0,7,20
2011-07,0.0,0.0,0.0,1.0,1,0.0,0.0,3,0.0,4,0,0,0.0,0.0,64,0.0,0.0,0,0,64,0.0,0,0.0,3,2,0.0,0.0,0.0,0.0,2,0,0.0,0.0,0.0,28,0.0,0.0,0.0,0.0,1.0,0.0,0.0,0.0,0.0,1.0,64,37,0.0,0.0,0.0,0.0,2,0.0,0.0,0.0,0.0,64,13,0.0,24,0.0,17,0,0.0,30,29,34,0,0.0,0.0,0.0,16,0.0,0,0.0,0,64,0.0,1.0,0,0.0,1,0,0,0.0,0.0,3,0.0,0.0,6,0,13
2011-08,0.0,0.0,0.0,0.0,1,0.0,0.0,3,0.0,4,0,0,0.0,0.0,58,0.0,0.0,0,0,58,0.0,0,0.0,4,2,0.0,0.0,0.0,2.0,2,18,0.0,0.0,0.0,25,0.0,0.0,0.0,0.0,1.0,0.0,0.0,0.0,0.0,1.0,47,33,0.0,0.0,0.0,0.0,2,0.0,0.0,0.0,0.0,58,8,0.0,24,0.0,15,0,0.0,44,42,31,0,0.0,0.0,0.0,14,0.0,0,0.0,0,58,0.0,1.0,0,0.0,1,0,0,0.0,0.0,3,0.0,0.0,0,0,11
2011-09,1.0,0.0,0.0,1.0,1,0.0,0.0,4,0.0,4,0,0,0.0,0.0,61,0.0,0.0,0,0,61,0.0,0,0.0,4,2,0.0,0.0,0.0,0.0,2,0,0.0,0.0,0.0,26,0.0,0.0,0.0,0.0,1.0,0.0,0.0,0.0,0.0,1.0,42,35,0.0,0.0,0.0,0.0,2,0.0,0.0,0.0,0.0,61,15,0.0,22,0.0,16,0,0.0,36,37,32,0,0.0,0.0,0.0,15,0.0,0,0.0,41,61,0.0,0.0,0,0.0,1,0,0,0.0,0.0,3,0.0,0.0,0,10,12
2011-10,1.0,0.0,0.0,0.0,2,0.0,0.0,3,0.0,5,0,0,0.0,0.0,74,0.0,0.0,0,0,74,0.0,0,0.0,4,2,0.0,0.0,0.0,0.0,3,0,0.0,0.0,0.0,32,0.0,0.0,0.0,0.0,1.0,0.0,0.0,0.0,0.0,1.0,36,42,0.0,0.0,0.0,0.0,2,0.0,0.0,0.0,0.0,74,15,0.0,26,0.0,19,0,0.0,39,38,39,0,0.0,0.0,0.0,18,0.0,0,0.0,0,74,0.0,1.0,0,0.0,2,0,0,0.0,0.0,3,0.0,0.0,8,8,14
2011-11,1.0,0.0,1.0,0.0,1,0.0,0.0,4,0.0,4,0,0,0.0,0.0,60,0.0,0.0,0,0,60,0.0,0,0.0,4,2,0.0,0.0,0.0,0.0,2,0,0.0,0.0,0.0,26,0.0,0.0,0.0,0.0,1.0,0.0,0.0,0.0,0.0,1.0,48,34,0.0,0.0,0.0,0.0,2,0.0,0.0,0.0,0.0,60,14,0.0,34,0.0,16,0,0.0,53,52,32,0,0.0,0.0,0.0,14,0.0,0,0.0,0,60,1.0,0.0,0,0.0,1,0,0,0.0,0.0,3,0.0,0.0,0,5,12
2011-12,1.0,0.0,0.0,0.0,1,0.0,0.0,3,0.0,2,0,0,0.0,0.0,31,0.0,0.0,0,0,31,0.0,0,0.0,4,1,0.0,0.0,0.0,0.0,1,0,0.0,0.0,0.0,14,0.0,0.0,0.5,0.0,1.0,0.0,0.0,0.0,0.0,1.0,41,18,0.0,0.0,0.0,0.0,1,0.0,0.0,0.0,0.0,31,9,0.0,17,0.0,8,0,0.0,48,43,17,0,0.0,0.0,0.0,8,0.0,0,0.0,0,31,0.0,0.5,0,0.0,1,0,0,0.0,0.0,1,0.0,0.0,6,6,6
2012-01,1.0,0.0,0.0,0.0,2,0.0,0.0,2,0.0,5,0,0,0.0,0.0,74,0.0,0.0,0,0,74,0.0,0,0.0,4,2,0.0,0.0,0.0,1.0,3,13,0.0,0.0,0.0,32,0.0,0.0,0.0,0.0,1.0,0.0,0.0,0.0,0.0,1.0,30,42,0.0,0.0,0.0,0.0,2,0.0,0.0,0.0,0.0,74,11,0.0,27,9.0,19,0,0.0,44,44,39,0,0.0,0.0,0.0,18,0.0,0,0.0,22,74,0.0,1.0,0,0.0,2,0,0,0.0,0.0,3,0.0,0.0,0,5,14
2012-02,1.0,0.0,0.0,0.0,2,0.0,0.0,3,0.0,6,0,0,0.0,0.0,82,0.0,0.0,0,0,82,0.0,0,0.0,3,3,0.0,0.0,0.0,0.0,3,0,0.0,0.0,11.0,35,0.5,0.0,0.0,0.0,2.0,0.0,0.0,0.0,0.0,2.0,44,47,0.0,0.0,0.0,0.0,2,0.0,0.0,0.0,0.0,82,10,0.0,24,0.0,21,0,0.0,53,47,43,0,0.0,0.0,0.0,20,0.0,0,0.0,0,82,0.0,1.0,0,0.0,2,0,0,2.0,0.0,4,0.0,0.0,0,5,16
2012-03,0.0,0.0,0.0,1.0,1,0.0,0.0,4,0.0,4,0,0,0.0,0.0,54,0.0,0.0,0,0,54,0.0,0,0.0,4,2,0.0,0.0,0.0,1.0,2,13,0.0,0.0,0.0,23,0.0,0.5,0.0,0.0,1.0,0.0,0.0,0.0,0.0,1.0,49,31,0.0,0.0,0.0,0.0,1,0.0,0.0,0.0,0.0,54,16,0.0,26,0.0,14,0,0.0,54,48,29,0,0.0,0.0,0.0,13,0.0,0,0.0,36,54,1.0,1.0,0,0.0,1,0,0,0.0,0.0,3,0.0,0.0,0,0,11
2012-04,1.0,0.0,0.0,0.0,1,0.0,0.0,3,0.0,3,0,0,0.0,0.0,51,0.0,0.0,0,0,51,0.0,0,0.0,4,2,0.0,0.0,0.0,1.0,2,17,0.0,0.0,0.0,22,0.0,0.0,0.0,0.0,1.0,0.0,0.0,0.0,0.0,1.0,65,29,0.0,0.0,0.0,0.0,1,0.0,0.0,0.0,0.0,51,10,0.0,29,6.0,13,0,0.0,40,35,27,0,0.0,0.0,0.0,12,0.0,0,0.0,0,51,0.0,1.0,0,0.0,1,0,0,0.0,0.0,2,4.0,0.0,0,6,10
2012-05,0.0,0.0,0.0,0.0,1,0.0,0.0,2,0.0,4,0,0,0.0,0.0,53,0.0,0.0,0,0,53,0.0,0,0.0,2,2,0.0,0.0,0.0,1.0,2,8,0.0,0.0,0.0,23,0.0,0.0,0.0,0.0,1.0,0.0,0.0,0.0,0.0,1.0,34,31,0.0,0.0,0.0,0.0,1,0.0,0.0,0.0,0.0,53,11,0.0,18,0.0,14,0,0.0,34,39,28,0,0.0,0.0,0.0,13,0.0,0,0.0,19,53,0.5,0.5,0,0.0,1,0,0,0.0,0.0,3,0.0,0.0,0,0,10
2012-06,0.0,0.0,0.0,0.0,2,0.0,0.0,3,0.0,6,0,0,0.0,0.0,89,0.0,0.0,24,0,89,0.0,0,0.0,5,3,0.0,0.0,0.0,0.0,3,0,0.0,0.0,0.0,38,0.0,0.0,0.0,0.0,2.0,0.0,0.0,0.0,0.0,2.0,47,51,0.0,0.0,0.0,0.0,2,0.0,0.0,0.0,0.0,89,12,0.0,26,0.0,23,0,0.0,42,44,47,0,0.0,0.0,0.0,21,0.0,0,0.0,0,89,1.0,1.0,0,0.0,2,0,0,0.0,0.0,4,0.0,0.0,5,0,17
2012-07,0.5,0.0,0.0,1.0,2,0.0,0.0,3,0.0,6,0,0,0.0,0.0,85,0.0,0.0,0,0,85,0.0,0,0.0,3,3,0.0,0.0,0.0,0.0,3,0,0.0,0.0,0.0,37,0.0,0.0,0.0,0.0,2.0,0.0,0.0,0.0,0.0,2.0,44,48,0.0,0.0,0.0,0.0,2,0.0,0.0,0.0,0.0,85,16,0.0,26,0.0,22,17,0.0,41,47,45,0,0.0,0.0,0.0,20,0.0,0,0.0,32,85,0.5,0.5,0,0.0,2,0,0,0.0,0.0,4,0.0,0.0,0,4,17
2012-08,0.0,0.0,0.0,0.0,1,0.0,0.0,2,2.0,4,0,0,0.0,0.0,54,0.0,0.0,0,0,54,0.0,0,0.0,3,2,0.0,0.0,0.0,1.0,2,16,0.0,0.0,0.0,23,0.0,0.0,0.0,0.0,1.0,0.0,0.0,0.0,0.0,1.0,42,31,0.0,0.0,0.0,0.0,1,0.0,0.0,0.0,0.0,54,18,0.0,26,0.0,14,20,0.0,41,44,29,0,0.0,0.0,0.0,13,0.0,0,0.0,34,54,1.0,0.0,0,0.0,1,0,0,0.0,0.0,3,0.0,0.0,0,0,11
2012-09,1.0,0.0,0.0,0.0,2,0.0,0.0,2,0.0,5,0,0,0.0,0.0,75,0.0,0.0,0,0,75,0.0,0,0.0,5,2,0.0,0.0,0.0,1.0,3,10,0.0,0.0,0.0,32,0.0,0.0,0.0,0.5,1.0,0.5,0.0,0.0,0.0,1.0,36,43,0.0,0.0,0.0,0.0,2,0.0,0.0,0.0,0.0,75,15,0.0,26,7.0,20,34,0.0,49,44,40,0,0.0,0.0,0.0,18,0.0,0,0.0,23,75,1.0,1.0,0,0.0,2,0,0,0.0,0.0,4,0.0,0.0,5,5,15
2012-10,0.0,0.0,0.0,1.0,1,0.0,0.0,4,0.0,3,0,0,0.0,0.0,49,0.0,0.0,0,0,49,0.0,0,0.0,4,2,0.0,0.0,0.0,1.0,2,15,0.0,0.0,0.0,21,0.0,0.0,1.0,0.0,1.0,0.0,0.0,0.0,0.0,1.0,29,28,0.0,0.0,0.0,0.0,1,0.0,0.0,0.0,0.0,49,12,0.0,26,6.0,13,0,0.0,53,54,26,0,0.0,0.0,0.0,12,0.0,0,0.0,0,49,1.0,1.0,0,0.0,1,0,0,0.0,0.0,2,0.0,0.0,0,0,10
2012-11,0.5,0.0,0.0,0.0,1,0.0,0.0,3,0.0,4,0,0,0.0,0.0,53,0.0,0.0,0,0,53,0.0,0,0.0,4,2,0.0,0.0,0.0,1.0,2,11,0.0,0.0,0.0,23,0.0,0.0,0.0,0.0,1.0,0.0,0.0,0.0,0.0,1.0,46,30,0.0,0.0,0.0,0.0,1,0.0,0.0,0.0,0.0,53,12,0.0,23,0.0,14,11,0.0,50,56,28,0,0.0,0.0,0.0,13,0.0,0,0.0,0,53,0.0,0.0,0,0.0,1,0,0,0.0,0.0,2,0.0,0.0,7,4,10
2012-12,0.5,0.0,0.0,0.0,2,0.0,0.0,2,0.0,4,0,0,0.0,0.0,66,0.0,0.0,0,0,66,0.0,0,0.0,3,2,0.0,0.0,0.0,1.0,2,14,0.0,0.0,0.0,28,0.0,0.0,0.0,0.0,1.0,0.0,0.0,0.0,0.0,1.0,28,38,0.0,0.0,0.0,0.0,2,0.0,0.0,0.0,0.0,66,11,0.0,19,0.0,17,0,0.0,42,52,35,0,0.0,0.0,0.0,16,0.0,0,0.0,0,66,0.5,1.0,0,0.0,1,0,0,0.0,0.0,3,0.0,0.0,5,3,13
2013-01,0.5,0.0,0.0,0.5,2,0.0,0.0,2,0.0,5,0,0,0.0,0.0,68,0.0,0.0,0,0,68,0.0,0,0.0,3,2,0.0,0.0,0.0,1.0,2,10,0.0,0.0,0.0,29,0.0,0.0,0.0,0.0,1.0,0.0,0.0,0.0,0.0,1.0,35,39,0.0,0.0,0.0,0.0,2,0.0,0.0,0.0,0.0,68,13,0.0,20,0.0,18,11,0.0,42,42,36,0,0.0,0.0,0.0,16,0.0,0,0.0,17,68,0.5,1.0,0,0.0,1,0,0,0.0,0.0,3,0.0,0.0,4,4,13
2013-02,0.0,0.0,0.0,0.0,1,0.0,0.0,2,0.0,4,0,0,0.0,0.0,62,0.0,0.0,0,0,62,0.0,0,0.0,3,2,0.0,0.0,0.0,0.0,2,0,0.0,0.0,0.0,27,0.0,0.0,0.0,0.0,1.0,0.0,0.0,0.0,0.0,1.0,31,35,0.0,0.0,0.0,0.0,2,0.0,0.0,0.0,0.0,62,12,0.0,17,4.0,16,0,0.0,35,34,33,0,0.0,0.0,0.0,15,0.0,0,0.0,32,62,0.5,1.0,0,0.0,1,0,0,0.0,0.0,3,0.0,0.0,0,0,12
2013-03,0.5,0.0,0.0,0.0,2,0.0,0.0,2,0.0,5,0,0,0.0,0.0,76,0.0,0.0,18,0,76,0.0,0,0.0,4,3,0.0,0.0,0.0,1.0,3,10,0.0,0.0,0.0,33,0.0,0.0,0.5,0.0,2.0,0.0,0.0,0.0,0.0,1.0,31,44,0.0,0.0,0.0,1.0,2,0.0,0.0,0.0,0.0,76,12,0.0,20,6.0,20,13,0.0,40,36,41,0,0.0,0.0,0.0,18,0.0,0,0.0,0,76,0.0,1.0,0,0.0,2,0,0,0.0,0.0,4,0.0,0.0,10,3,15
2013-04,0.5,0.5,0.0,0.0,1,0.0,0.0,3,1.0,4,0,0,0.0,0.0,55,0.0,0.0,0,0,55,0.0,0,0.0,4,2,0.0,0.0,0.0,1.0,2,8,0.0,0.0,0.0,24,0.0,0.0,0.0,0.0,1.0,0.0,0.0,0.0,0.0,1.0,28,31,0.0,0.0,0.0,0.0,2,0.0,18.0,0.0,0.0,55,10,0.0,19,0.0,14,9,0.0,47,51,29,0,0.0,0.0,0.0,13,0.0,0,0.0,21,55,1.0,1.0,0,0.0,1,0,0,0.0,0.0,3,0.0,0.0,5,4,11
2013-05,0.0,0.0,0.0,0.5,2,0.0,0.0,3,0.0,4,0,0,0.0,0.0,65,0.0,0.0,0,0,65,0.0,0,0.0,3,2,0.0,0.0,0.0,1.0,2,7,0.0,0.0,0.0,28,0.0,0.0,0.0,0.0,1.0,0.0,0.0,0.0,0.0,1.0,29,37,0.0,0.0,0.0,0.0,2,0.0,0.0,0.0,0.0,65,11,0.0,19,4.0,17,9,0.0,43,46,35,0,0.0,0.0,0.0,16,0.0,0,0.0,0,65,0.5,0.5,0,0.0,1,0,0,0.0,0.0,3,3.0,0.0,4,0,13
2013-06,1.0,0.0,0.0,0.5,2,0.0,0.0,3,0.0,5,0,0,0.0,0.0,73,0.0,0.0,0,0,73,0.0,0,0.0,4,2,0.0,0.0,0.0,0.0,3,0,0.0,0.0,0.0,31,0.0,0.5,0.5,0.0,1.0,0.0,0.0,0.0,0.0,1.0,29,42,0.0,0.0,0.0,0.0,2,0.0,0.0,0.0,0.0,73,8,0.0,25,5.0,19,17,0.0,47,45,39,0,0.0,0.0,0.0,18,0.0,0,0.0,22,73,1.0,1.0,0,0.0,2,0,0,0.0,0.0,3,0.0,0.0,0,5,14
2013-07,0.0,0.0,0.0,1.0,2,0.0,0.0,2,0.0,4,0,0,0.0,0.0,66,0.0,0.0,0,0,66,0.0,0,0.0,4,2,0.0,0.0,0.0,0.0,2,0,0.0,0.0,0.0,29,0.0,0.5,0.0,0.0,1.0,0.0,0.0,0.0,0.0,1.0,34,38,0.0,0.0,0.0,0.0,2,0.0,0.0,0.0,0.0,66,11,0.0,18,4.0,17,24,0.0,51,39,35,0,0.0,0.0,0.0,16,0.0,0,0.0,24,66,0.5,0.5,0,0.0,1,0,0,0.0,0.0,3,0.0,0.0,0,0,13
2013-08,0.5,0.0,0.0,1.0,2,0.0,0.0,3,0.0,6,0,0,0.0,0.0,82,0.0,0.0,0,0,82,0.0,0,0.0,3,3,0.0,0.0,0.0,1.0,3,9,0.0,0.0,0.0,36,0.0,0.0,0.5,0.0,2.0,0.0,0.0,0.0,0.0,2.0,35,47,0.0,0.0,0.0,0.0,2,0.0,0.0,0.0,0.0,82,9,0.0,18,4.0,22,13,0.0,50,46,44,0,0.0,0.0,0.0,20,0.0,0,0.0,14,82,0.0,0.5,0,0.0,2,0,0,0.0,0.0,4,3.0,0.0,3,3,16
2013-09,0.0,0.5,0.0,0.5,1,0.0,0.0,4,0.0,4,0,0,0.0,0.0,56,0.0,0.0,0,0,56,0.0,0,0.0,4,2,0.0,0.0,1.0,1.0,2,9,0.0,0.0,0.0,24,0.0,0.5,0.5,0.0,1.0,0.0,0.0,0.0,0.0,1.0,29,32,0.0,0.0,0.0,0.0,2,0.0,0.0,0.0,0.0,56,10,0.0,23,0.0,15,33,0.0,43,45,30,0,0.0,0.0,0.0,14,0.0,0,0.0,16,56,0.0,1.0,0,0.0,1,0,0,0.0,0.0,3,0.0,0.0,0,0,11
2013-10,0.5,0.0,0.0,0.0,1,0.0,0.0,3,0.0,4,0,0,0.0,0.0,58,0.0,0.0,0,0,58,0.0,0,0.0,3,2,0.0,0.0,0.5,1.0,2,8,0.0,0.0,0.0,25,0.0,0.0,0.0,0.0,1.0,0.0,0.0,0.0,0.0,1.0,33,33,0.0,0.0,0.0,0.0,2,0.0,0.0,0.0,0.0,58,10,0.0,14,4.0,15,15,0.0,37,34,31,0,0.0,0.0,0.0,14,0.0,0,0.0,19,58,0.5,0.5,0,0.0,1,0,0,0.0,0.0,3,3.0,0.0,8,3,11
2013-11,0.5,0.5,0.0,0.0,2,0.0,0.0,3,1.0,5,0,0,0.0,0.0,72,0.0,0.0,0,0,72,0.0,0,0.0,3,2,0.0,0.5,0.0,0.0,3,0,0.0,0.0,0.0,31,0.0,0.0,0.0,0.0,1.0,0.0,0.0,0.0,0.0,1.0,33,41,0.0,0.0,0.0,0.5,2,0.0,0.0,0.0,0.0,72,10,0.0,19,0.0,19,11,0.0,51,47,38,0,0.0,0.0,0.0,17,0.0,0,0.0,24,72,0.5,1.0,0,0.0,2,0,0,0.0,0.0,3,3.0,0.0,4,4,14
2013-12,0.5,0.0,0.0,0.5,2,0.0,0.0,2,1.0,4,0,0,0.0,0.0,66,0.0,0.0,0,0,66,0.0,0,0.0,3,2,0.0,0.0,0.0,1.0,2,8,0.0,0.0,0.0,29,0.0,0.0,0.5,0.0,1.0,0.0,0.0,0.0,0.0,1.0,29,38,0.0,0.0,0.0,0.0,2,0.0,0.0,0.0,0.0,66,6,0.0,15,0.0,17,11,0.0,48,45,35,0,0.0,0.0,0.0,16,0.0,0,0.0,22,66,0.5,1.0,0,0.0,1,0,0,0.0,0.0,3,0.0,0.0,3,3,13
2014-01,0.5,0.0,0.0,0.0,2,0.0,0.0,3,0.0,5,0,0,0.0,0.0,73,0.0,0.0,0,0,73,0.0,0,0.0,3,2,0.0,0.0,0.0,1.0,3,8,0.0,0.0,0.0,31,0.0,0.0,0.5,0.0,1.0,0.0,0.0,0.0,0.0,1.0,30,42,0.0,0.0,0.0,0.0,2,0.0,0.0,0.0,0.0,73,11,0.0,14,4.0,19,11,0.0,50,48,39,0,0.0,0.0,0.0,18,0.0,0,0.0,22,73,1.0,1.0,0,0.0,2,0,0,0.0,0.0,3,0.0,0.0,5,2,14
2014-02,0.5,0.0,0.0,0.5,2,0.0,0.0,3,1.0,5,0,0,0.0,0.0,76,0.0,0.0,0,0,76,0.0,0,0.0,3,2,0.0,0.0,1.0,1.0,3,11,0.0,0.0,0.0,33,0.0,0.0,0.0,0.0,1.0,0.0,0.0,0.0,0.0,1.0,34,43,0.0,0.0,0.0,0.0,2,0.0,0.0,0.0,0.0,76,9,0.0,19,0.0,20,9,0.0,45,44,40,0,0.0,0.0,0.0,18,0.0,0,0.0,22,76,0.5,1.0,0,0.0,2,0,0,0.0,0.0,4,0.0,0.0,13,3,15
2014-03,1.0,0.0,0.0,0.5,1,0.0,0.0,3,1.0,4,0,0,0.0,0.0,59,0.0,0.0,0,0,59,0.5,0,0.0,4,2,0.0,0.5,0.0,1.0,2,9,0.0,5.0,0.0,26,0.0,0.5,0.5,0.0,1.0,0.0,0.0,0.0,0.0,1.0,30,34,0.0,0.0,0.0,0.0,2,0.0,0.0,0.0,0.0,59,12,0.0,19,7.0,15,11,0.0,44,44,31,0,0.0,0.0,0.0,14,0.0,0,0.0,25,59,0.5,1.0,0,0.0,1,0,0,0.0,0.0,3,0.0,0.0,6,7,12
2014-04,0.5,0.0,0.0,0.5,1,0.0,0.0,3,1.0,3,0,0,0.0,0.0,46,0.0,0.0,0,0,46,0.5,0,0.0,2,2,0.0,0.0,0.5,0.5,2,6,0.0,0.0,0.0,20,0.0,0.0,0.5,0.5,1.0,0.5,0.0,0.0,0.0,1.0,28,26,0.0,0.0,0.0,0.0,1,0.0,0.0,0.0,0.0,46,7,0.0,14,2.0,12,9,0.0,36,39,24,0,0.0,0.0,0.0,11,0.0,0,0.0,13,46,0.5,1.0,0,0.0,1,0,0,0.0,0.0,2,3.0,0.0,2,2,9
2014-05,0.5,0.0,0.5,0.5,1,0.0,0.0,2,0.5,3,0,0,0.0,0.0,39,0.0,0.0,0,0,39,0.5,0,0.0,1,1,0.0,0.0,0.0,1.0,1,6,0.0,2.0,0.0,17,0.0,0.5,0.5,0.5,1.0,0.5,0.0,0.0,0.0,1.0,20,23,0.0,0.5,0.0,0.0,1,0.0,0.0,0.0,0.0,39,5,0.0,16,2.0,10,12,0.0,35,35,21,0,0.0,0.0,0.0,9,0.0,0,0.0,7,39,0.5,0.5,0,0.0,1,0,0,0.0,0.0,2,1.0,0.0,2,2,8
2014-06,0.5,0.0,0.0,0.5,1,0.0,0.0,2,0.0,2,0,0,0.0,0.0,32,0.0,0.0,0,0,32,0.5,0,0.0,1,1,0.0,0.0,0.0,0.5,1,4,0.0,0.0,0.0,14,0.0,0.5,0.0,0.0,1.0,0.0,0.0,0.0,0.0,1.0,20,18,0.0,0.0,0.0,0.0,1,0.0,0.0,0.0,0.0,32,4,0.0,13,0.0,8,11,0.0,31,30,17,0,0.0,0.0,0.0,8,0.0,0,0.0,8,32,0.5,0.5,0,0.0,1,0,0,0.0,0.0,2,1.0,0.0,7,1,6
2014-07,0.5,0.0,0.0,0.5,1,0.0,0.0,2,0.0,2,0,0,0.0,0.0,36,0.0,0.0,0,0,36,0.0,0,0.0,1,1,0.0,0.0,0.0,0.5,1,3,0.0,0.0,0.0,16,0.0,0.0,0.5,0.0,1.0,0.0,0.0,0.0,0.0,1.0,20,21,0.0,0.0,0.0,0.0,1,0.0,0.0,0.0,0.0,36,4,0.0,16,2.0,9,9,0.0,25,24,19,0,0.0,0.0,0.0,9,0.0,0,0.0,7,36,0.5,0.5,0,0.0,1,0,0,0.0,0.0,2,1.0,0.0,3,1,7
2014-08,0.5,0.0,0.5,0.5,1,0.0,0.0,2,1.0,3,0,0,0.0,0.0,41,0.0,0.0,0,0,41,0.0,0,0.0,1,1,0.0,0.0,0.0,0.5,1,3,0.0,0.0,0.0,18,0.0,0.5,0.5,0.0,1.0,0.0,0.0,0.0,0.0,1.0,19,24,0.0,0.0,0.0,0.0,1,0.0,0.0,0.0,0.0,41,4,0.0,14,1.0,11,9,0.0,30,30,22,0,0.0,0.0,0.0,10,0.0,0,0.0,5,41,0.5,0.5,0,0.0,1,0,0,0.0,0.0,2,1.0,0.0,7,2,8
2014-09,0.5,0.0,0.0,0.5,1,0.0,0.0,1,0.5,2,0,0,0.0,0.0,36,0.0,0.0,0,0,36,0.5,0,0.0,1,1,0.0,0.0,0.0,0.5,1,2,0.0,2.0,0.0,16,0.0,0.5,0.5,0.0,1.0,0.0,0.0,0.0,0.0,1.0,17,21,0.0,0.0,0.0,0.0,1,0.0,0.0,0.0,0.0,36,4,0.0,15,2.0,10,11,0.0,30,29,19,0,0.0,0.0,0.0,9,0.0,0,0.0,5,36,0.5,0.5,0,0.0,1,0,0,0.0,0.0,2,1.0,0.0,6,1,7
2014-10,0.5,0.0,0.5,0.5,1,0.0,0.0,2,1.0,3,0,0,0.0,0.0,38,0.0,0.0,0,0,38,0.5,0,0.0,1,1,0.0,0.0,0.5,0.5,1,3,0.0,1.0,0.0,17,0.0,0.0,0.5,0.5,1.0,0.5,0.0,0.0,0.0,1.0,14,22,0.0,0.0,0.0,0.0,1,0.0,0.0,0.0,0.0,38,4,0.0,15,2.0,10,9,0.0,30,30,20,0,0.0,0.0,0.0,9,0.0,0,0.0,5,38,0.5,0.5,0,0.0,1,0,0,0.0,0.0,2,1.0,0.0,7,2,8
2014-11,0.5,0.5,0.0,0.5,1,0.0,0.0,2,1.0,3,0,0,0.0,0.0,42,0.0,0.0,0,0,42,0.0,0,0.0,2,1,0.0,0.0,0.5,0.5,1,4,0.0,1.0,0.0,18,0.0,0.0,0.5,0.0,1.0,0.0,0.0,0.0,0.0,1.0,17,24,0.0,0.0,0.0,0.0,1,0.0,0.0,0.0,0.0,42,5,0.0,14,2.0,11,8,0.0,31,31,22,0,0.0,0.0,0.0,10,0.0,0,0.0,5,42,0.5,0.5,0,0.0,1,0,0,0.0,0.0,2,1.0,0.0,21,2,8
2014-12,0.5,0.5,0.0,0.5,1,0.0,0.0,2,0.5,3,0,0,0.0,0.0,45,0.0,0.0,0,0,45,0.0,0,0.0,2,1,0.0,0.0,0.0,0.5,2,4,0.0,2.0,0.0,19,0.0,0.0,0.5,0.5,1.0,0.5,0.0,0.0,0.0,1.0,17,26,0.0,0.0,0.0,0.0,1,0.0,0.0,0.0,0.0,45,4,0.0,16,1.0,12,6,0.0,33,33,24,0,0.0,0.0,0.0,11,0.0,0,0.0,6,45,0.5,0.5,0,0.0,1,0,0,0.0,0.0,2,1.0,0.0,5,1,9
2015-01,0.5,0.5,0.0,0.5,1,0.0,0.0,2,1.0,3,0,0,0.0,0.0,41,0.0,0.0,5,0,41,0.5,0,0.0,1,1,0.0,0.0,0.0,0.5,1,5,0.0,0.0,0.0,18,0.0,0.5,0.5,0.5,1.0,0.5,0.0,0.0,0.0,1.0,15,24,0.0,0.0,0.0,0.0,1,0.0,0.0,0.0,0.0,41,4,0.0,13,2.0,11,5,0.0,30,30,22,0,0.0,0.0,0.0,10,0.0,0,0.0,8,41,0.5,0.5,0,0.0,1,0,0,0.0,0.0,2,0.0,0.0,2,2,8
2015-02,0.5,0.0,0.0,0.5,1,0.0,0.0,2,1.0,3,0,0,0.0,0.0,49,0.0,0.0,0,0,49,0.0,0,0.0,1,2,0.0,0.0,0.5,0.5,2,3,0.0,0.0,0.0,21,0.0,0.0,0.0,0.0,1.0,0.0,0.0,0.0,0.0,1.0,18,28,0.0,0.0,0.0,0.0,1,0.0,0.0,0.0,0.0,49,4,0.0,14,2.0,13,6,0.0,27,27,26,0,0.0,0.0,0.0,12,0.0,0,0.0,8,49,0.5,0.5,0,0.0,1,0,0,0.0,0.0,2,1.0,0.0,12,2,10
2015-03,0.5,0.5,0.0,0.0,1,0.0,0.0,2,1.0,3,0,0,0.0,0.0,41,0.0,0.0,0,0,41,0.5,0,0.0,1,1,0.0,0.5,0.5,0.5,1,4,0.0,0.0,0.0,18,0.0,0.0,0.0,0.0,1.0,0.0,0.0,0.0,0.0,1.0,20,24,0.0,0.0,0.0,0.0,1,0.0,0.0,0.0,0.0,41,4,0.0,13,2.0,11,6,0.0,23,26,22,0,0.0,0.0,0.0,10,0.0,0,0.0,7,41,0.5,0.5,0,0.0,1,0,0,0.0,0.0,2,1.0,0.0,12,1,8
2015-04,0.5,0.5,0.5,0.5,1,0.0,0.0,1,0.5,3,0,0,0.0,0.0,37,0.0,0.0,0,0,37,0.0,0,0.0,2,1,0.0,0.0,0.5,0.5,1,3,0.0,0.0,2.0,16,0.5,0.0,0.0,0.0,1.0,0.0,0.0,0.0,0.0,1.0,16,21,0.0,0.0,0.0,0.0,1,0.0,0.0,0.0,0.0,37,4,0.0,14,2.0,10,7,0.0,31,31,20,0,0.0,0.0,0.0,9,0.0,0,0.0,6,37,0.5,0.5,0,0.0,1,0,0,0.0,0.0,2,1.0,0.0,19,1,7
2015-05,0.5,0.5,0.5,0.5,1,0.0,0.0,1,1.0,2,0,0,0.0,0.0,35,0.0,0.0,0,0,35,0.0,0,0.0,2,1,0.0,0.0,0.5,0.5,1,4,0.0,0.0,0.0,15,0.0,0.5,0.5,0.0,1.0,0.0,0.0,0.0,0.0,1.0,19,20,0.0,0.0,0.0,0.0,1,0.0,0.0,0.0,0.0,35,5,0.0,14,2.0,9,7,0.0,28,28,19,0,0.0,0.0,0.0,8,0.0,0,0.0,4,35,0.5,0.5,0,0.0,1,0,0,0.0,0.0,2,1.0,0.0,10,2,7
2015-06,0.5,0.5,0.5,0.0,1,0.0,0.0,2,1.0,3,0,0,0.0,0.0,39,0.0,0.0,0,0,39,0.5,0,0.0,2,1,0.0,0.0,0.0,0.5,1,6,0.0,0.0,2.0,17,0.5,0.5,0.0,0.0,1.0,0.0,0.0,0.0,0.0,1.0,22,22,0.0,0.0,0.0,0.0,1,0.0,0.0,0.0,0.0,39,4,0.0,15,2.0,10,10,0.0,31,31,21,0,0.0,0.0,0.0,9,0.0,0,0.0,8,39,0.5,0.5,0,0.0,1,0,0,0.0,0.0,2,0.0,0.0,21,2,8
2015-07,0.5,0.0,0.0,0.5,1,0.0,0.0,2,0.5,3,0,0,0.0,0.0,40,0.0,0.0,0,0,40,0.0,0,0.0,2,1,0.0,0.0,0.5,0.5,1,2,0.0,0.0,0.0,17,0.0,0.5,0.0,0.0,1.0,0.0,0.0,0.0,0.0,1.0,18,23,0.0,0.0,0.0,0.0,1,0.0,0.0,0.0,0.0,40,4,0.0,13,1.0,10,8,0.0,24,24,21,0,0.0,0.0,0.0,10,0.0,0,0.0,10,40,0.5,0.5,0,0.0,1,0,0,0.0,0.0,2,1.0,0.0,22,1,8
2015-08,0.5,0.0,0.0,0.5,1,0.0,0.0,2,1.0,3,0,0,0.0,0.0,48,0.0,0.0,0,0,48,0.0,0,0.0,2,2,0.0,0.5,0.0,0.5,2,5,0.0,0.0,0.0,21,0.0,0.5,0.5,0.0,1.0,0.0,0.0,0.0,0.0,1.0,24,28,0.0,0.0,0.0,0.0,1,0.0,0.0,0.0,0.0,48,5,0.0,16,3.0,13,12,0.0,28,28,26,0,0.0,0.0,0.0,12,0.0,0,0.0,8,48,0.5,0.5,0,0.0,1,0,0,0.0,0.0,2,2.0,0.0,6,2,9
2015-09,0.0,0.0,0.0,0.5,1,0.0,0.0,3,1.0,3,0,0,0.0,0.0,46,0.0,0.0,0,0,46,0.0,0,0.0,2,2,0.0,0.0,0.5,1.0,2,6,0.0,0.0,0.0,20,0.0,0.5,0.5,0.0,1.0,0.0,0.0,0.0,0.0,1.0,22,26,0.0,0.0,0.0,0.0,1,0.0,0.0,0.0,0.0,46,6,0.0,17,2.0,12,22,4.0,40,39,25,0,0.0,0.0,0.0,11,0.0,0,0.0,14,46,0.5,0.5,0,0.0,1,0,0,0.0,0.0,2,2.0,0.0,6,0,9
2015-10,0.5,0.0,0.0,0.5,1,0.0,0.0,2,0.5,3,0,0,0.0,0.0,48,0.0,0.0,0,0,48,0.5,0,0.0,2,2,0.0,0.0,0.5,0.5,2,6,0.0,0.0,0.0,21,0.0,0.5,0.5,0.0,1.0,0.0,0.0,0.0,0.0,1.0,25,27,0.0,0.0,0.0,0.0,1,0.0,0.0,0.0,0.0,48,6,0.0,15,2.0,13,7,0.0,33,34,25,0,0.0,0.0,0.0,12,0.0,0,0.0,11,48,0.5,0.5,0,0.0,1,0,0,0.0,0.0,2,1.0,0.0,4,2,9
2015-11,0.5,0.5,0.0,0.5,1,0.0,0.0,2,0.5,3,0,6,0.0,0.0,44,0.0,0.0,5,0,44,0.5,0,0.0,2,1,0.0,0.0,0.5,0.5,2,4,0.0,0.0,0.0,19,0.0,0.5,0.5,0.5,1.0,0.5,0.0,0.0,0.0,1.0,19,25,0.0,0.0,0.0,0.0,1,0.0,0.0,0.0,0.0,44,5,0.0,13,3.0,12,12,0.0,30,31,23,0,0.0,0.0,0.0,11,0.0,0,0.0,11,44,0.5,0.5,0,0.0,1,0,0,0.0,0.0,2,2.0,0.0,13,2,9
2015-12,0.5,0.5,0.5,0.5,2,0.0,0.0,2,1.0,5,0,0,0.0,0.0,71,0.0,0.0,0,0,71,0.5,0,0.0,2,2,0.0,0.0,0.5,0.5,3,4,0.0,0.0,0.0,31,0.0,0.5,0.5,0.0,1.0,0.0,0.0,0.0,0.0,1.0,21,41,0.0,0.5,0.5,0.0,2,0.0,0.0,0.0,0.0,71,5,0.0,14,2.0,19,10,0.0,33,34,38,0,0.0,0.0,0.0,17,0.0,0,0.0,9,71,0.5,0.5,0,0.0,2,0,0,0.0,0.0,3,1.0,0.0,3,3,14
2016-01,0.5,0.5,0.0,0.5,1,0.0,0.0,2,1.0,3,3,3,0.0,0.0,41,0.0,0.0,0,0,41,0.5,0,0.0,1,1,0.0,0.0,0.0,0.5,1,3,0.0,0.0,0.0,17,0.0,0.5,0.5,0.5,1.0,0.5,0.0,0.0,0.0,1.0,16,23,0.0,0.0,0.0,0.0,1,0.0,0.0,0.0,0.0,41,4,0.0,14,2.0,11,6,0.0,35,36,22,0,0.0,0.0,0.0,10,0.0,0,0.0,0,41,0.5,0.5,0,0.0,1,0,0,0.0,0.0,2,1.0,0.0,9,1,8
2016-02,0.5,0.5,0.5,0.5,1,0.0,0.0,2,0.5,2,3,3,0.0,0.0,35,0.0,0.0,0,0,35,0.5,0,0.0,1,1,0.0,0.0,0.5,0.5,1,4,0.0,0.0,1.0,15,0.5,0.5,0.0,0.5,1.0,0.5,0.0,0.0,0.0,1.0,17,20,0.0,0.5,0.0,0.5,1,0.0,0.0,0.0,0.0,35,3,0.0,14,2.0,9,6,0.0,33,32,18,0,0.0,0.0,0.0,8,0.0,0,0.0,7,35,0.5,0.5,0,0.0,1,0,0,0.0,0.0,2,1.0,0.0,8,1,7
2016-03,0.5,0.5,0.5,0.5,1,0.0,0.0,1,0.5,2,0,0,0.0,0.0,26,0.0,0.0,1,0,26,0.5,0,0.0,1,1,0.0,0.0,0.5,0.5,1,2,0.0,1.0,0.5,11,0.5,0.5,0.5,0.5,1.0,0.5,0.0,0.0,0.0,0.5,14,15,0.0,0.5,0.5,0.5,1,0.0,0.0,0.0,1.0,26,2,0.0,11,1.0,7,4,0.0,28,28,14,0,0.0,0.0,0.0,6,0.0,0,0.0,3,26,0.5,0.5,0,0.0,1,0,0,0.0,0.0,1,1.0,0.0,17,1,5
2016-04,0.5,0.5,0.5,0.5,1,0.0,0.0,1,0.5,2,1,1,1.0,1.0,27,0.0,0.0,0,0,27,0.5,0,0.0,1,1,0.0,0.5,0.5,0.5,1,2,0.0,0.0,0.0,12,0.0,0.5,0.5,0.5,1.0,0.5,0.0,0.0,0.0,1.0,16,16,0.0,0.5,0.5,0.5,1,0.0,0.0,0.0,2.0,27,2,0.0,12,1.0,7,4,0.0,28,28,14,0,0.0,0.0,0.0,7,0.0,0,2.0,3,27,0.5,0.5,0,0.5,1,0,0,0.0,0.0,1,1.0,0.0,4,1,5
2016-05,0.5,0.5,0.0,0.5,1,0.0,0.0,2,0.5,2,0,0,0.0,0.0,30,0.0,0.0,2,0,30,0.5,0,0.0,1,1,0.0,0.5,0.0,0.5,1,3,0.0,0.0,0.0,13,0.0,0.5,0.5,0.0,1.0,0.0,0.0,0.0,0.0,1.0,17,17,0.0,0.0,0.0,0.0,1,0.0,0.0,0.0,0.0,30,3,0.0,14,1.0,8,5,0.0,28,27,16,0,0.0,0.0,0.0,7,0.0,0,0.0,4,30,0.5,0.5,0,0.0,1,0,0,0.0,0.0,1,1.0,0.0,3,2,6
2016-06,0.5,0.5,0.5,0.5,1,0.0,0.0,2,1.0,3,2,0,0.0,0.0,42,0.0,0.0,0,0,42,0.5,0,0.0,1,1,0.0,0.0,0.5,0.5,2,3,0.0,1.0,0.0,18,0.0,0.5,0.5,0.0,1.0,0.0,0.0,0.0,0.0,1.0,25,24,0.0,0.0,0.0,0.0,1,0.0,0.0,0.0,0.0,42,3,0.0,15,1.0,11,5,0.0,27,27,23,0,0.0,0.0,0.0,10,0.0,0,0.0,3,42,0.5,0.5,0,0.0,1,0,0,0.0,0.0,2,2.0,0.0,3,2,8
2016-07,0.5,0.5,0.5,0.5,1,0.0,0.0,2,1.0,2,0,0,2.0,0.0,31,0.0,0.0,0,0,31,0.5,0,0.0,1,1,0.5,0.5,0.0,0.5,1,2,0.0,1.0,0.0,13,0.0,0.5,0.5,0.5,1.0,0.5,0.0,0.0,0.0,1.0,18,18,0.0,0.0,0.5,0.5,1,0.0,0.0,0.0,0.0,31,3,0.0,11,1.0,8,7,0.0,24,23,16,0,0.0,0.0,0.0,7,0.0,0,0.0,6,31,0.5,0.5,0,0.0,1,0,0,0.0,0.0,1,1.0,0.0,3,1,6
2016-08,0.5,0.5,0.5,0.5,1,0.0,0.0,2,0.5,2,0,0,0.0,0.0,32,0.0,0.0,0,0,32,0.5,0,0.0,1,1,0.0,0.5,0.0,0.5,1,3,0.0,1.0,0.0,14,0.0,0.5,0.5,0.0,1.0,0.0,0.0,0.0,0.0,1.0,18,18,0.0,0.5,0.5,0.5,1,0.0,0.0,0.0,2.0,32,2,0.0,13,1.0,8,8,0.0,27,27,17,0,0.0,0.0,0.0,8,0.0,0,0.0,6,32,0.5,0.5,0,0.0,1,0,0,0.0,0.0,1,1.0,0.0,4,2,6
2016-09,0.5,0.5,0.5,0.5,1,0.0,0.0,2,0.5,2,0,2,0.0,0.0,33,0.0,0.0,0,0,33,0.5,0,0.0,1,1,0.0,0.5,0.5,0.5,1,4,0.0,0.0,0.0,14,0.0,0.5,0.5,0.0,1.0,0.0,0.0,0.0,0.0,1.0,19,19,0.0,0.0,0.5,0.0,1,0.0,0.0,0.0,0.0,33,3,0.0,12,1.0,9,5,0.0,29,30,17,0,0.0,0.0,0.0,8,0.0,0,0.0,3,33,0.5,0.5,0,0.0,1,0,0,0.0,0.0,2,1.0,0.0,10,1,6
2016-10,0.5,0.5,0.5,0.5,1,0.0,0.0,2,0.5,2,3,0,0.0,0.0,36,0.0,0.0,0,0,36,0.5,0,0.0,1,1,0.0,0.5,0.5,0.5,1,4,0.0,1.0,0.0,16,0.0,0.5,0.5,0.5,1.0,0.5,0.0,0.0,0.0,1.0,16,21,0.0,0.5,0.5,0.5,1,0.0,0.0,0.0,0.0,36,3,0.0,12,2.0,10,8,0.0,27,28,19,0,0.0,0.0,0.0,9,0.0,0,0.0,8,36,0.5,0.5,0,0.0,1,0,0,0.0,0.0,2,1.0,0.0,25,2,7
2016-11,0.5,0.5,0.5,0.5,1,0.0,0.0,2,1.0,3,0,0,0.0,0.0,38,0.0,0.0,0,0,38,0.5,0,0.0,1,1,0.0,0.0,0.5,0.5,1,4,0.0,0.0,0.0,16,0.0,0.5,0.5,0.5,1.0,0.5,0.0,0.0,0.0,1.0,18,22,0.0,0.5,0.5,0.5,1,0.0,0.0,0.0,0.0,38,4,0.0,11,1.0,10,16,0.0,30,29,20,0,0.0,0.0,0.0,9,0.0,0,0.0,8,38,0.5,0.5,0,0.0,1,0,0,0.0,0.0,2,1.0,0.0,4,2,7
2016-12,0.5,0.5,0.5,0.5,1,0.0,0.0,2,1.0,3,2,0,0.0,0.0,40,0.0,0.0,0,0,40,0.5,0,0.0,1,1,0.0,0.5,0.5,0.5,1,3,0.0,0.0,1.0,17,0.5,0.5,0.5,0.5,1.0,0.5,0.0,0.0,0.0,1.0,20,23,0.0,0.0,0.0,0.5,1,0.0,0.0,0.0,0.0,40,3,0.0,12,1.0,10,7,0.0,29,29,21,0,0.0,0.0,0.0,10,0.0,0,0.0,4,40,0.5,0.5,0,0.0,1,0,0,0.0,0.0,2,1.0,0.0,9,2,8
2017-01,0.5,0.5,0.0,0.5,1,0.0,0.0,2,1.0,2,0,2,0.0,0.0,32,0.0,0.0,0,0,32,0.5,0,0.0,1,1,0.0,0.0,0.5,0.5,1,4,0.0,0.0,0.0,14,0.0,0.5,0.5,0.5,1.0,0.5,0.0,0.0,0.0,1.0,20,18,0.0,0.5,0.5,0.5,1,0.0,0.0,0.0,3.0,32,3,0.0,17,1.0,8,5,0.0,33,33,17,0,0.0,0.0,0.0,8,0.0,0,2.0,6,32,0.5,0.5,0,0.0,1,0,0,0.0,0.0,2,1.0,0.0,11,2,6
2017-02,0.5,0.5,0.5,0.5,1,0.0,0.0,2,1.0,3,2,0,0.0,0.0,38,0.0,0.0,0,0,38,0.5,0,0.0,1,1,0.0,0.0,0.5,0.5,1,4,0.0,1.0,0.0,16,0.0,0.5,0.5,0.0,1.0,0.0,0.0,0.0,0.5,1.0,21,22,0.0,0.0,0.0,0.0,1,0.0,0.0,0.0,0.0,38,3,0.0,16,1.0,10,5,0.0,29,29,20,0,0.0,0.0,0.0,9,0.0,0,0.0,6,38,0.5,0.5,0,0.0,1,0,0,0.0,0.0,2,1.0,0.0,8,2,7
2017-03,0.5,0.5,0.5,0.5,1,0.0,0.0,2,1.0,2,3,2,0.0,0.0,32,0.0,0.0,0,0,32,0.5,0,0.0,1,1,0.0,0.5,0.5,0.5,1,3,0.0,1.0,0.0,14,0.0,0.5,0.5,0.5,1.0,0.5,0.0,0.0,0.0,1.0,18,18,0.0,0.0,0.0,0.5,1,0.0,0.0,0.0,2.0,32,3,0.0,15,1.0,8,6,0.0,30,30,17,0,0.0,0.0,0.0,8,0.0,0,0.0,5,32,0.5,0.5,0,0.0,1,0,0,0.0,0.0,2,1.0,0.0,20,1,6
2017-04,0.5,0.5,0.5,0.5,1,0.0,0.0,2,1.0,2,0,0,0.0,0.0,35,0.0,0.0,2,0,35,0.5,0,0.0,1,1,0.0,0.0,0.5,0.5,1,3,0.0,0.0,1.0,15,0.5,0.5,0.5,0.5,1.0,0.5,0.0,0.0,0.0,1.0,20,20,0.0,0.0,0.0,0.0,1,0.0,0.0,0.0,0.0,35,3,0.0,15,2.0,9,6,0.0,30,30,19,0,0.0,0.0,0.0,8,0.0,0,2.0,4,35,0.5,0.5,0,0.0,1,0,0,0.0,0.0,2,1.0,0.0,9,2,7
2017-05,0.5,0.5,0.5,0.5,1,0.0,0.0,2,0.5,2,0,2,0.0,0.0,30,0.0,0.0,0,0,30,0.5,0,0.0,1,1,0.0,0.0,0.5,0.5,1,2,0.0,0.0,0.0,13,0.0,0.5,0.0,0.5,1.0,0.5,0.0,0.0,0.0,1.0,19,17,0.0,0.5,0.5,0.0,1,0.0,0.0,0.0,2.0,30,2,0.0,12,2.0,8,4,0.0,28,28,16,0,0.0,0.0,0.0,7,0.0,0,0.0,3,30,0.5,0.5,0,0.0,1,0,0,0.0,0.0,1,1.0,0.0,12,2,6
2017-06,0.5,0.5,0.5,0.5,1,0.0,0.0,1,1.0,2,0,0,2.0,2.0,28,0.0,0.0,0,0,28,0.5,0,0.0,1,1,0.0,0.5,0.5,0.5,1,3,0.0,0.0,0.0,12,0.0,0.5,0.5,0.0,1.0,0.0,0.0,0.0,0.0,1.0,18,16,0.0,0.0,0.5,0.0,1,0.0,0.0,0.0,0.0,28,3,0.0,13,2.0,7,3,0.0,22,22,15,0,0.0,0.0,0.0,7,0.0,0,0.0,3,28,0.5,0.5,0,0.0,1,0,0,0.0,0.0,1,1.0,0.0,14,1,5
2017-07,0.5,0.5,0.0,0.5,1,0.0,0.0,2,1.0,2,0,0,2.0,0.0,29,0.0,0.0,2,0,29,0.5,0,0.0,1,1,0.0,0.5,0.5,0.5,1,3,0.0,1.0,0.0,13,0.0,0.5,0.5,0.0,1.0,0.0,0.0,0.0,0.0,1.0,17,17,0.0,0.0,0.0,0.5,1,0.0,0.0,0.0,2.0,29,3,0.0,13,2.0,8,5,0.0,29,29,16,0,0.0,0.0,0.0,7,0.0,0,0.0,5,29,0.5,0.5,0,0.0,1,0,0,0.0,0.0,1,0.5,0.0,3,2,6
2017-08,0.5,0.5,0.5,0.5,1,0.0,0.0,2,0.5,2,2,2,0.0,0.0,30,0.0,0.0,3,0,30,0.5,0,0.0,1,1,0.5,0.5,0.5,0.5,1,2,0.0,1.0,0.0,13,0.0,0.5,0.5,0.5,1.0,0.5,0.0,0.0,0.0,1.0,18,17,0.0,0.0,0.5,0.0,1,0.0,0.0,0.0,2.0,30,4,0.0,14,1.0,8,5,0.0,27,27,16,0,0.0,0.0,0.0,7,0.0,0,0.0,3,30,0.5,0.5,0,0.0,1,0,0,0.0,0.0,1,1.0,0.0,11,2,6
2017-09,0.5,0.5,0.5,0.5,1,0.0,0.0,2,1.0,2,0,0,2.0,0.0,33,0.0,0.0,2,0,33,0.5,0,0.0,1,1,0.5,0.5,0.5,0.5,1,4,0.0,0.0,0.0,14,0.0,0.5,0.5,0.0,1.0,0.0,0.0,0.0,0.0,1.0,21,19,0.0,0.5,0.5,0.0,1,0.0,0.0,0.0,3.0,33,4,0.0,18,2.0,9,6,0.0,32,32,17,0,0.0,0.0,0.0,8,0.0,0,0.0,4,33,0.5,0.5,0,0.0,1,0,0,0.0,0.0,2,1.0,0.0,14,1,6
2017-10,0.5,0.5,0.5,0.5,1,0.0,0.0,2,0.5,2,0,2,0.0,0.0,35,0.0,0.0,0,0,35,0.5,0,0.0,1,1,0.0,0.5,0.5,0.5,1,4,0.0,0.0,1.0,15,0.5,0.5,0.5,0.5,1.0,0.5,0.0,0.0,0.0,1.0,23,20,0.0,0.5,0.5,0.5,1,0.0,0.0,0.0,0.0,35,5,0.0,17,2.0,9,10,1.0,34,34,19,0,0.0,0.0,0.0,9,0.0,0,0.0,5,35,0.5,0.5,0,0.0,1,0,0,0.0,0.0,2,1.0,0.0,13,2,7
2017-11,0.5,0.5,0.5,0.5,1,0.0,0.0,2,1.0,3,2,2,0.0,0.0,42,0.0,0.0,0,0,42,0.5,0,0.0,1,1,0.0,0.0,0.5,0.5,2,4,1.0,0.0,0.0,18,0.0,0.5,0.5,0.5,1.0,0.5,0.0,0.0,0.0,1.0,24,24,0.0,0.5,0.5,0.5,1,0.0,0.0,0.0,2.0,42,5,0.0,19,2.0,11,16,1.0,36,35,23,0,0.0,0.0,0.0,10,0.0,0,0.0,6,42,0.5,0.5,0,0.0,1,0,0,0.0,0.0,2,1.0,0.0,4,2,8
2017-12,0.5,0.5,0.5,0.5,1,0.0,0.0,2,1.0,2,2,1,0.0,0.0,32,0.0,0.0,2,0,32,0.5,0,0.0,1,1,0.0,0.0,0.5,0.5,1,4,0.0,1.0,1.0,14,0.5,0.5,0.5,0.5,1.0,0.5,0.0,0.0,0.0,1.0,23,18,0.0,0.0,0.0,0.0,1,0.0,0.0,0.0,0.0,32,5,0.0,17,2.0,8,5,0.0,33,33,17,0,0.0,0.0,0.0,8,0.0,0,0.0,6,32,0.5,0.5,0,0.0,1,0,0,0.0,0.0,2,1.0,0.0,4,2,6
2018-01,0.5,0.5,0.5,0.5,1,0.0,0.0,2,1.0,2,0,1,0.0,0.0,36,0.0,0.0,2,0,36,0.5,0,0.0,1,1,0.0,0.5,0.5,0.5,1,3,0.0,1.0,0.0,16,0.0,0.5,0.5,0.5,1.0,0.5,0.0,0.0,0.0,1.0,23,21,0.0,0.5,0.0,0.5,1,0.0,0.0,0.0,0.0,36,4,0.0,18,2.0,9,6,0.0,32,31,19,0,0.0,0.0,0.0,9,0.0,0,0.0,5,36,0.5,0.5,0,0.0,1,0,0,0.0,0.0,2,1.0,0.0,11,2,7
2018-02,0.5,0.5,0.5,0.5,1,0.0,0.0,2,1.0,2,2,0,0.0,0.0,36,0.0,0.0,2,0,36,0.5,0,0.0,1,1,0.0,0.0,0.5,0.5,1,4,0.0,0.0,0.0,15,0.0,0.5,0.5,0.5,1.0,0.5,0.0,0.5,0.0,1.0,23,21,0.0,0.5,0.5,0.5,1,0.0,0.0,0.0,2.0,36,5,0.0,17,2.0,9,6,1.0,31,31,19,0,0.0,0.0,0.0,9,0.0,2,0.0,4,36,0.5,0.5,0,0.0,1,0,0,0.0,0.0,2,1.0,0.0,12,2,7
2018-03,0.5,0.5,0.5,0.5,1,0.0,0.0,2,1.0,3,0,0,0.0,2.0,38,0.0,0.0,1,0,38,0.5,0,0.0,1,1,0.0,0.5,0.5,0.5,1,4,0.0,1.0,0.0,16,0.0,0.5,0.5,0.5,1.0,0.5,0.0,0.0,0.0,1.0,25,22,0.0,0.5,0.5,0.5,1,0.0,0.0,0.0,1.0,38,5,0.0,16,1.0,10,6,0.0,33,33,20,0,0.0,0.0,0.0,9,0.0,0,2.0,5,38,0.5,0.5,0,0.0,1,0,0,0.0,0.0,2,1.0,0.0,12,1,7
2018-04,0.5,0.5,0.5,0.5,1,0.0,0.0,2,1.0,3,1,1,2.0,0.0,39,0.0,0.0,2,0,39,0.5,0,0.0,1,1,0.0,0.5,0.5,0.5,1,4,0.0,1.0,1.0,17,0.5,0.5,0.5,0.5,1.0,0.5,0.5,0.0,0.0,1.0,28,23,0.0,0.5,0.0,0.5,1,0.0,0.0,0.0,0.0,39,4,0.0,17,2.0,10,6,0.0,32,32,21,0,0.0,0.0,0.0,9,0.0,0,3.0,5,39,0.5,0.5,0,0.0,1,0,0,0.0,0.0,2,1.0,0.0,3,2,8
2018-05,0.5,0.5,0.5,0.5,1,0.0,0.0,2,1.0,3,0,0,0.0,0.0,37,0.0,0.0,0,0,37,0.5,0,0.0,1,1,0.5,0.5,0.5,0.5,1,2,0.0,0.0,0.0,16,0.0,0.5,0.5,0.5,1.0,0.5,0.0,0.0,0.0,1.0,27,21,0.0,0.5,0.5,0.5,1,0.0,0.0,0.0,0.0,37,4,0.0,17,2.0,10,5,0.0,29,29,20,0,0.0,0.0,0.0,9,0.0,0,0.0,4,37,0.5,0.5,0,0.0,1,0,0,0.0,0.0,2,1.0,0.0,3,2,7
2018-06,0.5,0.5,0.5,0.5,1,0.0,0.0,2,1.0,2,0,2,0.0,0.0,33,0.0,0.0,2,0,33,0.5,0,0.0,1,1,0.0,0.5,0.5,0.5,1,2,0.0,1.0,0.0,14,0.0,0.5,0.5,0.5,1.0,0.5,0.0,0.0,0.0,1.0,25,19,0.0,0.5,0.5,0.5,1,0.0,0.0,0.0,0.0,33,5,0.0,14,1.0,9,5,0.0,26,26,17,0,0.0,0.0,0.0,8,0.0,0,0.0,4,33,0.5,0.5,0,0.0,1,0,0,0.0,0.0,2,1.0,0.0,7,1,6
2018-07,0.5,0.5,0.5,0.5,1,0.0,0.0,2,1.0,2,2,1,0.0,0.0,33,0.0,0.0,0,0,33,0.5,0,0.0,1,1,0.5,0.5,0.5,0.5,1,3,0.0,1.0,1.0,14,0.5,0.5,0.5,0.5,1.0,0.5,0.0,0.0,0.0,1.0,23,19,0.0,0.5,0.5,0.5,1,0.0,0.0,0.0,0.0,33,5,0.0,20,1.0,9,5,0.0,29,28,18,0,0.0,0.0,0.0,8,0.0,0,0.0,4,33,0.5,0.5,0,0.0,1,0,0,0.0,0.0,2,1.0,0.0,13,2,7
2018-08,0.5,0.5,0.5,0.5,1,0.0,0.0,2,1.0,3,2,2,0.0,2.0,41,0.0,0.0,2,0,41,0.5,0,0.0,1,1,0.0,0.5,0.5,0.5,1,3,1.0,1.0,1.0,18,0.5,0.5,0.5,0.5,1.0,0.5,0.0,0.0,0.0,1.0,24,23,0.0,0.5,0.5,0.5,1,0.0,0.0,0.0,2.0,41,5,0.0,18,2.0,11,4,0.0,29,29,22,0,0.0,0.0,0.0,10,0.0,0,0.0,5,41,0.5,0.5,0,0.0,1,0,0,0.0,0.0,2,1.0,0.0,8,1,8
2018-09,0.5,0.5,0.5,0.5,1,0.0,0.0,2,1.0,3,2,1,2.0,2.0,41,0.0,0.0,2,0,41,0.5,0,0.0,1,1,0.5,0.5,0.5,0.5,1,3,1.0,1.0,1.0,17,0.5,0.5,0.5,0.5,1.0,0.5,0.0,0.0,0.0,1.0,21,23,0.0,0.5,0.5,0.5,1,0.0,0.0,0.0,1.0,41,5,0.0,21,2.0,11,6,0.0,32,32,22,0,0.0,0.0,0.0,10,0.0,0,1.0,5,41,0.5,0.5,0,0.0,1,0,0,0.0,0.0,2,1.0,0.0,24,2,8
2018-10,0.5,0.5,0.5,0.5,1,0.0,0.0,2,1.0,3,2,2,0.0,2.0,37,0.0,0.0,1,0,37,0.5,0,0.0,1,1,0.5,0.5,0.5,0.5,1,3,0.0,1.0,1.0,16,0.5,0.5,0.5,0.5,1.0,0.5,0.0,0.0,0.0,1.0,23,21,0.0,0.5,0.5,0.5,1,0.0,0.0,0.0,2.0,37,5,0.0,19,2.0,10,6,1.0,30,30,20,0,0.0,0.0,0.0,9,0.0,0,0.0,5,37,0.5,0.5,0,0.0,1,0,0,0.0,0.0,2,1.0,0.0,11,2,7
2018-11,0.5,0.5,0.5,0.5,1,0.0,0.0,2,1.0,3,2,1,0.0,3.0,39,0.0,0.0,3,0,39,0.5,0,0.0,1,1,0.0,0.5,0.5,0.5,1,3,0.0,1.0,1.0,17,0.5,0.5,0.5,0.5,1.0,0.5,0.0,0.0,0.0,1.0,23,22,0.0,0.5,0.5,0.5,1,0.0,0.0,0.0,3.0,39,5,0.0,19,2.0,10,13,0.0,32,32,21,0,0.0,0.0,0.0,9,0.0,0,0.0,4,39,0.5,0.5,0,0.5,1,0,0,0.0,0.0,2,1.0,0.0,18,2,8
2018-12,0.5,0.5,0.5,0.5,1,0.0,0.0,2,1.0,2,2,2,0.0,2.0,30,0.0,0.0,1,0,30,0.5,0,0.0,1,1,0.5,0.5,0.5,0.5,1,3,0.0,0.0,1.0,13,0.5,0.5,0.5,0.5,1.0,0.5,0.0,0.0,0.0,1.0,19,17,0.0,0.5,0.5,0.5,1,0.0,0.0,0.0,2.0,30,4,0.0,18,2.0,8,6,0.0,27,27,16,0,0.0,0.0,0.0,7,0.0,0,0.0,5,30,0.5,0.5,0,0.5,1,0,0,0.0,0.0,1,1.0,0.0,19,1,6
2019-01,0.5,0.5,0.5,0.5,1,0.0,0.0,3,1.0,2,2,2,0.0,1.0,32,0.0,0.0,1,0,32,0.5,0,0.0,1,1,0.0,0.5,0.5,0.5,1,4,0.0,1.0,1.0,14,0.5,0.5,0.5,0.5,1.0,0.5,0.0,0.0,0.0,1.0,21,19,0.0,0.5,0.5,0.5,1,0.0,0.0,0.0,1.0,32,5,0.0,25,2.0,8,6,0.0,32,31,17,0,0.0,0.0,0.0,8,0.0,0,0.0,5,32,0.5,0.5,0,0.5,1,0,0,0.0,0.0,2,1.0,0.0,3,2,6
2019-02,0.5,0.5,0.5,0.5,1,0.0,0.0,3,1.0,3,2,2,1.0,2.0,38,0.0,0.0,1,0,38,0.5,0,0.0,1,1,0.5,0.5,0.5,0.5,1,4,0.0,1.0,1.0,16,0.5,0.5,0.5,0.5,1.0,0.5,0.0,0.0,0.0,1.0,23,22,0.0,0.5,0.5,0.5,1,0.0,0.0,0.0,0.0,38,5,0.0,21,2.0,10,5,1.0,32,31,20,0,0.0,0.0,0.0,9,0.0,0,2.0,4,38,0.5,0.5,0,0.0,1,0,0,0.0,0.0,2,1.0,0.0,10,2,7
2019-03,0.5,0.5,0.5,0.5,1,0.0,0.0,3,1.0,3,2,3,1.0,4.0,48,0.0,0.0,1,0,48,0.5,0,0.0,1,2,0.5,0.5,0.5,0.5,2,3,0.0,1.0,1.0,21,0.5,0.5,0.5,0.5,1.0,0.5,0.0,0.0,0.0,1.0,22,27,0.5,0.5,0.5,0.5,1,0.0,0.0,0.0,1.0,48,5,0.0,21,2.0,13,6,1.0,32,32,25,0,0.0,0.0,0.0,12,0.0,0,2.0,5,48,0.5,0.5,0,0.0,1,0,0,0.0,0.0,2,1.0,0.0,6,2,9
2019-04,0.5,0.5,0.5,0.5,1,0.0,0.0,2,1.0,3,1,2,1.0,1.0,46,0.0,0.0,2,0,46,0.5,0,0.0,1,2,0.5,0.5,0.5,0.5,2,3,0.0,0.0,1.0,20,0.5,0.5,0.5,0.5,1.0,0.5,0.0,0.0,0.0,1.0,23,26,0.5,1.0,1.0,1.0,1,0.0,0.0,0.0,0.0,46,6,0.0,19,1.0,12,6,0.0,32,32,25,0,0.0,0.0,0.0,11,0.0,0,6.0,4,46,0.5,0.5,0,0.0,1,0,0,0.0,0.0,2,1.0,0.0,3,2,9
2019-05,0.5,0.5,0.5,0.5,1,0.0,0.0,2,1.0,3,3,3,1.0,6.0,42,0.0,0.0,0,0,42,0.5,0,0.0,1,1,0.5,0.5,0.5,0.5,2,3,0.0,1.0,0.0,18,0.0,0.5,0.5,0.5,1.0,0.5,0.0,0.0,0.0,1.0,27,24,0.0,1.0,1.0,1.0,1,0.0,0.0,0.0,0.0,42,5,0.0,19,2.0,11,6,1.0,27,27,22,0,0.0,0.0,0.0,10,0.0,1,0.0,4,42,0.5,0.5,0,0.5,1,0,0,0.0,0.0,2,1.0,0.0,18,2,8
2019-06,0.5,0.5,0.5,0.5,1,0.0,0.0,2,1.0,2,1,1,0.0,5.0,34,0.0,0.0,0,0,34,0.5,0,0.0,1,1,0.5,0.5,0.5,0.5,1,3,0.0,1.0,1.0,15,0.5,0.5,0.5,0.5,1.0,0.5,0.0,0.0,0.0,1.0,20,19,0.0,0.5,0.5,0.5,1,1.0,0.0,0.0,0.0,34,5,0.0,16,2.0,9,6,1.0,23,24,18,0,0.0,0.0,0.0,8,0.0,0,0.0,4,34,0.5,0.5,0,0.0,1,0,0,0.0,0.0,2,1.0,0.0,32,1,7
2019-07,0.5,0.5,0.5,0.5,1,0.0,0.0,2,1.0,3,3,3,0.0,4.0,42,0.0,0.0,2,0,42,0.5,0,0.0,1,1,0.5,0.5,0.5,0.5,2,4,0.5,1.0,1.0,18,0.5,0.5,0.5,0.5,1.0,0.5,0.0,0.0,0.0,1.0,23,24,0.0,0.5,0.5,0.5,1,0.0,0.0,0.0,2.0,42,6,0.0,18,2.0,11,9,1.0,31,31,22,0,0.0,0.0,0.0,10,0.0,0,0.0,6,42,0.5,0.5,0,0.0,1,0,0,0.0,0.0,2,1.0,0.0,20,2,8
2019-08,0.5,0.5,0.5,0.5,1,0.0,0.0,3,1.0,3,2,2,2.0,5.0,45,0.0,0.0,2,0,45,0.5,0,0.0,1,1,0.5,0.5,0.5,0.5,2,4,0.0,1.0,1.0,20,0.5,0.5,0.5,0.5,1.0,0.5,0.0,0.0,0.0,1.0,24,26,0.0,0.5,0.5,0.5,1,0.0,0.0,0.0,2.0,45,6,0.0,19,2.0,12,7,1.0,30,31,24,0,0.0,0.0,0.0,11,0.0,0,1.0,5,45,0.5,0.5,0,0.0,1,0,0,0.0,0.0,2,1.0,0.0,4,1,9
2019-09,0.5,0.5,0.5,0.5,1,0.0,0.5,3,1.0,3,2,2,1.0,42.0,46,0.0,0.0,4,0,46,0.5,0,0.0,1,2,0.5,0.5,0.5,0.5,2,4,0.0,1.0,1.0,20,0.5,0.5,0.5,0.5,1.0,0.5,0.5,0.0,0.0,1.0,26,26,0.0,0.5,0.5,0.5,1,0.0,0.0,0.0,2.0,46,7,0.0,21,2.0,12,10,1.0,33,33,25,0,0.0,0.0,0.0,11,0.0,0,1.0,5,46,0.5,0.5,0,0.0,1,0,0,0.0,0.0,2,1.0,0.0,20,2,9
2019-10,0.5,0.5,0.5,0.5,1,0.0,0.0,3,1.0,3,3,3,1.0,4.0,49,0.0,0.0,2,0,49,0.5,0,0.0,2,2,0.5,0.5,0.5,0.5,2,4,1.0,1.0,1.0,21,0.5,0.5,0.5,0.5,1.0,0.5,0.0,0.5,0.0,1.0,28,28,0.5,0.5,0.5,0.5,1,0.0,0.0,0.0,2.0,49,6,0.0,20,1.0,13,12,2.0,32,32,26,0,0.0,0.0,0.0,12,0.0,0,1.0,7,49,0.5,0.5,0,0.5,1,0,0,0.0,0.0,2,1.0,0.0,6,2,10
2019-11,0.5,0.5,0.5,0.5,1,0.0,0.0,3,1.0,3,3,3,1.0,3.0,44,0.0,0.0,5,0,44,0.5,0,0.0,2,1,0.5,0.5,0.5,0.5,2,4,1.0,1.0,1.0,19,0.5,0.5,0.5,0.5,1.0,0.5,0.5,0.5,0.5,1.0,24,25,0.0,0.5,0.5,0.5,1,0.0,0.0,0.0,3.0,44,6,0.0,20,2.0,12,17,1.0,36,36,23,0,0.0,0.0,0.0,11,0.0,0,2.0,6,44,0.5,0.5,0,0.5,1,0,0,0.0,0.0,2,1.0,0.0,30,2,9
2019-12,0.5,0.5,0.5,0.5,1,0.0,0.5,3,1.0,2,2,3,1.0,5.0,32,1.0,0.0,5,0,32,0.5,0,0.0,1,1,0.5,0.5,0.5,0.5,1,4,0.0,1.0,1.0,14,0.5,0.5,0.5,0.5,1.0,0.5,0.0,0.5,0.0,1.0,23,18,0.5,0.5,0.5,0.5,1,0.0,0.0,0.0,2.0,32,6,0.5,19,2.0,8,8,1.0,36,36,17,0,0.0,0.0,0.0,8,0.0,0,2.0,5,32,0.5,0.5,0,0.0,1,0,0,0.0,0.0,1,1.0,0.0,4,2,6
2020-01,0.5,0.5,0.5,0.5,1,0.0,0.0,3,1.0,2,2,2,1.0,3.0,34,0.0,0.0,3,0,34,0.5,0,0.0,2,1,0.5,0.5,0.5,0.5,1,3,0.0,1.0,1.0,15,0.5,0.5,0.5,0.5,1.0,0.5,0.0,0.0,0.0,1.0,25,20,0.0,0.5,0.5,0.5,1,1.0,1.0,0.0,0.0,34,5,0.0,19,2.0,9,8,1.0,39,39,18,0,0.0,0.0,0.0,8,1.0,0,2.0,5,34,0.5,0.5,0,0.0,1,0,0,0.0,0.0,2,1.0,0.0,12,2,7
2020-02,0.5,0.5,0.5,0.5,1,0.0,0.0,3,1.0,3,2,1,1.0,3.0,47,0.0,0.0,6,0,47,0.5,0,0.0,2,2,0.5,0.5,0.5,0.5,2,3,0.0,1.0,1.0,20,0.5,0.5,0.5,0.5,1.0,0.5,0.0,0.0,0.0,1.0,27,27,0.0,0.5,0.5,0.5,1,0.0,0.0,0.0,1.0,47,5,0.0,22,2.0,12,8,1.0,32,32,25,0,0.0,0.0,0.0,11,0.0,0,1.0,6,47,0.5,0.5,0,0.5,1,0,0,0.0,0.0,2,1.0,0.0,23,2,9
2020-03,0.5,0.5,0.5,0.5,1,0.0,0.0,3,1.0,3,2,2,0.0,2.0,48,0.0,0.0,2,0,48,0.5,0,0.0,1,2,0.5,0.5,0.5,0.5,2,3,0.0,1.0,1.0,21,0.5,0.5,0.5,0.5,1.0,0.5,0.0,0.0,0.5,1.0,27,28,0.0,0.5,0.5,0.5,1,1.0,1.0,1.0,2.0,48,4,0.0,18,2.0,13,5,0.0,37,37,26,0,0.0,0.0,0.0,12,0.0,0,1.0,4,48,0.5,0.5,0,0.0,1,0,0,0.0,0.0,2,1.0,0.0,20,2,9
2020-04,0.5,0.5,0.5,0.5,1,0.0,0.0,2,1.0,3,2,2,1.0,2.0,49,0.0,0.0,2,0,49,0.5,0,0.0,1,2,0.5,0.5,0.5,0.5,2,4,0.0,0.5,1.0,21,0.5,0.5,0.5,0.5,1.0,0.5,0.0,0.0,0.0,1.0,59,28,0.5,0.5,0.5,0.5,1,0.0,0.0,0.0,1.0,49,4,0.0,11,2.0,13,4,0.0,40,39,26,0,0.0,0.0,0.0,12,0.0,0,1.0,5,49,0.5,0.5,0,0.5,1,0,0,0.0,0.0,2,1.0,0.0,3,2,10
2020-05,0.5,0.5,0.5,0.5,1,0.0,0.0,2,1.0,3,2,2,0.0,2.0,46,0.0,0.0,1,0,46,0.5,0,0.0,1,2,0.5,0.5,0.5,0.5,2,3,0.0,1.0,1.0,20,0.5,0.5,0.5,0.5,1.0,0.5,0.0,0.5,0.0,1.0,44,26,0.5,0.5,0.5,0.5,1,0.0,0.0,0.0,0.0,46,5,0.0,13,1.0,12,4,0.5,36,36,25,0,0.0,0.5,0.0,11,0.0,0,0.0,6,46,0.5,0.5,0,0.0,1,0,0,0.0,0.0,2,1.0,0.5,3,2,9
2020-06,0.5,0.5,0.5,0.5,1,0.0,0.0,3,1.0,4,2,3,0.0,3.0,54,0.0,0.0,1,0,54,0.5,0,0.0,2,2,0.5,0.5,0.5,0.5,2,4,1.0,1.0,1.0,23,0.5,0.5,0.5,0.5,1.0,0.5,0.0,0.0,0.5,1.0,34,31,0.0,0.5,0.5,0.5,2,1.0,1.0,1.0,1.0,54,4,0.5,18,1.0,14,7,0.5,39,39,29,0,0.0,0.0,0.0,13,0.0,0,0.0,5,54,0.5,0.5,0,0.5,1,0,0,0.0,0.0,3,1.0,0.0,3,2,11
2020-07,0.5,0.5,0.5,0.5,1,0.0,0.0,3,1.0,4,2,2,1.0,3.0,57,0.0,0.0,2,0,57,0.5,0,0.0,2,2,0.5,0.5,0.5,0.5,2,3,0.5,1.0,1.0,24,0.5,0.5,0.5,0.5,1.0,0.5,0.5,0.0,0.0,1.0,33,32,0.5,0.5,0.5,0.5,2,0.0,0.0,0.0,2.0,57,4,0.0,19,1.0,15,7,0.5,37,37,30,0,0.0,0.0,0.0,14,0.0,0,0.0,6,57,0.5,0.5,0,0.5,1,0,0,0.0,0.0,3,1.0,0.0,3,2,11
2020-08,0.5,0.5,0.5,0.5,1,0.0,0.0,4,1.0,3,3,3,1.0,3.0,50,0.0,0.0,2,0,50,0.5,0,0.0,2,2,0.5,0.5,0.5,0.5,2,3,0.5,0.5,1.0,22,0.5,0.5,0.5,0.5,1.0,0.5,0.5,0.5,0.5,1.0,32,29,0.0,0.5,0.5,0.5,1,1.0,1.0,1.0,1.0,50,4,0.0,24,1.0,13,6,1.0,37,37,27,0,0.0,0.0,0.0,12,0.0,0,1.0,5,50,0.5,0.5,0,0.0,1,0,0,0.0,0.0,2,1.0,0.0,3,2,10
2020-09,0.5,0.5,0.5,0.5,1,0.0,0.0,3,1.0,3,2,2,1.0,3.0,51,0.0,0.0,2,0,51,0.5,0,0.0,2,2,0.5,0.5,0.5,0.5,2,4,1.0,1.0,1.0,22,0.5,0.5,0.5,0.5,1.0,0.5,0.0,0.0,0.0,1.0,32,30,0.5,0.5,0.5,0.5,1,1.0,1.0,1.0,2.0,51,4,0.0,28,1.0,13,8,1.0,36,36,27,0,0.0,0.0,0.0,12,0.0,0,0.0,6,51,0.5,0.5,0,0.5,1,0,0,0.0,0.0,2,1.0,0.0,3,2,10
2020-10,0.5,0.5,0.5,0.5,1,0.0,0.0,3,1.0,3,2,2,0.0,3.0,43,0.0,0.0,2,0,43,0.5,0,0.0,2,1,0.5,0.5,0.5,0.5,2,3,0.5,0.5,1.0,19,0.5,0.5,0.5,0.5,1.0,0.5,0.5,0.5,0.5,1.0,30,25,0.5,0.5,0.5,0.5,1,1.0,1.0,1.0,1.0,43,4,0.0,24,1.0,11,9,1.0,33,33,23,0,0.5,0.5,0.0,10,0.0,0,0.0,5,43,0.5,0.5,0,0.5,1,0,0,0.0,0.0,2,1.0,0.0,3,2,8
2020-11,0.5,0.5,0.5,0.5,1,0.0,0.0,3,1.0,3,3,3,0.0,3.0,38,0.0,0.0,1,0,38,0.5,0,0.0,2,1,0.5,0.5,0.5,0.5,1,3,0.5,1.0,1.0,16,0.5,0.5,0.5,0.5,1.0,0.5,0.0,0.0,0.5,1.0,26,22,0.5,0.5,0.5,0.5,1,1.0,1.0,0.0,2.0,38,4,0.0,22,1.0,10,15,1.0,41,41,20,0,0.0,0.0,0.0,9,0.0,0,1.0,4,38,0.5,0.5,0,0.5,1,0,0,0.0,0.0,2,1.0,0.0,3,2,7
2020-12,0.5,0.5,0.5,0.5,1,0.0,0.0,3,1.0,3,2,2,1.0,1.0,37,0.0,0.0,1,0,37,0.5,0,0.0,2,1,0.5,0.5,0.5,0.5,1,3,0.5,1.0,1.0,16,0.5,0.5,0.5,0.5,1.0,0.5,0.0,0.0,0.0,1.0,25,21,0.5,0.5,0.5,0.5,1,1.0,1.0,1.0,2.0,37,4,0.0,24,1.0,10,7,0.5,35,35,20,0,0.0,0.0,0.0,9,0.0,0,1.0,4,37,0.5,0.5,0,0.5,1,0,0,0.0,0.0,2,1.0,0.0,3,2,7
2021-01,0.5,0.5,0.5,0.5,1,0.0,0.0,3,1.0,2,2,3,1.0,3.0,33,0.0,0.0,1,0,33,0.5,0,0.0,2,1,0.5,0.5,0.5,1.0,1,6,1.0,1.0,1.0,14,0.5,0.5,0.5,0.5,1.0,0.5,0.5,0.0,0.0,1.0,24,19,0.5,0.5,0.5,0.5,1,0.0,1.0,0.0,1.0,33,4,0.0,31,1.0,9,6,1.0,35,34,18,0,0.0,0.0,0.0,8,0.0,0,1.0,5,33,0.5,0.5,0,0.0,1,0,0,0.0,0.0,2,1.0,0.0,13,2,7
2021-02,0.5,0.5,0.5,0.5,1,0.0,0.0,3,1.0,2,2,2,1.0,2.0,35,0.0,0.0,2,1,35,0.5,0,0.0,1,1,0.5,0.5,0.5,0.5,1,4,0.5,1.0,1.0,15,0.5,0.5,0.5,0.5,1.0,0.5,0.5,0.5,0.5,1.0,25,20,0.0,0.5,0.5,0.5,1,1.0,1.0,1.0,1.0,35,5,0.0,26,1.0,9,6,1.0,35,35,19,0,0.0,0.0,0.0,8,0.0,0,1.0,5,35,0.5,0.5,0,0.5,1,0,0,0.0,0.0,2,1.0,0.0,29,2,7
2021-03,0.5,0.5,0.5,0.5,1,0.0,0.0,3,1.0,3,3,3,1.0,3.0,40,0.0,0.0,1,0,40,0.5,0,0.0,2,1,0.5,0.5,0.5,0.5,1,4,0.5,1.0,1.0,17,0.5,0.5,0.5,0.5,1.0,0.5,0.0,0.5,0.0,1.0,28,23,0.0,0.5,0.5,0.5,1,1.0,1.0,1.0,1.0,40,4,0.0,25,1.0,10,7,1.0,34,34,21,0,0.0,0.0,0.0,10,0.0,0,0.0,5,40,0.5,0.5,0,0.5,1,0,0,0.0,0.0,2,1.0,0.0,20,2,8
2021-04,0.5,0.5,0.5,0.5,1,0.0,0.0,3,1.0,3,3,2,0.0,2.0,37,0.0,0.0,1,0,37,0.5,0,0.0,2,1,0.5,0.5,0.5,0.5,1,3,1.0,0.5,1.0,16,0.5,0.5,0.5,0.5,1.0,0.5,0.0,0.0,0.5,1.0,30,21,0.5,0.5,0.5,0.5,1,1.0,1.0,1.0,2.0,37,4,0.0,21,1.0,10,6,1.0,33,33,20,0,0.0,0.0,0.0,9,0.0,0,0.0,6,37,0.5,0.5,0,0.5,1,0,0,0.0,0.0,2,1.0,0.0,28,2,7
2021-05,0.5,0.5,0.5,0.5,1,0.0,0.0,3,1.0,2,2,2,0.0,2.0,35,0.0,0.0,0,0,35,0.5,0,0.0,1,1,0.5,0.5,0.5,0.5,1,3,0.5,0.5,1.0,15,0.5,0.5,0.5,0.5,1.0,0.5,0.5,0.5,0.5,1.0,32,20,0.5,0.5,0.5,0.5,1,1.0,1.0,1.0,1.0,35,4,0.0,27,1.0,9,6,1.0,32,32,19,0,0.0,0.0,0.0,8,0.0,0,1.0,4,35,0.5,0.5,0,0.5,1,0,0,0.0,0.0,2,1.0,0.0,45,1,7
2021-06,0.5,0.5,0.5,0.5,1,0.5,0.0,3,1.0,3,3,3,1.0,2.0,40,0.0,0.0,2,0,40,0.5,0,0.0,2,1,0.5,0.5,0.5,0.5,1,4,0.5,1.0,1.0,17,0.5,0.5,0.5,0.5,1.0,0.5,0.0,0.5,0.5,1.0,31,23,0.5,0.5,0.5,0.5,1,1.0,1.0,1.0,2.0,40,4,0.0,28,1.0,11,6,1.0,33,33,21,0,0.0,0.0,0.0,10,0.0,0,1.0,4,40,0.5,0.5,0,0.5,1,0,0,0.0,0.5,2,1.0,0.0,6,2,8
2021-07,0.5,0.5,0.5,0.5,1,0.0,0.0,3,1.0,2,2,2,1.0,3.0,35,0.0,0.5,1,0,35,0.5,0,0.0,2,1,0.5,0.5,0.5,0.5,1,3,0.5,1.0,1.0,15,0.5,0.5,0.5,0.5,1.0,0.5,0.0,0.5,0.5,1.0,33,20,0.5,0.5,0.5,0.5,1,1.0,1.0,1.0,1.0,35,4,0.0,19,0.5,9,5,1.0,35,35,18,0,0.0,0.0,0.0,8,0.0,0,0.0,4,35,0.5,0.5,0,0.5,1,0,0,0.0,0.0,2,1.0,0.0,60,2,7
2021-08,0.5,0.5,0.5,0.5,1,0.0,0.0,3,1.0,3,2,2,0.0,4.0,37,0.0,0.0,1,0,37,0.5,0,0.0,2,1,0.5,0.5,0.5,0.5,1,4,1.0,0.5,1.0,16,0.5,0.5,0.5,0.5,1.0,0.5,0.5,0.5,0.5,1.0,31,21,0.5,0.5,0.5,0.5,1,1.0,1.0,1.0,1.0,37,4,0.0,23,1.0,10,7,0.5,36,35,20,0,0.0,0.0,0.0,9,0.0,0,0.0,5,37,0.5,0.5,0,0.5,1,0,0,0.0,0.0,2,1.0,0.0,27,2,7
2021-09,0.5,0.5,0.5,0.5,1,0.0,0.5,3,1.0,3,2,3,1.0,3.0,38,0.0,0.0,1,0,38,0.5,0,0.0,2,1,0.5,0.5,0.5,0.5,1,3,0.5,0.5,1.0,16,0.5,0.5,0.5,0.5,1.0,0.5,0.5,0.0,0.0,1.0,34,22,0.5,0.5,0.5,0.5,1,1.0,1.0,1.0,1.0,38,4,0.0,25,1.0,10,7,1.0,33,34,20,0,0.0,0.0,0.0,9,0.0,0,1.0,4,38,0.5,0.5,0,0.5,1,0,0,0.0,0.0,2,1.0,0.0,35,2,7
2021-10,0.5,0.5,0.5,0.5,1,0.0,0.0,3,1.0,3,2,2,0.0,2.0,40,0.0,0.0,1,0,40,0.5,0,0.0,1,1,0.5,0.5,0.5,0.5,1,3,0.5,0.5,1.0,17,0.5,0.5,0.5,0.5,1.0,0.5,0.0,0.0,0.5,1.0,25,23,0.0,0.5,0.5,0.5,1,0.0,1.0,1.0,1.0,40,4,0.0,22,1.0,11,7,1.0,29,29,22,0,0.0,0.0,0.0,10,0.0,0,1.0,4,40,0.5,0.5,0,0.5,1,0,0,0.0,0.0,2,1.0,0.0,60,2,8
2021-11,0.5,0.5,0.5,0.5,2,0.0,0.0,3,1.0,5,2,2,0.0,2.0,73,0.0,0.0,2,0,73,0.5,0,0.0,2,2,0.5,0.5,0.5,0.5,3,3,0.5,0.5,1.0,31,0.5,0.5,0.5,0.5,1.0,0.5,0.5,0.5,0.5,1.0,23,42,0.0,0.5,0.5,0.5,2,1.0,1.0,1.0,1.0,73,4,0.0,21,1.0,19,13,1.0,33,33,39,0,0.0,0.0,0.0,18,0.0,0,3.0,4,73,0.5,0.5,0,0.5,2,0,0,0.0,0.0,3,1.0,0.0,74,1,14
2021-12,0.5,0.5,0.5,0.5,1,0.0,0.0,3,1.0,2,2,2,1.0,2.0,30,0.0,0.0,1,0,30,0.5,0,0.0,1,1,0.5,0.5,0.5,0.5,1,3,0.0,0.0,1.0,13,0.5,0.5,0.5,0.5,1.0,0.5,0.0,0.5,0.5,1.0,31,17,0.5,0.5,0.5,0.5,1,2.0,1.0,1.0,1.0,30,4,0.0,22,1.0,8,7,1.0,30,30,16,0,0.0,0.0,0.0,7,0.0,0,1.0,4,30,0.5,0.5,0,0.5,1,0,0,0.0,0.0,1,1.0,0.0,16,2,6
2022-01,0.5,0.5,0.5,0.5,1,0.0,0.0,3,1.0,2,2,2,1.0,1.0,35,0.0,0.0,2,0,35,0.5,0,0.0,2,1,0.5,0.5,0.5,0.5,1,3,0.5,0.5,1.0,15,0.5,0.5,0.5,0.5,1.0,0.5,0.5,0.5,0.5,1.0,27,20,0.0,0.5,0.5,0.5,1,1.0,1.0,1.0,1.0,35,5,0.0,22,1.0,9,6,0.5,33,33,19,0,0.0,0.0,0.0,9,0.5,0,1.0,5,35,0.5,0.5,0,0.5,1,0,0,0.0,0.0,2,1.0,0.0,21,2,7
2022-02,0.5,0.5,0.5,0.5,1,0.0,0.0,3,1.0,3,2,2,1.0,2.0,43,0.0,0.0,2,0,43,0.5,0,0.0,2,1,0.5,0.5,0.5,0.5,2,3,0.5,0.5,1.0,19,0.5,0.5,0.5,0.5,1.0,0.5,0.0,0.0,0.5,1.0,27,25,0.5,0.5,0.5,0.5,1,1.0,1.0,1.0,1.0,43,5,0.0,21,1.0,11,6,0.5,33,33,23,0,0.0,0.0,0.0,10,0.0,0,1.0,4,43,0.5,0.5,0,0.5,1,0,0,0.5,0.0,2,1.0,0.0,21,2,8
2022-03,0.5,0.5,0.5,0.5,1,0.5,0.0,3,1.0,3,3,2,1.0,1.0,51,0.0,0.0,1,0,51,0.5,0,0.0,2,2,0.5,0.5,0.5,0.5,2,3,0.5,0.5,1.0,22,0.5,0.5,0.5,0.5,1.0,0.5,0.5,0.5,0.5,1.0,27,29,0.5,0.5,0.5,0.5,1,1.0,1.0,1.0,2.0,51,6,0.0,19,1.0,13,6,1.0,34,33,27,0,0.0,0.0,0.0,12,0.5,0,1.0,6,51,0.5,0.5,0,0.5,1,0,0,0.5,0.5,2,1.0,0.0,40,2,10
2022-04,0.5,0.5,0.5,0.5,1,0.0,0.0,3,1.0,4,2,2,0.5,1.0,53,0.5,0.0,1,0,53,0.5,0,0.0,2,2,0.5,0.5,0.5,0.5,2,4,0.5,0.5,1.0,23,0.5,0.5,0.5,0.5,1.0,0.5,0.5,0.5,0.5,1.0,27,30,0.5,0.5,0.5,0.5,1,1.0,1.0,1.0,1.0,53,5,0.0,16,1.0,14,7,0.5,39,33,28,0,0.0,0.0,0.0,13,0.0,0,1.0,4,53,0.5,0.5,0,0.5,1,0,0,0.0,0.0,2,1.0,0.0,35,2,10
2022-05,0.5,0.5,0.5,0.5,2,0.5,0.0,3,1.0,4,2,2,0.5,1.0,66,0.5,0.0,1,0,66,0.5,0,0.0,1,2,0.5,0.5,0.5,0.5,2,3,0.5,0.5,1.0,29,0.5,0.5,0.5,0.5,1.0,0.5,0.5,0.5,0.5,1.0,28,38,0.5,0.5,0.5,0.5,2,1.0,1.0,1.0,1.0,66,7,0.0,16,2.0,17,7,1.0,32,32,35,0,0.0,0.0,0.0,16,0.0,0,1.0,5,66,0.5,0.5,0,0.5,1,0,0,0.5,0.5,3,1.0,0.0,36,2,13
2022-06,0.5,0.5,0.5,0.5,1,0.0,0.0,3,1.0,4,2,2,1.0,1.0,62,0.0,0.5,2,0,62,0.5,0,0.0,2,2,0.5,0.5,0.5,0.5,2,3,0.5,1.0,1.0,27,0.5,0.5,0.5,0.5,1.0,0.5,0.5,0.5,0.5,1.0,32,36,0.5,0.5,0.5,0.5,2,1.0,1.0,1.0,2.0,62,6,0.0,19,2.0,16,8,1.0,34,33,33,0,0.0,0.0,0.0,15,0.0,0,1.0,5,62,0.5,0.5,0,0.5,1,0,0,0.0,0.0,3,1.0,0.0,30,2,12
2022-07,0.5,0.5,0.5,0.5,1,0.0,0.0,3,1.0,3,2,2,0.0,1.0,49,0.0,0.0,1,0,49,0.5,0,0.0,1,2,0.5,0.5,0.5,0.5,2,3,0.5,0.5,1.0,21,0.5,0.5,0.5,0.5,1.0,0.5,0.5,0.0,0.5,1.0,32,28,0.5,0.5,0.5,0.5,1,1.0,1.0,1.0,1.0,49,7,0.0,16,2.0,13,8,0.5,31,31,26,0,0.0,0.0,0.0,12,0.0,0,1.0,4,49,0.5,0.5,0,0.5,1,0,0,0.0,0.0,2,1.0,0.0,46,2,10
2022-08,0.5,0.5,0.5,0.5,1,0.0,0.0,3,1.0,4,2,3,1.0,1.0,59,0.5,0.0,1,0,59,0.5,0,0.0,2,2,0.5,0.5,0.5,0.5,2,4,0.5,0.5,1.0,25,0.5,0.5,0.5,0.5,1.0,0.5,0.5,0.5,0.5,1.0,36,34,0.5,0.5,0.5,0.5,2,1.0,1.0,1.0,1.0,59,9,0.0,18,3.0,15,8,1.0,32,33,31,0,0.0,0.0,0.0,14,0.0,0,1.0,5,59,0.5,0.5,0,0.5,1,0,0,0.0,0.0,3,1.0,0.0,36,2,12
2022-09,0.5,0.5,0.5,0.5,1,0.0,0.0,3,1.0,4,1,1,1.0,1.0,59,0.0,0.0,2,0,59,0.5,0,0.0,2,2,0.5,0.5,0.5,0.5,2,4,0.5,1.0,1.0,25,0.5,0.5,0.5,0.5,1.0,0.5,0.5,0.5,0.5,1.0,32,34,0.5,0.5,0.5,0.5,2,1.0,1.0,1.0,1.0,59,7,0.5,18,2.0,15,8,0.5,31,33,31,0,0.0,0.0,0.0,14,0.0,0,1.0,4,59,0.5,0.5,0,0.5,1,0,0,0.0,0.0,3,1.0,0.0,22,2,11
2022-10,0.5,0.5,0.5,0.5,1,0.5,0.0,3,1.0,4,1,1,1.0,1.0,57,0.0,0.0,2,0,57,0.5,0,0.0,1,2,0.5,0.5,0.5,0.5,2,3,0.5,0.5,1.0,24,0.5,0.5,0.5,0.5,1.0,0.5,0.5,0.5,0.5,1.0,34,32,0.5,0.5,0.5,0.5,2,0.5,0.5,0.5,1.0,57,7,0.0,16,2.0,15,8,0.5,34,35,30,0,0.0,0.0,0.0,14,0.0,0,1.0,5,57,0.5,0.5,0,0.5,1,0,0,0.0,0.5,3,1.0,0.0,50,2,11
2022-11,0.5,0.5,0.5,0.5,1,0.0,0.0,3,1.0,4,1,1,1.0,1.0,56,0.0,0.0,2,0,56,0.5,0,0.0,1,2,0.5,0.5,0.5,0.5,2,3,0.5,0.5,0.5,24,0.5,0.5,0.5,0.5,1.0,0.5,0.5,0.5,0.5,1.0,26,32,0.5,0.5,0.5,0.5,2,0.5,0.5,0.5,1.0,56,5,0.0,14,1.0,15,14,0.5,28,29,30,0,0.0,0.0,0.0,13,0.0,0,2.0,4,56,0.5,0.5,0,0.5,1,0,0,0.0,0.0,3,1.0,0.0,23,2,11
2022-12,0.5,0.5,0.5,0.5,1,0.0,0.0,3,1.0,2,1,1,1.0,1.0,32,0.0,0.0,1,0,32,0.5,0,0.0,1,1,0.5,0.5,0.5,0.5,1,3,0.5,0.5,1.0,14,0.5,0.5,0.5,0.5,1.0,0.5,0.5,0.5,0.5,1.0,30,19,0.5,0.5,0.5,0.5,1,1.0,1.0,1.0,1.0,32,6,0.0,12,1.0,8,7,0.5,27,27,17,0,0.0,0.0,0.0,8,0.0,0,0.5,3,32,0.5,0.5,0,0.5,1,0,0,0.0,0.0,2,1.0,0.0,70,1,6
2023-01,0.5,0.5,0.5,0.5,1,0.0,0.0,3,1.0,2,1,1,1.0,1.0,35,0.0,0.0,2,0,35,0.5,0,0.0,2,1,0.5,0.5,0.5,0.5,1,3,0.5,1.0,1.0,15,0.5,0.5,0.5,0.5,1.0,0.5,0.5,0.5,0.5,1.0,31,20,0.5,0.5,0.5,0.5,1,1.0,0.5,1.0,1.0,35,7,0.0,14,1.0,9,9,1.0,32,34,19,0,0.0,0.0,0.0,8,0.0,0,0.0,4,35,0.5,0.5,0,0.5,1,0,0,0.0,0.0,2,1.0,0.0,8,2,7
2023-02,0.5,0.5,0.5,0.5,1,0.0,0.0,3,1.0,3,2,2,1.0,1.0,38,0.0,0.0,2,0,38,0.5,0,0.0,2,1,0.5,0.5,0.5,0.5,1,3,0.5,0.5,1.0,16,0.5,0.5,0.5,0.5,1.0,0.5,0.5,0.0,0.0,1.0,30,22,0.5,0.5,0.5,0.5,1,1.0,1.0,1.0,1.0,38,7,0.0,14,1.0,10,7,0.5,29,30,20,0,0.0,0.0,0.0,9,0.0,0,0.5,4,38,0.5,0.5,0,0.5,1,0,0,0.0,0.0,2,1.0,0.0,9,1,7
2023-03,0.5,0.5,0.5,0.5,1,0.0,0.0,3,1.0,3,1,1,1.0,1.0,43,0.0,0.0,1,0,43,0.5,0,0.0,2,1,0.5,0.5,0.5,0.5,2,3,0.5,0.5,1.0,19,0.5,0.5,0.5,0.5,1.0,0.5,0.5,0.5,0.5,1.0,31,25,0.5,0.5,0.5,0.5,1,1.0,0.0,1.0,1.0,43,6,0.0,13,1.0,11,7,1.0,31,30,23,0,0.0,0.0,0.0,10,0.0,0,0.5,4,43,0.5,0.5,0,0.5,1,0,0,0.0,0.0,2,1.0,0.0,80,1,8
2023-04,0.5,0.5,0.5,0.5,1,0.0,0.0,2,1.0,3,1,1,1.0,0.5,39,0.0,0.0,1,0,39,0.5,0,0.0,2,1,0.5,0.5,0.5,0.5,1,3,0.5,0.5,1.0,17,0.5,0.5,0.5,0.5,1.0,0.5,0.5,0.5,0.5,1.0,28,22,0.5,0.5,0.5,0.5,1,0.5,0.5,1.0,1.0,39,6,0.0,12,1.0,10,7,0.0,28,28,21,0,0.0,0.0,0.0,9,0.0,0,0.0,4,39,0.5,0.5,0,0.5,1,0,0,0.0,0.0,2,1.0,0.0,23,1,8
2023-05,0.5,0.5,0.5,0.5,1,0.0,0.5,3,1.0,3,1,1,0.5,0.5,50,0.0,0.0,2,0,50,0.5,0,0.0,2,2,0.5,0.5,0.5,0.5,2,3,0.5,0.5,1.0,22,0.5,0.5,0.5,0.5,1.0,0.5,0.5,0.5,0.5,1.0,28,29,0.5,0.5,0.5,0.5,1,1.0,1.0,1.0,2.0,50,6,0.0,13,1.0,13,9,0.5,31,31,27,0,0.5,0.5,0.0,12,0.5,0,1.0,4,50,0.5,0.5,0,0.5,1,0,0,0.0,0.0,2,1.0,0.0,32,2,10
2023-06,0.5,0.5,0.5,0.5,1,0.0,0.0,3,1.0,3,1,1,0.5,0.0,47,0.0,0.0,1,0,47,0.5,0,0.0,2,2,0.5,0.5,0.5,0.5,2,3,0.5,0.5,0.5,20,0.5,0.5,0.5,0.5,1.0,0.5,0.5,0.5,0.5,1.0,31,27,0.5,0.5,0.5,0.5,1,0.5,0.5,0.5,1.0,47,6,0.0,14,1.0,12,9,0.5,30,31,25,0,0.5,0.0,0.0,11,0.0,0,0.5,4,47,0.5,0.5,0,0.5,1,0,0,0.0,0.0,2,1.0,0.0,26,2,9
2023-07,0.5,0.5,0.5,0.5,1,0.0,0.0,3,1.0,2,2,2,1.0,0.5,36,0.0,0.0,1,0,36,0.5,0,0.0,2,1,0.5,0.5,0.5,0.5,1,3,0.5,0.5,1.0,16,0.5,0.5,0.5,0.5,1.0,0.5,0.5,0.5,0.0,1.0,31,21,0.5,0.5,0.5,0.5,1,1.0,0.0,1.0,1.0,36,7,0.0,14,1.0,10,10,0.5,30,33,19,0,0.0,0.0,0.0,9,0.0,0,1.0,4,36,0.5,0.5,0,0.5,1,0,0,0.0,0.0,2,1.0,0.0,53,1,7
2023-08,0.5,0.5,0.5,0.5,1,0.5,0.0,3,1.0,3,1,1,1.0,1.0,47,0.0,0.0,2,0,47,0.5,0,0.0,2,2,0.5,0.5,0.5,0.5,2,3,0.5,0.5,1.0,20,0.5,0.5,0.5,0.5,1.0,0.5,0.5,0.5,0.5,1.0,36,27,0.5,0.5,0.5,0.5,1,1.0,1.0,0.5,1.0,47,7,0.0,13,1.0,12,10,0.5,30,30,25,0,0.0,0.0,0.0,11,0.0,0,0.5,4,47,0.5,0.5,0,0.5,1,0,0,0.5,0.5,2,1.0,0.0,13,1,9
2023-09,0.5,0.5,0.5,0.5,1,0.0,0.0,2,1.0,3,1,1,1.0,0.5,40,0.5,0.0,1,0,40,0.5,0,0.0,2,1,0.5,0.5,0.5,0.5,1,3,0.5,0.5,1.0,17,0.5,0.5,0.5,0.5,1.0,0.5,0.5,0.5,0.5,1.0,31,23,0.5,0.5,0.5,0.5,1,1.0,1.0,1.0,1.0,40,7,0.0,11,1.0,10,9,0.5,28,29,21,0,0.0,0.0,0.0,10,0.5,0,0.5,4,40,0.5,0.5,0,0.5,1,0,0,0.0,0.0,2,1.0,0.0,89,1,8
2023-10,0.5,0.5,0.5,0.5,1,0.0,0.0,2,1.0,3,1,1,0.5,1.0,39,0.5,0.0,2,0,39,0.5,0,0.5,1,1,0.5,0.5,0.5,0.5,1,2,0.5,0.5,1.0,17,0.5,0.5,0.5,0.5,1.0,0.5,0.5,0.0,0.0,1.0,26,22,0.5,0.5,0.5,0.5,1,0.5,0.5,0.0,1.0,39,6,0.5,11,1.0,10,10,0.5,27,26,21,0,0.0,0.0,0.0,9,0.0,0,0.0,3,39,0.5,0.5,0,0.5,1,0,0,0.0,0.0,2,1.0,0.0,100,1,8
2023-11,0.5,0.5,0.5,0.5,1,0.0,0.0,3,1.0,3,1,1,0.5,1.0,41,0.0,0.0,1,0,41,0.5,0,0.0,1,1,0.5,0.5,0.5,0.5,1,3,0.5,0.5,1.0,18,0.5,0.5,0.5,0.5,1.0,0.5,0.5,0.0,0.5,1.0,29,23,0.5,0.5,0.5,0.5,1,0.0,0.0,0.0,1.0,41,6,0.0,11,1.0,11,17,1.0,31,30,22,0,0.0,0.0,0.0,10,0.0,0,0.5,3,41,0.5,0.5,0,0.5,1,0,0,0.0,0.0,2,1.0,0.0,53,1,8
2023-12,0.5,0.5,0.5,0.5,1,0.0,0.0,3,1.0,2,1,1,0.5,1.0,31,0.0,0.0,1,0,31,0.5,0,0.0,2,1,0.5,0.5,0.5,0.5,1,3,0.5,0.5,0.5,13,0.5,0.5,0.5,0.5,1.0,0.5,0.0,0.5,0.0,1.0,30,18,0.5,0.5,0.5,0.5,1,0.5,0.5,0.5,1.0,31,7,0.0,12,1.0,8,9,0.5,28,29,17,0,0.0,0.0,0.0,8,0.5,0,1.0,3,31,0.5,0.5,0,0.5,1,0,0,0.0,0.0,1,1.0,0.0,71,1,6
2024-01,0.5,0.5,0.5,0.5,1,0.0,0.0,3,1.0,2,1,1,0.0,1.0,33,0.0,0.0,1,0,33,0.5,0,0.0,2,1,0.5,0.5,0.5,0.5,1,3,0.5,0.5,1.0,14,0.5,0.5,0.5,0.5,1.0,0.5,0.5,0.5,0.5,1.0,30,19,0.0,0.5,0.5,0.5,1,0.0,0.0,0.5,1.0,33,6,0.0,12,1.0,9,10,0.5,30,29,17,0,0.0,0.0,0.0,8,0.0,0,0.5,4,33,0.5,0.5,0,0.5,1,0,0,0.0,0.0,2,1.0,0.0,12,1,6
2024-02,0.5,0.5,0.5,0.5,1,0.0,0.0,2,1.0,2,1,1,0.5,0.5,34,0.0,0.0,1,0,34,0.5,0,0.0,2,1,0.5,0.5,0.5,0.5,1,3,0.5,0.5,1.0,15,0.5,0.5,0.5,0.5,1.0,0.5,0.5,0.5,0.5,1.0,27,19,0.5,0.5,0.5,0.5,1,1.0,1.0,0.5,1.0,34,5,0.0,12,1.0,9,9,0.5,26,26,18,0,0.0,0.0,0.0,8,0.0,0,0.0,4,34,0.5,0.5,0,0.5,1,0,0,0.0,0.0,2,1.0,0.0,8,1,7
2024-03,0.5,0.5,0.5,0.5,1,0.0,0.0,2,1.0,2,1,1,1.0,0.5,33,0.0,0.0,1,0,33,0.5,0,0.0,2,1,0.5,0.5,0.5,0.5,1,2,0.5,0.5,1.0,14,0.5,0.5,0.5,0.5,1.0,0.5,0.5,0.5,0.5,1.0,28,19,0.5,0.5,0.5,0.5,1,0.0,0.0,0.5,1.0,33,5,0.0,12,1.0,9,8,0.5,25,25,18,0,0.0,0.0,0.0,8,0.0,0,0.0,4,33,0.5,0.5,0,0.5,1,0,0,0.0,0.0,2,1.0,0.0,59,1,6
2024-04,0.5,0.5,0.5,0.5,1,0.0,0.0,2,1.0,2,1,1,0.5,0.5,25,0.0,0.0,1,0,25,0.5,0,0.0,1,1,0.5,0.5,0.5,0.5,1,2,0.5,0.5,1.0,11,0.5,0.5,0.5,0.5,0.5,0.5,0.0,0.0,0.0,0.5,26,15,0.0,0.5,0.5,0.5,1,0.0,0.5,0.0,0.5,25,5,0.0,11,1.0,7,8,0.5,23,23,13,0,0.0,0.0,0.0,6,0.0,0,0.0,3,25,0.5,0.5,0,0.5,1,0,0,0.5,0.0,1,0.5,0.0,12,1,5
2024-05,0.5,0.5,0.5,0.5,1,0.0,0.0,2,1.0,2,1,1,0.5,0.5,31,0.0,0.0,1,0,31,0.5,0,0.0,1,1,0.5,0.5,0.5,0.5,1,2,0.5,0.5,1.0,13,0.5,0.5,0.5,0.5,1.0,0.5,0.0,0.0,0.0,1.0,27,18,0.0,0.5,0.5,0.5,1,0.5,0.5,1.0,1.0,31,5,0.0,10,1.0,8,9,0.5,23,23,16,0,0.0,0.0,0.0,7,0.0,0,0.0,3,31,0.5,0.5,0,0.5,1,0,0,0.0,0.0,1,1.0,0.0,35,1,6
2024-06,0.5,0.5,0.5,0.5,1,0.0,0.0,2,1.0,2,1,1,0.5,0.5,26,0.0,0.0,1,0,26,0.5,0,0.0,1,1,0.5,0.5,0.5,0.5,1,2,0.5,0.5,1.0,11,0.5,0.5,0.5,0.5,1.0,0.5,0.5,0.0,0.0,0.5,26,15,0.5,0.5,0.5,0.5,1,0.0,0.5,0.5,1.0,26,5,0.0,10,1.0,7,9,0.5,23,23,14,0,0.0,0.0,0.0,6,0.0,0,0.0,2,26,0.5,0.5,0,0.5,1,0,0,0.0,0.0,1,1.0,0.0,49,1,5
2024-07,0.5,0.5,0.5,0.5,1,0.0,0.0,2,1.0,2,1,1,0.0,0.0,30,0.0,0.0,1,0,30,0.5,0,0.0,1,1,0.5,0.5,0.5,0.5,1,2,0.0,0.5,1.0,13,0.5,0.5,0.5,0.5,1.0,0.5,0.5,0.0,0.5,1.0,28,17,0.5,0.5,0.5,0.5,1,0.5,0.5,0.0,0.0,30,5,0.0,9,1.0,8,11,0.0,22,22,16,0,0.0,0.0,0.0,7,0.0,0,0.0,3,30,0.5,0.5,0,0.5,1,0,0,0.0,0.0,1,0.5,0.0,6,1,6
2024-08,0.5,0.5,0.5,0.5,1,0.0,0.0,2,1.0,2,1,1,0.5,0.5,29,0.0,0.0,1,0,29,0.5,0,0.0,1,1,0.5,0.5,0.5,0.5,1,3,0.5,0.5,0.5,13,0.5,0.5,0.5,0.5,1.0,0.5,0.0,0.0,0.0,1.0,34,17,0.5,0.5,0.5,0.5,1,0.5,1.0,1.0,0.5,29,5,0.0,11,1.0,8,7,0.0,22,22,15,0,0.0,0.0,0.0,7,0.0,0,0.0,3,29,0.5,0.5,0,0.5,1,0,0,0.0,0.0,1,0.5,0.0,23,1,6
2024-09,0.5,0.5,0.5,0.5,1,0.5,0.0,2,1.0,2,1,1,1.0,0.5,35,0.0,0.0,2,0,35,0.5,0,0.0,2,1,0.5,0.5,0.5,0.5,1,3,0.5,0.5,1.0,15,0.5,0.5,0.5,0.5,1.0,0.5,0.0,0.0,0.0,1.0,31,20,0.5,0.5,0.5,0.5,1,0.0,1.0,0.0,1.0,35,6,0.0,13,1.0,9,11,0.5,24,24,19,0,0.0,0.0,0.0,9,0.0,0,0.0,3,35,0.5,0.5,0,0.5,1,0,0,0.0,0.5,2,1.0,0.0,44,2,7
2024-10,0.5,0.5,0.5,0.5,1,0.0,0.0,2,1.0,2,1,1,0.0,0.5,35,0.0,0.0,1,0,35,0.5,0,0.0,2,1,0.5,0.5,0.5,0.5,1,2,0.5,0.5,1.0,15,0.5,0.5,0.5,0.5,1.0,0.5,0.5,0.5,0.5,1.0,28,20,0.5,0.5,0.5,0.5,1,0.5,0.5,1.0,1.0,35,6,0.0,11,1.0,9,10,0.5,24,24,19,0,0.0,0.0,0.0,8,0.0,0,0.0,3,35,0.5,0.5,0,0.5,1,0,0,0.5,0.0,2,1.0,0.0,31,1,7
2024-11,0.5,0.5,0.5,0.5,1,0.0,0.0,3,1.0,2,1,1,1.0,0.5,35,0.0,0.0,1,0,35,0.5,0,0.0,2,1,0.5,0.5,0.5,0.5,1,2,0.5,0.5,1.0,15,0.5,0.5,0.5,0.5,1.0,0.5,0.0,0.5,0.0,1.0,26,20,0.0,0.5,0.5,0.5,1,1.0,1.0,0.5,1.0,35,5,0.0,11,1.0,9,15,0.5,25,25,18,0,0.0,0.0,0.0,8,0.0,0,0.0,4,35,0.5,0.5,0,0.5,1,0,0,0.0,0.0,2,1.0,0.0,25,1,7
2024-12,0.5,0.5,0.5,0.5,1,0.0,0.0,3,1.0,2,1,1,1.0,1.0,30,0.0,0.0,1,0,30,0.5,0,0.0,1,1,0.5,0.5,0.5,0.5,1,2,0.0,0.5,1.0,13,0.5,0.5,0.5,0.5,1.0,0.5,0.5,0.5,0.5,1.0,28,17,0.5,0.5,0.5,0.5,1,1.0,1.0,1.0,1.0,30,5,0.0,10,1.0,8,12,0.5,24,24,16,0,0.0,0.0,0.0,7,0.0,0,0.0,3,30,0.5,0.5,0,0.5,1,0,0,0.0,0.0,1,1.0,0.0,22,1,6
2025-01,0.5,0.5,0.5,0.5,1,0.0,0.0,3,1.0,2,1,1,1.0,1.0,29,0.0,0.0,1,0,29,0.5,0,0.0,1,1,0.5,0.5,0.5,0.5,1,2,0.5,0.5,1.0,13,0.5,0.5,0.5,0.5,1.0,0.5,0.5,0.5,0.0,1.0,25,17,0.0,0.5,0.5,0.5,1,0.0,0.5,0.5,1.0,29,4,0.0,9,1.0,8,10,0.5,23,23,16,0,0.0,0.0,0.0,7,0.0,0,0.0,4,29,0.5,0.5,0,0.5,1,0,0,0.0,0.0,1,1.0,0.0,3,1,6
2025-02,0.5,0.5,0.5,0.5,1,0.0,0.0,3,1.0,2,1,1,0.5,0.5,30,0.0,0.0,1,0,30,0.5,0,0.0,1,1,0.5,0.5,0.5,0.5,1,2,0.0,0.5,1.0,13,0.5,0.5,0.5,0.5,1.0,0.5,0.5,0.0,0.0,1.0,21,17,0.5,0.5,0.5,0.5,1,1.0,0.0,0.5,0.5,30,4,0.0,9,1.0,8,9,0.5,22,22,16,0,0.0,0.0,0.0,7,0.0,0,0.0,3,30,0.5,0.5,0,0.5,1,0,0,0.0,0.0,1,1.0,0.0,21,1,6
2025-03,0.5,0.5,0.5,0.5,1,0.0,0.0,2,1.0,2,1,1,0.0,0.0,32,0.0,0.0,1,0,32,0.5,0,0.0,1,1,0.5,0.5,0.5,0.5,1,2,0.5,0.5,1.0,14,0.5,0.5,0.5,0.5,1.0,0.5,0.5,0.5,0.5,1.0,22,18,0.5,0.5,0.5,0.5,1,0.0,0.0,0.0,0.5,32,4,0.0,9,0.5,8,7,0.5,24,24,17,0,0.0,0.0,0.0,8,0.0,0,0.0,3,32,0.5,0.5,0,0.5,1,0,0,0.0,0.0,2,1.0,0.0,11,1,6
2025-04,0.5,0.5,0.5,0.5,1,0.0,0.0,2,1.0,2,2,1,0.0,0.5,32,0.0,0.0,1,0,32,0.5,0,0.0,1,1,0.5,0.5,0.5,0.5,1,2,0.5,1.0,1.0,14,0.5,0.5,0.5,0.5,1.0,0.5,0.5,0.5,0.5,1.0,21,18,0.5,0.5,0.5,0.5,1,0.5,0.5,1.0,1.0,32,5,0.0,9,1.0,8,8,0.5,24,24,17,0,0.0,0.0,0.0,8,0.0,0,0.0,4,32,0.5,0.5,0,0.5,1,0,0,0.0,0.0,1,1.0,0.0,13,1,6
2025-05,0.5,0.5,0.5,0.5,1,0.0,0.0,2,1.0,2,1,1,1.0,0.5,36,0.0,0.0,1,0,36,0.5,0,0.0,1,1,0.5,0.5,0.5,0.5,1,2,0.5,0.5,1.0,15,0.5,0.5,0.5,0.5,1.0,0.5,0.0,0.0,0.0,1.0,21,21,0.5,0.5,0.5,0.5,1,0.0,0.0,0.0,1.0,36,5,0.0,8,1.0,9,7,0.5,24,24,19,0,0.0,0.0,0.0,9,0.0,0,0.0,3,36,0.5,0.5,0,0.5,1,0,0,0.0,0.0,2,0.5,0.0,21,1,7
2025-06,0.5,0.5,0.5,0.5,1,0.0,0.0,2,1.0,2,1,1,0.0,1.0,33,0.0,0.0,1,0,33,0.5,0,0.0,1,1,0.5,0.5,0.5,0.5,1,2,0.5,0.5,1.0,14,0.5,0.5,0.5,0.5,1.0,0.5,0.0,0.5,0.0,1.0,23,19,0.5,0.5,0.5,0.5,1,1.0,1.0,1.0,0.5,33,4,0.0,9,1.0,9,8,0.5,27,26,17,0,0.0,0.0,0.0,8,0.0,0,0.0,3,33,0.5,0.5,0,0.5,1,0,0,0.0,0.0,2,0.5,0.0,31,1,6
2025-07,0.5,0.5,0.5,0.5,1,0.0,0.0,2,1.0,2,1,1,0.5,1.0,29,0.0,0.0,1,0,29,0.5,0,0.0,1,1,0.5,0.5,0.5,0.5,1,2,0.5,1.0,1.0,13,0.5,0.5,0.5,0.5,1.0,0.5,0.0,0.5,0.5,1.0,21,17,0.0,0.5,0.5,0.5,1,0.5,1.0,0.5,1.0,29,5,0.0,9,1.0,8,9,0.5,25,25,16,0,0.0,0.0,0.0,7,0.0,0,0.0,4,29,0.5,0.5,0,0.5,1,0,0,0.0,0.0,1,1.0,0.0,36,1,6
2025-08,0.5,0.5,0.5,0.5,1,0.0,0.0,2,1.0,2,1,1,0.5,0.5,34,0.0,0.0,1,0,34,0.5,0,0.0,1,1,0.5,0.5,0.5,0.5,1,2,0.5,1.0,1.0,15,0.5,0.5,0.5,0.5,1.0,0.5,0.5,0.5,0.5,1.0,20,19,0.5,0.5,0.5,0.5,1,0.5,0.5,0.5,1.0,34,4,0.0,9,1.0,9,12,0.5,25,25,18,0,0.0,0.0,0.0,8,0.0,0,0.5,3,34,0.5,0.5,0,0.5,1,0,0,0.5,0.0,2,1.0,0.0,8,1,7
2025-09,0.5,0.5,0.5,0.5,1,0.5,0.5,2,1.0,2,1,1,0.5,0.5,33,0.5,0.5,1,0,33,0.5,0,0.0,1,1,0.5,0.5,0.5,0.5,1,2,0.5,0.5,1.0,14,0.5,0.5,0.5,0.5,1.0,0.5,0.5,0.5,0.5,1.0,18,19,0.5,0.5,0.5,0.5,1,0.5,0.5,0.5,1.0,33,4,0.0,9,1.0,9,11,0.5,22,22,17,0,0.0,0.0,0.5,8,0.5,0,0.5,3,33,0.5,0.5,0,0.5,1,0,0,0.5,0.5,2,0.5,0.5,22,1,6
