Month,humanitarian organisations,humanitarian organisations(2),humanitarian organisations(3),humanitarian agencies,Email,operation,nutrition,malnourishment,malnutrition,Email_file1,reconstruction,supplies,medical,grant,Email_file2,workshop,rationing,PDS,PDS(2),Email_file3,charity,charity(2),organisation,shelter,Email_file4,refuge,refuge(2),temporary,temporary(2),Email_file5,death,immunisation,protection,faeces,Email_file6,cash assistance,medicine,medicine(2),medicine(3),Email_file7,suffering,pregnant,basket,container,Email_file8,container_file9,container(2),carton,clothes,Email_file9,emergency,food parcels,money,voucher,Email_file10,humanitarian agencies_file11,humanitarian agencies(2),refugee camp,tent,Email_file11,voucher_file12,dehydration,undernutrition,cash grant,Email_file12,cash grant_file13,cash grant(2),army,Email_file13,host community,refugee camps,tents,host communities,Email_file14,coping strategies,coping strategies(2),aid,aid(2),Email_file15,aid_file16,relief,outbreak,outbreak(2),Email_file16,infectious diseases,epidemic,disease,contagious,Email_file17,donor,donor(2),donor(3),vaccination,Email_file18,vaccination_file19,campaign,campaign(2),campaign(3),Email_file19,polio,cholera,operation_file20,operation(2),Email_file20,relief efforts,disaster,emergency situation,complex humanitarian emergency situation,Email_file21
2004-01,0,0.0,0,0,0,0,0,0,0.0,0,0.0,0.0,0,0.0,0,0.0,0,0.0,0.0,0,0.0,0.0,0.0,0.0,0,0.0,0.0,0.0,0.0,0,0,0,0.0,0,0,0,0,0,0,0,0.0,0,0,0,0,0,0,0,0,0,0.0,0,0.0,0.0,0.0,0,0,0.0,0.0,0,0.0,0.0,0,0,0.0,0,0,0,0,0,0.0,0.0,0.0,0,0.0,0,0.0,0.0,0,0.0,0.0,0.0,0.0,0,0.0,0.0,0.0,0.0,0,0.0,0.0,0.0,0.0,0,0.0,0.0,0.0,0.0,0,0.0,0.0,0,0,0,0,0,0,0,0
2004-02,0,0.0,0,0,0,0,0,0,0.0,0,0.0,0.0,0,0.0,0,0.0,0,0.0,0.0,0,0.0,0.0,0.0,0.0,0,0.0,0.0,0.0,0.0,0,0,0,0.0,0,0,0,0,0,0,0,0.0,0,0,0,0,0,0,0,0,0,0.0,0,0.0,0.0,0.0,0,0,0.0,0.0,0,0.0,0.0,0,0,0.0,0,0,0,0,0,0.0,0.0,0.0,0,0.0,0,0.0,0.0,0,0.0,0.0,0.0,0.0,0,0.0,0.0,0.0,0.0,0,0.0,0.0,0.0,0.0,0,0.0,0.0,0.0,0.0,0,0.0,0.0,0,0,0,0,0,0,0,0
2004-03,0,0.0,0,0,0,0,0,0,0.0,0,0.0,0.0,0,0.0,0,0.0,0,0.0,0.0,0,0.0,0.0,0.0,0.0,0,0.0,0.0,0.0,0.0,0,0,0,0.0,0,0,0,0,0,0,0,0.0,0,0,0,0,0,0,0,0,0,0.0,0,0.0,0.0,0.0,0,0,0.0,0.0,0,0.0,0.0,0,0,0.0,0,0,0,0,0,0.0,0.0,0.0,0,0.0,0,0.0,0.0,0,0.0,0.0,0.0,0.0,0,0.0,0.0,0.0,0.0,0,0.0,0.0,0.0,0.0,0,0.0,0.0,0.0,0.0,0,0.0,0.0,0,0,0,0,0,0,0,0
2004-04,0,0.0,0,0,0,0,0,0,0.0,0,0.0,0.0,0,0.0,0,0.0,0,0.0,0.0,0,0.0,0.0,0.0,0.0,0,0.0,0.0,0.0,0.0,0,0,0,0.0,0,0,0,0,0,0,0,0.0,0,0,0,0,0,0,0,0,0,0.0,0,0.0,0.0,0.0,0,0,0.0,0.0,0,0.0,0.0,0,0,0.0,0,0,0,0,0,0.0,0.0,0.0,0,0.0,0,0.0,0.0,0,0.0,0.0,0.0,0.0,0,0.0,0.0,0.0,0.0,0,0.0,0.0,0.0,0.0,0,0.0,0.0,0.0,0.0,0,0.0,0.0,0,0,0,0,0,0,0,0
2004-05,0,0.0,0,0,0,0,0,0,0.0,0,0.0,0.0,0,0.0,0,0.0,0,0.0,0.0,0,0.0,0.0,0.0,0.0,0,0.0,0.0,0.0,0.0,0,0,0,0.0,0,0,0,0,0,0,0,0.0,0,0,0,0,0,0,0,0,0,0.0,0,0.0,0.0,0.0,0,0,0.0,0.0,0,0.0,0.0,0,0,0.0,0,0,0,0,0,0.0,0.0,0.0,0,0.0,0,0.0,0.0,0,0.0,0.0,0.0,0.0,0,0.0,0.0,0.0,0.0,0,0.0,0.0,0.0,0.0,0,0.0,0.0,0.0,0.0,0,0.0,0.0,0,0,0,0,0,0,0,0
2004-06,0,0.0,0,0,0,0,0,0,0.0,0,0.0,0.0,0,0.0,0,0.0,0,0.0,0.0,0,0.0,0.0,0.0,0.0,0,0.0,0.0,0.0,0.0,0,0,0,0.0,0,0,0,0,0,0,0,0.0,0,0,0,0,0,0,0,0,0,0.0,0,0.0,0.0,0.0,0,0,0.0,0.0,0,0.0,0.0,0,0,0.0,0,0,0,0,0,0.0,0.0,0.0,0,0.0,0,0.0,0.0,0,0.0,0.0,0.0,0.0,0,0.0,0.0,0.0,0.0,0,0.0,0.0,0.0,0.0,0,0.0,0.0,0.0,0.0,0,0.0,0.0,0,0,0,0,0,0,0,0
2004-07,0,0.0,0,0,0,0,0,0,0.0,0,0.0,0.0,0,0.0,0,0.0,0,0.0,0.0,0,0.0,0.0,0.0,0.0,0,0.0,0.0,0.0,0.0,0,0,0,0.0,0,0,0,0,0,0,0,0.0,0,0,0,0,0,0,0,0,0,0.0,0,0.0,0.0,0.0,0,0,0.0,0.0,0,0.0,0.0,0,0,0.0,0,0,0,0,0,0.0,0.0,0.0,0,0.0,0,0.0,0.0,0,0.0,0.0,0.0,0.0,0,0.0,0.0,0.0,0.0,0,0.0,0.0,0.0,0.0,0,0.0,0.0,0.0,0.0,0,0.0,0.0,0,0,0,0,0,0,0,0
2004-08,0,0.0,0,0,0,0,0,0,0.0,0,0.0,0.0,0,0.0,0,0.0,0,0.0,0.0,0,0.0,0.0,0.0,0.0,0,0.0,0.0,0.0,0.0,0,0,0,0.0,0,0,0,0,0,0,0,0.0,0,0,0,0,0,0,0,0,0,0.0,0,0.0,0.0,0.0,0,0,0.0,0.0,0,0.0,0.0,0,0,0.0,0,0,0,0,0,0.0,0.0,0.0,0,0.0,0,0.0,0.0,0,0.0,0.0,0.0,0.0,0,0.0,0.0,0.0,0.0,0,0.0,0.0,0.0,0.0,0,0.0,0.0,0.0,0.0,0,0.0,0.0,0,0,0,0,0,0,0,0
2004-09,0,0.0,0,0,0,0,0,0,0.0,0,0.0,0.0,0,0.0,0,0.0,0,0.0,0.0,0,0.0,0.0,0.0,0.0,0,0.0,0.0,0.0,0.0,0,0,0,0.0,0,0,0,0,0,0,0,0.0,0,0,0,0,0,0,0,0,0,0.0,0,0.0,0.0,0.0,0,0,0.0,0.0,0,0.0,0.0,0,0,0.0,0,0,0,0,0,0.0,0.0,0.0,0,0.0,0,0.0,0.0,0,0.0,0.0,0.0,0.0,0,0.0,0.0,0.0,0.0,0,0.0,0.0,0.0,0.0,0,0.0,0.0,0.0,0.0,0,0.0,0.0,0,0,0,0,0,0,0,0
2004-10,0,0.0,0,0,0,0,0,0,0.0,0,0.0,0.0,0,0.0,0,0.0,0,0.0,0.0,0,0.0,0.0,0.0,0.0,0,0.0,0.0,0.0,0.0,0,0,0,0.0,0,0,0,0,0,0,0,0.0,0,0,0,0,0,0,0,0,0,0.0,0,0.0,0.0,0.0,0,0,0.0,0.0,0,0.0,0.0,0,0,0.0,0,0,0,0,0,0.0,0.0,0.0,0,0.0,0,0.0,0.0,0,0.0,0.0,0.0,100.0,0,0.0,0.0,0.0,0.0,0,0.0,0.0,0.0,0.0,0,0.0,0.0,0.0,0.0,0,0.0,0.0,0,0,0,0,0,0,0,0
2004-11,0,0.0,0,0,0,0,0,0,0.0,0,0.0,0.0,0,0.0,0,0.0,0,0.0,0.0,0,0.0,0.0,0.0,0.0,0,0.0,0.0,0.0,0.0,0,0,0,0.0,0,0,0,0,0,0,0,0.0,0,0,0,0,0,0,0,0,0,0.0,0,0.0,0.0,0.0,0,0,0.0,0.0,0,0.0,0.0,0,0,0.0,0,0,0,0,0,0.0,0.0,0.0,0,0.0,0,0.0,0.0,0,0.0,0.0,0.0,0.0,0,0.0,0.0,0.0,0.0,0,0.0,0.0,0.0,0.0,0,0.0,0.0,0.0,0.0,0,0.0,0.0,0,0,0,0,0,0,0,0
2004-12,0,0.0,0,0,0,0,0,0,0.0,0,0.0,0.0,0,0.0,0,0.0,0,0.0,0.0,0,0.0,0.0,0.0,0.0,0,0.0,0.0,0.0,0.0,0,0,0,0.0,0,0,0,0,0,0,0,0.0,0,0,0,0,0,0,0,0,0,0.0,0,0.0,0.0,0.0,0,0,0.0,0.0,0,0.0,0.0,0,0,0.0,0,0,0,0,0,0.0,0.0,0.0,0,0.0,0,0.0,0.0,0,0.0,0.0,0.0,0.0,0,0.0,0.0,0.0,0.0,0,0.0,0.0,0.0,0.0,0,0.0,0.0,0.0,0.0,0,0.0,0.0,0,0,0,0,0,0,0,0
2005-01,0,0.0,0,0,0,0,0,0,0.0,0,0.0,0.0,0,0.0,0,0.0,0,0.0,0.0,0,0.0,0.0,0.0,0.0,0,0.0,0.0,0.0,0.0,0,0,0,0.0,0,0,0,0,0,0,0,0.0,0,0,0,0,0,0,0,0,0,0.0,0,0.0,0.0,0.0,0,0,0.0,0.0,0,0.0,0.0,0,0,0.0,0,0,0,0,0,0.0,0.0,0.0,0,0.0,0,0.0,0.0,0,0.0,0.0,0.0,0.0,0,0.0,0.0,0.0,0.0,0,0.0,0.0,0.0,0.0,0,0.0,0.0,0.0,0.0,0,0.0,0.0,0,0,0,0,0,0,0,0
2005-02,0,0.0,0,0,0,0,0,0,0.0,0,0.0,0.0,0,0.0,0,0.0,0,0.0,0.0,0,0.0,0.0,0.0,0.0,0,0.0,0.0,0.0,0.0,0,0,0,0.0,0,0,0,0,0,0,0,0.0,0,0,0,0,0,0,0,0,0,0.0,0,0.0,0.0,0.0,0,0,0.0,0.0,0,0.0,0.0,0,0,0.0,0,0,0,0,0,0.0,0.0,0.0,0,0.0,0,0.0,0.0,0,0.0,0.0,0.0,0.0,0,0.0,0.0,0.0,0.0,0,0.0,0.0,0.0,0.0,0,0.0,0.0,0.0,0.0,0,0.0,0.0,0,0,0,0,0,0,0,0
2005-03,0,0.0,0,0,0,0,0,0,0.0,0,0.0,0.0,0,0.0,0,0.0,0,0.0,0.0,0,0.0,0.0,0.0,0.0,0,0.0,0.0,0.0,0.0,0,0,0,0.0,0,0,0,0,0,0,0,0.0,0,0,0,0,0,0,0,0,0,0.0,0,0.0,0.0,0.0,0,0,0.0,0.0,0,0.0,0.0,0,0,0.0,0,0,0,0,0,0.0,0.0,0.0,0,0.0,0,0.0,0.0,0,0.0,0.0,0.0,0.0,0,0.0,0.0,0.0,0.0,0,0.0,0.0,0.0,0.0,0,0.0,0.0,0.0,0.0,0,0.0,0.0,0,0,0,0,0,0,0,0
2005-04,0,0.0,0,0,0,0,0,0,0.0,0,0.0,0.0,0,0.0,0,0.0,0,0.0,0.0,0,0.0,0.0,0.0,0.0,0,0.0,0.0,0.0,0.0,0,0,0,0.0,0,0,0,0,0,0,0,0.0,0,0,0,0,0,0,0,0,0,0.0,0,0.0,0.0,0.0,0,0,0.0,0.0,0,0.0,0.0,0,0,0.0,0,0,0,0,0,0.0,0.0,0.0,0,0.0,0,0.0,0.0,0,0.0,0.0,0.0,0.0,0,0.0,0.0,0.0,0.0,0,0.0,0.0,0.0,0.0,0,0.0,0.0,0.0,0.0,0,0.0,0.0,0,0,0,0,0,0,0,0
2005-05,0,0.0,0,0,0,0,0,0,0.0,0,0.0,0.0,0,0.0,0,0.0,0,0.0,0.0,0,0.0,0.0,0.0,0.0,0,0.0,0.0,0.0,0.0,0,0,0,0.0,0,0,0,0,0,0,0,0.0,0,0,0,0,0,0,0,0,0,0.0,0,0.0,0.0,0.0,0,0,0.0,0.0,0,0.0,0.0,0,0,0.0,0,0,0,0,0,0.0,0.0,0.0,0,0.0,0,0.0,0.0,0,0.0,0.0,0.0,0.0,0,0.0,0.0,0.0,0.0,0,0.0,0.0,0.0,0.0,0,0.0,0.0,0.0,0.0,0,0.0,0.0,0,0,0,0,0,0,0,0
2005-06,0,0.0,0,0,0,0,0,0,0.0,0,0.0,0.0,0,0.0,0,0.0,0,0.0,0.0,0,0.0,0.0,0.0,0.0,0,0.0,0.0,0.0,0.0,0,0,0,0.0,0,0,0,0,0,0,0,0.0,0,0,0,0,0,0,0,0,0,0.0,0,0.0,0.0,0.0,0,0,0.0,0.0,0,0.0,0.0,0,0,0.0,0,0,0,0,0,0.0,0.0,0.0,0,0.0,0,0.0,0.0,0,0.0,0.0,0.0,0.0,0,0.0,0.0,0.0,0.0,0,0.0,0.0,0.0,0.0,0,0.0,0.0,0.0,0.0,0,0.0,0.0,0,0,0,0,0,0,0,0
2005-07,0,0.0,0,0,0,0,0,0,0.0,0,0.0,0.0,0,0.0,0,0.0,0,0.0,0.0,0,0.0,0.0,0.0,0.0,0,0.0,0.0,0.0,0.0,0,0,0,0.0,0,0,0,0,0,0,0,0.0,0,0,0,0,0,0,0,0,0,0.0,0,0.0,94.0,0.0,0,0,0.0,0.0,0,85.0,0.0,100,0,0.0,0,0,0,0,0,0.0,0.0,0.0,0,0.0,0,0.0,0.0,0,0.0,0.0,0.0,0.0,0,0.0,0.0,0.0,0.0,0,0.0,0.0,0.0,0.0,0,0.0,0.0,0.0,0.0,0,0.0,0.0,0,0,0,0,0,0,0,0
2005-08,0,0.0,0,0,0,0,0,0,0.0,0,0.0,0.0,0,0.0,0,0.0,0,0.0,0.0,0,0.0,0.0,0.0,0.0,0,0.0,0.0,0.0,0.0,0,0,0,0.0,0,0,0,0,0,0,0,0.0,0,0,0,0,0,0,0,0,0,0.0,0,0.0,0.0,0.0,0,0,0.0,0.0,0,0.0,0.0,0,0,0.0,0,0,0,0,0,0.0,0.0,0.0,0,0.0,0,0.0,0.0,0,0.0,0.0,0.0,0.0,0,0.0,0.0,0.0,0.0,0,0.0,0.0,0.0,0.0,0,0.0,0.0,0.0,0.0,0,0.0,0.0,0,0,0,0,0,0,0,0
2005-09,0,0.0,0,0,0,0,0,0,0.0,0,0.0,0.0,0,0.0,0,0.0,0,0.0,0.0,0,0.0,0.0,0.0,0.0,0,0.0,0.0,0.0,0.0,0,0,0,0.0,0,0,0,0,0,0,0,0.0,0,0,0,0,0,0,0,0,0,0.0,0,0.0,0.0,0.0,0,0,0.0,0.0,0,0.0,0.0,0,0,0.0,0,0,0,0,0,0.0,0.0,0.0,0,0.0,0,0.0,0.0,0,0.0,0.0,0.0,0.0,0,0.0,0.0,0.0,0.0,0,0.0,0.0,0.0,0.0,0,0.0,0.0,0.0,0.0,0,0.0,0.0,0,0,0,0,0,0,0,0
2005-10,0,0.0,0,0,0,0,0,0,0.0,0,0.0,0.0,0,0.0,0,0.0,0,0.0,0.0,0,0.0,0.0,0.0,0.0,0,0.0,0.0,0.0,0.0,0,0,0,0.0,0,0,0,0,0,0,0,0.0,0,0,0,0,0,0,0,0,0,0.0,0,0.0,0.0,0.0,0,0,0.0,0.0,0,0.0,0.0,0,0,0.0,0,0,0,0,0,0.0,0.0,0.0,0,0.0,0,0.0,0.0,0,0.0,0.0,0.0,0.0,0,0.0,0.0,0.0,0.0,0,0.0,0.0,0.0,0.0,0,0.0,0.0,0.0,0.0,0,0.0,0.0,0,0,0,0,0,0,0,0
2005-11,0,0.0,0,0,0,0,0,0,0.0,0,0.0,0.0,0,0.0,0,0.0,0,0.0,0.0,0,0.0,0.0,0.0,0.0,0,0.0,0.0,0.0,0.0,0,0,0,0.0,0,0,0,0,0,0,0,0.0,0,0,0,0,0,0,0,0,0,0.0,0,0.0,0.0,0.0,0,0,0.0,0.0,0,0.0,0.0,0,0,0.0,0,0,0,0,0,0.0,0.0,0.0,0,0.0,0,0.0,0.0,0,0.0,0.0,0.0,0.0,0,0.0,0.0,0.0,0.0,0,0.0,0.0,0.0,0.0,0,0.0,0.0,0.0,0.0,0,0.0,0.0,0,0,0,0,0,0,0,0
2005-12,0,0.0,0,0,0,0,0,0,0.0,0,0.0,0.0,0,0.0,0,0.0,0,0.0,0.0,0,0.0,0.0,0.0,0.0,0,0.0,0.0,0.0,0.0,0,0,0,0.0,0,0,0,0,0,0,0,0.0,0,0,0,0,0,0,0,0,0,0.0,0,0.0,100.0,0.0,0,0,0.0,0.0,0,90.0,0.0,0,0,0.0,0,0,0,0,0,0.0,0.0,0.0,0,0.0,0,0.0,0.0,0,0.0,0.0,0.0,0.0,0,0.0,0.0,0.0,0.0,0,0.0,0.0,0.0,0.0,0,0.0,0.0,0.0,0.0,0,0.0,0.0,0,0,0,0,0,0,0,0
2006-01,0,0.0,0,0,0,0,0,0,0.0,0,0.0,0.0,0,0.0,0,0.0,0,0.0,0.0,0,0.0,0.0,0.0,0.0,0,0.0,0.0,0.0,0.0,0,0,0,0.0,0,0,0,0,0,0,0,0.0,0,0,0,0,0,0,0,0,0,0.0,0,0.0,0.0,0.0,0,0,0.0,0.0,0,0.0,0.0,0,0,0.0,0,0,0,0,0,0.0,0.0,0.0,0,0.0,0,0.0,0.0,0,0.0,0.0,0.0,0.0,0,0.0,0.0,0.0,0.0,0,0.0,0.0,0.0,0.0,0,0.0,0.0,0.0,0.0,0,0.0,0.0,0,0,0,0,0,0,0,0
2006-02,0,0.0,0,0,0,0,0,0,0.0,0,0.0,0.0,0,0.0,0,0.0,0,0.0,0.0,0,0.0,0.0,0.0,0.0,0,0.0,0.0,0.0,0.0,0,0,0,0.0,0,0,0,0,0,0,0,0.0,0,0,0,0,0,0,0,0,0,0.0,0,0.0,0.0,0.0,0,0,0.0,0.0,0,0.0,0.0,0,0,0.0,0,0,0,0,0,0.0,0.0,0.0,0,0.0,0,0.0,0.0,0,0.0,0.0,0.0,0.0,0,0.0,0.0,0.0,0.0,0,0.0,0.0,0.0,0.0,0,0.0,0.0,0.0,0.0,0,0.0,0.0,0,0,0,0,0,0,0,0
2006-03,0,0.0,0,0,0,0,0,0,0.0,0,0.0,0.0,0,0.0,0,0.0,0,0.0,0.0,0,0.0,0.0,0.0,0.0,0,0.0,0.0,0.0,0.0,0,0,0,0.0,0,0,0,0,0,0,0,0.0,0,0,0,0,0,0,0,0,0,0.0,0,0.0,0.0,0.0,0,0,0.0,0.0,0,0.0,0.0,0,0,0.0,0,0,0,0,0,0.0,0.0,0.0,0,0.0,0,0.0,0.0,0,0.0,0.0,0.0,0.0,0,0.0,0.0,0.0,0.0,0,0.0,0.0,0.0,0.0,0,0.0,0.0,0.0,0.0,0,0.0,0.0,0,0,0,0,0,0,0,0
2006-04,0,0.0,0,0,0,0,0,0,0.0,0,0.0,0.0,0,0.0,0,0.0,0,0.0,0.0,0,0.0,0.0,0.0,0.0,0,0.0,0.0,0.0,0.0,0,0,0,100.0,0,0,0,0,0,0,0,0.0,0,0,0,0,0,0,0,0,0,0.0,0,0.0,0.0,0.0,0,0,0.0,0.0,0,0.0,0.0,0,0,0.0,0,0,0,0,0,0.0,0.0,0.0,0,0.0,0,0.0,0.0,0,0.0,0.0,0.0,0.0,0,0.0,0.0,100.0,0.0,0,0.0,0.0,0.0,0.0,0,0.0,0.0,0.0,0.0,0,0.0,0.0,0,0,0,0,0,0,0,0
2006-05,0,0.0,0,0,0,0,0,0,0.0,0,0.0,0.0,0,0.0,0,0.0,0,0.0,0.0,0,0.0,0.0,0.0,0.0,0,0.0,0.0,0.0,0.0,0,0,0,0.0,0,0,0,0,0,0,0,0.0,0,0,0,0,0,0,0,0,0,0.0,0,0.0,0.0,0.0,0,0,0.0,0.0,0,0.0,0.0,0,0,0.0,0,0,0,0,0,0.0,0.0,0.0,0,0.0,0,0.0,0.0,0,0.0,0.0,0.0,0.0,0,0.0,0.0,0.0,0.0,0,0.0,0.0,0.0,0.0,0,0.0,0.0,0.0,0.0,0,0.0,0.0,0,0,0,0,0,0,0,0
2006-06,0,0.0,0,0,0,0,0,0,0.0,0,0.0,0.0,0,0.0,0,0.0,0,0.0,0.0,0,0.0,0.0,0.0,100.0,0,0.0,0.0,0.0,0.0,0,0,0,0.0,0,0,0,0,0,0,0,0.0,0,0,0,0,0,0,0,0,0,0.0,0,0.0,0.0,0.0,0,0,0.0,0.0,0,0.0,0.0,0,0,0.0,0,0,0,0,0,0.0,0.0,0.0,0,0.0,0,0.0,0.0,0,0.0,0.0,0.0,0.0,0,0.0,0.0,0.0,0.0,0,0.0,0.0,0.0,0.0,0,0.0,0.0,0.0,0.0,0,0.0,0.0,0,0,0,0,0,0,0,0
2006-07,0,0.0,0,0,0,0,0,0,0.0,0,0.0,0.0,0,0.0,0,0.0,0,0.0,0.0,0,0.0,0.0,0.0,0.0,0,0.0,0.0,0.0,0.0,0,0,0,0.0,0,0,0,0,0,0,0,0.0,0,0,0,0,0,0,0,0,0,0.0,0,0.0,0.0,0.0,0,0,0.0,0.0,0,0.0,0.0,0,0,0.0,0,0,0,0,0,0.0,0.0,0.0,0,0.0,0,0.0,0.0,0,0.0,0.0,0.0,0.0,0,0.0,0.0,0.0,0.0,0,0.0,0.0,0.0,0.0,0,0.0,0.0,0.0,0.0,0,0.0,0.0,0,0,0,0,0,0,0,0
2006-08,0,0.0,0,0,0,0,0,0,0.0,0,0.0,0.0,0,0.0,0,0.0,0,0.0,0.0,0,0.0,0.0,0.0,0.0,0,0.0,0.0,0.0,0.0,0,0,0,0.0,0,0,0,0,0,0,0,0.0,0,0,0,0,0,0,0,0,0,0.0,0,0.0,0.0,0.0,0,0,0.0,0.0,0,0.0,0.0,0,0,0.0,0,0,0,0,0,0.0,0.0,0.0,0,0.0,0,0.0,0.0,0,0.0,0.0,0.0,0.0,0,0.0,0.0,0.0,0.0,0,0.0,0.0,0.0,0.0,0,0.0,0.0,0.0,0.0,0,0.0,0.0,0,0,0,0,0,0,0,0
2006-09,0,0.0,0,0,0,0,0,0,0.0,0,0.0,0.0,0,0.0,0,0.0,0,0.0,0.0,0,0.0,0.0,0.0,0.0,0,0.0,0.0,0.0,0.0,0,0,0,0.0,0,0,0,0,0,0,0,0.0,0,0,0,0,0,0,0,0,0,0.0,0,0.0,0.0,0.0,0,0,0.0,0.0,0,0.0,0.0,0,0,0.0,0,0,0,0,0,0.0,0.0,0.0,0,0.0,0,0.0,0.0,0,0.0,0.0,0.0,0.0,0,0.0,0.0,0.0,0.0,0,0.0,0.0,0.0,0.0,0,0.0,0.0,0.0,0.0,0,0.0,0.0,0,0,0,0,0,0,0,0
2006-10,0,0.0,0,0,0,0,0,0,0.0,0,0.0,0.0,0,0.0,0,0.0,0,0.0,0.0,0,0.0,0.0,0.0,0.0,0,0.0,0.0,0.0,0.0,0,0,0,0.0,0,0,0,0,0,0,0,0.0,0,0,0,0,0,0,0,0,0,0.0,0,0.0,0.0,0.0,0,0,0.0,0.0,0,0.0,0.0,0,0,0.0,0,0,0,0,0,0.0,0.0,0.0,0,0.0,0,0.0,0.0,0,0.0,0.0,0.0,0.0,0,0.0,0.0,0.0,0.0,0,0.0,0.0,0.0,0.0,0,0.0,0.0,0.0,0.0,0,0.0,0.0,0,0,0,0,0,0,0,0
2006-11,0,0.0,0,0,0,0,0,0,0.0,0,0.0,0.0,0,0.0,0,0.0,0,0.0,0.0,0,0.0,0.0,0.0,0.0,0,0.0,0.0,0.0,0.0,0,0,0,0.0,0,0,0,0,0,0,0,0.0,0,0,0,0,0,0,0,0,0,0.0,0,0.0,0.0,0.0,0,0,0.0,0.0,0,0.0,0.0,0,0,0.0,0,0,0,0,0,0.0,0.0,0.0,0,0.0,100,0.0,0.0,0,0.0,0.0,0.0,0.0,0,0.0,0.0,0.0,0.0,0,0.0,0.0,0.0,0.0,0,0.0,0.0,0.0,0.0,0,0.0,0.0,0,0,0,0,0,0,0,0
2006-12,0,0.0,0,0,0,0,0,0,0.0,0,0.0,0.0,0,0.0,0,0.0,0,0.0,0.0,0,0.0,0.0,0.0,0.0,0,0.0,0.0,0.0,0.0,0,0,0,0.0,0,0,0,0,0,0,0,0.0,0,0,0,0,0,0,0,0,0,0.0,0,0.0,0.0,0.0,0,0,0.0,0.0,0,0.0,0.0,0,0,0.0,0,0,0,0,0,0.0,0.0,0.0,0,0.0,0,0.0,0.0,0,0.0,0.0,0.0,0.0,0,0.0,0.0,0.0,0.0,0,0.0,0.0,0.0,0.0,0,0.0,0.0,0.0,0.0,0,0.0,0.0,0,0,0,0,0,0,0,0
2007-01,0,0.0,0,0,0,0,0,0,0.0,0,0.0,100.0,0,0.0,0,0.0,0,0.0,0.0,0,0.0,0.0,0.0,0.0,0,0.0,0.0,0.0,0.0,0,0,0,0.0,0,0,0,0,0,0,0,0.0,0,0,0,0,0,0,0,0,0,0.0,0,0.0,0.0,0.0,0,0,0.0,0.0,0,0.0,0.0,0,0,0.0,0,0,0,0,0,0.0,0.0,0.0,0,0.0,0,0.0,0.0,0,0.0,0.0,0.0,0.0,0,0.0,0.0,0.0,0.0,0,0.0,0.0,0.0,0.0,0,0.0,0.0,0.0,0.0,0,0.0,0.0,0,0,0,0,0,0,0,0
2007-02,0,0.0,0,0,0,0,0,0,0.0,0,0.0,0.0,0,0.0,0,0.0,0,0.0,0.0,0,0.0,0.0,0.0,0.0,0,0.0,0.0,0.0,0.0,0,0,0,0.0,0,0,0,0,0,0,0,0.0,0,0,0,0,0,0,0,0,0,0.0,0,0.0,0.0,0.0,0,0,0.0,0.0,0,0.0,0.0,0,0,0.0,0,0,0,0,0,0.0,0.0,0.0,0,0.0,0,0.0,0.0,0,0.0,0.0,0.0,0.0,0,0.0,0.0,0.0,0.0,0,0.0,0.0,0.0,0.0,0,0.0,0.0,0.0,0.0,0,0.0,0.0,0,0,0,0,0,0,0,0
2007-03,0,0.0,0,0,0,0,0,0,0.0,0,0.0,0.0,0,0.0,0,0.0,0,0.0,0.0,0,0.0,0.0,0.0,0.0,0,0.0,0.0,0.0,0.0,0,0,0,0.0,0,0,0,0,0,0,0,0.0,0,0,0,0,0,0,0,0,0,0.0,0,0.0,0.0,0.0,0,0,0.0,0.0,0,0.0,0.0,0,0,0.0,0,0,0,0,0,0.0,0.0,0.0,0,0.0,0,0.0,0.0,0,0.0,0.0,0.0,0.0,0,0.0,0.0,0.0,0.0,0,0.0,0.0,0.0,0.0,0,0.0,0.0,0.0,0.0,0,0.0,0.0,0,0,0,0,0,0,0,0
2007-04,0,0.0,0,0,0,0,0,0,0.0,0,0.0,0.0,0,0.0,0,0.0,0,0.0,0.0,0,0.0,0.0,0.0,0.0,0,0.0,0.0,0.0,0.0,0,0,0,0.0,0,0,0,0,0,0,0,0.0,0,0,0,0,0,0,0,0,0,0.0,0,0.0,0.0,0.0,0,0,0.0,0.0,0,0.0,0.0,0,0,0.0,0,0,0,0,0,0.0,0.0,0.0,0,0.0,0,0.0,0.0,0,0.0,0.0,0.0,0.0,0,0.0,0.0,0.0,0.0,0,0.0,0.0,0.0,0.0,0,0.0,0.0,0.0,0.0,0,0.0,0.0,0,0,0,0,0,0,0,0
2007-05,0,0.0,0,0,0,0,0,0,0.0,0,0.0,0.0,0,0.0,0,0.0,0,0.0,0.0,0,0.0,0.0,0.0,0.0,0,0.0,0.0,0.0,0.0,0,0,0,0.0,0,0,0,0,0,0,0,0.0,0,0,0,0,0,0,0,0,0,0.0,0,0.0,0.0,0.0,0,0,0.0,0.0,0,0.0,0.0,0,0,0.0,0,0,0,0,0,0.0,0.0,0.0,0,0.0,0,0.0,0.0,0,0.0,0.0,0.0,0.0,0,0.0,0.0,0.0,0.0,0,0.0,0.0,0.0,0.0,0,0.0,0.0,0.0,0.0,0,0.0,0.0,0,0,0,0,0,0,0,0
2007-06,0,0.0,0,0,0,0,0,0,0.0,0,0.0,0.0,0,0.0,0,0.0,0,0.0,0.0,0,0.0,0.0,0.0,0.0,0,0.0,0.0,0.0,0.0,0,0,0,0.0,0,0,0,0,0,0,0,0.0,0,0,0,0,0,0,0,0,0,0.0,0,0.0,0.0,0.0,0,0,0.0,0.0,0,0.0,0.0,0,0,0.0,0,0,0,0,0,0.0,0.0,0.0,0,0.0,0,0.0,0.0,0,0.0,0.0,0.0,0.0,0,0.0,0.0,0.0,0.0,0,0.0,0.0,0.0,0.0,0,0.0,0.0,0.0,0.0,0,0.0,0.0,0,0,0,0,0,0,0,0
2007-07,0,0.0,0,0,0,0,0,0,0.0,0,0.0,0.0,0,0.0,0,0.0,0,0.0,0.0,0,0.0,0.0,0.0,0.0,0,0.0,0.0,0.0,0.0,0,0,0,0.0,0,0,0,0,0,0,0,0.0,0,0,0,0,0,0,0,0,0,0.0,0,0.0,0.0,0.0,0,0,0.0,0.0,0,0.0,0.0,0,0,0.0,0,0,0,0,0,0.0,0.0,0.0,0,0.0,0,0.0,0.0,0,0.0,0.0,0.0,0.0,0,0.0,0.0,0.0,0.0,0,0.0,0.0,0.0,0.0,0,0.0,0.0,0.0,0.0,0,0.0,0.0,0,0,0,0,0,0,0,0
2007-08,0,0.0,0,0,0,0,0,0,0.0,0,0.0,0.0,0,0.0,0,0.0,0,0.0,0.0,0,0.0,0.0,0.0,0.0,0,0.0,0.0,0.0,0.0,0,0,0,0.0,0,0,0,0,0,0,0,0.0,0,0,0,0,0,0,0,0,0,0.0,0,0.0,0.0,0.0,0,0,0.0,0.0,0,0.0,0.0,0,0,0.0,0,0,0,0,0,0.0,0.0,0.0,0,0.0,0,0.0,0.0,0,0.0,0.0,0.0,0.0,0,0.0,0.0,0.0,0.0,0,0.0,0.0,0.0,0.0,0,0.0,0.0,0.0,0.0,0,0.0,0.0,0,0,0,0,0,0,0,0
2007-09,0,0.0,0,0,0,0,0,0,0.0,0,0.0,0.0,0,0.0,0,0.0,0,0.0,0.0,0,0.0,0.0,0.0,0.0,0,0.0,0.0,0.0,0.0,0,0,0,0.0,0,0,0,0,0,0,0,0.0,0,0,0,0,0,0,0,0,0,0.0,0,0.0,0.0,0.0,0,0,0.0,0.0,0,0.0,0.0,0,0,0.0,0,0,0,0,0,0.0,0.0,0.0,0,0.0,0,0.0,0.0,0,0.0,0.0,0.0,0.0,0,0.0,0.0,0.0,0.0,0,0.0,100.0,0.0,0.0,0,0.0,0.0,0.0,0.0,0,0.0,0.0,0,0,0,0,0,0,0,0
2007-10,0,0.0,0,0,0,0,0,0,0.0,0,0.0,0.0,0,0.0,0,0.0,0,0.0,0.0,0,0.0,0.0,0.0,0.0,0,0.0,0.0,0.0,0.0,0,0,0,0.0,0,0,0,0,0,0,0,0.0,0,0,0,0,0,0,0,0,0,0.0,0,0.0,0.0,0.0,0,0,0.0,0.0,0,0.0,0.0,0,0,0.0,0,0,0,0,0,0.0,0.0,0.0,0,0.0,0,0.0,0.0,0,0.0,0.0,0.0,0.0,0,0.0,0.0,0.0,0.0,0,0.0,0.0,0.0,0.0,0,0.0,0.0,0.0,0.0,0,0.0,0.0,0,0,0,0,0,0,0,0
2007-11,0,0.0,0,0,0,0,0,0,0.0,0,0.0,0.0,0,0.0,0,0.0,0,0.0,0.0,0,0.0,0.0,0.0,0.0,0,0.0,0.0,0.0,0.0,0,0,0,0.0,0,0,0,0,0,0,0,0.0,0,0,0,0,0,0,0,0,0,0.0,0,0.0,0.0,0.0,0,0,0.0,0.0,0,0.0,0.0,0,0,0.0,0,0,0,0,0,0.0,0.0,0.0,0,0.0,0,0.0,0.0,0,0.0,0.0,0.0,0.0,0,0.0,0.0,0.0,0.0,0,0.0,0.0,0.0,0.0,0,0.0,0.0,0.0,0.0,0,0.0,0.0,0,0,0,0,0,0,0,0
2007-12,0,0.0,0,0,0,0,0,0,0.0,0,0.0,0.0,0,0.0,0,0.0,0,0.0,0.0,0,0.0,0.0,0.0,0.0,0,0.0,0.0,0.0,0.0,0,0,0,0.0,0,0,0,0,0,0,0,0.0,0,0,0,0,0,0,0,0,0,0.0,0,0.0,0.0,0.0,0,0,0.0,0.0,0,0.0,0.0,0,0,0.0,0,0,100,0,0,0.0,0.0,0.0,0,0.0,0,0.0,0.0,0,0.0,0.0,0.0,0.0,0,0.0,0.0,0.0,0.0,0,0.0,0.0,0.0,0.0,0,0.0,0.0,0.0,0.0,0,0.0,0.0,0,0,0,0,0,0,0,0
2008-01,0,0.0,0,0,0,0,0,0,0.0,0,0.0,0.0,0,0.0,0,0.0,0,0.0,0.0,0,0.0,0.0,0.0,0.0,0,0.0,0.0,0.0,0.0,0,0,0,0.0,0,0,0,0,0,0,0,0.0,0,0,0,0,0,0,0,0,0,0.0,0,0.0,0.0,0.0,0,0,0.0,0.0,0,0.0,0.0,0,0,0.0,0,0,0,0,0,0.0,0.0,0.0,0,0.0,0,0.0,0.0,0,0.0,0.0,0.0,0.0,0,0.0,0.0,0.0,0.0,0,0.0,0.0,0.0,0.0,0,0.0,0.0,0.0,0.0,0,0.0,0.0,0,0,0,0,0,0,0,0
2008-02,0,0.0,0,0,0,0,0,0,0.0,0,0.0,0.0,0,0.0,0,0.0,0,0.0,0.0,0,0.0,0.0,0.0,0.0,0,0.0,0.0,0.0,0.0,0,0,0,0.0,0,0,0,0,0,0,0,0.0,0,0,0,0,0,0,0,0,0,0.0,0,0.0,0.0,0.0,0,0,0.0,0.0,0,0.0,0.0,0,0,0.0,0,0,0,0,0,0.0,0.0,0.0,0,0.0,0,86.0,0.0,0,30.0,0.0,0.0,0.0,0,0.0,0.0,0.0,0.0,0,0.0,0.0,0.0,0.0,0,0.0,0.0,0.0,0.0,0,0.0,0.0,0,0,0,0,0,0,0,0
2008-03,0,0.0,0,0,0,0,0,0,0.0,0,0.0,0.0,0,0.0,0,0.0,0,0.0,0.0,0,0.0,0.0,0.0,0.0,0,0.0,0.0,0.0,0.0,0,0,0,0.0,0,0,0,0,0,0,0,0.0,0,0,0,0,0,0,0,0,0,0.0,0,0.0,0.0,0.0,0,0,0.0,0.0,0,0.0,0.0,0,0,0.0,0,0,0,0,0,0.0,0.0,0.0,0,0.0,0,0.0,0.0,0,0.0,0.0,0.0,0.0,0,0.0,0.0,0.0,0.0,0,0.0,0.0,0.0,0.0,0,0.0,0.0,0.0,0.0,0,0.0,0.0,0,0,0,0,0,0,0,0
2008-04,0,0.0,0,0,0,0,0,0,0.0,0,0.0,0.0,0,0.0,0,0.0,0,0.0,100.0,0,0.0,0.0,0.0,0.0,0,0.0,0.0,0.0,0.0,0,0,0,0.0,0,0,0,0,0,0,0,0.0,0,0,0,0,0,0,0,0,0,0.0,0,0.0,0.0,0.0,0,0,0.0,0.0,0,0.0,0.0,0,0,0.0,0,0,0,0,0,0.0,0.0,0.0,0,0.0,0,0.0,0.0,0,0.0,0.0,0.0,0.0,0,0.0,0.0,0.0,0.0,0,0.0,0.0,0.0,0.0,0,0.0,0.0,0.0,0.0,0,0.0,0.0,0,0,0,0,0,0,0,0
2008-05,0,0.0,0,0,0,0,0,0,0.0,0,0.0,0.0,0,0.0,0,0.0,0,0.0,0.0,0,0.0,0.0,0.0,0.0,0,0.0,0.0,0.0,0.0,0,0,0,0.0,0,0,0,0,0,0,0,0.0,0,0,0,0,0,0,0,0,0,0.0,0,0.0,0.0,0.0,0,0,0.0,0.0,0,0.0,0.0,0,0,0.0,0,0,0,0,0,0.0,0.0,0.0,0,0.0,0,0.0,0.0,0,0.0,0.0,0.0,0.0,0,0.0,0.0,0.0,0.0,0,0.0,0.0,0.0,0.0,0,0.0,0.0,0.0,0.0,0,0.0,0.0,0,0,0,0,0,0,0,0
2008-06,0,0.0,0,0,0,0,0,0,0.0,0,0.0,0.0,0,0.0,0,0.0,0,0.0,0.0,0,0.0,0.0,0.0,0.0,0,0.0,0.0,0.0,0.0,0,0,0,0.0,0,0,0,0,0,0,0,0.0,0,0,0,0,0,0,0,0,0,0.0,0,0.0,0.0,0.0,0,0,0.0,0.0,0,0.0,0.0,0,0,0.0,0,0,0,0,0,0.0,0.0,0.0,0,0.0,0,0.0,0.0,0,0.0,0.0,0.0,0.0,0,0.0,0.0,0.0,0.0,0,0.0,0.0,0.0,0.0,0,0.0,0.0,0.0,0.0,0,0.0,0.0,0,0,0,0,0,0,0,0
2008-07,0,0.0,0,0,0,0,0,0,0.0,0,0.0,0.0,0,0.0,0,0.0,0,0.0,0.0,0,0.0,0.0,0.0,0.0,0,0.0,0.0,0.0,0.0,0,0,0,0.0,0,0,0,0,0,0,0,0.0,0,0,0,0,0,0,0,0,0,0.0,0,0.0,0.0,0.0,0,0,0.0,0.0,0,0.0,0.0,0,0,0.0,0,0,0,0,0,0.0,0.0,0.0,0,0.0,0,0.0,0.0,0,0.0,0.0,0.0,0.0,0,0.0,0.0,0.0,0.0,0,0.0,0.0,0.0,0.0,0,0.0,0.0,0.0,0.0,0,0.0,0.0,0,0,0,0,0,0,0,0
2008-08,0,0.0,0,0,0,0,0,0,0.0,0,0.0,0.0,0,0.0,0,0.0,0,0.0,0.0,0,0.0,0.0,0.0,0.0,0,0.0,0.0,0.0,0.0,0,0,0,0.0,0,0,0,0,0,0,0,0.0,0,0,0,0,0,0,0,0,0,0.0,0,0.0,0.0,0.0,0,0,100.0,0.0,0,0.0,0.0,0,0,0.0,0,0,0,0,0,0.0,0.0,0.0,0,0.0,0,0.0,0.0,0,0.0,0.0,0.0,0.0,0,0.0,0.0,0.0,0.0,0,0.0,0.0,0.0,0.0,0,0.0,0.0,0.0,0.0,0,0.0,0.0,0,0,0,0,0,0,0,0
2008-09,0,0.0,0,0,0,0,0,0,0.0,0,0.0,0.0,0,0.0,0,0.0,0,0.0,0.0,0,0.0,0.0,0.0,0.0,0,0.0,100.0,0.0,0.0,0,0,0,0.0,0,0,0,0,0,0,0,0.0,0,0,0,0,0,0,0,0,0,0.0,0,0.0,0.0,0.0,0,0,0.0,0.0,0,0.0,0.0,0,0,0.0,0,0,0,0,0,0.0,0.0,0.0,0,0.0,0,0.0,0.0,0,0.0,0.0,0.0,0.0,0,0.0,0.0,0.0,0.0,0,0.0,0.0,0.0,0.0,0,0.0,0.0,0.0,0.0,0,0.0,0.0,0,0,0,0,0,0,0,0
2008-10,0,0.0,0,0,0,0,0,0,0.0,0,0.0,0.0,0,0.0,0,0.0,0,0.0,0.0,0,0.0,0.0,0.0,0.0,0,0.0,0.0,0.0,0.0,0,0,0,0.0,0,0,0,0,0,0,0,0.0,0,0,0,0,0,0,0,0,0,0.0,0,0.0,0.0,0.0,0,0,0.0,0.0,0,0.0,0.0,0,0,0.0,0,0,0,0,0,0.0,100.0,0.0,0,0.0,0,0.0,0.0,0,0.0,0.0,0.0,0.0,0,0.0,0.0,0.0,0.0,0,0.0,0.0,0.0,0.0,0,0.0,0.0,0.0,0.0,0,0.0,0.0,0,0,0,0,0,0,0,0
2008-11,0,0.0,0,0,0,0,0,0,0.0,0,0.0,0.0,0,0.0,0,0.0,0,0.0,0.0,0,0.0,0.0,0.0,0.0,0,0.0,0.0,0.0,0.0,0,0,0,0.0,0,0,0,0,0,0,0,0.0,0,0,0,0,0,0,0,0,0,0.0,0,0.0,0.0,0.0,0,0,0.0,0.0,0,0.0,0.0,0,0,0.0,0,0,0,0,0,0.0,0.0,0.0,0,0.0,0,0.0,0.0,0,0.0,0.0,0.0,0.0,0,0.0,0.0,0.0,0.0,0,0.0,0.0,0.0,0.0,0,0.0,0.0,0.0,0.0,0,0.0,0.0,0,0,0,0,0,0,0,0
2008-12,0,0.0,0,0,0,0,0,0,0.0,0,0.0,0.0,0,0.0,0,0.0,0,0.0,0.0,0,0.0,0.0,0.0,0.0,0,0.0,0.0,0.0,0.0,0,0,0,0.0,0,0,0,0,0,0,0,0.0,0,0,0,0,0,0,0,0,0,0.0,0,0.0,0.0,0.0,0,0,0.0,0.0,0,0.0,0.0,0,0,0.0,0,0,0,0,0,0.0,0.0,0.0,0,0.0,0,0.0,0.0,0,0.0,0.0,0.0,0.0,0,0.0,0.0,0.0,0.0,0,0.0,0.0,0.0,0.0,0,0.0,0.0,0.0,0.0,0,0.0,0.0,0,0,0,0,0,0,0,0
2009-01,0,0.0,0,0,0,0,0,0,0.0,0,0.0,0.0,0,0.0,0,0.0,0,0.0,0.0,0,0.0,0.0,0.0,0.0,0,0.0,0.0,0.0,0.0,0,0,0,0.0,0,0,0,0,0,0,0,0.0,0,0,0,0,0,0,0,0,0,0.0,0,0.0,0.0,0.0,0,0,0.0,0.0,0,0.0,0.0,0,0,0.0,0,0,0,0,0,0.0,0.0,0.0,0,0.0,0,0.0,0.0,0,0.0,0.0,0.0,0.0,0,0.0,0.0,0.0,0.0,0,0.0,0.0,0.0,0.0,0,0.0,0.0,0.0,0.0,0,0.0,0.0,0,0,0,0,0,0,0,0
2009-02,0,0.0,0,0,0,0,0,0,0.0,0,0.0,0.0,0,0.0,0,0.0,0,0.0,0.0,0,0.0,0.0,0.0,0.0,0,0.0,0.0,0.0,0.0,0,0,0,0.0,0,0,0,0,0,0,0,0.0,0,0,0,0,0,0,0,0,0,0.0,0,0.0,0.0,0.0,0,0,0.0,0.0,0,0.0,0.0,0,0,0.0,0,0,0,0,0,0.0,0.0,0.0,0,0.0,0,0.0,0.0,0,0.0,0.0,0.0,0.0,0,0.0,0.0,0.0,0.0,0,0.0,0.0,0.0,0.0,0,0.0,0.0,0.0,0.0,0,0.0,0.0,0,0,0,0,0,0,0,0
2009-03,0,0.0,0,0,0,0,0,0,0.0,0,0.0,0.0,0,0.0,0,0.0,0,0.0,0.0,0,0.0,0.0,0.0,0.0,0,0.0,0.0,0.0,0.0,0,0,0,0.0,0,0,0,0,0,0,0,0.0,0,0,0,0,0,0,0,0,0,0.0,0,0.0,0.0,0.0,0,0,0.0,0.0,0,0.0,0.0,0,0,0.0,0,0,0,0,0,0.0,0.0,0.0,0,0.0,0,0.0,0.0,0,0.0,0.0,0.0,0.0,0,0.0,0.0,0.0,0.0,0,0.0,0.0,0.0,0.0,0,0.0,0.0,0.0,0.0,0,0.0,0.0,0,0,0,0,0,0,0,0
2009-04,0,0.0,0,0,0,0,0,0,0.0,0,0.0,0.0,0,0.0,0,0.0,0,0.0,0.0,0,0.0,0.0,0.0,0.0,0,0.0,0.0,0.0,0.0,0,0,0,0.0,0,0,0,0,0,0,0,0.0,0,0,0,0,0,0,0,0,0,0.0,0,0.0,0.0,0.0,0,0,0.0,0.0,0,0.0,0.0,0,0,0.0,0,0,40,0,0,0.0,0.0,0.0,0,0.0,0,0.0,0.0,0,0.0,0.0,0.0,0.0,0,0.0,0.0,0.0,0.0,0,0.0,0.0,0.0,0.0,0,0.0,0.0,0.0,0.0,0,0.0,0.0,0,0,0,0,0,0,0,0
2009-05,0,0.0,0,0,0,0,0,0,0.0,0,0.0,0.0,0,0.0,0,0.0,0,0.0,0.0,0,0.0,0.0,0.0,0.0,0,0.0,0.0,0.0,0.0,0,0,0,0.0,0,0,0,0,0,0,0,0.0,0,0,0,0,0,0,0,0,0,0.0,0,0.0,0.0,0.0,0,0,0.0,0.0,0,0.0,0.0,0,0,0.0,0,0,0,0,0,0.0,0.0,0.0,0,34.0,0,0.0,0.0,0,0.0,0.0,0.0,0.0,0,0.0,0.0,0.0,0.0,0,0.0,0.0,0.0,0.0,0,0.0,0.0,0.0,0.0,0,0.0,0.0,0,0,0,0,0,0,0,0
2009-06,0,0.0,0,0,0,0,0,0,0.0,0,0.0,0.0,0,0.0,0,0.0,0,0.0,0.0,0,0.0,0.0,0.0,0.0,0,0.0,0.0,0.0,0.0,0,0,0,0.0,0,0,0,0,0,0,0,0.0,0,0,0,0,0,0,0,0,0,0.0,0,0.0,0.0,0.0,0,0,0.0,0.0,0,0.0,0.0,0,0,0.0,0,0,0,0,0,0.0,0.0,0.0,0,0.0,0,0.0,0.0,0,0.0,0.0,0.0,0.0,0,0.0,0.0,0.0,0.0,0,0.0,0.0,0.0,0.0,0,0.0,0.0,0.0,0.0,0,0.0,0.0,0,0,0,0,0,0,0,0
2009-07,0,0.0,0,0,0,0,0,0,0.0,0,0.0,0.0,0,0.0,0,0.0,0,0.0,0.0,0,0.0,0.0,0.0,0.0,0,0.0,0.0,0.0,0.0,0,0,0,0.0,0,0,0,0,0,0,0,0.0,0,0,0,0,0,0,0,0,0,0.0,0,0.0,0.0,0.0,0,0,0.0,0.0,0,0.0,0.0,0,0,0.0,0,0,0,0,0,0.0,0.0,0.0,0,0.0,0,0.0,0.0,0,0.0,0.0,0.0,0.0,0,0.0,0.0,0.0,0.0,0,0.0,0.0,0.0,0.0,0,0.0,0.0,0.0,0.0,0,0.0,0.0,0,0,0,0,0,0,0,0
2009-08,0,0.0,0,0,0,0,0,0,0.0,0,0.0,0.0,0,0.0,0,0.0,0,0.0,0.0,0,0.0,0.0,0.0,0.0,0,0.0,0.0,0.0,0.0,0,0,0,0.0,0,0,0,0,0,0,0,0.0,0,0,0,0,0,0,0,0,0,0.0,0,0.0,0.0,0.0,0,0,0.0,0.0,0,0.0,0.0,0,0,0.0,0,0,0,0,0,0.0,0.0,0.0,0,0.0,0,0.0,0.0,0,0.0,0.0,0.0,0.0,0,0.0,0.0,0.0,0.0,0,0.0,0.0,0.0,0.0,0,0.0,0.0,0.0,0.0,0,0.0,0.0,0,0,0,0,0,0,0,0
2009-09,0,0.0,0,0,0,0,0,0,0.0,0,0.0,0.0,0,0.0,0,0.0,0,0.0,0.0,0,0.0,0.0,0.0,0.0,0,0.0,0.0,0.0,0.0,0,0,0,0.0,0,0,0,0,0,0,0,0.0,0,0,0,0,0,0,0,0,0,0.0,0,0.0,0.0,0.0,0,0,0.0,0.0,0,0.0,0.0,0,0,0.0,0,0,0,0,0,0.0,0.0,0.0,0,0.0,0,0.0,0.0,0,0.0,0.0,0.0,0.0,0,0.0,0.0,0.0,0.0,0,0.0,0.0,0.0,0.0,0,0.0,0.0,0.0,0.0,0,0.0,0.0,0,0,0,0,0,0,0,0
2009-10,0,0.0,0,0,0,0,0,0,0.0,0,0.0,0.0,0,0.0,0,0.0,0,0.0,0.0,0,0.0,0.0,0.0,0.0,0,0.0,0.0,0.0,0.0,0,0,0,0.0,0,0,0,0,0,0,0,0.0,0,0,0,0,0,0,0,0,0,0.0,0,0.0,0.0,0.0,0,0,0.0,0.0,0,0.0,0.0,0,0,0.0,0,0,0,0,0,0.0,0.0,0.0,0,0.0,0,0.0,0.0,0,0.0,0.0,0.0,0.0,0,0.0,0.0,0.0,0.0,0,0.0,0.0,0.0,0.0,0,0.0,0.0,0.0,0.0,0,0.0,0.0,0,0,0,0,0,0,0,0
2009-11,0,0.0,0,0,0,0,0,0,0.0,0,0.0,0.0,0,0.0,0,0.0,0,0.0,0.0,0,0.0,0.0,0.0,0.0,0,0.0,0.0,0.0,0.0,0,0,0,0.0,0,0,0,0,0,0,0,0.0,0,0,0,0,0,0,0,0,0,0.0,0,0.0,0.0,0.0,0,0,0.0,0.0,0,0.0,0.0,0,0,0.0,0,0,0,0,0,0.0,0.0,0.0,0,0.0,0,0.0,0.0,0,0.0,0.0,0.0,0.0,0,0.0,0.0,0.0,0.0,0,0.0,0.0,0.0,0.0,0,0.0,0.0,0.0,0.0,0,0.0,0.0,0,0,0,0,0,0,0,0
2009-12,0,0.0,0,0,0,0,0,0,0.0,0,0.0,0.0,0,0.0,0,0.0,0,0.0,0.0,0,0.0,0.0,0.0,0.0,0,0.0,0.0,0.0,0.0,0,0,0,0.0,0,0,0,0,0,0,0,0.0,0,0,0,0,0,0,0,0,0,0.0,0,0.0,0.0,0.0,0,0,0.0,0.0,0,0.0,0.0,0,0,0.0,0,0,20,0,0,0.0,0.0,0.0,0,0.0,0,0.0,0.0,0,0.0,0.0,0.0,0.0,0,0.0,0.0,0.0,0.0,0,0.0,0.0,0.0,0.0,0,0.0,0.0,0.0,0.0,0,0.0,0.0,0,0,0,0,0,0,0,0
2010-01,0,0.0,0,0,0,0,0,0,0.0,0,0.0,0.0,0,0.0,0,0.0,0,0.0,0.0,0,0.0,0.0,0.0,0.0,0,0.0,0.0,0.0,0.0,0,0,0,0.0,0,0,0,0,0,0,0,0.0,0,0,0,0,0,0,0,0,0,0.0,0,0.0,0.0,0.0,0,0,0.0,0.0,0,0.0,0.0,0,0,0.0,0,0,0,0,0,0.0,0.0,0.0,0,0.0,0,0.0,0.0,0,0.0,0.0,0.0,0.0,0,0.0,0.0,0.0,0.0,0,0.0,0.0,0.0,0.0,0,0.0,0.0,0.0,0.0,0,0.0,0.0,0,0,0,0,0,0,0,0
2010-02,0,0.0,0,0,0,0,0,0,0.0,0,0.0,14.0,0,0.0,0,0.0,0,0.0,0.0,0,0.0,0.0,0.0,0.0,0,0.0,0.0,0.0,0.0,0,0,0,0.0,0,0,0,0,0,0,0,0.0,0,0,0,0,0,0,0,0,0,0.0,0,0.0,0.0,0.0,0,0,0.0,0.0,0,0.0,0.0,0,0,0.0,0,0,0,0,0,0.0,0.0,0.0,0,0.0,0,0.0,0.0,0,0.0,0.0,0.0,0.0,0,0.0,0.0,0.0,0.0,0,0.0,0.0,0.0,12.0,0,100.0,0.0,0.0,0.0,0,0.0,0.0,0,0,0,0,0,0,0,0
2010-03,0,0.0,0,0,0,0,0,0,0.0,0,0.0,0.0,0,0.0,0,0.0,0,0.0,0.0,0,0.0,0.0,0.0,0.0,0,0.0,0.0,0.0,0.0,0,0,0,0.0,13,0,0,0,0,0,0,0.0,0,0,0,0,0,0,0,0,0,0.0,0,0.0,0.0,0.0,0,0,0.0,0.0,0,0.0,0.0,0,0,0.0,0,0,0,0,0,0.0,0.0,0.0,0,0.0,0,0.0,0.0,0,0.0,0.0,0.0,0.0,0,0.0,0.0,0.0,0.0,0,0.0,0.0,0.0,0.0,0,0.0,0.0,0.0,0.0,0,0.0,0.0,0,0,0,0,0,0,0,0
2010-04,0,0.0,0,0,0,0,0,0,0.0,0,0.0,0.0,0,0.0,0,0.0,0,0.0,0.0,0,0.0,0.0,0.0,0.0,0,0.0,0.0,0.0,0.0,0,0,0,0.0,0,0,0,0,0,0,0,0.0,0,0,0,0,0,0,0,0,0,0.0,0,3.0,0.0,0.0,0,0,0.0,0.0,0,0.0,0.0,0,0,0.0,0,0,0,0,0,0.0,0.0,0.0,0,0.0,0,0.0,0.0,0,0.0,0.0,0.0,0.0,0,0.0,0.0,0.0,0.0,0,0.0,0.0,0.0,0.0,0,0.0,0.0,0.0,0.0,0,0.0,0.0,0,0,0,0,0,0,0,0
2010-05,0,0.0,0,0,0,0,0,0,0.0,0,0.0,0.0,0,0.0,0,0.0,0,0.0,0.0,0,0.0,0.0,0.0,0.0,0,0.0,0.0,0.0,0.0,0,0,0,0.0,0,0,0,0,0,0,0,0.0,0,0,0,0,0,0,0,0,0,0.0,0,0.0,0.0,0.0,0,0,0.0,0.0,0,0.0,0.0,0,0,0.0,0,0,0,0,0,0.0,0.0,0.0,0,0.0,0,0.0,0.0,0,0.0,0.0,0.0,0.0,0,0.0,0.0,0.0,0.0,0,0.0,0.0,0.0,0.0,0,0.0,0.0,0.0,0.0,0,0.0,0.0,0,0,0,0,0,0,0,0
2010-06,0,0.0,0,0,0,0,0,0,0.0,0,0.0,0.0,0,0.0,0,0.0,0,0.0,0.0,0,0.0,0.0,0.0,0.0,0,0.0,0.0,0.0,0.0,0,0,0,0.0,0,0,0,0,0,0,0,0.0,0,0,0,0,0,0,0,0,0,0.0,0,0.0,0.0,0.0,0,0,0.0,0.0,0,0.0,0.0,0,0,0.0,0,0,0,0,0,0.0,0.0,0.0,0,0.0,0,0.0,0.0,0,0.0,0.0,0.0,0.0,0,0.0,0.0,0.0,0.0,0,0.0,0.0,0.0,0.0,0,0.0,0.0,0.0,0.0,0,0.0,0.0,0,0,0,0,0,0,0,0
2010-07,0,0.0,0,0,0,0,0,100,0.0,0,0.0,0.0,0,0.0,0,0.0,0,0.0,0.0,0,0.0,0.0,0.0,0.0,0,0.0,0.0,0.0,0.0,0,0,0,0.0,0,0,0,0,0,0,0,0.0,0,0,0,0,0,0,0,0,0,0.0,0,0.0,0.0,0.0,0,0,0.0,0.0,0,0.0,0.0,0,0,0.0,0,0,0,0,0,0.0,0.0,0.0,0,0.0,0,0.0,0.0,0,0.0,0.0,0.0,0.0,0,0.0,0.0,0.0,0.0,0,0.0,0.0,0.0,0.0,0,0.0,0.0,0.0,0.0,0,0.0,0.0,0,0,0,0,0,0,0,0
2010-08,0,0.0,0,0,0,0,0,0,0.0,0,0.0,0.0,0,0.0,0,0.0,0,0.0,0.0,0,0.0,0.0,0.0,0.0,0,0.0,0.0,0.0,0.0,0,0,0,0.0,0,0,0,0,0,0,0,0.0,0,0,0,0,0,0,0,0,0,0.0,0,0.0,0.0,0.0,0,0,0.0,0.0,0,0.0,0.0,0,0,0.0,0,0,0,0,0,0.0,0.0,0.0,0,0.0,0,0.0,0.0,0,0.0,0.0,0.0,0.0,0,0.0,0.0,0.0,0.0,0,0.0,0.0,0.0,0.0,0,0.0,0.0,0.0,0.0,0,0.0,0.0,0,0,0,0,0,0,0,0
2010-09,0,0.0,0,0,0,0,0,0,0.0,0,0.0,0.0,0,0.0,0,0.0,0,0.0,0.0,0,0.0,0.0,0.0,0.0,0,0.0,0.0,0.0,0.0,0,0,0,0.0,0,0,0,0,0,0,0,0.0,0,0,0,0,0,0,0,0,0,0.0,0,0.0,0.0,0.0,0,0,0.0,0.0,0,0.0,0.0,0,0,0.0,0,0,0,0,0,0.0,0.0,0.0,0,0.0,0,0.0,0.0,0,0.0,0.0,0.0,0.0,0,0.0,0.0,0.0,0.0,0,0.0,0.0,0.0,0.0,0,0.0,0.0,0.0,0.0,0,0.0,0.0,0,0,0,0,0,0,0,0
2010-10,0,0.0,0,0,0,0,0,0,0.0,0,0.0,0.0,13,0.0,0,0.0,0,0.0,0.0,0,0.0,0.0,0.0,0.0,0,0.0,0.0,0.0,0.0,0,0,0,0.0,0,0,0,0,0,0,0,0.0,0,0,0,0,0,0,0,0,0,0.0,0,0.0,0.0,0.0,0,0,0.0,0.0,0,0.0,0.0,0,0,0.0,0,0,0,0,0,0.0,0.0,0.0,0,0.0,0,0.0,0.0,0,0.0,0.0,0.0,0.0,0,0.0,0.0,0.0,0.0,0,0.0,0.0,0.0,0.0,0,0.0,0.0,0.0,0.0,0,0.0,0.0,0,0,0,0,0,0,0,0
2010-11,0,0.0,0,0,0,0,0,0,0.0,0,0.0,0.0,0,0.0,0,0.0,0,0.0,0.0,0,0.0,0.0,9.0,0.0,0,0.0,0.0,0.0,0.0,0,0,0,0.0,0,0,0,0,0,0,0,0.0,0,0,0,0,0,0,0,0,0,0.0,0,0.0,0.0,0.0,0,0,0.0,0.0,0,0.0,0.0,0,0,0.0,0,0,0,0,0,0.0,0.0,0.0,0,0.0,0,0.0,0.0,0,0.0,0.0,0.0,0.0,0,0.0,0.0,0.0,0.0,0,0.0,0.0,0.0,0.0,0,0.0,0.0,0.0,0.0,0,0.0,0.0,0,0,0,0,0,0,0,0
2010-12,0,0.0,0,0,0,0,0,0,0.0,0,0.0,0.0,0,0.0,0,0.0,0,0.0,0.0,0,0.0,0.0,0.0,0.0,0,0.0,0.0,0.0,0.0,0,0,0,0.0,0,0,0,0,0,0,0,0.0,0,0,0,0,0,0,0,0,0,0.0,0,0.0,0.0,0.0,0,0,0.0,0.0,0,0.0,0.0,0,0,0.0,0,0,0,0,0,0.0,0.0,0.0,0,0.0,0,0.0,0.0,0,0.0,0.0,0.0,0.0,0,0.0,0.0,0.0,0.0,0,0.0,0.0,0.0,0.0,0,0.0,0.0,0.0,0.0,0,0.0,0.0,0,0,0,0,0,0,0,0
2011-01,0,0.0,0,0,81,0,0,0,0.0,51,0.0,0.0,3,0.0,5,0.0,0,0.0,0.0,14,0.0,0.0,0.0,0.0,4,0.0,0.0,0.0,0.0,19,0,0,0.0,0,6,0,0,0,0,81,0.0,0,0,51,81,51,51,0,0,81,0.0,0,1.0,0.0,1.0,0,0,0.0,0.0,21,0.0,0.0,0,0,1.0,0,0,0,8,0,0.0,0.0,0.0,23,0.0,0,0.0,0.0,6,0.0,0.0,0.0,0.0,2,0.0,0.0,0.0,0.0,6,0.0,0.0,0.0,0.0,4,0.0,0.0,0.0,0.0,32,0.0,0.0,0,0,81,0,0,0,0,81
2011-02,0,0.0,0,0,80,0,0,0,0.0,51,0.0,0.0,4,0.0,5,0.0,0,0.0,0.0,14,0.0,0.0,0.0,0.0,4,0.0,0.0,0.0,0.0,19,0,0,0.0,0,6,0,0,0,0,80,0.0,0,0,0,80,0,0,0,0,80,0.0,0,1.0,0.0,1.0,0,0,0.0,0.0,21,0.0,0.0,0,0,1.0,0,0,0,8,0,0.0,0.0,0.0,23,0.0,0,0.0,0.0,6,0.0,0.0,0.0,0.0,2,0.0,0.0,0.0,0.0,6,0.0,0.0,0.0,0.0,4,0.0,0.0,0.0,0.0,32,0.0,0.0,0,0,80,0,0,0,0,80
2011-03,0,0.0,0,0,76,0,0,0,0.0,48,0.0,0.0,0,0.0,4,0.0,0,0.0,0.0,13,0.0,0.0,0.0,0.0,4,0.0,0.0,0.0,0.0,18,6,0,0.0,0,6,0,0,0,0,76,0.0,0,0,0,76,0,0,0,0,76,0.0,0,1.0,0.0,1.0,0,0,0.0,0.0,20,0.0,0.0,0,0,1.0,0,0,5,8,0,0.0,0.0,0.0,21,0.0,0,0.0,0.0,6,0.0,0.0,0.0,0.0,2,0.0,0.0,0.0,0.0,5,0.0,0.0,0.0,0.0,4,0.0,0.0,0.0,0.0,30,0.0,0.0,0,0,76,0,0,0,0,76
2011-04,0,0.0,0,0,96,0,0,0,0.0,61,0.0,0.0,0,0.0,6,0.0,0,0.0,0.0,17,0.0,0.0,0.0,0.0,5,0.0,0.0,0.0,0.0,22,3,0,0.0,0,7,0,0,0,0,96,0.0,0,0,0,96,0,0,0,0,96,0.0,0,1.0,0.0,2.0,0,0,0.0,0.0,25,0.0,0.0,0,0,1.0,0,0,0,10,0,0.0,0.0,0.0,27,0.0,0,0.0,0.0,8,0.0,0.0,0.0,0.0,3,0.0,0.0,0.0,0.0,7,0.0,0.0,0.0,0.0,5,0.0,0.0,0.0,0.0,38,0.0,0.0,0,0,96,0,0,0,0,96
2011-05,0,0.0,0,0,76,0,0,0,0.0,48,0.0,0.0,3,0.0,5,0.0,0,0.0,0.0,13,0.0,0.0,0.0,0.0,4,0.0,0.0,0.0,0.0,18,7,0,0.0,0,6,0,40,41,50,76,0.0,0,0,32,76,32,32,0,0,76,0.0,0,1.0,0.0,1.0,0,0,0.0,0.0,20,0.0,0.0,0,0,1.0,0,0,4,8,0,0.0,0.0,0.0,21,0.0,0,0.0,0.0,6,0.0,0.0,0.0,0.0,2,0.0,0.0,0.0,0.0,6,0.0,0.0,0.0,0.0,4,0.0,0.0,0.0,0.0,31,0.0,0.0,0,0,76,0,0,0,0,76
2011-06,0,0.0,0,0,100,0,0,0,0.0,63,0.0,0.0,4,0.0,6,0.0,0,0.0,0.0,17,0.0,0.0,0.0,0.0,5,0.0,0.0,0.0,0.0,23,3,0,0.0,0,8,0,0,0,0,100,0.0,0,0,0,100,0,0,0,0,100,0.0,0,2.0,0.0,2.0,0,0,0.0,0.0,26,0.0,0.0,0,0,2.0,0,0,3,10,0,0.0,0.0,0.0,28,0.0,0,0.0,0.0,8,0.0,0.0,0.0,0.0,3,0.0,0.0,0.0,0.0,7,0.0,0.0,0.0,0.0,5,0.0,0.0,0.0,0.0,40,0.0,0.0,0,0,100,0,0,0,0,100
2011-07,0,0.0,0,0,64,0,0,0,0.0,41,0.0,0.0,3,0.0,4,0.0,0,0.0,0.0,11,0.0,0.0,0.0,0.0,3,0.0,0.0,0.0,0.0,15,3,0,0.0,0,5,0,40,0,0,64,0.0,0,0,0,64,0,0,0,0,64,0.0,0,2.0,0.0,1.0,0,0,0.0,0.0,17,0.0,0.0,0,0,1.0,0,0,4,7,0,0.0,0.0,0.0,18,0.0,0,0.0,0.0,5,0.0,0.0,0.0,0.0,2,0.0,0.0,0.0,0.0,5,0.0,0.0,0.0,0.0,3,0.0,0.0,0.0,0.0,26,0.0,0.0,0,0,64,0,0,0,0,64
2011-08,0,0.0,0,0,58,25,0,0,0.0,37,0.0,0.0,5,0.0,3,0.0,0,0.0,0.0,10,0.0,0.0,0.0,0.0,3,0.0,0.0,0.0,0.0,14,0,0,0.0,0,4,0,0,0,0,58,0.0,0,0,34,58,34,34,0,0,58,0.0,0,1.0,0.0,1.0,0,0,0.0,0.0,15,0.0,0.0,0,0,1.0,0,0,0,6,0,0.0,0.0,0.0,16,0.0,0,0.0,0.0,5,0.0,0.0,0.0,0.0,2,0.0,0.0,0.0,0.0,4,0.0,0.0,0.0,0.0,3,0.0,0.0,0.0,0.0,23,0.0,0.0,40,40,58,0,0,0,0,58
2011-09,0,0.0,0,0,63,0,0,0,0.0,40,0.0,0.0,5,0.0,4,0.0,0,0.0,0.0,11,0.0,0.0,0.0,0.0,3,0.0,0.0,0.0,0.0,15,2,0,0.0,0,5,0,57,42,0,63,0.0,0,0,30,63,30,30,0,0,63,0.0,0,1.0,0.0,1.0,0,0,0.0,0.0,16,0.0,0.0,0,0,1.0,0,0,5,6,0,0.0,0.0,0.0,18,0.0,0,0.0,0.0,5,0.0,0.0,0.0,0.0,2,0.0,0.0,0.0,0.0,5,0.0,0.0,0.0,0.0,3,0.0,0.0,0.0,0.0,25,0.0,0.0,0,0,63,0,0,0,0,63
2011-10,0,0.0,0,0,74,0,0,0,0.0,47,0.0,0.0,8,0.0,4,0.0,0,0.0,0.0,13,0.0,0.0,0.0,0.0,4,0.0,0.0,0.0,0.0,17,3,0,0.0,0,6,0,26,38,31,74,0.0,31,0,29,74,29,29,0,0,74,0.0,0,1.0,0.0,1.0,0,0,0.0,0.0,19,0.0,0.0,0,0,1.0,0,0,4,7,0,0.0,0.0,0.0,21,0.0,0,0.0,0.0,6,0.0,0.0,0.0,0.0,2,0.0,0.0,0.0,0.0,5,0.0,0.0,0.0,0.0,4,0.0,0.0,0.0,0.0,30,0.0,0.0,0,0,74,0,0,0,0,74
2011-11,0,0.0,0,0,60,0,0,0,0.0,38,0.0,0.0,3,0.0,4,0.0,0,0.0,0.0,10,0.0,0.0,0.0,0.0,3,0.0,0.0,0.0,0.0,14,0,0,0.0,0,5,0,0,0,0,60,0.0,0,0,0,60,0,0,0,0,60,0.5,0,1.0,0.0,1.0,0,0,0.0,0.0,16,0.0,0.0,0,0,1.0,0,0,3,6,0,0.0,0.0,0.0,17,0.0,0,0.0,0.0,5,0.0,0.0,0.0,0.0,2,0.0,0.0,0.0,0.0,4,0.0,0.0,0.0,0.0,3,0.0,0.0,0.0,0.0,24,0.0,0.0,0,0,60,0,0,0,0,60
2011-12,0,0.0,0,0,31,0,0,0,0.0,20,0.0,0.0,3,0.0,2,0.0,0,0.0,0.0,5,0.0,0.0,0.0,0.0,2,0.0,0.0,0.0,0.0,7,2,0,0.0,0,2,0,0,0,0,31,0.0,24,0,23,31,23,23,0,0,31,0.0,0,1.0,0.0,1.0,0,0,0.0,0.0,8,0.0,0.0,0,0,0.5,0,0,0,3,0,0.0,0.0,0.0,9,0.0,0,0.0,0.0,2,0.0,0.0,0.0,0.0,1,0.0,0.0,0.0,0.0,2,0.0,0.0,0.0,0.0,2,0.0,0.0,0.0,0.0,13,0.0,0.0,0,0,31,0,0,0,0,31
2012-01,0,0.0,0,0,74,0,0,0,0.0,47,0.0,0.0,4,0.0,4,0.0,0,0.0,0.0,13,0.0,0.0,0.0,0.0,4,0.0,0.0,0.0,0.0,17,2,0,0.0,0,6,0,28,22,30,74,0.0,0,0,47,74,47,47,0,0,74,0.0,0,1.0,0.0,1.0,0,0,0.0,0.0,19,0.0,0.0,0,0,1.0,0,0,4,7,0,0.0,0.0,0.0,21,0.0,0,0.0,0.0,6,0.0,0.0,0.0,0.0,2,0.0,0.0,0.0,0.0,5,0.0,0.0,0.0,0.0,4,0.0,0.0,0.0,0.0,30,0.0,0.0,0,0,74,0,0,0,0,74
2012-02,0,0.0,0,0,82,0,29,0,0.0,52,0.0,0.0,4,0.0,5,0.0,0,0.0,0.0,14,0.0,0.0,0.0,0.0,4,0.0,0.0,0.0,0.0,19,0,0,3.0,0,6,0,34,25,0,82,0.0,0,0,26,82,26,26,0,0,82,0.0,0,1.0,0.0,1.0,0,0,0.0,0.0,21,0.0,0.0,0,0,1.0,0,0,5,8,0,0.0,0.0,0.0,23,0.0,0,0.0,0.0,6,0.0,0.0,0.0,0.0,2,0.0,0.0,0.0,0.0,6,0.0,0.0,0.0,0.0,4,0.0,0.0,0.0,0.0,33,0.0,0.0,0,0,82,0,0,0,0,82
2012-03,0,0.0,0,0,54,0,0,0,0.0,34,0.0,0.0,3,0.0,3,0.0,0,0.0,0.0,9,0.0,0.0,0.0,0.0,3,0.0,0.0,0.0,0.0,13,2,0,0.0,0,4,0,29,24,24,54,0.0,25,0,32,54,32,32,0,0,54,0.0,0,1.0,0.0,1.0,0,0,0.0,0.0,14,0.0,0.0,0,0,1.0,0,0,3,5,0,0.0,0.0,0.0,15,0.0,0,0.0,0.0,4,0.0,0.0,0.0,0.0,2,2.0,0.0,0.0,0.0,4,0.0,0.0,0.0,0.0,3,0.0,0.0,0.0,0.0,22,0.0,0.0,0,0,54,0,0,0,0,54
2012-04,0,0.0,0,0,51,0,0,0,0.0,32,0.0,0.0,5,0.0,3,0.0,0,0.0,0.0,9,0.0,0.0,0.0,0.0,2,0.0,0.0,0.0,0.0,12,3,0,0.0,0,4,0,38,29,27,51,0.0,0,0,37,51,37,37,0,0,51,0.0,0,2.0,0.0,1.0,0,0,0.0,0.0,13,0.0,0.0,0,0,1.0,0,0,4,5,0,0.0,0.0,0.0,14,0.0,0,0.0,0.0,4,0.0,0.0,0.0,0.0,1,0.0,0.0,0.0,0.0,4,0.0,0.0,0.0,0.0,3,0.0,0.0,0.0,0.0,21,0.0,0.0,0,0,51,0,0,0,0,51
2012-05,0,0.0,0,0,53,0,0,0,0.0,34,0.0,0.0,3,0.0,3,0.0,0,0.0,0.0,9,0.0,0.0,0.0,0.0,3,0.0,0.0,0.0,0.0,12,2,0,0.0,0,4,0,15,17,21,53,0.0,19,0,15,53,15,15,0,0,53,0.0,0,1.0,0.0,1.0,0,0,0.0,0.0,14,0.0,0.0,0,0,1.0,0,0,2,5,0,0.0,0.0,0.0,15,0.0,0,0.0,0.0,4,0.0,0.0,0.0,0.0,1,0.0,0.0,0.0,0.0,4,0.0,1.0,0.0,0.0,3,0.0,0.0,0.0,0.0,21,0.0,0.0,0,0,53,0,0,0,0,53
2012-06,0,0.0,0,0,89,0,0,0,0.0,56,0.0,0.0,4,0.0,5,0.0,0,0.0,0.0,15,0.0,0.0,0.0,0.0,4,0.0,0.0,0.0,0.0,21,0,0,0.0,0,7,0,23,0,24,89,0.0,0,0,32,89,32,32,0,0,89,0.0,0,1.0,0.0,2.0,0,0,0.0,0.0,23,0.0,0.0,0,0,1.0,0,0,5,9,0,0.0,0.0,0.0,25,0.0,0,0.0,0.0,7,0.0,0.0,0.0,0.0,2,0.0,0.0,0.0,0.0,6,1.0,0.0,0.0,0.0,4,0.0,0.0,0.0,0.0,36,0.0,0.0,0,0,89,0,0,0,0,89
2012-07,0,0.0,0,0,85,0,0,0,0.0,54,0.0,0.0,4,0.0,5,0.0,0,0.0,0.0,15,0.0,0.0,0.0,0.0,4,0.0,0.0,0.0,0.0,20,3,0,0.0,0,7,0,34,48,31,85,0.0,0,0,28,85,28,28,0,0,85,0.0,0,1.0,0.0,1.0,0,0,0.0,0.0,22,0.0,0.0,0,0,1.0,0,0,3,9,0,0.0,0.0,0.0,24,0.0,0,0.0,0.0,7,0.0,0.0,0.0,0.0,2,0.0,0.0,0.0,0.0,6,0.0,0.0,0.0,0.0,4,0.0,0.0,0.0,0.0,34,0.0,0.0,0,0,85,0,0,0,0,85
2012-08,0,0.0,0,0,52,15,0,0,0.0,33,0.0,0.0,5,0.0,3,0.0,0,0.0,0.0,9,0.0,0.0,0.0,0.0,3,0.0,0.0,0.0,0.0,12,3,0,0.0,0,4,0,37,32,37,52,0.0,26,0,26,52,26,26,0,0,52,0.0,0,1.0,0.0,1.0,0,0,0.0,0.0,14,0.0,0.0,0,0,1.0,0,0,4,5,0,0.0,0.0,0.0,15,0.0,0,0.0,0.0,4,0.0,0.0,0.0,0.0,1,0.0,0.0,0.0,0.0,4,0.0,0.0,0.0,0.0,3,0.0,0.0,0.0,0.0,21,0.0,0.0,24,24,52,0,0,0,0,52
2012-09,0,0.0,0,0,75,0,0,0,0.0,48,0.0,0.0,7,0.0,4,0.0,0,0.0,0.0,13,0.0,0.0,0.0,0.0,4,0.0,0.0,0.0,0.0,18,0,0,0.0,0,6,0,33,34,26,75,0.0,44,0,29,75,29,29,0,0,75,0.0,0,1.0,0.0,1.0,0,0,0.0,0.0,20,0.0,0.0,0,0,1.0,0,0,3,8,0,0.0,0.0,0.0,21,0.0,0,0.0,0.0,6,0.0,0.0,0.0,0.0,2,0.0,0.0,2.0,0.0,5,0.0,0.0,0.0,0.0,4,0.0,0.0,0.0,0.0,30,0.0,0.0,0,0,75,0,0,0,0,75
2012-10,0,0.0,0,0,49,22,0,0,0.0,31,0.0,0.0,4,0.0,3,0.0,0,0.0,0.0,8,0.0,0.0,0.0,0.0,2,0.0,0.0,0.0,0.0,11,2,0,0.0,0,4,0,27,23,34,49,0.0,0,0,28,49,28,28,0,0,49,0.0,0,1.0,0.0,1.0,0,0,0.0,0.0,13,0.0,0.0,0,0,1.0,0,0,3,5,0,0.0,0.0,0.0,14,0.0,0,0.0,0.0,4,0.0,0.0,0.0,0.0,1,0.0,0.0,0.0,0.0,4,0.0,0.0,0.0,0.0,2,0.0,0.0,0.0,0.0,20,0.0,0.0,35,35,49,0,0,0,0,49
2012-11,0,0.0,0,0,53,0,0,0,0.0,33,0.0,0.0,8,0.0,3,0.0,0,0.0,0.0,9,0.0,0.0,0.0,0.0,3,0.0,0.0,0.0,0.0,12,2,0,0.0,0,4,0,23,26,28,53,0.0,0,0,28,53,28,28,0,0,53,0.0,0,1.0,0.0,1.0,0,0,0.0,0.0,14,0.0,0.0,0,0,1.0,0,0,2,5,0,0.0,0.0,0.0,15,0.0,0,0.0,0.0,4,0.0,0.0,0.0,0.0,1,0.0,0.0,0.0,0.0,4,0.0,0.0,0.0,0.0,3,0.0,0.0,0.0,0.0,21,0.0,0.0,0,0,53,0,0,0,0,53
2012-12,0,0.0,0,0,66,19,0,0,0.0,41,0.0,0.0,8,0.0,4,0.0,0,0.0,0.0,11,0.0,0.0,0.0,0.0,3,0.0,0.0,0.0,0.0,15,2,0,0.0,0,5,0,31,25,17,66,0.0,25,0,31,66,31,31,0,0,66,0.0,0,1.0,0.0,1.0,0,0,0.0,0.0,17,0.0,0.0,0,0,1.0,0,0,3,7,0,0.0,0.0,0.0,18,0.0,0,0.0,0.0,5,0.0,0.0,0.0,0.0,2,0.0,0.0,0.0,0.0,5,0.0,0.0,0.0,0.0,3,0.0,0.0,0.0,0.0,26,0.0,0.0,30,30,66,0,0,0,0,66
2013-01,0,0.0,0,0,68,17,0,0,0.0,43,0.0,0.0,4,0.0,4,0.0,0,0.0,0.0,12,0.0,0.0,0.0,0.0,3,0.0,0.0,0.0,0.0,16,2,0,0.0,0,5,0,33,30,28,68,0.0,0,0,23,68,23,23,0,0,68,0.0,0,1.0,0.0,1.0,0,0,0.0,0.0,18,0.0,0.0,0,0,1.0,0,0,4,7,0,0.0,0.0,0.0,19,0.0,0,0.0,0.0,5,0.0,0.0,0.0,0.0,2,0.0,0.0,1.0,0.0,5,0.0,0.0,0.0,0.0,3,0.0,0.0,0.0,0.0,27,0.0,0.0,27,27,68,0,0,0,0,68
2013-02,0,0.0,0,0,62,0,0,15,0.0,39,0.0,0.0,4,0.0,4,0.0,0,0.0,0.0,11,0.0,0.0,0.0,0.0,3,0.0,0.0,0.0,0.0,14,3,0,0.0,0,5,0,41,45,44,62,0.0,0,0,36,62,36,36,0,0,62,0.0,0,1.0,0.0,1.0,0,0,0.0,0.0,16,0.0,0.0,0,0,1.0,0,0,6,6,0,0.0,0.0,0.0,17,0.0,0,0.0,0.0,5,0.0,0.0,0.0,0.0,2,0.0,0.0,0.0,0.0,4,0.0,0.0,0.0,0.0,3,0.0,10.0,0.0,10.0,25,0.0,0.0,0,0,62,0,21,0,0,62
2013-03,0,0.0,0,0,76,13,11,0,0.0,48,0.0,0.0,4,0.0,5,0.0,0,0.0,0.0,13,0.0,0.0,0.0,0.0,4,0.0,0.0,0.0,0.0,18,2,0,0.0,0,6,0,28,37,26,76,0.0,17,0,0,76,0,0,0,18,76,0.0,0,1.0,0.0,1.0,0,0,0.0,0.0,20,0.0,0.0,0,0,1.0,0,0,3,8,0,0.0,0.0,0.0,22,0.0,0,0.0,0.0,6,0.0,0.0,0.0,0.0,2,0.0,0.0,0.0,0.0,6,0.0,1.0,0.0,0.0,4,0.0,0.0,0.0,0.0,31,0.0,0.0,21,21,76,0,0,0,0,76
2013-04,0,0.0,0,0,55,0,0,0,0.0,35,0.0,0.0,3,0.0,3,0.0,0,0.0,0.0,9,0.0,0.0,0.0,0.0,3,0.0,0.0,0.0,0.0,13,2,0,0.0,0,4,0,27,24,28,55,0.0,22,0,41,55,41,41,0,0,55,0.0,0,1.0,0.0,1.0,0,0,4.0,0.0,14,0.0,0.0,0,0,1.0,0,0,4,6,0,0.0,0.0,0.0,15,0.0,0,0.0,0.0,4,0.0,0.0,0.0,0.0,2,0.0,0.0,0.0,0.0,4,0.0,0.0,0.0,0.0,3,0.0,0.0,0.0,0.0,22,0.0,0.0,0,0,55,0,0,0,0,55
2013-05,0,0.0,0,0,65,15,0,0,0.0,41,0.0,0.0,3,0.0,4,0.0,0,0.0,0.0,11,0.0,0.0,0.0,0.0,3,0.0,0.0,0.0,0.0,15,2,0,0.0,0,5,0,23,19,24,65,0.0,21,0,25,65,25,25,0,16,65,0.0,0,1.0,0.0,1.0,0,0,0.0,0.0,17,0.0,0.0,0,0,1.0,0,0,0,7,0,0.0,0.0,0.0,18,0.0,0,1.0,0.0,5,0.5,0.0,0.0,0.0,2,0.0,0.0,1.0,0.0,5,0.0,0.0,0.0,0.0,3,0.0,0.0,0.0,0.0,26,0.0,0.0,23,23,65,0,0,0,0,65
2013-06,0,0.0,0,0,73,0,0,0,0.0,46,0.0,0.0,3,0.0,4,0.0,0,0.0,0.0,13,0.0,0.0,0.0,0.0,4,0.0,5.0,0.0,0.0,17,4,0,0.0,0,6,0,41,28,28,73,0.0,14,0,48,73,48,48,0,21,73,0.0,0,1.0,0.0,1.0,0,0,0.0,0.0,19,0.0,0.0,0,0,1.0,0,0,3,7,0,0.0,0.0,0.0,20,0.0,0,0.0,0.0,6,0.0,0.0,0.0,0.0,2,0.0,0.0,1.0,0.0,5,0.0,1.0,0.0,0.0,4,0.0,0.0,0.0,0.0,29,0.0,0.0,0,0,73,0,0,0,0,73
2013-07,0,0.0,0,0,66,11,0,0,0.0,42,0.0,0.0,2,0.0,4,0.0,0,0.0,0.0,11,0.0,0.0,0.0,0.0,3,0.0,0.0,0.0,0.0,15,3,0,0.0,0,5,0,32,33,26,66,0.0,0,0,42,66,42,42,0,0,66,0.0,0,1.0,0.0,1.0,0,0,0.0,0.0,17,0.0,0.0,0,0,1.0,0,0,4,7,0,0.0,0.0,0.0,19,0.0,0,0.0,0.0,5,0.0,0.0,0.0,0.0,2,0.0,0.0,1.0,0.0,5,0.0,0.0,0.0,0.0,3,0.0,0.0,0.0,0.0,27,0.0,0.0,17,17,66,0,0,0,0,66
2013-08,0,0.0,0,0,82,11,0,0,0.0,52,0.0,0.0,4,0.0,5,0.0,0,0.0,0.0,14,0.0,0.0,0.0,0.0,4,0.0,0.0,0.0,0.0,19,2,0,0.0,0,6,0,34,22,28,82,0.0,0,0,22,82,22,22,0,0,82,0.0,0,1.0,0.0,1.0,0,0,0.0,0.0,21,0.0,0.0,0,0,1.0,0,0,6,8,0,0.0,0.0,0.0,23,0.0,0,0.0,0.0,7,0.0,0.0,0.0,0.0,2,0.0,0.0,1.0,0.0,6,0.0,0.0,0.0,0.0,4,0.0,0.0,0.0,0.0,33,0.0,0.0,17,17,82,0,0,0,0,82
2013-09,0,0.0,0,0,56,8,0,0,0.0,36,0.0,0.0,4,0.0,3,0.0,0,0.0,0.0,10,0.0,0.0,0.0,0.0,3,0.0,0.0,0.0,0.0,13,2,0,0.0,0,4,0,39,24,35,56,0.0,17,0,50,56,50,50,0,0,56,0.0,0,1.0,0.0,1.0,0,0,0.0,0.0,15,0.0,0.0,0,0,1.0,0,0,4,6,0,0.0,0.0,0.0,16,0.0,0,0.0,1.0,4,0.0,0.0,0.5,0.0,2,0.0,0.0,1.0,0.0,4,0.0,0.0,0.0,0.0,3,0.0,0.0,0.0,0.0,23,0.0,0.0,13,13,56,0,0,0,0,56
2013-10,0,0.0,0,0,58,9,0,0,0.0,36,0.0,0.0,7,0.0,3,0.0,0,0.0,0.0,10,0.0,0.0,0.0,0.0,3,0.0,0.0,0.0,0.0,13,2,0,0.0,0,4,0,25,22,21,58,0.0,17,0,38,58,38,38,0,15,58,0.0,0,1.0,0.0,1.0,0,0,0.0,0.0,15,0.0,0.0,0,0,1.0,0,0,3,6,0,0.0,0.0,0.0,16,0.0,0,0.0,0.0,5,0.0,0.0,0.0,0.0,2,0.0,0.0,1.0,0.0,4,0.0,0.0,0.0,0.0,3,0.0,0.0,0.0,0.0,23,0.0,0.0,15,15,58,0,0,0,0,58
2013-11,0,0.0,0,0,72,8,0,0,0.0,45,0.0,0.0,4,0.0,4,0.0,0,0.0,0.0,12,0.0,0.0,0.0,0.0,3,0.0,0.0,0.0,0.0,17,2,0,0.0,0,6,0,21,20,23,72,0.0,22,0,36,72,36,36,0,0,72,0.0,0,1.0,0.0,1.0,0,0,0.0,0.0,19,0.0,0.0,0,0,1.0,0,0,3,7,0,0.0,0.0,0.0,20,0.0,0,0.0,0.0,6,0.0,0.0,0.0,0.0,2,0.0,0.0,2.0,0.0,5,0.0,0.0,0.0,0.0,4,0.0,0.0,0.0,0.0,29,13.0,0.0,13,13,72,0,0,0,0,72
2013-12,0,0.0,0,0,66,7,0,0,0.0,42,0.0,0.0,4,0.0,4,0.0,0,0.0,0.0,11,0.0,0.0,0.0,0.0,3,0.0,0.0,0.0,0.0,15,4,0,0.0,0,5,0,26,31,28,66,0.0,14,0,43,66,43,43,0,14,66,0.5,0,1.0,0.0,1.0,0,0,0.0,0.0,17,0.0,0.0,0,0,1.0,0,0,5,7,0,0.0,0.0,0.0,19,0.0,0,1.0,0.0,5,0.5,0.0,0.0,0.0,2,0.0,0.0,1.0,0.0,5,0.0,0.0,0.0,0.0,3,0.0,0.0,0.0,0.0,27,0.0,0.0,12,12,66,0,0,0,0,66
2014-01,0,0.0,0,0,73,11,0,0,0.0,46,0.0,0.0,3,0.0,4,0.0,0,0.0,0.0,13,0.0,0.0,0.0,0.0,4,0.0,0.0,0.0,0.0,17,2,0,0.0,0,6,0,24,30,26,73,0.0,11,0,47,73,47,47,11,0,73,0.0,0,1.0,0.0,1.0,0,0,0.0,0.0,19,0.0,0.0,0,0,1.0,0,0,3,7,0,0.0,0.0,0.0,20,0.0,0,0.0,1.0,6,0.0,0.0,0.0,0.0,2,0.0,0.0,1.0,0.0,5,0.0,0.0,0.0,0.0,4,0.0,0.0,0.0,0.0,29,0.0,0.0,17,17,73,0,0,0,0,73
2014-02,0,0.0,0,0,76,11,0,0,0.0,48,0.0,0.0,3,0.0,4,0.0,0,0.0,0.0,13,0.0,0.0,0.0,0.0,4,0.0,0.0,0.0,0.0,18,0,0,0.0,0,6,0,31,26,28,76,0.0,14,0,30,76,30,30,25,0,76,0.0,0,1.0,0.0,1.0,0,0,0.0,0.0,20,0.0,0.0,0,0,1.0,0,0,3,8,0,0.0,0.0,0.0,21,0.0,0,0.0,0.0,6,0.0,0.0,0.0,0.0,2,0.0,0.0,0.0,0.0,5,0.0,0.0,0.0,0.0,4,0.0,0.0,0.0,0.0,30,0.0,0.0,18,18,76,0,0,0,0,76
2014-03,0,0.0,0,0,59,9,0,0,0.0,37,0.0,0.0,3,0.0,4,0.0,0,0.0,0.0,10,0.0,0.0,0.0,0.0,3,0.0,0.0,0.0,0.0,14,2,0,1.0,0,5,0,40,35,37,59,0.0,17,0,62,59,62,62,0,0,59,0.0,0,1.0,0.0,1.0,0,0,0.0,0.0,15,0.0,0.0,0,0,1.0,0,0,3,6,0,0.0,0.0,0.0,17,0.0,0,0.0,1.0,5,0.0,0.0,0.0,0.0,2,0.0,0.0,1.0,0.0,4,0.0,0.0,0.0,0.0,3,0.0,0.0,0.0,0.0,24,0.0,0.0,14,14,59,0,0,0,0,59
2014-04,0,0.0,0,0,46,7,5,0,0.0,29,0.0,0.0,2,0.0,3,0.0,0,0.0,0.0,8,0.0,0.0,0.0,0.0,2,0.0,0.0,0.0,0.0,11,2,0,1.0,0,4,0,23,22,23,46,0.0,12,0,34,46,34,34,0,0,46,0.5,0,1.0,0.0,1.0,0,0,0.0,0.0,12,0.0,0.0,0,0,1.0,0,0,3,5,0,0.0,0.0,0.0,13,0.0,0,1.0,1.0,4,0.5,0.0,0.0,0.0,1,0.0,0.0,1.0,0.0,3,0.0,0.0,0.0,0.0,2,0.0,0.0,0.0,0.0,18,0.0,0.0,11,11,46,0,0,0,0,46
2014-05,0,0.0,0,0,39,5,3,0,0.0,25,0.0,0.0,2,0.0,2,0.0,0,0.0,0.0,7,0.0,0.0,0.0,0.0,2,0.0,0.0,0.0,0.0,9,1,0,0.0,0,3,0,19,15,18,39,0.0,12,0,19,39,19,19,5,5,39,0.5,0,1.0,0.0,1.0,0,0,0.0,0.0,10,0.0,0.0,0,0,1.0,0,0,2,4,0,0.0,0.0,0.0,11,0.0,0,0.0,0.0,3,0.0,0.0,0.0,0.0,1,0.0,0.0,0.5,0.0,3,0.0,0.0,0.0,0.0,2,0.0,0.0,0.0,0.0,16,0.0,0.0,7,7,39,0,4,0,0,39
2014-06,0,0.0,0,0,32,4,0,0,0.0,20,0.0,0.0,2,0.0,2,0.0,0,0.0,1.0,6,0.0,0.0,0.0,0.0,2,0.0,0.0,0.0,0.0,8,1,0,0.5,0,2,0,15,15,14,32,0.0,15,0,18,32,18,18,0,7,32,0.5,0,1.0,0.0,1.0,0,0,0.0,0.0,8,0.0,0.0,0,0,0.5,0,0,3,3,0,0.0,0.0,0.0,9,0.0,0,0.0,0.5,3,0.0,0.0,0.0,0.0,1,0.0,0.0,0.5,0.0,2,0.0,0.0,0.0,0.0,2,0.0,0.0,0.0,0.0,13,0.0,0.0,6,6,32,0,0,0,0,32
2014-07,0,0.0,0,0,36,5,0,0,0.0,23,0.0,0.0,2,0.0,2,0.0,0,0.0,0.0,6,0.0,0.0,0.0,0.0,2,0.0,0.0,0.0,0.0,8,1,0,0.5,0,3,0,18,16,15,36,0.0,9,0,13,36,13,13,6,12,36,0.5,0,1.0,0.0,1.0,0,0,0.0,0.0,9,0.0,0.0,0,0,1.0,0,0,3,4,0,0.0,0.0,0.0,10,0.0,0,0.5,0.0,3,0.5,0.0,0.0,0.0,1,0.0,0.0,0.5,0.0,3,0.0,0.0,0.0,0.0,2,0.0,0.0,0.0,0.0,15,0.0,0.0,7,7,36,0,0,0,0,36
2014-08,0,0.0,0,0,41,4,0,0,0.0,26,0.0,0.0,2,0.0,2,0.0,0,0.0,0.0,7,0.0,0.0,0.0,0.0,2,0.0,0.0,0.0,0.0,10,1,0,0.0,0,3,0,15,14,16,41,0.0,8,0,17,41,17,17,4,5,41,0.5,0,1.0,0.0,1.0,0,0,0.0,0.0,11,0.0,0.0,0,0,1.0,0,0,2,4,0,0.0,0.0,0.0,12,0.0,0,0.5,0.0,3,0.5,0.0,0.0,0.0,1,0.0,0.0,1.0,0.0,3,0.0,0.0,0.0,0.0,2,0.0,0.0,0.0,0.0,17,0.0,0.0,7,7,41,0,0,0,0,41
2014-09,0,0.0,0,0,36,4,0,0,0.0,23,0.0,0.0,3,0.0,2,0.0,0,0.0,0.0,6,0.0,0.0,0.0,0.0,2,0.0,0.0,0.0,0.0,9,1,0,0.0,0,3,0,16,14,13,36,0.0,8,0,15,36,15,15,8,5,36,0.5,0,0.5,0.0,1.0,0,0,0.0,0.0,9,0.0,0.0,0,0,1.0,0,0,3,4,0,0.0,0.0,0.0,10,0.0,0,0.0,0.0,3,0.0,0.0,0.0,0.0,1,0.0,0.0,1.0,0.0,3,0.0,0.0,0.0,0.0,2,0.0,0.0,0.0,0.0,15,0.0,0.0,7,7,36,0,0,0,0,36
2014-10,0,0.0,0,0,38,3,0,0,0.0,24,0.0,0.0,4,0.0,2,0.0,0,0.0,0.0,7,0.0,0.0,0.0,0.0,2,0.0,0.0,0.0,0.0,9,1,0,0.5,0,3,0,15,13,15,38,0.0,10,0,12,38,12,12,5,7,38,0.5,0,0.5,0.0,1.0,0,0,0.0,0.0,10,0.0,0.0,0,0,1.0,0,0,2,4,0,0.0,0.0,0.0,11,0.0,0,0.5,0.5,3,0.5,0.0,0.0,0.0,1,0.0,0.0,1.0,0.0,3,0.0,0.0,0.0,0.0,2,0.0,0.0,0.0,0.0,15,0.0,0.0,5,5,38,0,0,0,0,38
2014-11,4,0.0,0,0,42,3,2,0,0.0,26,0.0,0.0,3,0.5,2,0.0,0,0.0,0.0,7,0.0,0.0,0.0,0.0,2,0.0,0.0,0.0,0.0,10,1,0,0.5,0,3,0,14,17,15,42,0.0,9,0,10,42,10,10,5,6,42,0.5,0,1.0,0.0,1.0,0,0,0.0,0.0,11,0.0,0.0,0,0,1.0,0,0,2,4,0,0.0,0.0,0.0,12,0.0,0,0.5,0.5,3,0.5,0.0,0.0,0.0,1,0.0,0.0,1.0,0.0,3,0.0,0.0,0.0,0.0,2,0.0,0.0,0.0,0.0,17,0.0,0.0,5,5,42,0,0,0,0,42
2014-12,0,0.0,0,0,45,4,2,0,0.0,28,0.0,0.0,2,0.0,3,0.0,0,0.0,0.0,8,0.0,0.0,0.0,0.0,2,0.0,0.0,0.0,0.0,10,1,0,0.0,0,3,0,13,13,12,45,0.0,6,0,12,45,12,12,5,6,45,0.5,0,1.0,0.0,1.0,0,0,0.0,0.0,12,0.0,0.0,0,0,1.0,0,0,3,5,0,0.0,0.0,0.0,13,0.0,0,0.5,0.5,4,0.5,0.0,0.0,0.0,1,0.0,0.0,0.5,0.0,3,0.0,0.0,0.0,0.0,2,0.0,0.0,0.0,0.0,18,0.0,0.0,7,7,45,0,0,0,0,45
2015-01,0,0.0,0,0,41,5,2,0,0.0,26,0.0,0.0,2,0.0,2,1.0,0,0.0,0.0,7,0.0,0.0,0.0,0.0,2,0.0,0.0,0.0,0.0,10,1,0,0.5,0,3,0,19,20,23,41,0.0,14,0,10,41,10,10,0,5,41,0.5,0,0.5,0.0,1.0,0,0,0.0,0.0,11,0.0,0.0,0,0,1.0,0,0,3,4,0,0.0,0.0,0.0,12,0.0,0,0.5,0.5,3,0.5,0.0,0.0,0.0,1,0.0,0.0,1.0,0.0,3,0.0,0.0,0.0,0.0,2,0.0,0.0,0.0,0.0,17,0.0,0.0,8,8,41,0,0,0,0,41
2015-02,0,0.0,0,0,49,4,0,0,0.0,31,0.0,0.0,1,0.0,3,0.0,0,0.0,0.0,9,0.0,0.0,0.0,0.0,2,0.0,0.0,0.0,0.0,12,1,0,0.0,0,4,0,12,13,13,49,0.0,9,0,15,49,15,15,6,0,49,0.5,0,1.0,0.0,1.0,0,0,0.0,0.0,13,0.0,0.0,0,0,1.0,0,0,2,5,0,0.0,0.0,0.0,14,0.0,0,0.0,0.0,4,0.0,0.0,0.0,0.0,1,0.0,0.0,1.0,0.0,4,0.0,0.0,0.0,0.0,2,0.0,0.0,0.0,0.0,20,0.0,0.0,7,7,49,0,0,0,0,49
2015-03,0,0.0,0,0,43,5,0,0,0.0,27,0.0,0.0,2,0.0,3,0.0,0,0.0,0.0,7,0.0,0.0,0.0,0.0,2,0.0,0.0,0.0,0.0,10,1,0,0.5,0,3,0,17,16,17,43,0.0,10,0,11,43,11,11,4,6,43,0.5,0,1.0,0.0,1.0,0,0,0.0,0.0,11,0.0,0.0,0,0,1.0,0,0,2,4,0,0.0,0.0,0.0,12,0.0,0,0.0,0.0,3,0.0,0.0,0.0,0.0,1,0.0,0.0,1.0,0.0,3,0.0,0.0,0.5,0.0,2,0.0,2.0,0.0,0.0,17,0.0,0.0,8,8,43,0,0,0,0,43
2015-04,0,0.0,0,0,37,3,0,0,0.0,24,0.0,0.0,2,0.0,2,0.0,0,0.0,0.0,6,0.0,0.0,0.0,0.0,2,0.0,0.0,0.0,0.0,9,1,0,0.0,0,3,0,13,13,14,37,0.0,10,0,10,37,10,10,7,7,37,0.5,0,0.5,0.0,1.0,0,0,0.0,0.0,10,0.0,0.0,0,0,1.0,0,0,2,4,0,0.0,0.0,0.0,10,0.0,0,0.0,0.0,3,0.0,0.0,0.0,0.0,1,0.0,0.0,1.0,0.0,3,0.0,0.0,0.0,0.0,2,0.0,0.0,0.0,0.0,15,0.0,0.0,5,5,37,0,0,0,0,37
2015-05,0,0.0,0,0,35,3,3,0,0.0,22,0.0,0.0,1,0.0,2,0.0,0,0.0,0.0,6,0.0,0.0,0.0,0.0,2,0.0,0.0,0.0,0.0,8,1,0,1.0,0,3,0,18,18,18,35,0.0,9,0,16,35,16,16,4,4,35,0.5,0,1.0,0.0,1.0,0,0,0.0,0.0,9,0.0,0.0,0,0,1.0,0,0,2,4,0,0.0,0.0,0.0,10,0.0,0,0.0,0.0,3,0.0,0.0,0.0,0.0,1,0.0,0.0,0.5,0.0,3,0.0,0.0,0.0,0.0,2,0.0,0.0,0.0,0.0,14,0.0,0.0,5,5,35,0,5,0,0,35
2015-06,0,0.0,0,0,39,0,0,0,0.0,25,0.0,0.0,1,0.0,2,0.0,0,0.0,0.0,7,0.0,0.0,0.0,0.0,2,0.0,0.0,0.0,0.0,9,1,0,0.5,0,3,0,17,20,17,39,0.0,10,0,19,39,19,19,5,13,39,0.5,0,1.0,0.0,1.0,0,0,0.0,0.0,10,0.0,0.0,0,0,1.0,0,0,3,4,0,0.0,0.0,0.0,11,0.0,0,0.0,0.0,3,0.0,0.0,0.0,0.0,1,0.0,0.0,1.0,0.0,3,0.0,0.0,0.0,0.0,2,0.0,0.0,0.0,0.0,16,0.0,0.0,0,0,39,0,0,0,0,39
2015-07,0,0.0,0,0,40,3,0,0,0.0,25,0.0,0.0,2,0.0,2,1.0,0,0.0,0.0,7,0.0,0.0,0.0,0.0,2,0.0,0.0,0.0,0.0,9,1,0,0.0,0,3,0,15,15,13,40,0.0,14,0,23,40,23,23,0,5,40,0.5,0,1.0,0.0,1.0,0,0,0.0,0.0,10,0.0,0.0,0,0,1.0,0,0,3,4,0,0.0,0.0,0.0,11,0.0,0,0.0,0.0,3,0.0,0.0,0.0,0.0,1,0.0,0.0,1.0,0.0,3,0.0,0.0,0.0,0.0,2,0.0,0.0,0.0,0.0,16,0.0,0.0,4,4,40,0,0,0,0,40
2015-08,0,0.0,0,0,48,7,0,0,0.0,30,0.0,0.0,3,0.0,3,1.0,0,0.0,1.0,8,0.0,0.0,0.0,0.0,2,0.0,0.0,0.0,0.0,11,1,0,1.0,0,4,0,23,17,22,48,0.0,9,0,20,48,20,20,0,0,48,0.5,0,1.0,0.0,1.0,0,0,0.0,0.0,13,0.0,0.0,0,0,1.0,0,0,3,5,0,0.0,0.0,0.0,14,0.0,0,0.0,0.0,4,0.0,0.0,0.0,0.0,1,0.0,0.0,1.0,0.0,3,0.0,0.0,0.0,0.0,2,0.0,0.0,0.0,0.0,19,0.0,0.0,10,10,48,0,0,0,0,48
2015-09,0,0.0,0,0,46,7,5,0,0.0,29,0.0,0.0,6,0.0,3,0.0,0,0.0,0.0,8,0.0,0.0,0.0,0.0,2,0.0,0.0,0.0,0.0,11,2,0,0.5,0,4,0,23,24,23,46,0.0,13,0,26,46,26,26,5,0,46,0.5,0,1.0,0.0,1.0,0,0,0.0,0.0,12,0.0,0.0,0,0,1.0,0,0,3,5,0,0.0,0.0,0.0,13,0.0,0,0.0,0.0,4,0.0,0.0,0.0,0.0,1,0.0,0.0,1.0,0.0,3,0.0,0.0,0.0,0.0,2,0.0,0.0,0.0,0.0,19,0.0,0.0,10,10,46,0,0,0,0,46
2015-10,0,0.0,0,0,44,6,0,0,0.0,28,0.0,0.0,4,0.0,3,0.0,0,0.0,0.0,8,0.0,0.0,0.0,0.0,2,0.0,0.0,0.0,0.0,10,1,0,0.5,0,3,0,22,24,22,44,0.0,11,0,21,44,21,21,4,4,44,0.5,0,1.0,0.0,1.0,0,0,0.0,1.0,11,0.0,0.0,0,0,1.0,0,0,4,4,0,0.0,0.0,0.0,12,0.0,0,0.0,0.0,3,0.0,0.0,0.0,0.0,1,0.0,0.0,1.0,0.0,3,0.0,0.0,0.0,0.0,2,0.0,0.0,0.0,0.0,18,0.0,0.0,9,9,44,0,0,0,0,44
2015-11,0,0.0,0,0,44,6,3,0,0.0,28,0.0,0.0,2,0.0,3,0.0,0,0.0,0.0,8,0.0,0.0,0.0,0.0,2,0.0,0.0,0.0,0.0,10,1,0,0.0,0,3,0,20,21,21,44,0.0,13,0,20,44,20,20,5,0,44,0.5,0,1.0,0.0,1.0,0,0,0.0,0.0,11,0.0,0.0,0,0,1.0,0,0,3,4,0,0.0,0.0,0.0,12,0.0,0,0.0,0.0,3,0.0,0.0,0.0,0.0,1,0.0,0.0,1.0,0.0,3,0.0,0.0,0.0,0.0,2,0.0,0.0,0.0,0.0,18,0.0,0.0,10,10,44,0,0,0,0,44
2015-12,0,0.0,0,0,71,7,0,0,0.0,45,0.0,0.0,2,0.0,4,0.0,0,0.0,0.0,12,0.0,0.0,0.0,0.0,3,0.0,0.0,0.0,0.0,17,1,0,1.0,0,5,0,25,26,25,71,0.0,10,0,24,71,24,24,0,8,71,0.5,0,1.0,0.0,1.0,0,0,0.0,0.0,18,0.0,0.0,0,0,1.0,0,0,4,7,0,0.0,0.0,0.0,20,0.0,0,0.0,0.0,6,0.0,0.0,0.0,0.0,2,0.0,0.0,1.0,0.0,5,0.0,0.0,0.5,0.0,4,0.0,0.0,0.0,0.0,28,0.0,0.0,11,11,71,0,0,0,0,71
2016-01,0,0.0,0,0,41,5,3,0,0.0,26,0.0,0.0,2,0.5,2,0.0,0,0.0,0.0,7,0.0,0.0,0.0,0.0,2,0.0,0.0,0.0,0.0,9,1,0,0.5,0,3,0,15,17,16,41,0.0,12,0,13,41,13,13,7,6,41,0.5,0,0.5,0.0,1.0,0,0,0.0,0.0,11,0.0,0.0,0,0,1.0,0,0,4,4,0,0.0,0.0,0.0,11,0.0,0,0.0,0.0,3,0.0,0.5,0.0,0.0,1,0.0,0.0,1.0,0.0,3,0.0,0.0,0.0,0.0,2,0.0,0.0,0.0,0.0,16,0.0,0.0,7,7,41,0,0,0,0,41
2016-02,0,0.0,0,0,35,6,0,0,0.0,22,0.0,0.0,1,0.5,2,0.5,0,0.0,0.0,6,0.0,0.0,0.0,0.0,2,0.0,0.0,0.0,0.0,8,1,0,0.5,0,3,0,22,22,21,35,0.0,14,0,13,35,13,13,8,8,35,0.5,0,0.5,0.0,1.0,0,0,0.0,0.0,9,0.0,0.0,0,0,1.0,0,0,3,3,0,0.0,0.0,0.0,10,0.0,0,0.5,0.5,3,0.5,0.0,0.0,0.0,1,0.0,0.0,1.0,0.0,3,0.0,0.0,0.0,0.0,2,0.0,0.0,0.0,0.0,14,0.0,0.0,9,9,35,0,0,0,0,35
2016-03,0,0.0,0,0,26,3,1,0,0.0,16,0.0,0.0,1,0.5,2,0.0,0,0.0,0.0,4,0.0,0.0,0.0,0.0,1,0.0,0.0,0.0,0.0,6,1,0,0.5,0,2,0,13,13,13,26,0.0,10,1,4,26,4,4,8,5,26,0.5,0,0.5,0.0,0.5,0,0,0.0,0.0,7,0.0,0.0,0,0,0.5,0,0,2,3,0,0.0,0.0,0.0,7,0.0,0,0.5,0.5,2,0.5,0.5,0.0,0.0,1,0.0,0.0,1.0,0.0,2,0.0,0.0,0.0,0.0,1,0.0,0.5,0.5,0.5,10,0.0,0.0,5,5,26,0,1,0,0,26
2016-04,0,0.0,0,0,27,3,1,0,0.0,17,0.0,0.0,1,0.0,2,0.0,0,0.0,0.0,5,0.0,0.0,0.0,0.0,1,0.0,0.0,0.0,0.5,6,1,0,0.5,0,2,0,14,14,15,27,0.0,10,0,5,27,5,5,9,5,27,0.5,0,0.5,0.0,0.5,0,0,0.0,0.0,7,0.0,0.0,0,0,0.5,0,0,2,3,0,0.0,0.0,0.0,8,0.0,0,0.5,0.5,2,0.5,0.5,0.0,0.0,1,0.0,0.0,1.0,0.0,2,0.5,0.0,0.0,0.0,1,0.0,1.0,1.0,1.0,11,0.0,0.0,5,5,27,0,2,0,0,27
2016-05,0,0.0,0,0,30,7,0,0,0.0,19,0.0,0.0,2,0.0,2,0.0,0,0.0,0.0,5,0.0,0.0,0.0,0.0,1,0.0,0.0,0.0,0.0,7,1,0,0.5,0,2,0,17,17,17,30,0.0,15,2,11,30,11,11,8,7,30,0.5,0,1.0,0.5,1.0,0,0,0.0,0.0,8,0.5,0.0,0,0,0.5,0,0,2,3,0,0.0,0.0,0.0,8,0.0,0,0.5,0.0,2,0.5,0.0,0.0,0.0,1,0.0,0.0,1.0,0.0,2,0.0,0.0,0.0,0.0,1,0.0,0.0,0.0,0.0,12,0.0,0.0,11,11,30,0,0,0,0,30
2016-06,0,0.0,0,0,42,4,2,0,0.0,27,0.0,0.0,1,0.0,3,0.0,0,0.0,0.0,7,0.0,0.0,0.0,0.0,2,0.0,0.0,0.0,0.0,10,1,0,0.5,0,3,0,15,15,15,42,0.0,10,0,9,42,9,9,8,9,42,0.5,0,1.0,0.0,1.0,0,0,0.0,0.0,11,0.0,0.0,0,0,1.0,0,0,4,4,0,0.0,0.0,0.0,12,0.0,0,0.5,0.5,3,0.5,0.0,0.0,0.0,1,0.0,0.0,1.0,0.0,3,0.0,0.0,0.0,0.0,2,0.0,0.0,0.0,0.0,17,0.0,0.0,7,7,42,0,0,0,0,42
2016-07,0,0.0,0,0,31,3,2,0,0.0,19,0.0,0.0,1,0.5,2,0.0,0,0.0,0.0,5,0.0,0.0,0.0,0.0,1,0.0,0.0,0.0,0.0,7,1,0,0.5,0,2,0,18,17,17,31,0.0,13,0,15,31,15,15,8,9,31,0.5,0,1.0,0.0,1.0,0,0,0.0,0.0,8,0.0,0.0,0,0,0.5,0,0,3,3,0,0.0,0.0,0.0,9,0.0,0,0.5,0.0,2,0.5,0.0,0.0,0.0,1,0.0,0.0,0.5,0.0,2,0.0,0.0,0.0,0.0,2,0.0,0.0,1.0,0.0,12,0.0,0.0,5,5,31,0,2,0,0,31
2016-08,0,0.0,0,0,32,5,0,0,0.0,20,0.0,0.0,3,0.0,2,0.0,0,0.0,0.0,5,0.0,0.0,0.0,0.0,2,0.0,0.0,0.0,0.0,7,1,0,0.5,0,2,0,19,20,19,32,0.0,10,0,15,32,15,15,9,6,32,0.5,0,1.0,0.0,1.0,0,0,0.0,0.0,8,0.0,0.0,0,0,0.5,0,0,3,3,0,0.0,0.0,0.0,9,0.0,0,0.5,0.5,3,0.5,0.5,0.0,0.0,1,0.0,0.0,1.0,0.0,2,0.0,0.0,0.5,0.0,2,0.0,0.0,0.0,0.0,13,0.0,0.0,9,9,32,0,0,0,0,32
2016-09,0,0.0,0,0,33,3,1,0,0.0,21,0.0,0.0,4,0.5,2,0.0,0,0.0,0.5,6,0.0,0.0,0.0,0.0,2,0.0,0.0,1.0,0.0,8,1,0,0.5,0,3,0,18,19,18,33,0.0,13,3,11,33,11,11,11,6,33,0.5,0,1.0,0.0,1.0,0,0,0.0,0.0,9,0.0,0.5,0,0,1.0,0,0,3,3,0,0.0,0.0,0.0,9,0.0,0,0.5,0.5,3,0.5,0.5,0.0,0.0,1,0.0,0.0,1.0,0.0,2,0.0,0.0,0.0,0.0,2,0.0,0.0,0.0,0.0,13,0.0,0.0,5,5,33,0,0,0,0,33
2016-10,0,0.0,0,0,36,4,1,0,0.0,23,0.0,0.0,5,0.5,2,0.5,0,0.0,0.0,6,0.0,0.0,0.0,0.0,2,0.0,0.0,1.0,0.0,9,1,0,0.5,0,3,0,19,19,19,36,0.0,10,0,14,36,14,14,7,6,36,0.5,0,0.5,0.0,1.0,0,0,0.0,0.0,9,0.0,0.0,0,0,1.0,0,0,3,4,0,0.0,0.0,0.0,10,0.0,0,0.5,0.5,3,0.5,0.5,0.0,0.0,1,0.0,0.0,1.0,0.0,3,0.0,0.5,0.0,0.0,2,0.0,0.0,0.0,0.0,15,0.0,0.0,7,7,36,0,0,0,0,36
2016-11,0,0.0,0,0,38,5,2,0,0.0,24,0.0,0.0,3,0.0,2,1.0,0,0.0,0.0,7,0.0,0.0,0.0,0.0,2,0.0,0.0,0.5,0.0,9,1,0,0.5,0,3,0,15,15,15,38,0.0,9,0,15,38,15,15,5,4,38,0.5,0,1.0,0.0,1.0,0,0,0.0,0.0,10,0.0,0.0,0,0,1.0,0,0,3,4,0,0.0,0.0,0.0,11,0.0,0,0.5,0.5,3,0.5,0.5,0.0,0.0,1,0.0,0.0,1.0,0.0,3,0.0,0.0,0.0,0.0,2,0.0,0.0,0.0,0.0,15,0.0,0.0,9,9,38,0,3,0,0,38
2016-12,0,0.0,0,0,39,5,2,0,0.0,25,0.0,0.0,2,0.0,2,0.0,0,0.0,0.0,7,0.0,0.0,0.0,0.0,2,0.0,0.0,0.0,0.0,9,1,0,0.5,0,3,0,18,17,17,39,0.0,12,0,12,39,12,12,6,7,39,0.5,0,1.0,0.0,1.0,0,0,0.0,0.0,10,0.0,0.0,0,0,1.0,0,0,4,4,0,0.0,0.0,0.0,11,0.0,0,0.5,0.5,3,0.5,0.0,0.0,0.0,1,0.0,0.0,1.0,0.0,3,0.0,0.0,0.0,0.0,2,0.0,1.0,1.0,1.0,16,0.0,0.0,7,7,39,0,0,0,0,39
2017-01,0,0.0,0,0,32,6,0,0,0.0,20,0.0,0.0,2,0.0,2,0.0,0,0.0,0.0,6,0.0,0.0,0.0,0.0,2,0.0,0.0,0.0,0.0,7,1,0,0.5,0,2,0,21,21,21,32,0.0,12,2,13,32,13,13,7,8,32,0.5,0,1.0,0.0,1.0,0,0,0.0,0.0,8,0.0,0.0,0,0,0.5,0,0,3,3,0,0.0,0.0,0.0,9,0.0,0,0.5,0.5,3,0.5,0.0,0.0,0.0,1,0.0,0.0,1.0,0.0,2,0.0,0.0,0.0,0.0,2,0.0,0.0,0.0,0.0,13,0.0,0.0,10,10,32,0,0,0,0,32
2017-02,0,0.0,0,0,38,6,0,0,0.0,24,0.0,0.0,2,0.0,2,0.0,0,0.0,0.0,6,0.0,0.0,0.0,0.0,2,0.0,0.0,0.0,0.0,9,1,0,0.5,0,3,0,20,21,20,38,0.0,12,0,11,38,11,11,6,6,38,0.5,0,1.0,0.0,1.0,0,0,0.0,0.0,10,0.0,0.0,0,0,1.0,0,0,3,4,0,0.0,0.0,0.0,11,0.0,0,0.5,0.5,3,0.5,0.0,0.0,0.0,1,0.0,0.0,1.0,0.0,3,0.0,0.0,0.0,0.0,2,0.0,0.0,0.0,0.0,15,2.0,0.0,9,9,38,0,0,0,0,38
2017-03,0,0.0,0,0,32,6,2,0,0.0,20,0.0,0.0,2,0.5,2,0.0,0,0.0,0.0,6,0.0,0.0,0.0,0.0,2,0.0,0.0,0.0,0.0,7,1,0,0.5,0,2,0,24,23,23,32,0.0,11,0,12,32,12,12,7,6,32,0.5,0,1.0,0.0,1.0,0,0,0.0,0.0,8,0.0,0.0,0,0,0.5,0,0,3,3,0,0.0,0.0,0.0,9,0.0,0,0.5,0.5,3,0.5,0.5,0.0,0.0,1,0.0,0.0,1.0,0.0,2,0.0,0.0,0.0,0.0,2,0.0,0.0,0.0,0.0,13,2.0,0.0,10,10,32,0,2,0,0,32
2017-04,0,0.0,0,0,35,4,2,0,0.0,22,0.0,0.0,2,0.0,2,0.0,0,0.0,0.0,6,0.0,0.0,0.0,0.0,2,0.0,0.0,0.0,0.5,8,1,0,0.5,0,3,0,19,18,17,35,0.0,11,0,10,35,10,10,7,5,35,0.5,0,1.0,0.0,1.0,0,0,0.0,0.0,9,0.0,0.0,0,0,1.0,0,0,3,4,0,0.0,0.0,0.0,10,0.5,0,0.5,0.5,3,0.5,0.5,0.0,0.0,1,0.0,0.0,1.0,0.0,3,0.0,0.0,0.0,0.0,2,0.0,0.0,0.0,0.0,14,0.0,0.0,6,6,35,0,2,0,0,35
2017-05,0,0.0,0,0,30,5,2,0,0.0,19,0.0,0.0,2,0.5,2,0.0,0,0.0,0.0,5,0.0,0.0,0.0,0.0,1,0.0,0.0,0.0,0.0,7,1,0,0.5,0,2,0,17,18,19,30,0.0,9,0,11,30,11,11,8,5,30,0.5,0,1.0,0.0,1.0,0,0,0.0,0.0,8,0.0,0.0,0,0,0.5,0,0,3,3,0,0.0,0.0,0.0,8,0.0,0,0.5,0.5,2,0.5,0.5,0.0,0.0,1,0.0,0.0,1.0,0.0,2,0.0,0.0,0.0,0.0,1,0.0,0.0,0.0,0.0,12,0.0,0.0,7,7,30,0,0,0,0,30
2017-06,0,0.0,0,0,28,3,1,0,0.0,17,0.0,0.0,2,0.5,2,0.0,0,0.0,0.0,5,0.0,0.0,0.0,0.0,1,0.0,0.0,0.0,0.0,6,1,0,0.5,0,2,0,14,14,14,28,0.0,10,0,10,28,10,10,9,4,28,0.5,0,1.0,0.0,0.5,0,0,0.0,0.0,7,0.0,0.0,0,0,0.5,0,0,3,3,0,0.0,0.0,0.0,8,0.0,0,0.5,0.5,2,0.5,0.5,0.0,0.0,1,0.0,0.0,1.0,0.0,2,0.0,0.0,0.0,0.0,1,0.0,0.0,0.0,0.0,11,0.0,0.0,5,5,28,0,2,0,0,28
2017-07,0,0.0,0,0,29,4,1,0,0.0,18,0.0,0.0,2,0.0,2,0.0,0,0.0,0.0,5,0.0,0.0,0.0,0.0,1,0.0,0.0,0.0,0.0,7,1,0,0.5,0,2,0,22,22,21,29,0.0,13,0,9,29,9,9,9,5,29,0.5,0,0.5,0.0,0.5,0,0,0.0,0.0,8,0.0,0.0,0,0,0.5,0,0,3,3,0,0.0,0.0,0.0,8,0.0,0,0.5,0.5,2,0.5,0.0,0.0,0.0,1,0.0,0.0,1.0,0.0,2,0.0,0.0,0.0,0.0,1,0.0,1.0,1.0,0.0,12,0.0,0.0,6,6,29,0,1,0,0,29
2017-08,0,0.0,0,0,30,4,1,0,0.0,19,0.0,0.0,2,0.5,2,0.0,0,0.0,0.0,5,0.0,0.0,0.0,0.0,1,0.0,0.0,0.0,0.5,7,1,0,0.5,0,2,0,20,19,20,30,0.0,12,2,9,30,9,9,8,3,30,0.5,0,1.0,0.0,1.0,0,0,0.0,0.0,8,0.0,0.0,0,0,0.5,0,0,3,3,0,0.0,0.0,0.0,8,0.0,0,0.5,0.5,2,0.5,0.5,0.0,0.0,1,0.0,0.0,1.0,0.0,2,0.5,0.0,0.0,0.0,1,0.0,0.0,0.0,0.0,12,1.0,0.0,7,7,30,0,2,0,0,30
2017-09,0,0.0,0,0,33,4,0,0,0.0,21,0.0,0.0,3,0.0,2,0.0,0,0.0,0.0,6,0.0,0.0,0.0,0.0,2,0.0,0.0,0.0,0.5,8,2,0,0.5,0,3,0,22,22,22,33,0.0,13,3,11,33,11,11,7,4,33,0.5,0,1.0,0.0,1.0,0,0,0.0,0.0,9,0.0,0.0,0,0,1.0,0,0,5,3,0,0.0,0.0,0.0,9,0.0,0,0.5,0.5,3,0.5,0.5,0.0,0.0,1,0.0,0.0,1.0,0.0,2,0.0,0.0,0.0,0.0,2,0.0,0.0,0.0,0.0,13,0.0,0.0,6,6,33,0,2,0,0,33
2017-10,0,0.0,0,0,35,5,2,0,0.0,22,0.0,0.0,5,0.0,2,0.0,0,0.0,0.0,6,0.5,0.0,0.0,0.0,2,0.0,0.0,0.5,0.0,8,2,0,0.5,0,3,0,23,23,24,35,0.0,12,0,12,35,12,12,7,5,35,0.5,0,1.0,0.0,1.0,0,0,0.0,0.0,9,0.0,0.0,0,0,1.0,0,0,3,4,0,0.0,0.0,0.0,10,0.0,0,0.5,0.5,3,0.5,0.5,0.0,0.0,1,0.0,0.0,1.0,0.0,3,0.0,0.0,0.0,0.0,2,0.0,0.0,0.0,0.0,14,0.0,0.0,8,8,35,0,0,0,0,35
2017-11,0,0.0,0,0,42,5,2,0,0.0,27,0.0,0.0,3,0.0,3,0.5,0,0.0,0.0,7,0.0,0.0,0.0,0.0,2,0.0,0.0,0.5,0.0,10,1,0,0.5,0,3,0,25,25,25,42,0.0,11,0,13,42,13,13,4,4,42,0.5,0,1.0,0.5,1.0,0,0,0.0,0.0,11,0.5,0.0,0,0,1.0,0,0,3,4,0,0.0,0.0,0.0,12,0.0,0,0.5,0.5,3,0.5,0.5,0.0,0.0,1,0.0,0.0,1.0,0.0,3,0.0,0.5,0.0,0.0,2,0.0,1.0,1.0,1.0,17,0.0,0.0,8,8,42,0,0,0,0,42
2017-12,0,0.0,0,0,32,4,1,0,0.0,20,0.0,0.0,3,0.0,2,0.0,0,0.0,0.0,6,0.0,0.5,0.0,0.0,2,0.0,0.0,1.0,1.0,8,1,0,0.5,0,2,0,22,22,22,32,0.0,12,0,11,32,11,11,7,4,32,0.5,0,1.0,0.0,1.0,0,0,0.0,0.0,8,0.0,0.0,0,0,0.5,0,0,4,3,0,0.0,0.0,0.0,9,0.0,0,0.5,0.5,3,0.5,0.5,0.0,0.0,1,0.0,0.0,1.0,0.0,2,0.0,0.0,0.0,0.0,2,0.0,0.0,0.0,0.0,13,0.0,0.0,7,7,32,0,1,0,0,32
2018-01,0,0.0,0,0,36,4,2,0,0.0,23,0.0,0.0,2,0.5,2,0.0,0,0.0,0.0,6,0.0,0.5,0.0,0.0,2,0.0,0.0,0.0,0.0,8,1,0,0.5,0,3,0,24,24,24,36,0.0,13,1,10,36,10,10,7,4,36,0.5,0,1.0,0.0,1.0,0,0,0.5,0.0,9,0.0,0.0,0,0,1.0,0,0,3,4,0,0.0,0.0,0.0,10,0.0,0,0.5,0.5,3,0.5,0.5,0.0,0.0,1,0.0,0.0,1.0,0.0,3,0.0,0.0,0.0,0.0,2,0.0,0.0,0.0,0.0,14,0.0,0.0,6,6,36,0,1,0,0,36
2018-02,0,0.0,0,0,36,4,3,0,0.0,22,0.0,0.0,2,0.0,2,0.0,0,0.0,0.0,6,0.0,0.0,0.0,0.0,2,0.0,0.0,0.5,0.5,8,2,0,0.5,0,3,0,29,29,29,36,0.0,13,2,10,36,10,10,7,5,36,0.5,0,1.0,0.0,1.0,0,0,0.0,0.5,9,0.0,0.0,0,0,1.0,0,0,3,4,0,0.0,0.0,0.0,10,0.0,0,0.5,0.5,3,0.5,0.5,0.0,0.0,1,0.0,0.0,1.0,0.0,3,0.0,0.0,0.0,0.0,2,0.0,0.0,1.0,0.0,14,0.0,0.0,6,6,36,0,2,0,0,36
2018-03,0,0.0,0,0,38,4,3,0,0.0,24,0.0,0.0,2,0.0,2,0.5,0,0.0,0.0,6,0.0,0.5,0.5,0.0,2,0.0,0.0,0.5,1.0,9,2,0,0.5,0,3,0,27,27,27,38,0.0,11,0,9,38,9,9,6,4,38,0.5,0,1.0,0.0,1.0,0,0,0.0,0.5,10,0.0,0.0,0,0,1.0,0,0,3,4,0,0.0,0.0,0.0,11,0.0,0,0.5,0.5,3,0.5,0.5,0.0,0.0,1,0.0,0.0,1.0,0.0,3,0.0,0.0,0.0,0.0,2,0.0,0.0,0.0,0.0,15,0.0,0.0,7,7,38,0,1,0,0,38
2018-04,0,0.0,0,0,39,5,3,0,0.0,25,0.0,0.0,2,0.0,2,1.0,0,0.0,0.0,7,0.0,0.0,0.5,0.0,2,0.0,0.0,0.5,0.0,9,2,0,0.5,0,3,0,27,27,26,39,0.0,11,1,10,39,10,10,5,4,39,0.5,0,1.0,0.0,1.0,0,0,0.5,0.0,10,0.0,0.0,0,0,1.0,0,0,3,4,0,0.0,0.0,0.0,11,0.0,0,0.5,0.5,3,0.5,0.5,0.0,0.0,1,0.0,0.0,1.0,0.0,3,0.0,0.0,0.0,0.0,2,0.0,1.0,0.0,1.0,16,0.0,1.0,7,7,39,0,3,0,0,39
2018-05,0,0.0,0,0,37,5,2,0,0.0,24,0.0,0.0,2,0.5,2,0.5,0,0.5,0.0,6,0.0,0.0,0.0,0.0,2,0.0,0.0,0.5,0.5,9,1,0,0.5,0,3,0,26,26,27,37,0.0,10,1,12,37,12,12,6,5,37,0.5,0,1.0,0.0,1.0,0,0,0.0,0.5,10,0.0,0.0,0,0,1.0,0,0,3,4,0,0.0,0.0,0.0,11,0.0,0,0.5,0.5,3,0.5,0.5,0.0,0.0,1,0.0,0.0,1.0,0.0,3,0.0,0.0,0.0,0.0,2,0.0,1.0,1.0,1.0,15,0.0,1.0,9,9,37,0,4,0,0,37
2018-06,0,0.0,0,0,33,4,2,0,0.0,21,0.0,0.0,2,0.5,2,0.0,0,0.0,0.0,6,0.0,0.5,0.0,0.0,2,0.0,0.0,0.5,0.5,8,1,0,0.5,0,3,0,22,22,22,33,0.0,11,0,10,33,10,10,6,4,33,0.5,0,1.0,0.0,1.0,0,0,0.0,0.0,8,0.0,0.0,0,0,0.5,0,0,4,3,0,0.0,0.0,0.0,9,0.0,0,0.5,0.5,3,0.5,0.5,0.0,0.0,1,0.0,0.0,1.0,0.0,2,0.0,0.0,0.0,0.0,2,0.0,0.0,0.0,0.0,13,0.0,0.0,6,6,33,0,2,0,0,33
2018-07,0,0.0,0,0,33,5,3,0,0.0,21,0.0,0.0,3,0.5,2,0.5,0,0.5,0.0,6,0.0,0.0,0.5,0.0,2,0.0,0.0,0.0,0.5,8,1,0,0.5,0,3,0,28,28,28,33,0.0,10,1,9,33,9,9,6,4,33,0.5,0,1.0,0.0,1.0,0,0,0.0,0.5,9,0.0,0.0,0,0,1.0,0,0,3,3,0,0.0,0.0,0.0,9,0.0,0,0.5,0.5,3,0.5,0.5,0.0,0.0,1,0.0,0.0,1.0,0.0,2,0.0,0.0,0.0,0.0,2,0.0,0.0,1.0,0.5,13,0.0,1.0,8,8,33,0,2,0,0,33
2018-08,0,0.0,0,0,41,5,2,0,0.0,26,0.0,0.0,3,0.5,2,0.5,0,0.0,0.0,7,0.5,0.0,0.0,0.5,2,0.0,0.0,0.0,0.5,9,2,0,0.5,0,3,0,31,30,32,41,0.0,10,2,9,41,9,9,6,4,41,0.5,0,1.0,0.5,1.0,0,0,0.0,0.0,11,0.5,0.0,0,0,1.0,0,0,3,4,0,0.0,0.0,0.0,11,0.0,0,0.5,0.5,3,0.5,0.5,0.0,0.0,1,0.0,0.0,1.0,0.0,3,0.0,0.0,0.0,0.0,2,0.0,1.0,1.0,1.0,16,0.0,1.0,8,8,41,0,3,0,0,41
2018-09,0,0.0,0,0,41,5,3,0,0.0,26,0.0,0.5,3,0.0,2,0.5,0,0.0,0.0,7,0.0,0.5,0.5,0.0,2,0.0,0.0,0.5,0.5,9,1,0,0.5,0,3,0,27,28,28,41,0.0,13,1,9,41,9,9,6,5,41,0.5,0,1.0,0.0,1.0,0,0,0.0,0.0,11,0.0,0.0,0,0,1.0,0,0,3,4,0,0.0,0.0,0.0,11,0.0,0,0.5,0.5,3,0.5,0.5,0.0,0.0,1,0.0,0.0,1.0,0.0,3,0.0,0.0,0.5,0.0,2,0.0,1.0,1.0,0.0,16,0.0,0.0,9,9,41,0,1,0,0,41
2018-10,0,0.0,0,0,37,5,3,0,1.0,24,0.0,0.5,4,0.5,2,0.5,0,0.0,0.5,6,0.0,0.0,0.0,0.0,2,0.0,0.0,0.5,0.5,9,1,0,0.5,0,3,0,29,28,28,37,0.0,12,0,9,37,9,9,6,5,37,0.5,0,1.0,0.5,1.0,0,0,0.0,0.0,10,0.5,0.0,0,0,1.0,0,0,3,4,0,0.0,0.0,0.0,10,0.0,0,0.5,0.5,3,0.5,0.5,0.0,0.0,1,0.0,0.0,1.0,0.0,3,0.0,0.0,0.0,0.0,2,0.0,0.5,0.0,0.5,15,0.0,0.0,7,7,37,0,2,0,0,37
2018-11,0,0.0,0,0,39,6,2,0,0.0,25,0.0,0.0,3,0.5,2,0.5,0,0.0,0.0,7,0.0,0.5,0.5,0.0,2,0.0,0.0,0.5,0.5,9,1,0,0.5,0,3,0,25,26,26,39,0.0,11,2,9,39,9,9,6,4,39,0.5,0,1.0,0.5,1.0,0,0,0.0,0.0,10,0.5,0.0,0,0,1.0,0,0,3,4,0,0.0,0.0,0.0,11,0.0,0,0.5,0.5,3,0.5,0.5,0.0,0.0,1,0.0,0.0,1.0,0.0,3,0.5,0.5,0.5,0.0,2,0.0,0.0,0.5,0.0,16,0.0,0.0,10,10,39,0,3,0,0,39
2018-12,0,0.0,0,0,30,5,2,0,0.0,19,0.0,0.5,2,0.0,2,0.5,0,0.0,0.0,5,0.0,0.0,0.5,0.5,1,0.0,0.0,0.5,0.5,7,1,0,0.5,0,2,0,25,25,25,30,0.0,12,2,8,30,8,8,6,5,30,0.5,0,1.0,0.5,1.0,0,0,0.0,0.0,8,0.5,0.0,0,0,0.5,0,0,4,3,0,0.0,0.0,0.0,8,0.0,0,0.5,0.5,2,0.5,0.5,0.0,0.0,1,0.0,0.0,1.0,0.0,2,0.0,0.0,0.0,0.0,1,0.0,1.0,1.0,1.0,12,0.0,0.0,7,7,30,0,2,0,0,30
2019-01,0,0.0,0,0,32,4,3,0,0.0,21,0.0,0.0,2,0.5,2,0.5,0,0.5,0.5,6,0.5,0.0,0.5,0.5,2,0.0,0.0,1.0,0.5,8,1,0,0.5,0,3,0,25,25,25,32,0.0,12,2,10,32,10,10,7,4,32,0.5,0,1.0,0.5,1.0,0,0,0.0,0.5,8,0.5,0.0,0,0,0.5,0,0,4,3,0,0.0,0.0,0.0,9,0.0,0,0.5,0.5,3,0.5,0.5,0.0,0.0,1,0.0,0.0,1.0,0.0,2,0.5,0.0,0.0,0.0,2,0.0,1.0,1.0,1.0,13,0.0,0.0,6,6,32,0,2,0,0,32
2019-02,0,0.0,0,0,38,5,2,0,0.0,24,0.0,0.5,2,0.5,2,0.5,0,0.0,0.0,7,0.5,0.0,0.5,0.0,2,0.0,0.0,0.5,1.0,9,1,0,1.0,0,3,0,29,28,28,38,0.0,10,2,10,38,10,10,5,6,38,0.5,0,1.0,0.5,1.0,0,0,0.0,0.0,10,0.5,0.0,0,0,1.0,0,0,3,4,0,0.0,0.0,0.0,11,0.0,0,0.5,0.5,3,0.5,0.5,0.0,0.0,1,0.0,0.0,1.0,0.0,3,0.0,0.5,0.0,0.0,2,0.0,1.0,1.0,1.0,15,0.0,1.0,8,8,38,0,2,0,1,38
2019-03,0,0.0,0,0,47,6,3,0,0.0,30,0.0,0.5,2,0.0,3,0.5,0,0.5,0.5,8,0.0,0.0,0.5,0.0,2,0.0,0.0,0.5,0.5,11,2,0,0.5,0,4,0,32,32,32,47,0.0,11,1,9,47,9,9,7,5,47,0.5,0,1.0,0.0,1.0,0,0,0.0,0.0,12,0.0,0.0,0,0,1.0,0,0,3,5,0,0.0,0.0,0.0,13,0.0,0,0.5,0.5,4,0.5,0.5,0.0,0.0,1,0.0,0.0,1.0,0.0,3,0.0,0.0,0.0,0.5,2,0.5,1.0,0.5,1.0,19,0.0,0.0,9,9,47,0,1,0,0,47
2019-04,0,0.0,0,0,46,5,3,0,0.0,29,0.0,0.5,2,0.0,3,0.5,0,0.0,0.5,8,0.0,0.0,0.5,0.0,2,0.0,0.0,0.5,0.0,11,1,0,0.5,0,4,0,30,31,31,46,0.0,12,2,7,46,7,7,4,5,46,0.5,0,1.0,0.5,1.0,0,0,0.5,0.0,12,0.5,0.0,0,0,1.0,0,0,3,5,0,0.0,0.0,0.0,13,0.0,0,0.5,0.5,4,0.5,0.5,0.0,0.0,1,0.0,0.0,1.0,0.0,3,0.0,0.0,0.5,0.0,2,0.0,1.0,1.0,1.0,18,0.0,0.0,9,9,46,0,3,0,0,46
2019-05,0,0.0,0,0,42,3,3,0,0.0,27,0.0,0.5,2,0.5,2,0.5,0,0.0,0.0,7,0.0,0.0,0.5,0.5,2,0.0,0.0,0.5,1.0,10,1,0,0.5,0,3,0,29,29,29,42,0.0,9,2,10,42,10,10,5,5,42,0.5,0,1.0,0.5,1.0,0,0,0.0,0.0,11,0.5,0.0,0,0,1.0,0,0,3,4,0,0.0,0.0,0.5,12,0.0,0,0.5,0.5,3,0.5,0.5,0.0,0.0,1,0.0,0.0,1.0,0.0,3,0.5,0.0,0.0,0.0,2,0.0,1.0,0.5,1.0,17,0.0,0.0,5,5,42,0,3,0,0,42
2019-06,0,0.0,0,0,34,3,2,0,0.0,21,0.0,0.5,2,0.5,2,0.5,0,0.0,0.0,6,0.0,0.0,0.5,0.0,2,0.0,0.0,1.0,0.5,8,1,0,0.5,0,3,0,31,31,31,34,0.0,11,2,8,34,8,8,5,4,34,0.5,0,1.0,0.5,1.0,0,0,0.0,0.5,9,0.5,0.5,0,0,1.0,0,0,3,3,0,0.0,0.0,0.0,10,0.0,0,0.5,0.5,3,0.5,0.5,0.0,0.0,1,0.0,0.0,1.0,0.0,2,0.0,0.0,0.0,0.0,2,0.0,1.0,1.0,1.0,14,0.0,1.0,5,5,34,0,3,0,0,34
2019-07,0,0.0,0,0,42,5,2,0,0.0,27,0.0,0.5,3,0.5,2,0.5,0,0.0,0.5,7,0.0,0.0,0.5,0.0,2,0.0,0.0,1.0,1.0,10,1,0,0.5,0,3,0,28,29,28,42,0.0,12,0,10,42,10,10,5,4,42,0.5,0,1.0,0.5,1.0,0,0,0.0,0.0,11,0.5,0.0,0,0,1.0,0,0,3,4,0,0.0,0.0,0.0,12,0.0,0,0.5,0.5,3,0.5,0.5,0.0,0.0,1,0.0,0.0,1.0,0.0,3,0.5,0.0,0.0,0.0,2,0.0,1.0,1.0,1.0,17,0.0,0.0,8,8,42,0,2,0,0,42
2019-08,0,0.0,0,0,45,5,3,0,0.0,29,0.0,0.5,3,0.5,3,0.5,0,0.0,0.0,8,0.0,0.0,0.5,0.5,2,0.0,0.0,0.5,0.5,11,2,0,0.5,0,4,0,36,37,36,45,0.0,12,2,7,45,7,7,5,5,45,0.5,0,1.0,0.0,1.0,0,0,0.0,0.0,12,0.0,0.0,0,0,1.0,0,0,3,5,0,0.0,0.0,0.0,13,0.0,0,0.5,0.5,4,0.5,0.5,0.0,0.0,1,0.0,0.0,1.0,0.0,3,0.5,0.0,0.0,0.5,2,0.5,0.5,1.0,0.5,18,0.0,0.0,7,7,45,0,2,0,0,45
2019-09,0,0.0,1,0,46,4,4,0,1.0,29,0.0,0.5,4,0.5,3,0.5,0,0.5,0.5,8,0.5,0.5,0.5,0.5,2,0.0,0.5,0.5,1.0,11,1,0,1.0,0,4,0,35,36,36,46,1.0,10,2,9,46,9,9,6,4,46,0.5,0,1.0,0.5,1.0,0,0,0.0,0.0,12,0.5,0.0,0,0,1.0,0,0,3,5,0,0.0,0.0,0.0,13,0.0,0,0.5,0.5,4,0.5,0.5,0.0,0.0,1,0.0,0.0,1.0,0.0,3,0.0,0.5,0.0,0.5,2,0.5,1.0,1.0,1.0,18,0.0,0.0,7,7,46,0,2,0,0,46
2019-10,0,0.0,0,0,49,5,4,0,0.0,31,0.0,0.5,7,0.5,3,0.5,0,0.5,0.0,9,0.0,0.0,0.5,0.0,2,0.0,0.0,1.0,1.0,12,1,0,0.5,0,4,0,34,34,34,49,1.0,10,2,8,49,8,8,5,5,49,0.5,0,1.0,0.5,1.0,0,0,0.0,0.0,13,0.5,0.0,0,0,1.0,0,0,3,5,0,0.0,0.0,0.0,14,0.0,0,0.5,0.5,4,0.5,0.5,0.0,0.0,1,0.0,0.0,1.0,0.0,4,0.5,0.5,0.5,0.0,2,0.0,1.0,1.0,1.0,20,0.0,0.0,7,7,49,0,2,0,0,49
2019-11,0,0.0,0,0,45,5,4,0,0.0,28,0.0,0.5,4,0.5,3,0.5,0,0.0,0.0,8,0.5,0.5,0.5,0.5,2,0.0,0.0,1.0,1.0,10,1,0,0.5,0,3,0,30,30,30,45,1.0,10,2,8,45,8,8,5,6,45,0.5,0,1.0,0.5,1.0,0,0,0.0,0.5,12,0.5,0.0,0,0,1.0,0,0,3,5,0,0.0,0.0,0.0,13,0.0,0,0.5,0.5,4,0.5,0.5,0.0,0.0,1,0.0,0.0,1.0,0.0,3,0.5,0.5,0.5,0.5,2,1.0,1.0,1.0,0.5,18,0.0,0.0,7,7,45,0,3,0,0,45
2019-12,0,0.0,0,0,32,5,4,0,0.0,20,0.0,0.5,3,0.5,2,0.5,0,0.0,0.0,5,0.0,0.0,0.5,0.0,2,0.0,0.0,1.0,1.0,7,1,0,0.5,0,2,0,26,26,26,32,1.0,10,2,7,32,7,7,5,6,32,0.5,0,1.0,0.5,1.0,0,0,0.0,0.5,8,0.5,0.0,0,0,0.5,0,0,3,3,0,0.0,0.0,0.0,9,0.0,0,0.5,0.5,3,0.5,0.5,0.0,0.0,1,0.0,0.5,1.0,0.0,2,0.0,0.5,0.5,0.0,2,0.0,1.0,1.0,1.0,13,0.0,0.0,7,7,32,0,1,0,0,32
2020-01,0,0.0,0,0,34,5,4,0,0.0,22,0.0,0.5,3,0.5,2,0.5,0,0.5,0.0,6,0.5,0.5,0.5,0.0,2,0.0,0.0,0.5,1.0,8,1,0,1.0,0,3,0,30,30,30,34,1.0,11,3,10,34,10,10,6,5,34,0.5,0,1.0,0.5,1.0,0,0,0.0,0.5,9,0.5,0.5,0,0,1.0,0,0,3,3,0,0.0,0.0,0.0,10,0.0,0,0.5,0.5,3,0.5,0.5,0.5,0.5,1,0.0,0.0,1.0,0.0,3,0.0,0.5,0.0,0.0,2,0.0,1.0,1.0,1.0,14,0.0,1.0,7,7,34,0,2,0,0,34
2020-02,0,0.0,0,0,47,4,3,0,0.0,30,0.0,0.5,3,0.5,3,0.5,0,0.5,0.5,8,0.5,0.5,0.5,0.0,2,0.0,0.0,0.5,0.5,11,2,0,1.0,0,4,0,33,33,33,47,1.0,11,2,8,47,8,8,5,4,47,0.5,0,1.0,0.5,1.0,0,0,0.0,0.5,12,0.5,0.0,0,0,1.0,0,0,2,5,0,0.0,0.0,0.0,13,0.0,0,0.5,0.5,4,0.5,0.5,0.5,0.5,1,0.0,0.5,1.0,0.0,3,0.5,0.5,0.5,0.0,2,0.0,1.0,1.0,1.0,19,0.0,1.0,7,7,47,0,2,0,0,47
2020-03,0,0.0,0,0,48,4,3,0,0.0,31,0.0,0.5,2,0.5,3,0.5,0,0.5,0.5,8,0.5,0.5,0.5,0.0,2,0.5,0.0,0.5,1.0,11,5,0,1.0,0,4,0,40,41,40,48,1.0,9,3,7,48,7,7,6,3,48,0.5,0,1.0,0.5,1.0,0,0,0.0,0.5,13,0.5,0.0,0,0,1.0,0,0,2,5,0,0.0,0.0,0.0,14,0.0,0,0.5,0.5,4,0.5,0.5,0.5,0.5,1,0.0,0.5,1.0,0.5,4,0.5,0.5,0.5,0.5,2,1.0,0.5,0.5,0.5,19,0.0,2.0,7,7,48,0,3,0,0,48
2020-04,0,0.0,0,0,50,4,3,0,0.0,32,0.0,0.5,2,0.5,3,0.0,0,0.5,0.0,9,0.5,0.5,0.5,0.0,2,0.0,0.0,1.0,1.0,12,12,0,0.5,0,4,0,45,45,45,50,1.0,10,5,6,50,6,6,6,5,50,0.5,0,2.0,0.5,1.0,0,0,0.0,0.5,13,0.5,0.0,0,0,1.0,0,0,3,5,0,0.0,0.0,0.0,14,0.0,0,0.5,0.5,4,0.5,0.5,0.5,0.5,1,0.0,0.5,1.0,0.5,4,0.5,0.5,0.5,0.5,2,0.5,1.0,1.0,1.0,20,0.0,1.0,6,6,50,0,3,0,0,50
2020-05,0,0.0,0,0,46,4,4,0,0.0,29,0.0,0.5,2,0.5,3,0.5,0,0.0,0.0,8,0.5,0.5,0.5,0.5,2,0.0,0.0,1.0,1.0,11,6,0,0.5,0,4,0,45,45,45,46,0.0,15,4,8,46,8,8,6,7,46,0.5,0,1.0,0.5,1.0,0,0,0.0,0.5,12,0.5,0.0,0,0,1.0,0,0,3,5,0,0.0,0.0,0.0,13,0.0,0,0.5,0.5,4,0.5,0.5,0.5,0.5,1,0.0,0.5,1.0,0.0,3,0.5,0.5,0.5,0.5,2,0.5,1.0,1.0,1.0,19,0.0,0.0,6,6,46,0,2,0,0,46
2020-06,0,0.0,0,0,54,5,5,0,0.0,34,0.0,0.5,2,0.5,3,0.5,0,0.5,0.5,9,0.5,0.5,0.5,0.5,3,0.0,0.0,1.0,1.0,13,5,0,0.5,0,4,0,49,49,49,54,1.0,13,4,7,54,7,7,5,5,54,0.5,0,1.0,0.5,1.0,0,0,0.0,0.5,14,0.5,0.0,0,0,1.0,0,0,3,5,0,0.0,0.0,0.5,15,0.0,0,0.5,0.5,4,0.5,0.5,0.5,0.5,2,0.0,0.5,1.0,0.0,4,0.5,0.5,0.5,0.0,3,0.0,1.0,1.0,1.0,22,0.0,1.0,8,8,54,0,2,0,0,54
2020-07,0,0.0,0,0,57,5,3,0,0.0,36,0.0,0.5,2,0.5,3,0.5,0,0.5,0.5,10,0.5,0.5,0.5,0.0,3,0.0,0.0,0.5,0.5,13,3,0,0.5,0,4,0,37,37,37,57,2.0,12,4,8,57,8,8,5,5,57,0.5,0,1.0,0.5,1.0,0,0,0.0,0.5,15,0.5,0.0,0,0,1.0,0,0,3,6,0,0.0,0.0,0.0,16,0.0,0,0.5,0.5,4,0.5,0.5,0.5,0.5,2,0.5,0.5,1.0,0.0,4,0.5,0.0,0.5,0.5,3,0.5,1.0,1.0,1.0,23,0.0,0.0,7,7,57,0,2,0,0,57
2020-08,0,0.0,0,0,50,4,3,0,0.0,32,0.0,0.5,2,0.5,3,0.5,0,0.5,0.5,9,0.5,0.5,0.5,0.0,2,0.0,0.0,0.5,1.0,12,2,0,0.5,0,4,0,37,37,37,50,1.0,12,3,8,50,8,8,4,5,50,0.5,0,1.0,0.5,1.0,0,0,0.0,0.5,13,0.5,0.0,0,0,1.0,0,0,4,5,0,0.0,0.0,0.0,14,0.0,0,0.5,0.5,4,0.5,0.5,0.5,0.5,1,0.0,0.0,1.0,0.0,4,0.0,0.0,0.0,0.0,2,0.0,1.0,1.0,1.0,20,0.0,0.0,7,7,50,0,2,0,0,50
2020-09,0,0.0,0,0,51,4,4,0,0.0,33,0.0,0.5,2,0.5,3,0.5,0,0.5,0.5,9,0.5,0.5,0.5,0.5,3,0.0,0.0,1.0,1.0,12,2,0,0.5,0,4,0,34,35,34,51,1.0,12,3,9,51,9,9,5,6,51,0.5,0,1.0,0.5,1.0,0,0,0.0,0.5,13,0.5,0.0,0,0,1.0,0,0,3,5,0,0.0,0.0,0.0,14,0.0,0,0.5,0.5,4,0.5,0.5,0.0,0.0,1,0.0,0.0,1.0,0.0,4,0.5,0.5,0.5,0.0,3,0.0,1.0,1.0,1.0,21,0.0,0.0,7,7,51,0,2,0,0,51
2020-10,0,0.0,0,0,43,4,3,0,0.0,27,0.0,0.5,2,0.5,3,0.5,0,0.5,0.5,7,0.5,0.5,0.5,0.5,2,0.0,0.0,0.5,0.5,10,2,0,0.5,0,3,0,31,31,32,43,0.0,10,3,9,43,9,9,4,5,43,0.5,0,1.0,0.5,1.0,0,0,0.5,0.5,11,0.5,0.0,0,0,1.0,0,0,3,4,0,0.0,0.0,0.0,12,0.0,0,0.5,0.5,3,0.5,0.5,0.5,0.0,1,0.0,0.0,1.0,0.0,3,0.5,0.5,0.5,0.5,2,0.5,1.0,1.0,1.0,17,0.0,0.0,7,7,43,0,2,0,0,43
2020-11,0,0.0,0,0,38,4,4,0,0.5,24,0.5,0.5,3,0.5,2,0.5,0,0.5,0.5,6,0.5,0.5,0.5,0.5,2,0.0,0.0,1.0,1.0,9,2,0,0.5,0,3,0,33,33,33,38,1.0,9,2,9,38,9,9,4,6,38,0.5,0,1.0,0.5,1.0,0,0,0.5,0.5,10,0.5,0.0,0,0,1.0,0,0,3,4,0,0.0,0.0,0.0,11,0.0,0,1.0,0.5,3,0.5,0.5,0.0,0.5,1,0.0,0.0,1.0,0.5,3,0.5,0.5,0.5,0.0,2,0.0,1.0,1.0,1.0,15,0.0,0.0,7,7,38,0,2,0,0,38
2020-12,0,0.0,0,0,37,5,3,0,0.0,23,0.0,0.5,2,0.5,2,0.5,0,0.5,0.5,6,0.5,0.5,0.5,0.5,2,0.0,0.0,1.0,0.5,9,2,0,0.5,0,3,0,31,31,31,37,1.0,12,3,12,37,12,12,4,6,37,0.5,0,1.0,0.5,1.0,0,0,0.0,0.5,10,0.5,0.0,0,0,1.0,0,0,4,4,0,0.0,0.0,0.0,10,0.0,0,0.5,0.5,3,0.5,0.5,0.5,0.5,1,0.0,0.0,1.0,0.0,3,0.5,0.5,0.5,0.5,2,0.5,1.0,1.0,1.0,15,0.0,0.0,7,7,37,0,2,0,0,37
2021-01,0,0.0,0,0,33,4,3,0,0.0,21,0.0,0.5,3,0.5,2,0.5,0,0.5,0.5,6,0.5,0.5,0.5,0.5,2,0.0,0.0,1.0,1.0,8,2,0,0.5,0,3,0,32,32,32,33,1.0,12,3,9,33,9,9,4,5,33,0.5,0,1.0,0.5,1.0,0,0,0.0,0.5,9,0.5,0.0,0,0,1.0,0,0,4,3,0,0.0,0.0,0.0,9,0.0,0,0.5,0.5,3,0.5,0.5,0.0,0.0,1,0.0,0.5,1.0,0.0,2,0.5,0.5,0.5,0.5,2,0.5,1.0,1.0,1.0,13,0.0,0.0,7,7,33,0,2,0,1,33
2021-02,0,0.0,0,0,35,4,3,0,0.0,22,0.0,0.5,4,0.5,2,0.5,0,0.5,0.5,6,0.5,0.5,0.5,0.5,2,0.0,0.0,0.5,0.5,8,1,0,0.5,0,3,0,32,32,32,35,1.0,10,2,9,35,9,9,4,6,35,0.5,0,1.0,0.5,1.0,0,0,0.0,0.5,9,0.5,0.5,0,0,1.0,0,0,3,4,0,0.0,0.0,0.0,10,0.0,0,0.5,0.5,3,0.5,0.5,0.0,0.0,1,0.0,0.0,1.0,0.0,3,0.0,0.0,0.0,0.5,2,1.0,0.5,0.5,0.5,14,0.0,0.0,7,7,35,0,2,0,0,35
2021-03,0,0.0,0,0,40,5,3,0,0.0,25,0.0,0.5,3,0.5,2,0.5,0,0.5,0.5,7,0.5,0.5,0.5,0.5,2,0.0,0.0,1.0,1.0,9,2,0,0.5,0,3,0,33,33,33,40,1.0,12,2,9,40,9,9,4,6,40,0.5,0,1.0,0.5,1.0,0,0,0.5,0.5,10,0.5,0.5,0,0,1.0,0,0,3,4,0,0.0,0.0,0.0,11,0.0,0,0.5,0.5,3,0.5,0.5,0.0,0.0,1,0.0,0.5,1.0,0.5,3,0.5,0.5,0.5,0.5,2,1.0,1.0,1.0,1.0,16,0.0,1.0,8,8,40,0,2,0,0,40
2021-04,0,0.0,0,0,37,4,3,0,0.0,24,0.0,0.5,5,0.5,2,0.5,0,0.0,0.0,6,0.5,0.5,0.5,0.5,2,0.0,0.0,1.0,1.0,9,2,0,0.5,0,3,0,30,30,30,37,1.0,8,3,10,37,10,10,4,6,37,0.5,0,1.0,0.5,1.0,0,0,0.0,0.5,10,0.5,0.5,0,0,1.0,0,0,2,4,0,0.0,0.0,0.0,11,0.0,0,0.5,0.5,3,0.5,0.5,0.0,0.0,1,0.0,0.5,1.0,0.0,3,0.5,0.5,0.5,0.5,2,1.0,1.0,1.0,1.0,15,0.0,0.0,7,7,37,0,2,0,0,37
2021-05,0,0.0,0,0,35,3,3,0,0.0,22,0.0,0.5,3,0.5,2,0.5,0,0.5,0.0,6,0.5,0.5,0.5,0.5,2,0.0,0.0,1.0,1.0,8,2,0,0.5,0,3,0,28,28,28,35,1.0,11,3,8,35,8,8,4,5,35,0.5,0,1.0,0.5,1.0,0,0,0.0,0.5,9,0.5,0.0,0,0,1.0,0,0,3,4,0,0.0,0.0,0.0,10,0.0,0,0.5,0.5,3,0.5,0.5,0.0,0.0,1,0.0,0.5,1.0,0.5,3,0.5,0.0,0.0,0.5,2,1.0,1.0,1.0,1.0,14,1.0,0.0,4,4,35,0,2,0,0,35
2021-06,0,0.0,0,0,41,5,3,0,0.0,26,0.0,0.5,3,0.5,2,0.5,0,0.5,0.5,7,0.5,0.5,0.5,0.5,2,0.5,0.0,1.0,1.0,9,2,0,0.5,0,3,0,29,29,29,41,1.0,11,3,9,41,9,9,4,5,41,0.5,0,1.0,0.5,1.0,0,0,0.0,0.5,11,0.5,0.0,0,0,1.0,0,0,3,4,0,0.0,0.0,0.0,11,0.0,0,0.5,0.5,3,0.5,0.5,0.0,0.0,1,0.0,0.5,1.0,0.0,3,0.5,0.5,0.5,0.5,2,1.0,1.0,1.0,1.0,16,0.0,0.0,8,8,41,0,1,0,0,41
2021-07,0,0.0,0,0,35,3,3,0,0.0,22,0.0,0.5,3,0.5,2,0.5,0,0.5,0.5,6,0.5,0.5,0.5,0.5,2,0.0,0.0,1.0,1.0,8,2,0,0.5,0,3,0,31,31,31,35,1.0,12,3,7,35,7,7,4,5,35,0.5,0,1.0,0.5,1.0,0,0,0.5,0.5,9,0.5,0.0,0,0,1.0,0,0,3,4,0,0.0,0.0,0.0,10,0.0,0,0.5,0.5,3,0.5,0.5,0.0,0.0,1,0.0,0.5,1.0,0.5,3,0.5,0.0,0.0,0.5,2,2.0,1.0,1.0,1.0,14,0.0,0.0,5,5,35,0,2,0,0,35
2021-08,0,0.0,0,0,37,4,3,0,0.0,24,0.0,0.5,4,0.5,2,0.5,0,0.5,0.5,6,0.5,0.5,0.5,0.0,2,0.0,0.0,1.0,1.0,9,2,0,0.5,0,3,0,31,31,31,37,1.0,11,2,8,37,8,8,4,6,37,0.5,0,1.0,0.5,1.0,0,0,0.0,0.5,10,0.5,0.0,0,0,1.0,0,0,3,4,0,0.0,0.0,0.0,11,0.0,0,0.5,0.5,3,0.5,0.5,0.0,0.0,1,0.0,0.5,1.0,0.5,3,0.5,0.5,0.5,0.5,2,2.0,1.0,1.0,1.0,15,0.0,1.0,6,6,37,0,1,0,0,37
2021-09,0,0.0,0,0,38,4,2,0,0.0,24,0.0,0.5,4,0.5,2,0.5,0,0.5,0.5,7,0.5,0.5,0.5,0.5,2,0.0,0.5,0.5,0.5,9,2,0,0.5,0,3,0,29,30,29,38,1.0,11,2,8,38,8,8,4,5,38,0.5,0,1.0,0.5,1.0,0,0,0.5,0.5,10,0.5,0.0,0,0,1.0,0,0,3,4,0,0.0,0.0,0.0,11,0.0,0,0.5,0.5,3,0.5,0.5,0.0,0.0,1,0.0,0.5,1.0,0.0,3,0.5,0.5,0.5,0.5,2,2.0,1.0,1.0,1.0,15,0.0,0.0,6,6,38,0,1,0,0,38
2021-10,0,0.0,0,0,40,4,2,0,1.0,26,0.0,0.5,3,0.5,2,0.5,0,0.0,0.5,7,0.5,0.0,0.5,0.5,2,0.0,0.0,1.0,0.5,9,2,0,0.5,0,3,0,26,26,26,40,1.0,9,2,8,40,8,8,4,5,40,0.5,0,1.0,0.5,1.0,0,0,0.0,0.5,11,0.5,0.0,0,0,1.0,0,0,2,4,0,0.0,0.0,0.0,11,0.0,0,0.5,0.5,3,0.5,0.5,0.5,0.0,1,0.0,0.5,1.0,0.5,3,0.0,0.5,0.5,0.5,2,1.0,1.0,1.0,1.0,16,0.0,0.0,6,6,40,0,2,0,0,40
2021-11,0,0.0,0,0,73,4,3,0,1.0,46,0.5,0.5,3,0.5,4,0.5,0,0.0,0.0,13,0.5,0.5,0.5,0.5,4,0.5,0.0,0.5,0.5,17,2,0,0.5,0,6,0,28,28,28,73,1.0,11,3,8,73,8,8,4,6,73,0.5,0,1.0,0.5,1.0,0,0,0.0,0.5,19,0.5,0.5,0,0,1.0,0,0,3,7,0,0.0,0.0,0.0,21,0.0,0,0.5,0.5,6,0.5,0.5,0.0,0.0,2,0.0,0.5,1.0,0.0,5,0.5,0.5,0.5,0.5,4,1.0,1.0,1.0,1.0,29,0.0,0.0,7,7,73,0,1,0,0,73
2021-12,0,0.0,0,0,30,4,2,0,0.0,19,0.0,0.5,3,0.5,2,0.5,0,0.5,0.5,5,0.5,0.5,0.5,0.0,1,0.0,0.0,0.5,0.5,7,2,0,0.5,0,2,0,26,26,27,30,0.0,10,3,8,30,8,8,5,5,30,0.5,0,1.0,0.5,1.0,0,0,0.5,0.5,8,0.5,0.0,0,0,0.5,0,0,3,3,0,0.0,0.0,0.0,9,0.0,0,0.5,0.5,2,0.5,0.5,0.0,0.5,1,0.0,0.0,1.0,0.0,2,0.5,0.0,0.0,0.5,2,1.0,1.0,1.0,1.0,12,0.0,0.0,6,6,30,0,2,0,0,30
2022-01,0,0.0,0,0,35,3,3,0,0.0,22,0.0,0.5,4,0.5,2,0.5,0,0.5,0.5,6,0.5,0.5,0.5,0.5,2,0.0,0.5,1.0,1.0,8,2,0,0.5,0,3,0,31,31,31,35,1.0,11,3,9,35,9,9,4,4,35,0.5,0,1.0,0.5,1.0,0,0,0.0,0.5,9,0.5,0.5,0,0,1.0,0,0,4,4,0,0.0,0.0,0.0,10,0.0,0,0.5,0.5,3,0.5,0.5,0.0,0.0,1,0.0,0.5,1.0,0.0,3,0.5,0.5,0.0,0.5,2,2.0,1.0,1.0,1.0,14,0.0,0.0,5,5,35,0,2,0,0,35
2022-02,0,0.0,0,0,43,5,3,0,0.5,27,0.0,0.5,4,0.5,3,0.5,0,0.5,0.5,7,0.5,0.5,0.5,0.5,2,0.5,0.0,0.5,0.5,10,2,0,0.5,0,3,0,29,29,29,43,1.0,11,2,9,43,9,9,4,4,43,0.5,0,1.0,0.5,1.0,0,0,0.5,0.5,11,0.5,0.5,0,0,1.0,0,0,3,4,0,0.0,0.0,0.0,12,0.0,0,0.5,0.5,3,0.5,0.5,0.5,0.0,1,0.0,0.5,1.0,0.0,3,0.5,0.5,0.0,0.5,2,1.0,1.0,1.0,1.0,17,0.0,0.0,8,8,43,0,2,0,0,43
2022-03,0,0.0,0,0,51,5,3,0,0.0,32,0.0,0.5,4,0.5,3,0.5,0,0.5,0.5,9,0.5,0.5,0.5,0.5,2,0.0,0.0,1.0,0.5,12,2,0,0.5,0,4,0,32,32,32,51,1.0,11,2,9,51,9,9,4,5,51,0.5,0,1.0,0.5,1.0,0,0,0.5,0.5,13,0.5,0.5,0,0,1.0,0,0,3,5,0,0.0,0.0,0.0,14,0.0,0,0.5,0.5,4,0.5,0.5,0.0,0.0,1,0.0,0.5,1.0,0.5,4,0.5,0.5,0.5,0.5,3,1.0,1.0,1.0,1.0,20,0.0,0.5,8,8,51,0,2,0,0,51
2022-04,0,0.0,0,0,53,4,3,0,0.5,33,0.0,0.5,5,0.5,3,0.5,0,0.5,0.5,9,0.5,0.5,0.5,0.5,3,0.0,0.0,1.0,1.0,12,2,0,0.5,0,4,0,28,28,28,53,1.0,10,2,8,53,8,8,5,6,53,0.5,0,1.0,0.5,1.0,0,0,0.0,0.5,14,0.5,0.5,0,0,1.0,0,0,3,5,0,0.0,0.0,0.0,15,0.0,0,0.5,0.5,4,0.5,0.5,0.0,0.0,1,0.0,0.5,1.0,0.0,4,0.5,0.5,0.5,0.5,3,1.0,1.0,1.0,1.0,21,0.0,1.0,7,7,53,0,2,0,0,53
2022-05,0,0.0,0,0,66,4,2,0,0.5,42,0.0,0.5,3,0.5,4,0.5,0,0.5,0.5,11,0.5,0.5,0.5,0.5,3,0.0,0.0,1.0,1.0,15,2,0,0.5,0,5,0,28,28,28,66,1.0,11,2,6,66,6,6,4,4,66,0.5,0,1.0,0.5,1.0,0,0,0.5,0.5,17,0.5,0.5,0,0,1.0,0,0,3,7,0,0.0,0.0,0.0,19,0.0,0,0.5,0.5,5,0.5,0.5,0.5,0.5,2,0.0,0.5,1.0,0.0,5,0.5,0.5,0.5,0.5,3,1.0,0.5,1.0,1.0,27,0.0,0.5,7,7,66,0,2,0,0,66
2022-06,0,0.0,0,0,62,5,2,0,0.0,39,0.0,0.5,3,0.5,4,0.5,0,0.5,0.5,11,0.5,0.5,0.5,0.5,3,0.0,0.0,1.0,1.0,15,2,0,0.5,0,5,0,30,30,30,62,1.0,12,2,13,62,13,13,5,4,62,0.5,0,1.0,0.5,1.0,0,0,0.5,0.5,16,0.5,0.0,0,0,1.0,0,0,3,6,0,0.0,0.0,0.0,18,0.0,0,0.5,0.5,5,0.5,0.5,0.0,0.5,2,0.0,0.5,1.0,0.5,5,0.5,0.5,0.5,0.5,3,1.0,1.0,1.0,1.0,25,1.0,0.0,7,7,62,0,2,0,0,62
2022-07,0,0.5,0,0,49,4,2,0,0.5,31,0.0,0.5,3,0.5,3,0.5,0,0.5,0.5,9,0.5,0.5,0.5,0.5,2,0.0,0.0,1.0,0.5,12,2,0,0.5,0,4,0,28,28,28,49,1.0,11,2,7,49,7,7,5,4,49,0.5,0,1.0,0.5,1.0,0,0,0.5,0.5,13,0.5,0.5,0,0,1.0,0,0,3,5,0,0.0,0.0,0.0,14,0.0,0,0.5,0.5,4,0.5,0.5,0.0,0.0,1,0.0,0.5,1.0,0.5,4,0.5,0.5,0.5,0.5,2,1.0,1.0,1.0,1.0,20,0.0,1.0,7,7,49,0,2,0,0,49
2022-08,0,0.0,0,0,59,4,2,0,0.0,37,0.0,0.5,3,0.5,3,0.5,0,0.5,0.5,10,0.5,0.5,0.5,0.5,3,0.0,0.0,0.5,1.0,14,2,0,0.5,0,5,0,28,29,28,59,1.0,11,3,6,59,6,6,4,4,59,0.5,0,1.0,0.5,1.0,0,0,0.5,0.5,15,0.5,0.5,0,0,1.0,0,0,3,6,0,0.0,0.0,0.0,17,0.0,0,0.5,0.5,5,0.5,0.5,0.5,0.0,2,0.0,0.5,1.0,0.5,4,0.5,0.5,0.5,0.5,3,1.0,1.0,1.0,0.5,24,0.0,0.0,7,7,59,0,2,0,0,59
2022-09,0,0.0,0,0,59,5,3,0,0.5,37,0.0,0.5,3,0.5,3,0.5,0,0.5,0.5,10,0.5,0.5,0.5,0.5,3,0.0,0.0,1.0,1.0,14,2,0,0.5,0,5,0,28,28,28,59,1.0,10,2,6,59,6,6,4,4,59,0.5,0,1.0,0.5,1.0,0,0,0.5,0.5,15,0.5,0.0,0,0,1.0,0,0,3,6,0,0.0,0.0,0.0,17,0.0,0,0.5,0.5,5,0.5,0.5,0.0,0.0,2,0.0,0.5,1.0,0.5,4,0.5,0.5,0.5,0.5,3,1.0,1.0,1.0,1.0,24,0.0,0.0,7,7,59,0,2,0,0,59
2022-10,0,0.0,0,0,57,5,2,0,0.5,36,0.0,0.5,3,0.5,3,0.5,0,0.5,0.5,10,0.5,0.5,0.5,0.5,3,0.0,0.0,1.0,1.0,13,2,0,0.5,0,4,0,28,28,28,57,1.0,10,2,5,57,5,5,4,4,57,0.5,0,1.0,0.5,1.0,0,0,0.0,0.5,15,0.5,0.0,0,0,1.0,0,0,2,6,0,0.0,0.0,0.0,16,0.0,0,0.5,0.5,5,0.5,0.5,0.0,0.0,2,0.0,0.5,1.0,0.5,4,0.5,0.5,0.5,0.5,3,1.0,1.0,1.0,1.0,23,0.0,1.0,8,8,57,0,2,0,0,57
2022-11,0,0.0,0,0,56,4,2,0,0.5,35,0.0,0.5,3,0.5,3,0.5,0,0.5,0.5,10,0.5,0.5,0.5,0.5,3,0.0,0.0,0.5,0.5,13,1,0,0.5,0,4,0,25,25,25,56,1.0,8,2,5,56,5,5,3,4,56,0.5,0,1.0,0.5,1.0,0,0,0.5,0.5,14,0.5,0.0,0,0,1.0,0,0,2,6,0,0.0,0.0,0.0,16,0.0,0,0.5,0.5,4,0.5,0.5,0.0,0.0,2,0.0,0.5,1.0,0.5,4,0.5,0.5,0.5,0.5,3,1.0,1.0,1.0,1.0,22,0.0,0.5,6,6,56,0,2,0,0,56
2022-12,0,0.0,0,0,32,3,2,0,0.5,21,0.0,0.5,2,0.5,2,0.5,0,0.5,0.5,6,0.5,0.5,0.5,0.5,2,0.0,0.5,0.5,0.5,8,2,0,0.5,0,3,0,25,25,25,32,1.0,9,2,4,32,4,4,4,4,32,0.5,0,1.0,0.5,1.0,0,0,0.5,0.5,8,0.5,0.0,0,0,0.5,0,0,3,3,0,0.0,0.0,0.0,9,0.0,0,0.5,0.5,3,0.5,0.5,0.0,0.5,1,0.0,0.5,1.0,0.5,2,0.5,0.5,0.0,0.5,2,0.5,1.0,1.0,0.5,13,0.0,1.0,5,5,32,0,1,0,0,32
2023-01,0,0.0,0,0,35,5,2,0,0.5,22,0.5,0.5,4,0.5,2,0.5,0,0.5,0.5,6,0.5,0.5,0.5,0.5,2,0.5,0.0,1.0,1.0,8,2,0,0.5,0,3,0,30,30,30,35,1.0,10,2,6,35,6,6,3,5,35,0.5,0,1.0,0.5,1.0,0,0,0.5,0.5,9,0.5,0.5,0,0,1.0,0,0,2,4,0,0.0,0.0,0.0,10,0.0,0,0.5,0.5,3,0.5,0.5,0.0,0.0,1,0.0,0.5,1.0,0.0,3,0.0,0.0,0.0,0.5,2,1.0,1.0,1.0,1.0,14,0.5,0.5,7,7,35,0,2,0,0,35
2023-02,0,0.0,0,0,38,5,3,0,0.5,24,0.0,0.5,4,0.5,2,0.5,0,0.5,0.5,7,0.5,0.5,0.5,0.5,2,0.5,0.0,1.0,0.5,9,2,0,0.5,0,3,0,30,30,31,38,1.0,10,2,6,38,6,6,3,5,38,0.5,0,1.0,0.5,1.0,0,0,0.5,0.5,10,0.5,0.5,0,0,1.0,0,0,2,4,0,0.0,0.5,0.0,11,0.0,0,0.5,0.5,3,0.5,0.5,0.0,0.0,1,0.0,0.5,1.0,0.5,3,0.0,0.5,0.0,0.5,2,1.0,1.0,1.0,1.0,15,1.0,0.0,7,7,38,0,1,0,0,38
2023-03,0,0.0,0,0,43,5,2,0,0.5,27,0.0,0.5,4,0.5,3,0.5,0,0.5,0.5,7,0.5,0.5,0.5,0.5,2,0.0,0.0,1.0,1.0,10,1,0,0.5,0,3,0,28,28,28,43,1.0,9,2,6,43,6,6,4,4,43,0.5,0,1.0,0.5,1.0,0,0,0.5,0.5,11,0.5,0.5,0,0,1.0,0,0,2,4,0,0.0,0.0,0.0,12,0.0,0,0.5,0.5,3,0.5,0.5,0.0,0.0,1,0.0,0.0,1.0,0.0,3,0.5,0.5,0.5,0.5,2,0.5,1.0,1.0,1.0,17,0.0,1.0,7,7,43,0,1,0,0,43
2023-04,0,0.0,0,0,39,3,2,0,0.5,25,0.0,0.5,3,0.5,2,0.5,0,0.5,0.5,7,0.5,0.5,0.5,0.5,2,0.0,0.0,0.5,0.5,9,2,0,0.5,0,3,0,28,28,28,39,1.0,9,2,6,39,6,6,4,4,39,0.5,0,1.0,0.5,1.0,0,0,0.5,0.5,10,0.5,0.5,0,0,1.0,0,0,2,4,0,0.0,0.0,0.0,11,0.0,0,0.5,0.5,3,0.5,0.5,0.0,0.5,1,0.0,0.0,1.0,0.5,3,0.5,0.5,0.5,0.5,2,0.5,1.0,1.0,1.0,16,0.0,1.0,5,5,39,0,1,0,0,39
2023-05,0,0.0,0,0,51,5,3,0,0.5,32,0.0,0.5,3,0.5,3,0.5,0,0.5,0.5,9,0.5,0.5,0.5,0.5,2,0.0,0.0,1.0,1.0,12,2,0,0.5,0,4,0,28,29,28,51,1.0,9,2,6,51,6,6,4,4,51,0.5,0,1.0,0.5,1.0,0,0,0.5,0.5,13,0.5,0.5,0,0,1.0,0,0,2,5,0,0.0,0.0,0.0,14,0.0,0,0.5,0.5,4,0.5,0.5,0.5,0.5,1,0.0,0.5,1.0,0.5,4,0.5,0.5,0.5,0.5,3,0.5,1.0,1.0,1.0,20,0.0,0.5,8,8,51,0,2,0,0,51
2023-06,0,0.0,0,0,47,4,3,0,0.5,30,0.0,0.5,3,0.5,3,0.5,0,0.5,0.5,8,0.5,0.5,0.5,0.5,2,0.0,0.0,1.0,1.0,11,3,0,0.5,0,4,0,29,29,29,47,1.0,10,1,5,47,5,5,4,4,47,0.5,0,1.0,0.5,1.0,0,0,0.0,0.5,12,0.5,0.0,0,0,1.0,0,0,2,5,0,0.0,0.0,0.0,13,0.0,0,0.5,0.5,4,0.5,0.5,0.0,0.0,1,0.0,0.5,1.0,0.5,3,0.5,0.5,0.5,0.5,2,0.5,1.0,1.0,1.0,19,0.5,0.5,7,7,47,0,2,0,0,47
2023-07,0,0.0,0,0,36,4,3,0,0.5,23,0.0,0.5,3,0.5,2,0.5,0,0.5,0.5,6,0.5,0.5,0.5,0.5,2,0.0,0.0,1.0,0.5,8,2,0,0.5,0,3,0,32,32,32,36,1.0,9,1,6,36,6,6,4,5,36,0.5,0,1.0,0.5,1.0,0,0,0.5,0.5,9,0.5,0.0,0,0,1.0,0,0,2,4,0,0.0,0.0,0.0,10,0.0,0,0.5,0.5,3,0.5,0.5,0.0,0.0,1,0.0,0.0,1.0,0.5,3,0.5,0.5,0.5,0.5,2,0.5,1.0,1.0,1.0,15,0.0,0.5,6,6,36,0,2,0,0,36
2023-08,0,0.0,0,0,47,4,2,0,0.5,30,0.0,0.5,3,0.5,3,0.5,0,0.0,0.5,8,0.5,0.5,0.5,0.5,2,0.0,0.0,1.0,1.0,11,2,0,0.5,0,4,0,30,30,30,47,1.0,9,2,6,47,6,6,4,9,47,0.5,0,1.0,0.5,1.0,0,0,0.0,0.5,12,0.5,0.5,0,0,1.0,0,0,2,5,0,0.0,0.0,0.0,13,0.0,0,0.5,0.5,4,0.5,0.5,0.0,0.5,1,0.0,0.5,1.0,0.5,3,0.0,0.5,0.5,0.5,2,0.5,1.0,1.0,1.0,19,0.0,0.5,6,6,47,0,2,0,0,47
2023-09,0,0.0,0,0,40,3,2,0,0.5,25,0.0,0.5,3,0.5,2,0.5,0,0.5,0.5,7,0.5,0.5,0.5,0.5,2,0.0,0.0,0.5,0.5,9,2,0,0.5,0,3,0,30,30,30,40,1.0,8,1,5,40,5,5,4,4,40,0.5,0,1.0,0.5,1.0,0,0,0.0,0.5,10,0.5,0.0,0,0,1.0,0,0,2,4,0,0.0,0.0,0.0,11,0.0,0,0.5,0.5,3,0.5,0.5,0.5,0.5,1,0.0,0.5,1.0,0.5,3,0.5,0.5,0.5,0.5,2,0.5,1.0,1.0,1.0,16,0.5,0.5,5,5,40,0,2,0,0,40
2023-10,0,0.0,0,0,39,3,2,0,0.5,25,0.0,0.5,3,0.5,2,0.5,0,0.5,0.5,7,0.5,0.5,0.5,0.5,2,0.0,0.0,0.5,0.5,9,2,0,0.5,0,3,0,27,27,27,39,1.0,8,1,5,39,5,5,3,4,39,0.5,0,1.0,0.5,1.0,0,0,0.5,0.5,10,0.5,0.5,0,0,1.0,0,0,2,4,0,0.0,0.0,0.0,11,0.0,0,0.5,0.5,3,0.5,0.5,0.5,0.0,1,0.0,0.5,1.0,0.0,3,0.5,0.5,0.5,0.5,2,0.5,1.0,1.0,1.0,16,0.0,0.5,5,5,39,0,2,0,0,39
2023-11,0,0.0,0,0,41,3,2,0,0.5,26,0.0,0.5,3,0.5,2,0.5,0,0.5,0.5,7,0.5,0.5,0.5,0.5,2,0.0,0.0,0.5,0.5,9,2,0,0.5,0,3,0,26,26,26,41,0.5,9,1,5,41,5,5,4,4,41,0.5,0,1.0,0.5,1.0,0,0,0.5,0.5,11,0.5,0.5,0,0,1.0,0,0,2,4,0,0.0,0.0,0.0,11,0.0,0,0.5,0.5,3,0.5,0.5,0.0,0.0,1,0.0,0.5,1.0,0.5,3,0.5,0.5,0.5,0.5,2,0.5,1.0,1.0,1.0,16,0.0,1.0,5,5,41,0,2,0,0,41
2023-12,0,0.0,0,0,31,3,2,0,0.5,20,0.0,0.5,3,0.5,2,0.5,0,0.5,0.5,5,0.5,0.5,0.5,0.5,2,0.0,0.0,1.0,1.0,7,2,0,0.5,0,2,0,29,28,28,31,1.0,9,2,6,31,6,6,4,5,31,0.5,0,1.0,0.5,1.0,0,0,0.0,0.5,8,0.5,0.5,0,0,0.5,0,0,3,3,0,0.0,0.0,0.0,9,0.0,0,0.5,0.5,2,0.5,0.5,0.0,0.0,1,0.0,0.5,1.0,0.5,2,0.0,0.5,0.5,0.5,2,0.5,1.0,1.0,1.0,13,0.5,0.5,5,5,31,0,2,0,0,31
2024-01,0,0.0,0,0,33,3,2,0,0.5,21,0.0,0.5,3,0.5,2,0.5,0,0.5,0.5,6,0.5,0.5,0.5,0.5,2,0.0,0.0,0.5,0.5,8,2,0,0.5,0,3,0,26,26,26,33,1.0,8,1,6,33,6,6,4,5,33,0.5,0,1.0,0.5,1.0,0,0,0.5,0.5,9,0.5,0.5,0,0,1.0,0,0,3,3,0,0.0,0.0,0.0,9,0.0,0,0.5,0.5,3,0.5,0.5,0.0,0.0,1,0.0,0.5,1.0,0.5,2,0.5,0.5,0.5,0.5,2,0.5,1.0,1.0,1.0,13,0.0,0.5,5,5,33,0,1,0,0,33
2024-02,0,0.0,0,0,34,4,2,0,0.5,21,0.0,0.5,4,0.5,2,0.5,0,0.5,0.5,6,0.5,0.5,0.5,0.5,2,0.0,0.0,1.0,1.0,8,1,0,0.5,0,3,0,25,25,25,34,1.0,8,2,6,34,6,6,4,3,34,0.5,0,1.0,0.5,1.0,0,0,0.0,0.5,9,0.5,0.0,0,0,1.0,0,0,2,3,0,0.0,0.0,0.0,9,0.0,0,0.5,0.5,3,0.5,0.5,0.0,0.0,1,0.0,0.5,1.0,0.0,2,0.5,0.5,0.0,0.5,2,0.5,1.0,1.0,1.0,13,0.0,1.0,6,6,34,0,2,0,0,34
2024-03,0,0.0,0,0,33,3,2,0,0.5,21,0.0,0.5,3,0.5,2,0.5,0,0.5,0.5,6,0.5,0.5,0.5,0.5,2,0.0,0.5,1.0,1.0,8,2,0,0.5,0,3,0,25,25,25,33,1.0,8,2,6,33,6,6,4,5,33,0.5,0,1.0,0.5,1.0,0,0,0.0,0.5,9,0.5,0.5,0,0,1.0,0,0,2,3,0,0.0,0.0,0.0,9,0.0,0,0.5,0.5,3,0.5,0.5,0.0,0.0,1,0.0,0.0,1.0,0.5,2,0.5,0.5,0.5,0.0,2,0.0,1.0,1.0,1.0,13,0.0,0.0,5,5,33,0,2,0,0,33
2024-04,0,0.0,0,0,25,3,2,0,0.0,16,0.0,0.5,2,0.5,2,0.5,0,0.5,0.5,4,0.5,0.5,0.5,0.5,1,0.5,0.0,0.5,0.5,6,1,0,0.5,0,2,0,23,23,23,25,0.5,8,2,5,25,5,5,3,4,25,0.5,0,1.0,0.5,0.5,0,0,0.5,0.5,7,0.5,0.0,0,0,0.5,0,0,2,3,0,0.0,0.0,0.0,7,0.0,0,0.5,0.5,2,0.5,0.5,0.0,0.0,1,0.0,0.0,1.0,0.0,2,0.0,0.5,0.0,0.5,1,0.5,1.0,1.0,1.0,10,0.0,0.0,5,5,25,0,1,0,0,25
2024-05,0,0.0,0,0,31,4,2,0,0.0,19,0.0,0.5,3,0.5,2,0.5,0,0.5,0.5,5,0.5,0.5,0.5,0.5,1,0.0,0.0,0.5,0.5,7,2,0,0.5,0,2,0,23,23,23,31,1.0,9,2,6,31,6,6,4,3,31,0.5,0,1.0,0.5,1.0,0,0,0.5,0.5,8,0.5,0.0,0,0,0.5,0,0,2,3,0,0.0,0.0,0.0,9,0.0,0,0.5,0.5,2,0.5,0.5,0.0,0.0,1,0.0,0.0,1.0,0.5,2,0.5,0.5,0.5,0.5,2,0.5,1.0,1.0,1.0,12,0.0,0.0,6,6,31,0,2,0,0,31
2024-06,0,0.0,0,0,26,3,2,0,0.5,16,0.0,0.5,2,0.5,2,0.5,0,0.5,0.5,4,0.5,0.5,0.5,0.5,1,0.0,0.0,0.5,0.5,6,1,0,0.5,0,2,0,20,20,20,26,1.0,8,2,5,26,5,5,3,4,26,0.5,0,1.0,0.5,0.5,0,0,0.0,0.5,7,0.5,0.5,0,0,0.5,0,0,2,3,0,0.0,0.0,0.0,7,0.0,0,0.5,0.5,2,0.5,0.5,0.0,0.0,1,0.0,0.5,1.0,0.0,2,0.5,0.5,0.5,0.5,1,0.5,1.0,1.0,1.0,10,0.0,0.0,4,4,26,0,1,0,0,26
2024-07,0,0.0,0,0,30,3,2,0,0.0,19,0.0,0.5,2,0.5,2,0.5,0,0.5,0.5,5,0.5,0.5,0.5,0.5,1,0.0,0.0,0.5,0.5,7,1,0,0.5,0,2,0,20,21,21,30,1.0,8,2,5,30,5,5,4,3,30,0.5,0,1.0,0.5,1.0,0,0,0.0,0.0,8,0.5,0.0,0,0,0.5,0,0,2,3,0,0.0,0.0,0.0,8,0.0,0,0.5,0.5,2,0.5,0.5,0.0,0.0,1,0.0,0.5,1.0,0.0,2,0.0,0.5,0.0,0.5,1,0.5,0.5,0.5,0.5,12,0.0,1.0,5,5,30,0,1,0,0,30
2024-08,0,0.0,0,0,29,3,2,0,0.0,18,0.0,0.5,2,0.5,2,0.5,0,0.5,0.5,5,0.5,0.5,0.5,0.5,1,0.0,0.0,1.0,0.5,7,1,0,0.5,0,2,0,20,21,21,29,1.0,9,2,4,29,4,4,3,4,29,0.5,0,1.0,0.5,0.5,0,0,0.5,0.5,8,0.5,0.0,0,0,0.5,0,0,4,3,0,0.0,0.0,0.0,8,0.0,0,0.5,0.5,2,0.5,0.5,0.5,0.5,1,0.0,0.5,1.0,0.5,2,0.0,0.0,0.0,0.0,1,0.0,1.0,1.0,1.0,12,0.0,0.5,5,5,29,0,1,0,0,29
2024-09,0,0.0,0,0,35,3,2,0,0.0,22,0.0,0.5,3,0.5,2,0.5,0,0.5,0.5,6,0.5,0.5,0.5,0.5,2,0.0,0.5,0.5,0.5,8,1,0,0.5,0,3,0,24,24,24,35,1.0,9,2,6,35,6,6,4,5,35,0.5,0,1.0,0.5,1.0,0,0,0.0,0.5,9,0.5,0.5,0,0,1.0,0,0,2,4,0,0.0,0.0,0.0,10,0.0,0,0.5,0.5,3,0.5,0.5,0.0,0.5,1,0.0,0.5,1.0,0.5,3,0.5,0.5,0.5,0.5,2,0.5,0.5,1.0,1.0,14,0.0,1.0,5,5,35,0,2,0,0,35
2024-10,0,0.0,0,0,35,3,2,0,0.5,22,0.0,0.5,3,0.5,2,0.5,0,0.5,0.5,6,0.5,0.5,0.5,0.5,2,0.0,0.0,1.0,1.0,8,1,0,0.5,0,3,0,24,24,24,35,1.0,9,2,6,35,6,6,4,4,35,0.5,0,1.0,0.5,1.0,0,0,0.5,0.5,9,0.5,0.5,0,0,1.0,0,0,2,4,0,0.0,0.0,0.0,10,0.0,0,0.5,0.5,3,0.5,0.5,0.0,0.5,1,0.0,0.0,1.0,0.0,3,0.5,0.0,0.5,0.5,2,0.5,1.0,1.0,1.0,14,0.0,0.0,5,5,35,0,2,0,0,35
2024-11,0,0.0,0,0,35,3,2,0,0.0,22,0.0,0.5,3,0.5,2,0.5,0,0.5,0.5,6,0.5,0.5,0.5,0.5,2,0.0,0.0,0.5,0.5,8,1,0,0.5,0,3,0,24,25,25,35,1.0,8,2,5,35,5,5,3,5,35,0.5,0,1.0,0.5,1.0,0,0,0.5,0.5,9,0.5,0.5,0,0,1.0,0,0,2,4,0,0.0,0.0,0.0,10,0.0,0,0.5,0.5,3,0.5,0.5,0.0,0.0,1,0.0,0.0,1.0,0.0,3,0.0,0.0,0.0,0.5,2,0.5,1.0,1.0,1.0,14,0.5,1.0,5,5,35,0,2,0,0,35
2024-12,0,0.0,0,0,30,3,2,0,0.5,19,0.0,0.5,3,0.5,2,0.5,0,0.5,0.5,5,0.0,0.0,0.5,0.5,1,0.0,0.0,0.5,0.5,7,1,0,0.5,0,2,0,22,22,22,30,1.0,9,2,5,30,5,5,4,5,30,0.5,0,1.0,0.5,1.0,0,0,0.5,0.5,8,0.5,0.0,0,0,0.5,0,0,3,3,0,0.0,0.0,0.0,8,0.0,0,0.5,0.5,2,0.5,0.5,0.0,0.0,1,0.0,0.0,1.0,0.0,2,0.5,0.5,0.5,0.5,1,0.5,1.0,1.0,1.0,12,0.0,0.0,5,5,30,0,1,0,0,30
2025-01,0,0.0,0,0,29,3,2,0,0.0,19,0.5,0.5,4,0.5,2,0.5,0,0.5,0.5,5,0.5,0.5,0.5,0.5,1,0.0,0.0,0.5,0.5,7,1,0,0.5,0,2,0,23,23,23,29,1.0,9,2,6,29,6,6,4,5,29,0.5,0,1.0,0.5,0.5,0,0,0.0,0.5,8,0.5,0.0,0,0,0.5,0,0,2,3,0,0.0,0.0,0.0,8,0.0,0,0.5,0.5,2,0.5,0.5,0.5,0.5,1,0.0,0.5,1.0,0.0,2,0.0,0.5,0.5,0.5,1,0.5,1.0,1.0,1.0,12,0.0,0.5,5,5,29,0,1,0,0,29
2025-02,0,0.0,0,0,30,4,2,0,0.0,19,0.0,0.5,3,0.5,2,0.5,0,0.5,0.0,5,0.0,0.5,0.5,0.5,1,0.0,0.0,0.5,0.5,7,1,0,0.5,0,2,0,22,22,22,30,0.0,9,2,6,30,6,6,3,5,30,0.5,0,1.0,0.5,1.0,0,0,0.5,0.5,8,0.5,0.0,0,0,0.5,0,0,2,3,0,0.0,0.0,0.0,8,0.0,0,0.5,0.5,2,0.5,0.5,0.0,0.0,1,0.0,0.0,1.0,0.0,2,0.5,0.5,0.5,0.0,1,0.0,1.0,1.0,1.0,12,0.0,0.0,6,6,30,0,1,0,0,30
2025-03,0,0.0,0,0,32,3,2,0,0.0,20,0.0,0.5,2,0.5,2,0.5,0,0.5,0.5,6,0.5,0.5,0.5,0.5,2,0.0,0.0,0.5,1.0,7,1,0,0.5,0,2,0,23,24,23,32,1.0,9,1,6,32,6,6,4,6,32,0.5,0,1.0,0.5,1.0,0,0,0.5,0.5,8,0.5,0.0,0,0,0.5,0,0,2,3,0,0.0,0.0,0.0,9,0.0,0,0.5,0.5,3,0.5,0.5,0.0,0.0,1,0.0,0.5,1.0,0.0,2,0.5,0.5,0.0,0.0,2,0.0,1.0,1.0,1.0,13,0.0,0.5,4,4,32,0,1,0,0,32
2025-04,0,0.0,0,0,32,3,2,0,0.0,20,0.0,0.5,2,0.5,2,0.5,0,0.5,0.5,5,0.5,0.5,0.5,0.5,2,0.0,0.0,0.5,0.5,7,1,0,0.5,0,2,0,22,22,22,32,0.5,9,2,5,32,5,5,4,4,32,0.5,0,1.0,0.5,1.0,0,0,0.0,0.5,8,0.5,0.5,0,0,0.5,0,0,2,3,0,0.0,0.0,0.0,9,0.0,0,0.5,0.5,3,0.5,0.5,0.0,0.0,1,0.0,0.5,0.5,0.0,2,0.5,0.5,0.5,0.0,2,0.0,0.5,0.5,0.5,13,0.0,0.0,4,4,32,0,1,0,0,32
2025-05,0,0.0,0,0,36,4,2,0,0.0,23,0.0,0.5,2,0.5,2,0.5,0,0.5,0.5,6,0.5,0.5,0.5,0.5,2,0.0,0.0,0.5,0.5,8,1,0,0.5,0,3,0,21,21,21,36,1.0,8,2,7,36,7,7,3,4,36,0.5,0,1.0,0.5,1.0,0,0,0.5,0.5,9,0.5,0.0,0,0,1.0,0,0,2,4,0,0.0,0.0,0.0,10,0.0,0,0.5,0.5,3,0.5,0.5,0.0,0.0,1,0.0,0.5,1.0,0.0,3,0.5,0.5,0.5,0.5,2,0.5,1.0,1.0,1.0,14,0.0,0.0,6,6,36,0,1,0,0,36
2025-06,0,0.0,0,0,33,3,2,0,0.0,21,0.0,0.5,2,0.5,2,0.5,0,0.5,0.0,6,0.5,0.5,0.5,0.5,2,0.5,0.0,0.5,0.5,8,1,0,0.5,0,3,0,24,23,23,33,1.0,8,1,5,33,5,5,3,4,33,0.5,0,1.0,0.5,1.0,0,0,0.5,0.5,8,0.5,0.0,0,0,0.5,0,0,2,3,0,0.0,0.0,0.0,9,0.0,0,0.5,0.5,3,0.5,0.5,0.0,0.0,1,0.0,0.0,1.0,0.5,2,0.5,0.5,0.5,0.5,2,0.5,1.0,1.0,1.0,13,0.0,0.5,5,5,33,0,1,0,0,33
2025-07,0,0.0,0,0,29,3,2,0,0.0,19,0.0,0.5,2,0.5,2,0.5,0,0.5,0.5,5,0.5,0.5,0.5,0.5,1,0.0,0.0,0.5,0.5,7,1,0,0.5,0,2,0,22,22,23,29,1.0,8,1,5,29,5,5,4,4,29,0.5,0,1.0,0.5,0.5,0,0,0.0,0.5,8,0.5,0.0,0,0,0.5,0,0,2,3,0,0.0,0.0,0.0,8,0.0,0,0.5,0.5,2,0.5,0.5,0.5,0.0,1,0.0,0.0,1.0,0.5,2,0.5,0.5,0.5,0.0,1,0.0,0.5,0.5,1.0,12,0.0,0.0,5,5,29,0,2,0,0,29
2025-08,0,0.0,0,0,34,3,2,0,0.5,21,0.0,0.5,2,0.5,2,0.5,0,0.5,0.5,6,0.5,0.5,0.5,0.5,2,0.0,0.0,0.5,0.5,8,1,0,0.5,0,3,0,25,25,25,34,1.0,9,1,6,34,6,6,3,4,34,0.5,0,1.0,0.5,1.0,0,0,0.5,0.5,9,0.5,0.5,0,0,1.0,0,0,2,3,0,0.0,0.5,0.0,10,0.0,0,0.5,0.5,3,0.5,0.5,0.0,0.0,1,0.0,0.5,1.0,0.5,2,0.5,0.5,0.5,0.5,2,0.5,1.0,1.0,1.0,14,0.0,0.5,5,5,34,0,1,0,0,34
2025-09,0,0.0,0,0,32,3,1,0,0.5,20,0.5,0.5,2,0.5,2,0.5,0,0.5,0.5,6,0.5,0.5,0.5,0.5,2,0.5,0.5,0.5,0.5,8,1,0,0.5,0,3,0,22,23,23,32,1.0,9,2,6,32,6,6,3,4,32,0.5,0,1.0,0.5,1.0,0,0,0.5,0.5,8,0.5,0.5,0,0,0.5,0,0,2,3,0,0.5,0.5,0.0,9,0.0,0,0.5,0.5,3,0.5,0.5,0.5,0.5,1,0.5,0.5,1.0,0.5,2,0.5,0.5,0.5,0.5,2,0.5,1.0,1.0,1.0,13,0.5,0.5,5,5,32,0,1,0,0,32
