Month,Christmas,Mawlid,Ashoura,Hijra,Email,Arba'een,Arba'een(2),Nowruz,Easter,welfare,retirement,pension,charity,Ashura,Arbaeen,Arbaeen(2),allowance,zaka,zaka(2),Ramadan,Eid al-Fitr,Eid al-Adha
2004-01,0.0,0.0,0,0.0,0.0,0.0,0.0,0.0,0.0,0.0,0.0,0.0,0.0,0.0,0.0,0.0,0.0,0.0,0.0,0.0,0.0,0.0
2004-02,0.0,0.0,0,0.0,0.0,0.0,0.0,0.0,0.0,0.0,0.0,0.0,0.0,0.0,0.0,0.0,0.0,0.0,0.0,0.0,0.0,0.0
2004-03,0.0,0.0,0,0.0,0.0,0.0,0.0,0.0,0.0,0.0,0.0,0.0,0.0,0.0,0.0,0.0,0.0,0.0,0.0,0.0,0.0,0.0
2004-04,0.0,0.0,0,0.0,0.0,0.0,0.0,0.0,0.0,0.0,0.0,0.0,0.0,0.0,0.0,0.0,0.0,0.0,0.0,0.0,0.0,0.0
2004-05,0.0,0.0,0,0.0,0.0,0.0,0.0,0.0,0.0,0.0,0.0,0.0,0.0,0.0,0.0,0.0,0.0,0.0,0.0,0.0,0.0,0.0
2004-06,0.0,0.0,0,0.0,0.0,0.0,0.0,0.0,0.0,0.0,0.0,0.0,0.0,0.0,0.0,0.0,0.0,0.0,0.0,0.0,0.0,0.0
2004-07,0.0,0.0,55,0.0,0.0,0.0,0.0,0.0,0.0,0.0,0.0,0.0,0.0,0.0,0.0,0.0,0.0,0.0,0.0,0.0,0.0,0.0
2004-08,0.0,0.0,0,0.0,0.0,0.0,0.0,0.0,0.0,0.0,0.0,0.0,0.0,0.0,0.0,0.0,0.0,0.0,0.0,0.0,0.0,0.0
2004-09,0.0,0.0,0,0.0,0.0,0.0,0.0,0.0,0.0,0.0,0.0,0.0,0.0,0.0,0.0,0.0,0.0,0.0,0.0,0.0,0.0,0.0
2004-10,0.0,0.0,0,0.0,0.0,0.0,0.0,0.0,0.0,0.0,0.0,0.0,0.0,0.0,0.0,0.0,0.0,0.0,0.0,0.0,0.0,0.0
2004-11,0.0,0.0,0,0.0,0.0,0.0,0.0,0.0,0.0,0.0,0.0,0.0,0.0,0.0,0.0,0.0,0.0,0.0,0.0,0.0,0.0,0.0
2004-12,0.0,0.0,0,0.0,0.0,0.0,0.0,0.0,0.0,0.0,0.0,0.0,0.0,0.0,0.0,0.0,0.0,0.0,0.0,0.0,0.0,0.0
2005-01,0.0,0.0,0,0.0,0.0,0.0,0.0,0.0,0.0,0.0,0.0,0.0,0.0,0.0,0.0,0.0,0.0,0.0,0.0,0.0,0.0,0.0
2005-02,0.0,0.0,0,0.0,0.0,0.0,0.0,0.0,0.0,0.0,0.0,0.0,0.0,0.0,0.0,0.0,0.0,0.0,0.0,0.0,0.0,0.0
2005-03,0.0,0.0,0,0.0,0.0,0.0,0.0,0.0,0.0,0.0,0.0,0.0,0.0,0.0,0.0,0.0,0.0,0.0,0.0,1383.5748792270529,0.0,0.0
2005-04,0.0,0.0,0,0.0,0.0,0.0,0.0,0.0,0.0,0.0,0.0,0.0,0.0,0.0,0.0,0.0,0.0,0.0,0.0,0.0,0.0,0.0
2005-05,0.0,0.0,0,0.0,0.0,0.0,0.0,0.0,0.0,0.0,0.0,0.0,0.0,0.0,0.0,0.0,0.0,0.0,0.0,0.0,0.0,0.0
2005-06,0.0,0.0,0,0.0,0.0,0.0,0.0,0.0,0.0,0.0,0.0,0.0,0.0,0.0,0.0,0.0,0.0,0.0,0.0,0.0,0.0,0.0
2005-07,0.0,0.0,0,0.0,0.0,0.0,0.0,0.0,0.0,0.0,0.0,0.0,0.0,0.0,0.0,0.0,0.0,0.0,0.0,0.0,0.0,0.0
2005-08,0.0,0.0,0,0.0,0.0,0.0,0.0,0.0,0.0,0.0,0.0,0.0,0.0,0.0,0.0,0.0,0.0,0.0,0.0,0.0,0.0,0.0
2005-09,0.0,0.0,0,0.0,0.0,0.0,0.0,0.0,0.0,0.0,0.0,0.0,0.0,0.0,0.0,0.0,0.0,0.0,0.0,0.0,0.0,0.0
2005-10,0.0,0.0,0,0.0,0.0,0.0,0.0,0.0,0.0,0.0,0.0,0.0,0.0,0.0,0.0,0.0,0.0,0.0,0.0,0.0,0.0,0.0
2005-11,0.0,0.0,0,0.0,0.0,0.0,0.0,0.0,0.0,0.0,0.0,0.0,0.0,0.0,0.0,0.0,0.0,0.0,0.0,0.0,0.0,0.0
2005-12,0.0,0.0,0,0.0,0.0,0.0,0.0,0.0,0.0,0.0,0.0,0.0,0.0,0.0,0.0,0.0,0.0,0.0,0.0,0.0,0.0,0.0
2006-01,0.0,0.0,0,0.0,0.0,0.0,0.0,0.0,0.0,0.0,0.0,0.0,0.0,0.0,0.0,0.0,0.0,0.0,0.0,0.0,0.0,0.0
2006-02,0.0,0.0,0,0.0,0.0,0.0,0.0,0.0,0.0,0.0,0.0,0.0,0.0,0.0,0.0,0.0,0.0,0.0,0.0,0.0,0.0,0.0
2006-03,0.0,0.0,0,0.0,0.0,0.0,0.0,0.0,0.0,0.0,0.0,0.0,0.0,0.0,0.0,0.0,0.0,0.0,0.0,0.0,0.0,0.0
2006-04,0.0,0.0,0,0.0,0.0,0.0,0.0,0.0,0.0,0.0,0.0,0.0,0.0,0.0,0.0,0.0,0.0,0.0,0.0,0.0,0.0,0.0
2006-05,0.0,0.0,0,0.0,0.0,0.0,0.0,0.0,0.0,0.0,0.0,0.0,0.0,0.0,0.0,0.0,0.0,0.0,0.0,0.0,0.0,0.0
2006-06,0.0,0.0,0,0.0,0.0,0.0,0.0,0.0,0.0,0.0,0.0,0.0,0.0,0.0,0.0,0.0,0.0,0.0,0.0,0.0,0.0,0.0
2006-07,0.0,0.0,0,0.0,0.0,0.0,0.0,0.0,0.0,0.0,0.0,71.31474103585657,0.0,0.0,0.0,0.0,0.0,0.0,0.0,0.0,0.0,0.0
2006-08,0.0,0.0,0,0.0,0.0,0.0,0.0,0.0,0.0,0.0,0.0,0.0,0.0,0.0,0.0,0.0,0.0,0.0,0.0,0.0,0.0,0.0
2006-09,0.0,0.0,0,0.0,0.0,0.0,0.0,0.0,0.0,0.0,0.0,0.0,0.0,0.0,0.0,0.0,0.0,0.0,0.0,0.0,0.0,0.0
2006-10,0.0,0.0,0,0.0,0.0,0.0,0.0,0.0,0.0,0.0,0.0,0.0,0.0,0.0,0.0,0.0,0.0,0.0,0.0,0.0,0.0,0.0
2006-11,0.0,0.0,0,0.0,0.0,0.0,0.0,0.0,0.0,0.0,0.0,0.0,0.0,0.0,0.0,0.0,0.0,0.0,0.0,0.0,0.0,0.0
2006-12,0.0,0.0,0,0.0,0.0,0.0,0.0,0.0,0.0,0.0,0.0,0.0,0.0,0.0,0.0,0.0,0.0,0.0,0.0,0.0,0.0,0.0
2007-01,0.0,0.0,0,0.0,0.0,0.0,0.0,0.0,0.0,0.0,0.0,0.0,0.0,0.0,0.0,0.0,0.0,0.0,0.0,0.0,0.0,0.0
2007-02,0.0,0.0,0,0.0,0.0,0.0,0.0,0.0,0.0,0.0,0.0,0.0,0.0,0.0,0.0,0.0,0.0,0.0,0.0,0.0,0.0,0.0
2007-03,0.0,0.0,0,0.0,0.0,0.0,0.0,0.0,0.0,0.0,0.0,0.0,0.0,0.0,0.0,0.0,0.0,0.0,0.0,0.0,0.0,0.0
2007-04,0.0,0.0,0,0.0,0.0,0.0,0.0,0.0,0.0,0.0,0.0,0.0,0.0,0.0,0.0,0.0,0.0,0.0,0.0,0.0,0.0,0.0
2007-05,0.0,0.0,0,0.0,0.0,0.0,0.0,0.0,0.0,0.0,0.0,0.0,0.0,0.0,0.0,0.0,0.0,0.0,0.0,0.0,0.0,0.0
2007-06,0.0,100.0,0,0.0,0.0,0.0,0.0,0.0,0.0,0.0,0.0,0.0,0.0,0.0,0.0,0.0,0.0,0.0,0.0,0.0,0.0,0.0
2007-07,0.0,0.0,0,0.0,0.0,0.0,0.0,0.0,0.0,0.0,0.0,0.0,0.0,0.0,0.0,0.0,0.0,0.0,0.0,0.0,0.0,0.0
2007-08,0.0,0.0,0,0.0,0.0,0.0,0.0,0.0,0.0,0.0,0.0,0.0,0.0,0.0,0.0,0.0,0.0,0.0,0.0,0.0,0.0,0.0
2007-09,0.0,0.0,0,0.0,0.0,0.0,0.0,0.0,0.0,0.0,0.0,0.0,0.0,0.0,0.0,0.0,0.0,0.0,0.0,0.0,0.0,0.0
2007-10,0.0,0.0,0,0.0,0.0,0.0,0.0,0.0,0.0,0.0,0.0,0.0,0.0,0.0,0.0,0.0,0.0,0.0,0.0,0.0,0.0,0.0
2007-11,0.0,0.0,0,0.0,0.0,0.0,0.0,0.0,0.0,0.0,0.0,0.0,0.0,0.0,0.0,0.0,0.0,0.0,0.0,0.0,0.0,0.0
2007-12,0.0,0.0,0,0.0,0.0,0.0,0.0,0.0,0.0,0.0,0.0,0.0,0.0,0.0,0.0,0.0,0.0,0.0,0.0,0.0,0.0,0.0
2008-01,0.0,0.0,0,0.0,0.0,0.0,0.0,0.0,0.0,0.0,0.0,0.0,0.0,0.0,0.0,0.0,0.0,0.0,0.0,0.0,0.0,0.0
2008-02,0.0,0.0,0,0.0,0.0,0.0,0.0,0.0,0.0,0.0,0.0,0.0,0.0,0.0,0.0,0.0,0.0,0.0,0.0,0.0,0.0,0.0
2008-03,0.0,0.0,0,0.0,0.0,0.0,0.0,0.0,0.0,0.0,0.0,0.0,0.0,0.0,0.0,0.0,0.0,0.0,0.0,0.0,0.0,0.0
2008-04,0.0,0.0,0,0.0,0.0,0.0,0.0,0.0,0.0,0.0,0.0,0.0,0.0,0.0,0.0,0.0,0.0,0.0,0.0,0.0,0.0,0.0
2008-05,0.0,0.0,0,0.0,0.0,0.0,0.0,0.0,0.0,0.0,0.0,0.0,0.0,0.0,0.0,0.0,0.0,0.0,0.0,0.0,0.0,0.0
2008-06,0.0,0.0,0,0.0,0.0,0.0,0.0,0.0,0.0,0.0,0.0,0.0,0.0,0.0,0.0,0.0,0.0,0.0,0.0,0.0,0.0,0.0
2008-07,0.0,0.0,0,0.0,0.0,0.0,0.0,0.0,0.0,0.0,0.0,0.0,0.0,0.0,0.0,0.0,0.0,0.0,0.0,0.0,0.0,0.0
2008-08,0.0,0.0,0,0.0,0.0,0.0,0.0,0.0,0.0,0.0,0.0,0.0,0.0,0.0,0.0,0.0,0.0,0.0,0.0,0.0,0.0,0.0
2008-09,0.0,0.0,0,0.0,0.0,0.0,0.0,0.0,0.0,0.0,0.0,0.0,0.0,0.0,0.0,0.0,0.0,0.0,0.0,0.0,0.0,0.0
2008-10,0.0,0.0,0,0.0,0.0,0.0,0.0,0.0,0.0,0.0,0.0,0.0,0.0,0.0,0.0,0.0,0.0,0.0,0.0,0.0,0.0,0.0
2008-11,0.0,0.0,0,0.0,0.0,0.0,0.0,0.0,0.0,0.0,0.0,0.0,0.0,0.0,0.0,0.0,0.0,0.0,0.0,0.0,0.0,0.0
2008-12,0.0,0.0,0,0.0,0.0,0.0,0.0,0.0,0.0,0.0,0.0,0.0,0.0,0.0,0.0,0.0,0.0,0.0,0.0,0.0,0.0,0.0
2009-01,0.0,0.0,0,0.0,0.0,0.0,0.0,0.0,0.0,0.0,0.0,0.0,0.0,0.0,0.0,0.0,0.0,0.0,0.0,0.0,0.0,0.0
2009-02,0.0,0.0,0,0.0,0.0,0.0,0.0,0.0,0.0,0.0,0.0,0.0,0.0,0.0,0.0,0.0,0.0,0.0,0.0,0.0,0.0,0.0
2009-03,0.0,0.0,0,0.0,0.0,0.0,0.0,0.0,0.0,0.0,0.0,0.0,0.0,0.0,0.0,0.0,0.0,0.0,0.0,0.0,0.0,0.0
2009-04,0.0,0.0,0,0.0,0.0,0.0,0.0,0.0,0.0,0.0,0.0,0.0,0.0,0.0,0.0,0.0,0.0,0.0,0.0,0.0,0.0,0.0
2009-05,0.0,0.0,0,0.0,0.0,0.0,0.0,0.0,0.0,0.0,0.0,0.0,0.0,0.0,0.0,0.0,0.0,0.0,0.0,0.0,0.0,0.0
2009-06,0.0,0.0,0,0.0,0.0,0.0,0.0,0.0,0.0,0.0,0.0,0.0,0.0,0.0,0.0,0.0,0.0,0.0,0.0,0.0,0.0,0.0
2009-07,0.0,0.0,0,0.0,0.0,0.0,0.0,0.0,0.0,0.0,0.0,0.0,0.0,0.0,0.0,0.0,0.0,0.0,0.0,0.0,0.0,0.0
2009-08,0.0,0.0,0,0.0,0.0,0.0,0.0,0.0,0.0,0.0,0.0,0.0,0.0,0.0,0.0,0.0,0.0,0.0,0.0,0.0,0.0,0.0
2009-09,0.0,0.0,0,0.0,0.0,0.0,0.0,0.0,0.0,0.0,0.0,0.0,0.0,0.0,0.0,0.0,0.0,0.0,0.0,0.0,0.0,0.0
2009-10,0.0,0.0,0,0.0,0.0,0.0,0.0,0.0,0.0,0.0,0.0,0.0,0.0,0.0,0.0,0.0,0.0,0.0,0.0,0.0,0.0,0.0
2009-11,0.0,0.0,0,0.0,0.0,0.0,0.0,0.0,0.0,0.0,0.0,0.0,0.0,0.0,0.0,0.0,0.0,0.0,0.0,0.0,0.0,0.0
2009-12,0.0,0.0,0,0.0,0.0,0.0,0.0,0.0,0.0,0.0,0.0,0.0,0.0,0.0,0.0,0.0,0.0,0.0,0.0,0.0,0.0,0.0
2010-01,0.0,0.0,0,0.0,0.0,0.0,0.0,0.0,0.0,0.0,0.0,0.0,0.0,0.0,0.0,0.0,0.0,0.0,0.0,0.0,0.0,0.0
2010-02,87.01449275362317,0.0,0,0.0,0.0,0.0,0.0,0.0,0.0,0.0,0.0,0.0,0.0,0.0,0.0,0.0,0.0,0.0,0.0,0.0,0.0,0.0
2010-03,0.0,0.0,0,0.0,0.0,0.0,0.0,0.0,0.0,0.0,0.0,0.0,0.0,0.0,0.0,0.0,0.0,0.0,0.0,0.0,0.0,0.0
2010-04,0.0,0.0,0,0.0,0.0,0.0,0.0,0.0,0.0,0.0,0.0,0.0,0.0,0.0,0.0,0.0,0.0,0.0,0.0,0.0,0.0,0.0
2010-05,0.0,0.0,0,0.0,0.0,0.0,0.0,0.0,0.0,0.0,0.0,0.0,0.0,0.0,0.0,0.0,0.0,0.0,0.0,0.0,0.0,0.0
2010-06,0.0,0.0,0,0.0,0.0,0.0,0.0,0.0,0.0,0.0,0.0,0.0,0.0,0.0,0.0,0.0,0.0,0.0,0.0,0.0,0.0,0.0
2010-07,0.0,3.0,0,0.0,0.0,0.0,0.0,0.0,0.0,0.0,0.0,0.0,0.0,0.0,0.0,0.0,0.0,0.0,0.0,0.0,0.0,0.0
2010-08,0.0,0.0,0,0.0,0.0,0.0,0.0,0.0,0.0,0.0,0.0,0.0,0.0,0.0,0.0,0.0,0.0,0.0,0.0,0.0,0.0,0.0
2010-09,0.0,0.0,0,0.0,0.0,0.0,0.0,0.0,0.0,0.0,0.0,0.0,0.0,0.0,0.0,0.0,0.0,0.0,0.0,0.0,0.0,0.0
2010-10,0.0,0.0,0,0.0,0.0,0.0,0.0,0.0,0.0,0.0,0.0,0.0,0.0,0.0,0.0,0.0,0.0,0.0,0.0,0.0,0.0,0.0
2010-11,0.0,0.0,0,0.0,0.0,0.0,0.0,0.0,0.0,0.0,0.0,0.0,0.0,0.0,0.0,0.0,0.0,0.0,0.0,0.0,0.0,0.0
2010-12,0.0,0.0,0,0.0,0.0,0.0,0.0,0.0,0.0,0.0,0.0,0.0,0.0,0.0,0.0,0.0,0.0,0.0,0.0,0.0,0.0,0.0
2011-01,0.0,0.0,0,0.0,55.54752402540141,0.0,0.0,0.0,0.0,0.0,0.0,0.0,0.0,0.0,0.0,0.0,0.0,0.0,0.0,0.0,0.0,0.0
2011-02,0.0,0.0,0,0.0,55.259742674919096,0.0,0.0,0.0,0.0,0.0,0.0,0.0,0.0,0.0,0.0,0.0,0.0,0.0,0.0,0.0,0.0,0.0
2011-03,0.0,0.0,0,0.0,54.10861727298983,0.0,0.0,0.0,0.0,0.0,0.0,0.0,0.0,0.0,0.0,0.0,0.0,0.0,0.0,0.0,0.0,0.0
2011-04,0.0,0.0,0,0.0,61.5773916929947,0.0,0.0,0.0,0.0,0.0,0.0,0.0,0.0,0.0,0.0,0.0,0.0,0.0,0.0,0.0,0.0,0.0
2011-05,0.0,0.0,0,0.0,54.10861727298983,0.0,0.0,0.0,0.0,0.0,0.0,0.0,0.0,0.0,0.0,0.0,0.0,0.0,0.0,0.0,0.0,0.0
2011-06,0.0,0.0,0,0.0,62.72851709492396,0.0,0.0,0.0,0.0,0.0,0.0,0.0,0.0,0.0,0.0,0.0,0.0,0.0,0.0,0.0,0.0,0.0
2011-07,0.0,0.0,0,0.0,49.94209365684348,0.0,0.0,0.0,0.0,0.0,0.0,0.0,0.0,0.0,0.0,0.0,0.0,0.0,0.0,13.835748792270529,0.0,0.0
2011-08,0.0,0.0,0,0.0,34.379656761679065,0.0,0.0,0.0,0.0,0.0,0.0,0.0,0.0,0.0,0.0,0.0,0.0,0.0,0.0,41.50724637681159,0.0,0.0
2011-09,0.0,0.0,0,0.0,49.65431230636117,0.0,0.0,0.0,0.0,0.0,0.0,0.0,0.0,0.0,0.0,0.0,0.0,0.0,0.0,0.0,0.0,0.0
2011-10,0.0,0.0,0,0.0,53.5330545720252,0.0,0.0,0.0,0.0,0.0,0.0,0.0,0.0,0.0,0.0,0.0,0.0,0.0,0.0,0.0,0.0,0.0
2011-11,0.0,0.0,0,0.0,34.9552194626437,0.0,0.0,0.0,0.0,0.0,0.0,0.0,0.0,0.0,0.0,0.0,0.0,0.0,0.0,0.0,0.0,0.0
2011-12,43.50724637681159,0.0,0,0.0,25.18326547793943,0.0,0.0,0.0,0.0,0.0,0.0,0.0,0.0,0.0,0.0,0.0,0.0,0.0,0.0,0.0,0.0,0.0
2012-01,0.0,0.0,0,0.0,53.5330545720252,0.0,0.0,0.0,0.0,0.0,0.0,0.0,0.0,0.0,0.0,0.0,0.0,0.0,0.0,0.0,0.0,0.0
2012-02,14.335748792270529,0.0,0,0.0,55.83530537588373,0.0,0.0,0.0,0.0,0.0,0.0,0.0,0.0,0.0,0.0,0.0,0.0,0.0,0.0,0.0,0.0,0.0
2012-03,0.0,0.0,0,0.0,32.51538394939124,0.0,0.0,0.0,0.0,0.0,0.0,0.0,0.0,0.0,0.0,0.0,0.0,0.0,0.0,0.0,0.0,0.0
2012-04,0.0,0.0,0,0.0,31.6520398979443,0.0,0.0,0.0,0.0,0.0,0.0,0.0,0.0,0.0,0.0,0.0,0.0,0.0,0.0,0.0,0.0,0.0
2012-05,0.0,0.0,0,0.0,32.22760259890892,0.0,0.0,0.0,0.0,0.0,0.0,0.0,0.0,0.0,0.0,0.0,0.0,0.0,0.0,0.0,0.0,0.0
2012-06,0.0,0.0,0,0.0,58.84977482925993,0.0,0.0,0.0,0.0,0.0,0.0,0.0,0.0,0.0,0.0,0.0,0.0,0.0,0.0,0.0,0.0,0.0
2012-07,0.0,0.0,0,0.0,57.698649427330665,0.0,0.0,0.0,0.0,0.0,0.0,0.0,0.0,0.0,0.0,0.0,0.0,0.0,0.0,27.671497584541058,0.0,0.0
2012-08,0.0,0.0,0,0.0,31.93982124842661,0.0,0.0,0.0,0.0,0.0,0.0,0.0,0.0,0.0,0.0,0.0,0.0,0.0,0.0,13.835748792270529,0.0,0.0
2012-09,0.0,0.0,0,0.0,53.82083592250752,0.0,0.0,0.0,0.0,0.0,0.0,0.0,0.0,0.0,0.0,0.0,0.0,0.0,0.0,0.0,0.0,0.0
2012-10,0.0,0.0,0,0.0,31.076477196979667,0.0,0.0,0.0,0.0,0.0,0.0,0.0,0.0,0.0,0.0,0.0,0.0,0.0,0.0,13.835748792270529,0.0,0.0
2012-11,0.0,0.0,0,0.0,32.22760259890892,0.0,0.0,0.0,0.0,0.0,0.0,0.0,0.0,0.0,0.0,0.0,0.0,0.0,0.0,0.0,0.0,0.0
2012-12,28.671497584541058,0.0,0,0.0,50.517656357808114,0.0,0.0,0.0,0.0,0.0,0.0,0.0,0.0,0.0,0.0,0.0,0.0,0.0,0.0,0.0,0.0,0.0
2013-01,0.0,0.0,0,0.0,51.093219058772746,0.0,0.0,0.0,0.0,0.0,0.0,0.0,0.0,0.0,0.0,0.0,0.0,0.0,0.0,0.0,0.0,0.0
2013-02,0.0,0.0,0,0.0,49.36653095587886,0.0,0.0,0.0,0.0,0.0,0.0,0.0,0.0,0.0,0.0,0.0,0.0,0.0,0.0,0.0,0.0,0.0
2013-03,0.0,0.0,0,0.0,54.10861727298983,0.0,0.0,0.0,0.0,0.0,0.0,0.0,0.0,0.0,0.0,0.0,0.0,0.0,0.0,0.0,0.0,0.0
2013-04,0.0,0.0,0,0.0,32.803165299873555,0.0,0.0,0.0,0.0,0.0,0.0,0.0,0.0,0.0,0.0,0.0,0.0,0.0,0.0,0.0,0.0,0.0
2013-05,0.0,0.0,0,0.0,50.2298750073258,0.0,0.0,0.0,0.0,0.0,0.0,0.0,0.0,0.0,0.0,0.0,0.0,0.0,0.0,0.0,0.0,0.0
2013-06,0.0,0.0,0,0.0,53.24527322154289,0.0,0.0,0.0,0.0,0.0,0.0,0.0,0.0,0.0,0.0,0.0,0.0,0.0,0.0,0.0,0.0,0.0
2013-07,0.0,0.0,0,0.0,50.517656357808114,0.0,0.0,0.0,0.0,0.0,0.0,0.0,0.0,0.0,0.0,0.0,0.0,0.0,0.0,41.50724637681159,0.0,0.0
2013-08,0.0,0.0,0,0.0,55.83530537588373,0.0,0.0,0.0,0.0,0.0,0.0,0.0,0.0,0.0,0.0,0.0,0.0,0.0,0.0,0.0,0.0,0.0
2013-09,0.0,0.0,0,0.0,33.090946650355875,0.0,0.0,0.0,0.0,0.0,0.0,0.0,0.0,0.0,0.0,0.0,0.0,0.0,0.0,0.0,0.0,0.0
2013-10,0.0,0.0,0,0.0,34.379656761679065,0.0,0.0,0.0,0.0,0.0,0.0,0.0,0.0,0.0,0.0,0.0,0.0,0.0,0.0,0.0,0.0,0.0
2013-11,7.4178743961352644,0.0,0,0.0,52.24434446070201,0.0,0.0,0.0,0.0,0.0,0.0,0.0,0.0,0.0,0.0,0.0,0.0,0.0,0.0,0.0,0.0,0.0
2013-12,28.671497584541058,0.0,0,0.0,50.517656357808114,0.0,0.0,0.0,0.0,0.0,0.0,0.0,0.0,0.0,0.0,0.0,0.0,0.0,0.0,0.0,0.0,0.0
2014-01,0.0,0.0,0,0.0,53.24527322154289,0.0,0.0,0.0,0.0,0.0,0.0,0.0,0.0,0.0,0.0,0.0,0.0,0.0,0.0,0.0,0.0,0.0
2014-02,0.0,0.0,0,0.0,54.10861727298983,0.0,0.0,0.0,0.0,0.0,0.0,0.0,0.0,0.0,0.0,0.0,0.0,0.0,0.0,0.0,0.0,0.0
2014-03,0.0,0.0,0,0.0,34.667438112161385,0.0,0.0,0.0,0.0,0.0,0.0,0.0,0.0,0.0,0.0,0.0,0.0,0.0,0.0,0.0,0.0,0.0
2014-04,0.0,0.0,0,0.0,30.213133145532716,0.0,0.0,0.0,0.0,0.0,0.0,0.0,0.0,0.0,0.0,0.0,0.0,0.0,0.0,6.9178743961352644,0.0,0.0
2014-05,0.0,0.0,0,0.5885481078407123,27.48551628179795,0.0,0.0,0.0,0.0,0.0,0.0,0.0,0.0,0.0,0.0,0.0,0.0,0.0,0.0,6.9178743961352644,0.0,0.0
2014-06,0.0,0.0,0,0.5885481078407123,25.47104682842174,0.0,0.0,0.0,0.0,0.0,0.0,0.0,0.0,0.0,0.0,0.0,0.0,0.0,0.0,27.671497584541058,0.0,0.0
2014-07,0.0,0.0,0,0.0,26.622172230351005,0.0,0.0,0.0,0.0,0.0,0.0,0.0,0.0,0.0,0.0,0.0,0.0,0.0,0.0,13.835748792270529,0.0,0.0
2014-08,0.0,0.0,0,0.5885481078407123,28.774226393121143,0.0,0.0,0.0,0.0,0.0,0.0,0.0,0.0,0.0,0.0,0.0,0.0,0.0,0.0,6.9178743961352644,0.0,0.0
2014-09,0.0,0.0,0,0.5885481078407123,26.622172230351005,0.0,0.0,0.0,0.0,0.0,0.0,0.0,0.0,0.0,0.0,0.0,0.0,0.0,0.0,0.0,0.0,0.0
2014-10,0.0,0.0,0,0.0,27.197734931315633,0.0,0.0,0.0,0.0,0.0,0.0,0.0,0.0,0.0,0.0,0.0,0.0,0.0,0.0,0.0,0.0,0.0
2014-11,7.4178743961352644,0.0,0,0.5885481078407123,29.06200774360346,0.0,0.0,0.0,0.0,0.0,0.0,0.0,0.0,0.0,0.0,0.0,0.0,0.0,0.0,0.0,0.0,0.0
2014-12,14.835748792270529,0.0,0,0.5885481078407123,29.925351795050403,0.0,0.0,0.0,0.0,0.3565737051792829,0.0,0.0,0.0,0.0,0.0,0.0,0.0,0.0,0.0,0.0,0.0,0.0
2015-01,0.0,0.0,0,0.5885481078407123,28.774226393121143,0.0,0.0,0.0,0.0,0.0,0.0,0.0,0.0,0.0,0.0,0.0,0.0,0.0,0.0,0.0,0.0,0.0
2015-02,0.0,0.0,0,0.0,31.076477196979667,0.0,0.0,0.0,0.0,0.0,0.0,0.0,0.0,0.0,0.0,0.0,0.0,0.0,0.0,0.0,0.0,0.0
2015-03,0.0,0.0,0,0.0,29.349789094085775,0.0,0.0,0.0,0.0,0.0,0.0,0.0,0.0,0.0,0.0,0.0,0.0,0.0,0.0,0.0,0.0,0.0
2015-04,0.0,0.0,0,0.0,26.909953580833317,0.0,0.0,0.0,0.3565737051792829,0.0,0.0,0.0,0.0,0.0,0.0,0.0,0.0,0.0,0.0,0.0,0.0,0.0
2015-05,7.4178743961352644,0.0,0,0.6106851348008904,26.33439087986869,0.0,0.0,0.0,0.0,0.0,0.0,0.0,0.0,0.0,0.0,0.0,0.0,0.0,0.0,6.9178743961352644,0.0,0.0
2015-06,0.0,0.0,0,0.0,27.48551628179795,0.0,0.0,0.0,0.0,0.0,0.0,0.0,0.0,0.0,0.0,0.0,0.0,0.0,0.0,27.671497584541058,0.0,0.0
2015-07,0.0,0.0,0,0.0,27.773297632280265,0.0,0.0,0.0,0.0,0.0,0.0,0.0,0.0,0.0,0.0,0.0,0.0,0.0,0.0,13.835748792270529,0.0,0.0
2015-08,0.0,0.0,0,0.6106851348008904,30.78869584649735,0.0,0.0,0.0,0.0,0.0,0.0,0.0,0.0,0.0,0.0,0.0,0.0,0.0,0.0,0.0,0.0,0.0
2015-09,0.0,0.0,0,0.0,30.213133145532716,0.0,0.0,0.0,0.0,0.0,0.0,0.0,0.0,0.0,0.0,0.0,0.0,0.0,0.0,0.0,0.0,0.0
2015-10,0.0,0.0,0,0.0,29.63757044456809,0.0,0.0,0.0,0.0,0.0,0.0,0.0,0.0,0.0,0.0,0.0,0.0,0.0,0.0,0.0,0.0,0.0
2015-11,7.4178743961352644,0.0,0,0.6328221617610685,29.63757044456809,0.0,0.0,0.0,0.0,0.0,0.0,0.0,0.0,0.0,0.0,0.0,0.0,0.0,0.0,0.0,0.0,0.0
2015-12,14.835748792270529,0.0,0,0.6106851348008904,51.95656311021969,0.0,0.0,0.0,0.0,0.0,0.0,0.0,0.0,0.0,0.0,0.0,0.0,0.0,0.0,0.0,0.0,0.0
2016-01,7.4178743961352644,0.0,0,0.5664110808805343,28.774226393121143,0.0,0.0,0.0,0.0,0.0,0.3565737051792829,0.0,0.0,0.0,0.0,0.0,0.0,0.0,0.0,0.0,0.0,0.0
2016-02,0.0,0.0,0,0.6106851348008904,26.33439087986869,0.0,0.0,0.0,0.0,0.0,0.0,0.0,0.0,0.0,0.0,0.0,0.0,0.0,0.0,0.0,0.0,0.0
2016-03,0.0,0.0,0,0.5885481078407123,23.244358725527853,0.0,0.0,0.0,0.3565737051792829,0.3565737051792829,0.0,0.0,0.0,0.0,0.0,0.0,0.0,0.0,0.0,6.9178743961352644,0.0,0.0
2016-04,0.0,0.0,0,0.6106851348008904,23.53214007601017,0.0,0.0,0.0,0.0,0.3565737051792829,0.0,0.3565737051792829,0.0,0.0,0.0,0.0,0.0,0.0,0.0,6.9178743961352644,0.0,0.0
2016-05,7.4178743961352644,0.0,0,0.0,24.895484127457113,0.0,0.0,0.04427405392035617,0.0,0.3565737051792829,0.0,0.0,0.0,0.0,0.0,0.0,0.0,0.0,0.0,6.9178743961352644,0.0,0.0
2016-06,0.0,0.0,0,0.6106851348008904,29.06200774360346,0.0,0.0,0.0,0.0,0.0,0.0,0.3565737051792829,0.0,0.0,0.0,0.0,0.0,0.0,0.0,27.671497584541058,0.0,0.0
2016-07,0.0,0.0,0,0.6106851348008904,25.18326547793943,0.0,0.0,0.0,0.0,0.3565737051792829,0.0,0.0,0.0,0.0,0.0,0.0,0.0,0.0,0.0,6.9178743961352644,0.0,0.0
2016-08,0.0,0.0,0,0.5885481078407123,25.47104682842174,0.0,0.0,0.0,0.0,0.0,0.0,0.0,0.0,0.0,0.0,0.0,0.0,0.0,0.0,0.0,0.0,0.0
2016-09,0.0,0.0,0,0.5885481078407123,25.758828178904057,0.0,0.0,0.0,0.3565737051792829,0.3565737051792829,0.0,0.0,0.0,0.0,0.0,0.0,0.0,0.0,0.0,0.0,0.0,0.0
2016-10,0.0,0.0,0,0.5885481078407123,26.622172230351005,0.0,0.0,0.0,0.0,0.3565737051792829,0.0,0.0,0.0,0.0,0.0,0.0,0.0,0.0,0.0,0.0,0.0,0.0
2016-11,7.4178743961352644,0.0,0,0.6106851348008904,27.197734931315633,0.0,0.0,0.0,0.0,0.3565737051792829,0.0,0.0,0.0,0.0,0.0,0.0,0.0,0.0,0.0,0.0,0.0,0.0
2016-12,14.835748792270529,0.0,0,0.5885481078407123,27.48551628179795,0.0,0.0,0.0,0.0,0.3565737051792829,0.0,0.0,0.0,0.0,0.0,0.0,0.0,0.0,0.0,0.0,0.0,0.0
2017-01,7.4178743961352644,0.0,0,0.5885481078407123,25.47104682842174,0.0,0.0,0.0,0.0,0.3565737051792829,0.0,0.0,0.0,0.0,0.0,0.0,0.0,0.0,0.0,6.9178743961352644,0.0,0.0
2017-02,0.0,0.0,0,0.5664110808805343,27.197734931315633,0.0,0.0,0.0,0.0,0.3565737051792829,0.0,0.0,0.0,0.0,0.0,0.0,0.0,0.0,0.0,6.9178743961352644,0.0,0.0
2017-03,0.0,0.0,0,0.5885481078407123,25.47104682842174,0.0,0.0,0.0,0.0,0.3565737051792829,0.0,0.0,0.0,0.0,0.0,0.0,0.0,0.0,0.0,6.9178743961352644,0.0,0.0
2017-04,0.0,0.0,0,0.6106851348008904,26.33439087986869,0.0,0.0,0.0,0.3565737051792829,0.0,0.0,0.0,0.0,0.0,0.0,0.0,0.0,0.0,0.0,6.9178743961352644,0.0,0.0
2017-05,0.0,0.0,0,0.5885481078407123,24.895484127457113,0.0,0.0,0.0,0.0,0.0,0.0,0.0,0.0,0.0,0.0,0.0,0.0,0.0,0.0,13.835748792270529,0.0,0.0
2017-06,0.0,0.0,0,0.6328221617610685,24.319921426492485,0.0,0.0,0.0,0.0,0.0,0.0,0.0,0.0,0.0,0.0,0.0,0.0,0.0,0.0,13.835748792270529,0.0,0.0
2017-07,0.0,0.0,0,0.6549591887212466,24.607702776974797,0.0,0.0,0.0,0.0,0.3565737051792829,0.0,0.0,0.0,0.0,0.0,0.0,0.0,0.0,0.0,6.9178743961352644,0.0,0.0
2017-08,0.0,0.0,0,0.6328221617610685,24.895484127457113,0.0,0.0,0.0,0.0,0.0,0.0,0.0,0.0,0.0,0.0,0.0,0.0,0.0,0.0,6.9178743961352644,0.0,0.0
2017-09,7.4178743961352644,0.0,0,0.6549591887212466,25.758828178904057,0.0,0.0,0.0,0.0,0.0,0.0,0.0,0.0,0.17709621568142467,0.0,0.0,0.0,0.0,0.0,0.0,0.0,0.0
2017-10,7.4178743961352644,0.0,0,0.6328221617610685,26.33439087986869,0.0,0.0,0.0,0.0,0.3565737051792829,0.0,0.0,0.0,0.0,0.0,0.0,0.0,0.0,0.0,0.0,0.0,0.0
2017-11,7.4178743961352644,0.0,0,0.5885481078407123,29.06200774360346,0.0,0.0,0.0,0.0,0.3565737051792829,0.0,0.0,0.0,0.0,0.0,0.0,0.0,0.0,0.0,0.0,0.0,0.0
2017-12,14.835748792270529,0.0,0,0.6549591887212466,25.47104682842174,0.0,0.0,0.0,0.0,0.3565737051792829,0.0,0.0,0.17709621568142467,0.0,0.0,0.0,0.0,0.0,0.0,0.0,0.0,0.0
2018-01,7.4178743961352644,0.0,0,0.6770962156814246,26.622172230351005,0.0,0.0,0.0,0.0,0.3565737051792829,0.0,0.0,0.08854810784071233,0.0,0.0,0.0,0.0,0.0,0.0,0.0,0.0,0.0
2018-02,7.4178743961352644,0.0,0,0.6549591887212466,26.622172230351005,0.0,0.0,0.0,0.0,0.3565737051792829,0.0,0.0,0.0,0.0,0.0,0.0,0.0,0.0,0.0,6.9178743961352644,0.0,0.0
2018-03,0.0,0.0,0,0.6770962156814246,27.197734931315633,0.0,0.0,0.0,0.3565737051792829,0.3565737051792829,0.0,0.0,0.08854810784071233,0.0,0.0,0.0,0.17709621568142467,0.0,0.0,6.9178743961352644,0.0,0.0
2018-04,7.4178743961352644,0.0,0,0.6992332426416028,27.48551628179795,0.0,0.0,0.0,0.0,0.3565737051792829,0.0,0.0,0.0,0.0,0.0,0.0,0.0,0.0,0.0,6.9178743961352644,0.0,0.0
2018-05,0.0,0.0,0,0.6770962156814246,26.909953580833317,0.0,0.0,0.0,0.0,0.3565737051792829,0.0,0.0,0.0,0.0,0.0,0.0,0.0,0.0,0.0,27.671497584541058,0.0,0.0
2018-06,0.0,0.0,0,0.6770962156814246,25.758828178904057,0.0,0.0,0.0,0.0,0.3565737051792829,0.3565737051792829,0.0,0.17709621568142467,0.0,0.08854810784071233,0.0,0.0,0.0,0.0,6.9178743961352644,0.0,0.0
2018-07,7.4178743961352644,0.0,0,0.6770962156814246,25.758828178904057,0.0,0.0,0.0,0.0,0.3565737051792829,0.3565737051792829,0.0,0.0,0.0,0.0,0.0,0.17709621568142467,0.0,0.0,6.9178743961352644,0.0,0.0
2018-08,7.4178743961352644,0.0,0,0.6992332426416028,28.774226393121143,0.0,0.0,0.0,0.0,0.3565737051792829,0.0,0.0,0.0,0.0,0.0,0.0,0.0,0.0,0.0,6.9178743961352644,0.0,0.0
2018-09,7.4178743961352644,0.0,0,0.6992332426416028,28.774226393121143,0.0,0.0,0.0,0.0,0.3565737051792829,0.0,0.3565737051792829,0.08854810784071233,0.17709621568142467,0.0,0.0,0.17709621568142467,0.0,0.0,0.0,0.0,0.0
2018-10,7.4178743961352644,0.0,0,0.7213702696017809,26.909953580833317,0.0,0.0,0.0,0.3565737051792829,0.3565737051792829,0.3565737051792829,0.3565737051792829,0.0,0.0,0.0,0.0,0.17709621568142467,0.0,0.0,6.9178743961352644,0.0,0.0
2018-11,7.4178743961352644,0.0,0,0.6992332426416028,27.48551628179795,0.0,0.0,0.0,0.3565737051792829,0.3565737051792829,0.0,0.3565737051792829,0.08854810784071233,0.0,0.0,0.0,0.35419243136284934,0.0,0.0,0.0,0.0,0.0
2018-12,14.335748792270529,0.0,0,0.7213702696017809,24.895484127457113,0.0,0.0,0.0,0.0,0.3565737051792829,0.3565737051792829,0.0,0.0,0.0,0.0,0.0,0.0,0.0,0.0,6.9178743961352644,0.0,0.0
2019-01,7.4178743961352644,0.0,0,0.7435072965619589,25.47104682842174,0.0,0.0,0.0,0.0,0.3565737051792829,0.3565737051792829,0.3565737051792829,0.0,0.0,0.0,0.0,0.17709621568142467,0.0,0.0,6.9178743961352644,0.0,0.0
2019-02,7.4178743961352644,0.0,0,0.6549591887212466,27.197734931315633,0.0,0.0,0.0,0.3565737051792829,0.3565737051792829,0.0,0.3565737051792829,0.0,0.0,0.0,0.0,0.0,0.0,0.0,6.9178743961352644,0.0,0.0
2019-03,7.4178743961352644,0.0,0,0.6549591887212466,30.500914496015035,0.0,0.0,0.0,0.3565737051792829,0.3565737051792829,0.3565737051792829,0.3565737051792829,0.0,0.0,0.0,0.0,0.17709621568142467,0.0,0.0,6.9178743961352644,0.0,0.0
2019-04,7.4178743961352644,0.0,0,0.6549591887212466,30.213133145532716,0.0,0.0,0.0,0.3565737051792829,0.3565737051792829,0.0,0.0,0.0,0.0,0.0,0.0,0.17709621568142467,0.0,0.0,6.9178743961352644,0.0,0.0
2019-05,7.4178743961352644,0.0,0,0.6328221617610685,29.06200774360346,0.0,0.0,0.0,0.3565737051792829,0.3565737051792829,0.3565737051792829,0.3565737051792829,0.0,0.0,0.0,0.0,0.0,0.0,0.0,27.671497584541058,0.0,0.0
2019-06,7.4178743961352644,0.0,0,0.6549591887212466,26.046609529386373,0.0,0.0,0.0,0.0,0.3565737051792829,0.0,0.0,0.0,0.0,0.08854810784071233,0.0,0.17709621568142467,0.0,0.0,6.9178743961352644,0.0,0.0
2019-07,7.4178743961352644,0.0,0,0.6549591887212466,29.06200774360346,0.0,0.0,0.0,0.3565737051792829,0.3565737051792829,0.3565737051792829,0.3565737051792829,0.0,0.0,0.0,0.0,0.35419243136284934,0.0,0.0,6.9178743961352644,0.0,0.0
2019-08,7.4178743961352644,0.0,0,0.6328221617610685,29.925351795050403,0.0,0.0,0.0,0.0,0.3565737051792829,0.0,0.0,0.0,0.0,0.0,0.0,0.17709621568142467,0.0,0.0,6.9178743961352644,0.0,0.0
2019-09,7.4178743961352644,0.0,0,0.6549591887212466,30.213133145532716,0.0,0.0,0.0,0.3565737051792829,0.3565737051792829,0.3565737051792829,0.3565737051792829,0.08854810784071233,0.35419243136284934,0.0,0.0,0.0,0.0,0.0,0.0,0.0,0.0
2019-10,7.4178743961352644,0.0,0,0.6328221617610685,31.076477196979667,0.0,0.0,0.0,0.3565737051792829,0.3565737051792829,0.3565737051792829,0.3565737051792829,0.0,0.0,0.0,0.0,0.17709621568142467,0.0,0.0,6.9178743961352644,0.0,0.0
2019-11,7.4178743961352644,0.0,0,0.6549591887212466,29.925351795050403,0.0,0.0,0.0,0.0,0.3565737051792829,0.3565737051792829,0.3565737051792829,0.08854810784071233,0.0,0.0,0.0,0.17709621568142467,0.0,0.0,6.9178743961352644,0.0,0.0
2019-12,14.835748792270529,0.0,0,0.6549591887212466,25.47104682842174,0.0,0.0,0.0,0.0,0.3565737051792829,0.3565737051792829,0.3565737051792829,0.0,0.0,0.0,0.0,0.17709621568142467,0.0,0.0,6.9178743961352644,0.0,0.0
2020-01,7.4178743961352644,0.0,0,0.6549591887212466,26.046609529386373,0.0,0.0,0.0,0.3565737051792829,0.3565737051792829,0.3565737051792829,0.3565737051792829,0.08854810784071233,0.0,0.0,0.0,0.35419243136284934,0.0,0.0,6.9178743961352644,0.0,0.0
2020-02,7.4178743961352644,0.0,0,0.6549591887212466,30.500914496015035,0.0,0.0,0.0,0.3565737051792829,0.3565737051792829,0.3565737051792829,0.3565737051792829,0.08854810784071233,0.0,0.0,0.0,0.17709621568142467,0.0,0.0,6.9178743961352644,0.0,0.0
2020-03,7.4178743961352644,0.0,0,0.6328221617610685,30.78869584649735,0.0,0.0,0.0,0.3565737051792829,0.3565737051792829,0.3565737051792829,0.3565737051792829,0.08854810784071233,0.0,0.0,0.0,0.0,0.0,0.0,6.9178743961352644,0.0,0.0
2020-04,7.4178743961352644,0.0,0,0.6106851348008904,31.36425854746198,0.0,0.0,0.0,0.3565737051792829,0.3565737051792829,0.0,0.3565737051792829,0.17709621568142467,0.0,0.0,0.0,0.0,0.0,0.0,41.50724637681159,0.0,0.0
2020-05,7.4178743961352644,0.0,0,0.6106851348008904,30.213133145532716,0.0,0.0,0.022137026960178083,0.3565737051792829,0.3565737051792829,0.0,0.3565737051792829,0.08854810784071233,0.0,0.0,0.0,0.0,0.0,0.0,13.835748792270529,0.0,0.0
2020-06,7.4178743961352644,0.0,0,0.6328221617610685,32.51538394939124,0.0,0.0,0.0,0.3565737051792829,0.3565737051792829,0.3565737051792829,0.3565737051792829,0.08854810784071233,0.0,0.0,0.0,0.17709621568142467,0.0,0.0,6.9178743961352644,0.0,0.0
2020-07,7.4178743961352644,0.0,0,0.6328221617610685,34.09187541119675,0.0,0.0,0.0,0.3565737051792829,0.3565737051792829,0.3565737051792829,0.3565737051792829,0.08854810784071233,0.08854810784071233,0.0,0.0,0.17709621568142467,0.0,0.0,6.9178743961352644,0.0,0.0
2020-08,7.4178743961352644,0.0,0,0.6770962156814246,31.36425854746198,0.0,0.0,0.0,0.3565737051792829,0.3565737051792829,0.3565737051792829,0.3565737051792829,0.08854810784071233,0.35419243136284934,0.0,0.0,0.17709621568142467,0.17709621568142467,0.0,6.9178743961352644,0.0,0.0
2020-09,7.4178743961352644,0.0,0,0.6549591887212466,31.6520398979443,0.0,0.0,0.0,0.0,0.3565737051792829,0.3565737051792829,0.3565737051792829,0.08854810784071233,0.0,0.0,0.0,0.17709621568142467,0.0,0.0,6.9178743961352644,0.0,0.0
2020-10,7.4178743961352644,0.0,0,0.6328221617610685,29.349789094085775,0.0,0.0,0.0,0.0,0.3565737051792829,0.3565737051792829,0.3565737051792829,0.08854810784071233,0.0,0.0,0.0,0.17709621568142467,0.0,0.0,6.9178743961352644,0.0,0.0
2020-11,7.4178743961352644,0.0,0,0.6549591887212466,27.197734931315633,0.0,0.0,0.0,0.3565737051792829,0.3565737051792829,0.3565737051792829,0.3565737051792829,0.08854810784071233,0.0,0.0,0.0,0.17709621568142467,0.0,0.0,6.9178743961352644,0.0,0.0
2020-12,14.335748792270529,0.0,0,0.6549591887212466,26.909953580833317,0.0,0.0,0.0,0.3565737051792829,0.3565737051792829,0.3565737051792829,0.3565737051792829,0.08854810784071233,0.0,0.0,0.0,0.17709621568142467,0.0,0.0,6.9178743961352644,0.0,0.0
2021-01,7.4178743961352644,0.0,0,0.6549591887212466,25.758828178904057,0.0,0.0,0.0,0.3565737051792829,0.3565737051792829,0.3565737051792829,0.3565737051792829,0.08854810784071233,0.0,0.0,0.0,0.17709621568142467,0.0,0.0,6.9178743961352644,0.0,0.0
2021-02,7.4178743961352644,0.0,0,0.6770962156814246,26.33439087986869,0.0,0.0,0.0,0.0,0.3565737051792829,0.3565737051792829,0.3565737051792829,0.08854810784071233,0.0,0.0,0.0,0.17709621568142467,0.0,0.0,6.9178743961352644,0.0,0.0
2021-03,7.4178743961352644,0.0,0,0.6770962156814246,27.773297632280265,0.0,0.0,0.0,0.3565737051792829,0.3565737051792829,0.3565737051792829,0.3565737051792829,0.08854810784071233,0.0,0.0,0.0,0.17709621568142467,0.0,0.0,6.9178743961352644,0.0,0.0
2021-04,7.4178743961352644,0.0,0,0.6328221617610685,26.909953580833317,0.0,0.0,0.0,0.3565737051792829,0.3565737051792829,0.3565737051792829,0.3565737051792829,0.08854810784071233,0.0,0.0,0.0,0.0,0.0,0.0,27.671497584541058,0.0,0.0
2021-05,7.4178743961352644,0.0,0,0.6549591887212466,26.33439087986869,0.0,0.0,0.0,0.3565737051792829,0.3565737051792829,0.3565737051792829,0.3565737051792829,0.08854810784071233,0.0,0.0,0.0,0.17709621568142467,0.0,0.0,6.9178743961352644,6.9178743961352644,0.0
2021-06,7.4178743961352644,0.0,0,0.6549591887212466,28.774226393121143,0.0,0.0,0.0,0.3565737051792829,0.3565737051792829,0.3565737051792829,0.3565737051792829,0.08854810784071233,0.0,0.0,0.0,0.17709621568142467,0.0,0.0,6.9178743961352644,0.0,0.0
2021-07,7.4178743961352644,0.0,0,0.6549591887212466,26.33439087986869,0.0,0.0,0.0,0.3565737051792829,0.3565737051792829,0.3565737051792829,0.3565737051792829,0.08854810784071233,0.0,0.0,0.0,0.17709621568142467,0.0,0.0,6.9178743961352644,0.0,0.0
2021-08,7.4178743961352644,0.0,0,0.6106851348008904,26.909953580833317,0.0,0.0,0.0,0.3565737051792829,0.3565737051792829,0.3565737051792829,0.3565737051792829,0.08854810784071233,0.35419243136284934,0.0,0.0,0.17709621568142467,0.0,0.0,6.9178743961352644,0.0,0.0
2021-09,7.4178743961352644,0.0,0,0.6328221617610685,27.197734931315633,0.0,0.0,0.0,0.3565737051792829,0.3565737051792829,0.3565737051792829,0.3565737051792829,0.08854810784071233,0.0,0.0,0.0,0.17709621568142467,0.0,0.0,6.9178743961352644,0.0,0.0
2021-10,7.4178743961352644,0.0,0,0.6549591887212466,28.48644504263883,0.0,0.0,0.0,0.3565737051792829,0.3565737051792829,0.3565737051792829,0.3565737051792829,0.0,0.0,0.0,0.0,0.17709621568142467,0.0,0.0,6.9178743961352644,0.0,0.0
2021-11,7.4178743961352644,0.0,0,0.6549591887212466,53.24527322154289,0.0,0.0,0.0,0.3565737051792829,0.3565737051792829,0.3565737051792829,0.3565737051792829,0.08854810784071233,0.0,0.0,0.0,0.17709621568142467,0.0,0.0,6.9178743961352644,0.0,0.0
2021-12,14.335748792270529,0.0,0,0.7435072965619589,24.895484127457113,0.0,0.0,0.0,0.3565737051792829,0.3565737051792829,0.3565737051792829,0.3565737051792829,0.08854810784071233,0.0,0.0,0.0,0.17709621568142467,0.0,0.0,6.9178743961352644,0.0,0.0
2022-01,7.4178743961352644,0.0,0,0.7435072965619589,26.33439087986869,0.0,0.0,0.0,0.3565737051792829,0.3565737051792829,0.3565737051792829,0.3565737051792829,0.08854810784071233,0.0,0.0,0.0,0.17709621568142467,0.0,0.0,6.9178743961352644,0.0,0.0
2022-02,7.4178743961352644,0.0,0,0.6992332426416028,29.349789094085775,0.0,0.0,0.0,0.3565737051792829,0.3565737051792829,0.3565737051792829,0.3565737051792829,0.08854810784071233,0.0,0.0,0.0,0.17709621568142467,0.0,0.0,6.9178743961352644,0.0,0.0
2022-03,7.4178743961352644,0.0,0,0.7213702696017809,31.6520398979443,0.0,0.0,0.0,0.3565737051792829,0.3565737051792829,0.3565737051792829,0.3565737051792829,0.08854810784071233,0.0,0.0,0.0,0.17709621568142467,0.0,0.0,13.835748792270529,0.0,0.0
2022-04,7.4178743961352644,0.0,0,0.6549591887212466,32.22760259890892,0.0,0.0,0.0,0.3565737051792829,0.3565737051792829,0.3565737051792829,0.3565737051792829,0.08854810784071233,0.0,0.0,0.0,0.17709621568142467,0.0,0.0,27.671497584541058,0.0,0.0
2022-05,7.4178743961352644,0.0,0,0.6770962156814246,50.517656357808114,0.0,0.0,0.0,0.3565737051792829,0.3565737051792829,0.3565737051792829,0.3565737051792829,0.04427405392035617,0.0,0.0,0.0,0.17709621568142467,0.0,0.0,6.9178743961352644,6.9178743961352644,0.0
2022-06,7.4178743961352644,0.0,0,0.6549591887212466,49.36653095587886,0.0,0.0,0.0,0.3565737051792829,0.3565737051792829,0.3565737051792829,0.3565737051792829,0.08854810784071233,0.0,0.0,0.0,0.17709621568142467,0.0,0.0,6.9178743961352644,0.0,0.0
2022-07,7.4178743961352644,0.0,0,0.6770962156814246,31.076477196979667,0.0,0.0,0.0,0.3565737051792829,0.3565737051792829,0.3565737051792829,0.3565737051792829,0.08854810784071233,0.08854810784071233,0.0,0.0,0.17709621568142467,0.0,0.0,6.9178743961352644,0.0,6.9178743961352644
2022-08,7.4178743961352644,0.0,0,0.6549591887212466,34.667438112161385,0.0,0.0,0.0,0.3565737051792829,0.3565737051792829,0.3565737051792829,0.3565737051792829,0.08854810784071233,0.265644323522137,0.0,0.0,0.17709621568142467,0.0,0.0,6.9178743961352644,0.0,0.0
2022-09,7.4178743961352644,0.0,0,0.6549591887212466,34.667438112161385,0.0,0.0,0.0,0.3565737051792829,0.3565737051792829,0.3565737051792829,0.3565737051792829,0.17709621568142467,0.0,0.0,0.0,0.08854810784071233,0.0,0.0,6.9178743961352644,0.0,0.0
2022-10,7.4178743961352644,0.0,0,0.6328221617610685,34.09187541119675,0.0,0.0,0.0,0.3565737051792829,0.3565737051792829,0.3565737051792829,0.3565737051792829,0.08854810784071233,0.0,0.0,0.0,0.17709621568142467,0.0,0.0,6.9178743961352644,0.0,0.0
2022-11,7.4178743961352644,0.0,0,0.6106851348008904,33.090946650355875,0.0,0.0,0.0,0.0,0.3565737051792829,0.3565737051792829,0.3565737051792829,0.08854810784071233,0.0,0.0,0.0,0.17709621568142467,0.0,0.0,6.9178743961352644,0.0,0.0
2022-12,7.4178743961352644,0.0,0,0.6106851348008904,25.47104682842174,0.0,0.0,0.0,0.3565737051792829,0.3565737051792829,0.3565737051792829,0.3565737051792829,0.08854810784071233,0.0,0.0,0.0,0.17709621568142467,0.0,0.0,6.9178743961352644,0.0,0.0
2023-01,7.4178743961352644,0.0,0,0.6106851348008904,26.33439087986869,0.0,0.0,0.0,0.3565737051792829,0.3565737051792829,0.3565737051792829,0.3565737051792829,0.08854810784071233,0.0,0.0,0.0,0.17709621568142467,0.0,0.0,6.9178743961352644,0.0,0.0
2023-02,7.4178743961352644,0.0,0,0.6106851348008904,27.197734931315633,0.0,0.0,0.0,0.3565737051792829,0.3565737051792829,0.3565737051792829,0.3565737051792829,0.08854810784071233,0.0,0.0,0.0,0.17709621568142467,0.0,0.0,6.9178743961352644,0.0,0.0
2023-03,7.4178743961352644,0.0,0,0.6106851348008904,29.349789094085775,0.0,0.0,0.0,0.3565737051792829,0.3565737051792829,0.3565737051792829,0.3565737051792829,0.08854810784071233,0.0,0.0,0.0,0.17709621568142467,0.0,0.0,27.671497584541058,0.0,0.0
2023-04,7.4178743961352644,0.0,0,0.6106851348008904,27.48551628179795,0.0,0.0,0.0,0.3565737051792829,0.3565737051792829,0.3565737051792829,0.3565737051792829,0.08854810784071233,0.0,0.0,0.0,0.17709621568142467,0.0,0.0,13.835748792270529,6.9178743961352644,0.0
2023-05,7.4178743961352644,0.0,0,0.6106851348008904,31.6520398979443,0.0,0.0,0.0,0.3565737051792829,0.3565737051792829,0.3565737051792829,0.3565737051792829,0.08854810784071233,0.0,0.0,0.0,0.17709621568142467,0.0,0.0,6.9178743961352644,0.0,0.0
2023-06,7.4178743961352644,0.0,0,0.6106851348008904,30.500914496015035,0.0,0.0,0.0,0.3565737051792829,0.3565737051792829,0.3565737051792829,0.3565737051792829,0.08854810784071233,0.0,0.0,0.0,0.17709621568142467,0.0,0.0,6.9178743961352644,0.0,6.9178743961352644
2023-07,7.4178743961352644,0.0,0,0.6106851348008904,26.622172230351005,0.0,0.0,0.0,0.3565737051792829,0.3565737051792829,0.3565737051792829,0.3565737051792829,0.08854810784071233,0.265644323522137,0.0,0.0,0.17709621568142467,0.0,0.0,6.9178743961352644,0.0,0.0
2023-08,7.4178743961352644,0.0,0,0.6106851348008904,30.500914496015035,0.0,0.0,0.0,0.3565737051792829,0.3565737051792829,0.3565737051792829,0.7131474103585658,0.08854810784071233,0.0,0.0,0.0,0.17709621568142467,0.0,0.0,6.9178743961352644,0.0,0.0
2023-09,7.4178743961352644,0.0,0,0.5885481078407123,27.773297632280265,0.0,0.0,0.0,0.3565737051792829,0.3565737051792829,0.3565737051792829,0.3565737051792829,0.08854810784071233,0.0,0.0,0.0,0.17709621568142467,0.0,0.0,6.9178743961352644,0.0,0.0
2023-10,7.4178743961352644,0.0,0,0.5885481078407123,27.48551628179795,0.0,0.0,0.0,0.3565737051792829,0.3565737051792829,0.3565737051792829,0.3565737051792829,0.08854810784071233,0.0,0.0,0.0,0.17709621568142467,0.0,0.0,6.9178743961352644,0.0,0.0
2023-11,7.4178743961352644,0.0,0,0.5885481078407123,28.774226393121143,0.0,0.0,0.0,0.3565737051792829,0.3565737051792829,0.3565737051792829,0.3565737051792829,0.08854810784071233,0.0,0.0,0.0,0.17709621568142467,0.0,0.08854810784071233,6.9178743961352644,0.0,0.0
2023-12,7.4178743961352644,0.0,0,0.6106851348008904,25.18326547793943,0.0,0.0,0.0,0.3565737051792829,0.3565737051792829,0.3565737051792829,0.3565737051792829,0.08854810784071233,0.0,0.0,0.0,0.17709621568142467,0.0,0.0,6.9178743961352644,0.0,0.0
2024-01,7.4178743961352644,0.0,0,0.6106851348008904,25.758828178904057,0.0,0.0,0.0,0.3565737051792829,0.3565737051792829,0.3565737051792829,0.3565737051792829,0.08854810784071233,0.0,0.0,0.0,0.17709621568142467,0.0,0.0,6.9178743961352644,0.0,0.0
2024-02,7.4178743961352644,0.0,0,0.6328221617610685,26.046609529386373,0.0,0.0,0.0,0.3565737051792829,0.3565737051792829,0.3565737051792829,0.3565737051792829,0.08854810784071233,0.0,0.0,0.0,0.17709621568142467,0.0,0.0,6.9178743961352644,0.0,0.0
2024-03,7.4178743961352644,0.0,0,0.6106851348008904,25.758828178904057,0.0,0.0,0.0,0.3565737051792829,0.3565737051792829,0.3565737051792829,0.3565737051792829,0.08854810784071233,0.0,0.0,0.0,0.17709621568142467,0.0,0.0,27.671497584541058,6.9178743961352644,0.0
2024-04,7.4178743961352644,0.0,0,0.6328221617610685,22.956577375045537,0.0,0.0,0.0,0.3565737051792829,0.3565737051792829,0.3565737051792829,0.3565737051792829,0.08854810784071233,0.0,0.0,0.0,0.17709621568142467,0.0,0.0,6.9178743961352644,6.9178743961352644,6.9178743961352644
2024-05,7.4178743961352644,0.0,0,0.6328221617610685,25.18326547793943,0.0,0.0,0.0,0.3565737051792829,0.3565737051792829,0.3565737051792829,0.7131474103585658,0.04427405392035617,0.04427405392035617,0.0,0.0,0.17709621568142467,0.0,0.0,6.9178743961352644,0.0,6.9178743961352644
2024-06,7.4178743961352644,0.0,0,0.6106851348008904,23.244358725527853,0.0,0.0,0.0,0.3565737051792829,0.3565737051792829,0.3565737051792829,0.3565737051792829,0.04427405392035617,0.04427405392035617,0.0,0.0,0.17709621568142467,0.0,0.0,6.9178743961352644,0.0,6.9178743961352644
2024-07,7.4178743961352644,0.0,0,0.6106851348008904,24.895484127457113,0.0,0.0,0.0,0.3565737051792829,0.3565737051792829,0.3565737051792829,0.7131474103585658,0.08854810784071233,0.265644323522137,0.0,0.0,0.17709621568142467,0.0,0.0,6.9178743961352644,0.0,0.0
2024-08,7.4178743961352644,0.0,0,0.6549591887212466,24.607702776974797,0.0,0.0,0.0,0.3565737051792829,0.3565737051792829,0.3565737051792829,0.3565737051792829,0.08854810784071233,0.0,0.0,0.0,0.17709621568142467,0.0,0.0,6.9178743961352644,0.0,0.0
2024-09,7.4178743961352644,0.0,0,0.6328221617610685,26.33439087986869,0.0,0.0,0.0,0.3565737051792829,0.3565737051792829,0.3565737051792829,0.3565737051792829,0.08854810784071233,0.0,0.0,0.0,0.17709621568142467,0.0,0.0,6.9178743961352644,0.0,0.0
2024-10,7.4178743961352644,0.0,0,0.6328221617610685,26.33439087986869,0.0,0.0,0.0,0.3565737051792829,0.3565737051792829,0.3565737051792829,0.3565737051792829,0.04427405392035617,0.0,0.0,0.0,0.17709621568142467,0.0,0.0,6.9178743961352644,0.0,0.0
2024-11,7.4178743961352644,0.0,0,0.6328221617610685,26.33439087986869,0.0,0.0,0.0,0.3565737051792829,0.3565737051792829,0.3565737051792829,0.3565737051792829,0.04427405392035617,0.0,0.0,0.0,0.17709621568142467,0.0,0.0,6.9178743961352644,0.0,0.0
2024-12,7.4178743961352644,0.0,0,0.6549591887212466,24.895484127457113,0.0,0.0,0.0,0.3565737051792829,0.3565737051792829,0.3565737051792829,0.3565737051792829,0.0,0.0,0.0,0.0,0.17709621568142467,0.0,0.0,6.9178743961352644,0.0,0.0
2025-01,7.4178743961352644,0.0,0,0.6549591887212466,24.607702776974797,0.0,0.0,0.0,0.3565737051792829,0.3565737051792829,0.3565737051792829,0.3565737051792829,0.08854810784071233,0.0,0.0,0.0,0.17709621568142467,0.0,0.0,6.9178743961352644,0.0,0.0
2025-02,7.4178743961352644,0.0,0,0.6328221617610685,24.895484127457113,0.0,0.0,0.0,0.3565737051792829,0.3565737051792829,0.3565737051792829,0.3565737051792829,0.04427405392035617,0.0,0.0,0.0,0.17709621568142467,0.0,0.0,13.835748792270529,0.0,0.0
2025-03,7.4178743961352644,0.0,0,0.6106851348008904,25.47104682842174,0.0,0.0,0.0,0.3565737051792829,0.3565737051792829,0.3565737051792829,0.3565737051792829,0.08854810784071233,0.0,0.0,0.0,0.17709621568142467,0.0,0.0,27.671497584541058,6.9178743961352644,6.9178743961352644
2025-04,7.4178743961352644,0.0,0,0.6549591887212466,25.47104682842174,0.0,0.0,0.0,0.3565737051792829,0.3565737051792829,0.3565737051792829,0.3565737051792829,0.08854810784071233,0.0,0.0,0.0,0.17709621568142467,0.0,0.0,6.9178743961352644,0.0,6.9178743961352644
2025-05,7.4178743961352644,0.0,0,0.6549591887212466,26.622172230351005,0.0,0.0,0.0,0.3565737051792829,0.3565737051792829,0.3565737051792829,0.3565737051792829,0.08854810784071233,0.0,0.0,0.0,0.17709621568142467,0.0,0.0,6.9178743961352644,0.0,6.9178743961352644
2025-06,7.4178743961352644,0.0,0,0.6328221617610685,25.758828178904057,0.0,0.0,0.0,0.3565737051792829,0.3565737051792829,0.3565737051792829,0.3565737051792829,0.08854810784071233,0.08854810784071233,0.0,0.0,0.17709621568142467,0.0,0.0,6.9178743961352644,0.0,6.9178743961352644
2025-07,7.4178743961352644,0.0,0,0.6328221617610685,24.607702776974797,0.0,0.0,0.0,0.3565737051792829,0.3565737051792829,0.3565737051792829,0.3565737051792829,0.08854810784071233,0.17709621568142467,0.0,0.0,0.17709621568142467,0.0,0.0,6.9178743961352644,0.0,0.0
2025-08,7.4178743961352644,0.0,0,0.6328221617610685,26.046609529386373,0.0,0.0,0.0,0.3565737051792829,0.3565737051792829,0.3565737051792829,0.3565737051792829,0.08854810784071233,0.0,0.0,0.0,0.17709621568142467,0.0,0.0,6.9178743961352644,0.0,0.0
2025-09,7.4178743961352644,0.5,0,0.6328221617610685,25.47104682842174,0.0,0.0,0.0,0.3565737051792829,0.3565737051792829,0.3565737051792829,0.3565737051792829,0.04427405392035617,0.04427405392035617,0.0,0.0,0.17709621568142467,0.08854810784071233,0.08854810784071233,6.9178743961352644,6.9178743961352644,6.9178743961352644
