Month,জোগান,চাহিদা,জিডিপি,বিনিয়োগ,Email,বৈদেশিক মুদ্রা,বৈদেশিক বাণিজ্য,তেল,ঋণ,Email_file1,ঋণ_file2,দেনা,গবাদি পশু,ঋণসমূহ,Email_file2,ঋণসমূহ_file3,দেনাসমূহ,দুর্নীতি,ঘুষ,Email_file3,চুক্তি,পাচার,পাচারকারী,ব্যবসা,Email_file4,স্থগিতাদেশ,স্থগিত ঘোষণা,জ্বালানী,বিদেশি,Email_file5,বৈদেশিক,বিনিয়োগকারী,শুল্ক,গুদাম,Email_file6,আড়ত,শুল্ক বিভাগ,কাস্টমস বিভাগ,লাইসেন্স,Email_file7,অনুমতিপত্র,পাঠানো,চালান,শিপমেন্ট,Email_file8,টাকা,Email_file9,নিষেধাজ্ঞা,চাকরি,রোজগার,কর্মসংস্থান,Email_file10,বাধা,বিধিনিষেধ,নিষেধাজ্ঞা_file11,বেকারত্ব,Email_file11,মুদ্রা,শ্রম বাজার,বাজার,বিনিময় হার,Email_file12,কর,করসমূহ,পণ্য,দ্রব্য,Email_file13,উৎপাদনের স্তর,ঋতুভিত্তিক কাজ,মৌসুমি কাজ,অস্থায়ী কাজ,Email_file14,নিষেধাজ্ঞা_file15,প্রবাসী নেটওয়ার্ক,প্রবাসী জনগোষ্ঠী,আমদানি,Email_file15,রপ্তানি,বাণিজ্য,স্থানীয় অর্থনীতি,ব্যবসায়ী,Email_file16,অপ্রাতিষ্ঠানিক খাত,অপ্রাতিষ্ঠানিক বাজার,কালোবাজার,বিদেশি মুদ্রা,Email_file17,অর্থনীতি,রেমিট্যান্স,নিষেধাজ্ঞা_file18,সরবরাহ,Email_file18
2004-01,0,0.0,0.0,0.0,0,0.0,0.0,0.0,0.0,0,0.0,0.0,0.0,0,0,0,0,0.0,0.0,0,0.0,0.0,0.0,0.0,0,0.0,0.0,0.0,0.0,0,0.0,0.0,0.0,0.0,0,0.0,0,0.0,0.0,0,0.0,0.0,0.0,0.0,0,0,0,0.0,0.0,0.0,0.0,0,0.0,0.0,0.0,0.0,0,0.0,0.0,0,0.0,0,0.0,0,0.0,0.0,0,0.0,0,68,0.0,0,0.0,0.0,0,0.0,0,0.0,0.0,0,0.0,0,0,0,0.0,0.0,0,0.0,0.0,0.0,0.0,0
2004-02,0,0.0,0.0,0.0,0,0.0,0.0,0.0,0.0,0,0.0,0.0,0.0,0,0,0,0,0.0,0.0,0,0.0,0.0,0.0,0.0,0,0.0,0.0,0.0,0.0,0,0.0,0.0,0.0,0.0,0,0.0,0,0.0,0.0,0,0.0,0.0,0.0,0.0,0,0,0,0.0,0.0,0.0,0.0,0,0.0,0.0,0.0,0.0,0,0.0,0.0,0,0.0,0,0.0,0,0.0,0.0,0,0.0,0,0,0.0,0,0.0,0.0,0,0.0,0,0.0,0.0,0,0.0,0,0,0,0.0,0.0,0,0.0,0.0,0.0,0.0,0
2004-03,0,0.0,0.0,0.0,0,0.0,0.0,0.0,0.0,0,0.0,0.0,0.0,0,0,0,0,0.0,0.0,0,0.0,0.0,84.0,0.0,0,0.0,0.0,0.0,0.0,0,0.0,0.0,0.0,0.0,0,0.0,0,100.0,0.0,0,0.0,0.0,0.0,0.0,0,0,0,0.0,0.0,0.0,0.0,0,0.0,0.0,0.0,0.0,0,0.0,0.0,0,0.0,0,0.0,0,0.0,0.0,0,0.0,0,0,0.0,0,0.0,0.0,0,0.0,0,0.0,0.0,0,0.0,0,0,0,0.0,0.0,0,0.0,0.0,0.0,0.0,0
2004-04,0,0.0,0.0,0.0,0,0.0,0.0,0.0,0.0,0,0.0,0.0,0.0,0,0,0,0,0.0,0.0,0,0.0,0.0,0.0,0.0,0,0.0,0.0,0.0,0.0,0,0.0,0.0,0.0,0.0,0,0.0,0,0.0,0.0,0,0.0,0.0,0.0,0.0,0,0,0,0.0,0.0,0.0,0.0,0,0.0,0.0,0.0,0.0,0,0.0,0.0,0,0.0,0,0.0,0,0.0,0.0,0,0.0,0,0,0.0,0,0.0,0.0,0,0.0,0,0.0,0.0,0,0.0,0,0,0,0.0,0.0,0,0.0,0.0,0.0,0.0,0
2004-05,0,0.0,0.0,0.0,65,0.0,0.0,0.0,0.0,65,0.0,0.0,0.0,0,65,0,0,0.0,0.0,65,0.0,0.0,0.0,0.0,65,0.0,0.0,0.0,0.0,65,0.0,0.0,0.0,0.0,65,0.0,56,0.0,0.0,62,0.0,0.0,0.0,0.0,65,0,65,0.0,0.0,0.0,0.0,65,0.0,0.0,0.0,0.0,65,0.0,0.0,0,0.0,65,0.0,0,0.0,0.0,65,0.0,0,0,0.0,65,0.0,0.0,0,0.0,65,0.0,0.0,0,0.0,65,0,0,0.0,0.0,65,0.0,0.0,0.0,0.0,65
2004-06,0,0.0,0.0,0.0,62,0.0,0.0,0.0,0.0,62,0.0,0.0,0.0,0,62,0,0,0.0,0.0,62,0.0,0.0,0.0,0.0,62,0.0,0.0,0.0,0.0,62,0.0,0.0,0.0,0.0,62,0.0,0,0.0,0.0,59,0.0,0.0,0.0,0.0,62,0,62,0.0,0.0,0.0,0.0,62,0.0,0.0,0.0,0.0,62,0.0,0.0,0,0.0,62,0.0,0,0.0,0.0,62,0.0,0,0,0.0,62,0.0,0.0,0,0.0,62,0.0,0.0,0,0.0,62,0,0,0.0,0.0,62,0.0,0.0,0.0,0.0,62
2004-07,0,0.0,0.0,0.0,100,0.0,0.0,0.0,0.0,100,0.0,0.0,0.0,0,100,0,0,0.0,0.0,100,0.0,0.0,0.0,0.0,100,0.0,0.0,0.0,0.0,100,0.0,0.0,0.0,0.0,100,0.0,0,0.0,0.0,95,0.0,0.0,0.0,0.0,100,0,100,0.0,0.0,0.0,0.0,100,0.0,0.0,0.0,0.0,100,0.0,0.0,0,0.0,100,0.0,0,0.0,0.0,100,0.0,0,0,0.0,100,0.0,0.0,0,0.0,100,0.0,0.0,0,0.0,100,0,0,0.0,0.0,100,0.0,0.0,0.0,0.0,100
2004-08,0,0.0,0.0,0.0,72,0.0,0.0,0.0,0.0,72,0.0,0.0,0.0,0,72,0,0,0.0,0.0,72,0.0,0.0,0.0,0.0,72,0.0,0.0,0.0,0.0,72,0.0,0.0,0.0,0.0,72,0.0,0,0.0,0.0,68,0.0,0.0,0.0,0.0,72,0,72,0.0,0.0,0.0,0.0,72,0.0,0.0,0.0,0.0,72,0.0,0.0,0,0.0,72,0.0,0,0.0,0.0,72,0.0,0,0,0.0,72,0.0,0.0,0,0.0,72,0.0,0.0,0,0.0,72,0,0,0.0,0.0,72,0.0,0.0,0.0,0.0,72
2004-09,0,0.0,0.0,0.0,68,0.0,0.0,0.0,0.0,68,0.0,0.0,0.0,0,68,0,0,0.0,0.0,68,0.0,0.0,0.0,0.0,68,0.0,0.0,0.0,0.0,68,0.0,0.0,0.0,0.0,68,0.0,0,0.0,0.0,64,0.0,0.0,0.0,0.0,68,0,68,0.0,0.0,0.0,0.0,68,0.0,0.0,0.0,0.0,68,0.0,0.0,0,0.0,68,0.0,0,0.0,0.0,68,0.0,0,0,0.0,68,0.0,0.0,0,0.0,68,0.0,0.0,0,0.0,68,0,0,0.0,0.0,68,0.0,0.0,0.0,0.0,68
2004-10,0,0.0,0.0,0.0,69,0.0,0.0,0.0,0.0,69,0.0,0.0,0.0,0,69,0,0,0.0,0.0,69,0.0,0.0,0.0,0.0,69,0.0,0.0,0.0,0.0,69,0.0,0.0,0.0,0.0,69,0.0,0,0.0,0.0,65,0.0,0.0,0.0,0.0,69,0,69,0.0,0.0,0.0,0.0,69,0.0,0.0,0.0,0.0,69,0.0,0.0,0,0.0,69,0.0,0,0.0,0.0,69,0.0,0,0,0.0,69,0.0,0.0,0,0.0,69,0.0,0.0,0,0.0,69,0,0,0.0,0.0,69,0.0,0.0,0.0,0.0,69
2004-11,0,0.0,0.0,0.0,0,0.0,0.0,0.0,0.0,0,0.0,0.0,0.0,0,0,0,0,0.0,0.0,0,0.0,0.0,0.0,0.0,0,0.0,0.0,0.0,0.0,0,0.0,0.0,0.0,0.0,0,0.0,0,0.0,0.0,0,0.0,0.0,0.0,0.0,0,0,0,0.0,0.0,0.0,0.0,0,0.0,0.0,0.0,0.0,0,0.0,0.0,0,0.0,0,0.0,0,0.0,0.0,0,0.0,0,0,0.0,0,0.0,0.0,0,0.0,0,0.0,0.0,0,0.0,0,0,0,0.0,0.0,0,0.0,0.0,0.0,0.0,0
2004-12,0,0.0,0.0,0.0,57,0.0,0.0,0.0,0.0,57,0.0,0.0,0.0,0,57,0,0,0.0,0.0,57,0.0,0.0,0.0,0.0,57,0.0,0.0,0.0,0.0,57,0.0,0.0,0.0,0.0,57,0.0,0,0.0,0.0,54,0.0,0.0,0.0,0.0,57,0,57,0.0,0.0,0.0,0.0,57,0.0,0.0,0.0,0.0,57,0.0,0.0,0,0.0,57,0.0,0,0.0,0.0,57,0.0,0,0,0.0,57,0.0,0.0,0,0.0,57,0.0,0.0,0,0.0,57,0,0,47.0,0.0,57,0.0,0.0,0.0,0.0,57
2005-01,0,0.0,0.0,0.0,59,0.0,0.0,0.0,0.0,59,0.0,0.0,0.0,0,59,0,0,0.0,0.0,59,0.0,0.0,0.0,0.0,59,0.0,0.0,0.0,0.0,59,0.0,0.0,0.0,0.0,59,0.0,0,0.0,0.0,56,0.0,0.0,0.0,0.0,59,0,59,0.0,0.0,0.0,0.0,59,0.0,0.0,0.0,0.0,59,0.0,0.0,0,0.0,59,0.0,0,0.0,0.0,59,0.0,0,0,0.0,59,0.0,0.0,0,0.0,59,0.0,0.0,0,0.0,59,0,0,0.0,0.0,59,0.0,0.0,0.0,0.0,59
2005-02,0,0.0,0.0,0.0,0,0.0,0.0,0.0,0.0,0,0.0,0.0,0.0,0,0,0,0,0.0,0.0,0,0.0,0.0,0.0,0.0,0,0.0,0.0,0.0,0.0,0,0.0,0.0,0.0,0.0,0,0.0,0,0.0,0.0,0,0.0,0.0,0.0,0.0,0,0,0,0.0,0.0,0.0,0.0,0,0.0,0.0,0.0,0.0,0,0.0,0.0,0,0.0,0,0.0,0,0.0,0.0,0,0.0,0,0,0.0,0,0.0,0.0,0,0.0,0,0.0,0.0,0,0.0,0,0,0,0.0,0.0,0,0.0,0.0,0.0,0.0,0
2005-03,0,0.0,0.0,0.0,71,0.0,0.0,0.0,0.0,71,0.0,0.0,0.0,0,71,0,0,0.0,0.0,71,0.0,0.0,0.0,0.0,71,0.0,0.0,0.0,0.0,71,0.0,0.0,0.0,0.0,71,0.0,0,0.0,0.0,67,0.0,0.0,0.0,0.0,71,0,71,0.0,0.0,0.0,0.0,71,0.0,0.0,0.0,0.0,71,0.0,0.0,0,0.0,71,0.0,0,0.0,0.0,71,0.0,0,0,0.0,71,0.0,0.0,0,0.0,71,0.0,0.0,0,0.0,71,0,0,0.0,0.0,71,0.0,0.0,0.0,0.0,71
2005-04,0,0.0,0.0,0.0,0,0.0,0.0,0.0,0.0,0,0.0,0.0,0.0,0,0,0,0,0.0,0.0,0,0.0,0.0,0.0,0.0,0,0.0,0.0,0.0,0.0,0,0.0,0.0,0.0,0.0,0,0.0,0,0.0,0.0,0,0.0,0.0,0.0,0.0,0,0,0,0.0,0.0,0.0,0.0,0,0.0,0.0,0.0,0.0,0,0.0,0.0,0,0.0,0,0.0,0,0.0,0.0,0,0.0,0,0,0.0,0,0.0,0.0,0,0.0,0,0.0,0.0,0,0.0,0,0,0,0.0,0.0,0,0.0,0.0,0.0,0.0,0
2005-05,0,0.0,0.0,0.0,56,0.0,0.0,0.0,0.0,56,0.0,0.0,0.0,0,56,0,0,0.0,0.0,56,0.0,0.0,0.0,0.0,56,0.0,0.0,0.0,0.0,56,0.0,0.0,0.0,0.0,56,0.0,0,0.0,0.0,53,0.0,0.0,0.0,0.0,56,0,56,0.0,0.0,0.0,0.0,56,0.0,0.0,0.0,0.0,56,0.0,0.0,0,0.0,56,0.0,0,0.0,0.0,56,0.0,0,0,0.0,56,0.0,0.0,0,0.0,56,0.0,0.0,0,0.0,56,0,0,0.0,0.0,56,0.0,0.0,0.0,0.0,56
2005-06,0,0.0,0.0,0.0,51,0.0,0.0,0.0,0.0,51,0.0,0.0,0.0,0,51,0,0,0.0,0.0,51,0.0,0.0,0.0,0.0,51,0.0,0.0,0.0,0.0,51,0.0,0.0,0.0,0.0,51,0.0,0,0.0,0.0,49,0.0,0.0,0.0,0.0,51,0,51,0.0,0.0,0.0,0.0,51,0.0,0.0,0.0,0.0,51,0.0,0.0,0,0.0,51,0.0,0,0.0,0.0,51,0.0,0,0,0.0,51,0.0,0.0,0,0.0,51,0.0,0.0,0,0.0,51,0,0,0.0,0.0,51,0.0,0.0,0.0,0.0,51
2005-07,0,0.0,0.0,0.0,37,0.0,0.0,0.0,0.0,37,0.0,0.0,0.0,0,37,0,0,0.0,0.0,37,0.0,0.0,0.0,0.0,37,0.0,0.0,0.0,0.0,37,0.0,0.0,0.0,0.0,37,0.0,0,0.0,0.0,35,0.0,0.0,0.0,0.0,37,0,37,0.0,0.0,0.0,0.0,37,0.0,0.0,0.0,0.0,37,40.0,0.0,0,0.0,37,0.0,0,0.0,0.0,37,0.0,0,0,0.0,37,0.0,0.0,0,0.0,37,0.0,0.0,0,0.0,37,0,0,0.0,0.0,37,0.0,0.0,0.0,0.0,37
2005-08,0,0.0,0.0,0.0,48,0.0,0.0,0.0,0.0,48,0.0,0.0,0.0,0,48,0,0,0.0,0.0,48,0.0,0.0,0.0,0.0,48,0.0,0.0,0.0,0.0,48,0.0,0.0,0.0,0.0,48,0.0,0,0.0,0.0,46,0.0,0.0,0.0,0.0,48,0,48,0.0,0.0,0.0,0.0,48,0.0,0.0,0.0,0.0,48,0.0,0.0,0,0.0,48,0.0,0,0.0,0.0,48,0.0,0,0,0.0,48,0.0,0.0,0,0.0,48,0.0,0.0,0,0.0,48,0,0,0.0,0.0,48,0.0,0.0,0.0,0.0,48
2005-09,0,0.0,0.0,0.0,39,0.0,0.0,0.0,0.0,39,0.0,0.0,0.0,0,39,0,0,0.0,0.0,39,0.0,0.0,0.0,0.0,39,0.0,0.0,0.0,0.0,39,0.0,0.0,0.0,0.0,39,0.0,0,0.0,0.0,37,0.0,0.0,0.0,0.0,39,0,39,0.0,0.0,0.0,0.0,39,0.0,0.0,0.0,0.0,39,0.0,0.0,0,0.0,39,0.0,0,0.0,0.0,39,0.0,0,0,0.0,39,0.0,0.0,0,0.0,39,0.0,0.0,0,0.0,39,0,0,0.0,0.0,39,0.0,0.0,0.0,0.0,39
2005-10,0,0.0,0.0,0.0,62,0.0,0.0,0.0,0.0,62,0.0,0.0,0.0,0,62,0,0,0.0,0.0,62,0.0,0.0,0.0,0.0,62,0.0,0.0,0.0,0.0,62,0.0,0.0,0.0,0.0,62,0.0,0,0.0,0.0,59,0.0,0.0,0.0,0.0,62,0,62,0.0,0.0,0.0,0.0,62,0.0,0.0,0.0,0.0,62,0.0,0.0,0,0.0,62,0.0,0,0.0,0.0,62,0.0,0,0,0.0,62,0.0,0.0,0,0.0,62,0.0,0.0,0,0.0,62,0,0,0.0,0.0,62,0.0,0.0,0.0,0.0,62
2005-11,0,0.0,0.0,0.0,0,0.0,0.0,0.0,0.0,0,0.0,0.0,0.0,0,0,0,0,0.0,0.0,0,0.0,0.0,0.0,0.0,0,0.0,0.0,0.0,0.0,0,0.0,0.0,0.0,0.0,0,0.0,0,0.0,0.0,0,0.0,0.0,0.0,0.0,0,0,0,0.0,0.0,0.0,0.0,0,0.0,0.0,0.0,0.0,0,0.0,0.0,0,0.0,0,0.0,0,0.0,0.0,0,0.0,0,0,0.0,0,0.0,0.0,0,0.0,0,0.0,0.0,0,0.0,0,0,0,0.0,0.0,0,0.0,0.0,0.0,0.0,0
2005-12,0,0.0,0.0,0.0,35,0.0,0.0,0.0,0.0,35,0.0,0.0,0.0,0,35,0,0,0.0,0.0,35,0.0,0.0,0.0,0.0,35,0.0,0.0,0.0,0.0,35,0.0,0.0,0.0,0.0,35,0.0,0,0.0,0.0,33,0.0,0.0,0.0,0.0,35,0,35,0.0,0.0,0.0,0.0,35,0.0,0.0,0.0,0.0,35,0.0,0.0,0,0.0,35,0.0,0,0.0,0.0,35,0.0,0,0,0.0,35,0.0,0.0,0,0.0,35,0.0,0.0,0,0.0,35,0,0,0.0,0.0,35,0.0,0.0,0.0,0.0,35
2006-01,0,0.0,0.0,0.0,0,0.0,0.0,0.0,0.0,0,0.0,0.0,0.0,0,0,0,0,0.0,0.0,0,0.0,0.0,0.0,0.0,0,0.0,0.0,0.0,0.0,0,0.0,0.0,0.0,0.0,0,0.0,0,0.0,0.0,0,0.0,0.0,0.0,0.0,0,0,0,0.0,0.0,0.0,0.0,0,0.0,0.0,0.0,0.0,0,0.0,0.0,0,0.0,0,0.0,0,0.0,0.0,0,0.0,0,0,0.0,0,0.0,0.0,0,0.0,0,0.0,0.0,0,0.0,0,0,0,0.0,0.0,0,0.0,0.0,0.0,0.0,0
2006-02,0,0.0,0.0,0.0,56,0.0,0.0,0.0,0.0,56,0.0,0.0,0.0,0,56,0,0,0.0,0.0,56,0.0,0.0,0.0,0.0,56,0.0,0.0,0.0,0.0,56,0.0,0.0,0.0,0.0,56,0.0,0,0.0,0.0,53,0.0,0.0,0.0,0.0,56,0,56,0.0,0.0,0.0,0.0,56,0.0,0.0,0.0,0.0,56,0.0,0.0,0,0.0,56,0.0,0,0.0,0.0,56,0.0,0,0,0.0,56,0.0,0.0,0,0.0,56,0.0,0.0,0,0.0,56,0,0,0.0,0.0,56,0.0,0.0,0.0,0.0,56
2006-03,0,0.0,28.0,0.0,0,0.0,0.0,0.0,0.0,0,0.0,0.0,0.0,0,0,0,0,0.0,0.0,0,0.0,0.0,0.0,0.0,0,0.0,0.0,0.0,0.0,0,0.0,0.0,0.0,0.0,0,0.0,0,0.0,0.0,0,0.0,0.0,0.0,0.0,0,0,0,0.0,0.0,0.0,0.0,0,0.0,0.0,0.0,0.0,0,0.0,0.0,0,0.0,0,0.0,0,0.0,0.0,0,0.0,0,0,0.0,0,0.0,0.0,0,0.0,0,0.0,0.0,0,0.0,0,0,0,0.0,0.0,0,0.0,0.0,0.0,0.0,0
2006-04,0,0.0,0.0,0.0,41,0.0,0.0,0.0,0.0,41,0.0,0.0,0.0,0,41,0,0,0.0,0.0,41,0.0,0.0,0.0,0.0,41,0.0,0.0,0.0,0.0,41,0.0,0.0,0.0,0.0,41,0.0,0,0.0,0.0,39,0.0,0.0,0.0,0.0,41,0,41,0.0,0.0,0.0,0.0,41,0.0,0.0,0.0,0.0,41,0.0,0.0,0,27.0,41,0.0,0,0.0,0.0,41,0.0,0,0,0.0,41,0.0,0.0,0,0.0,41,0.0,0.0,0,0.0,41,0,0,0.0,0.0,41,0.0,0.0,0.0,0.0,41
2006-05,0,0.0,0.0,0.0,52,0.0,0.0,0.0,0.0,52,0.0,0.0,0.0,0,52,0,0,0.0,0.0,52,0.0,0.0,0.0,0.0,52,0.0,0.0,0.0,0.0,52,0.0,0.0,0.0,0.0,52,0.0,0,0.0,0.0,50,0.0,0.0,0.0,0.0,52,0,52,0.0,0.0,0.0,0.0,52,0.0,0.0,0.0,0.0,52,0.0,0.0,0,0.0,52,0.0,0,0.0,0.0,52,0.0,0,0,0.0,52,0.0,0.0,0,0.0,52,0.0,0.0,0,0.0,52,0,0,0.0,0.0,52,0.0,0.0,0.0,0.0,52
2006-06,0,0.0,0.0,0.0,56,0.0,0.0,0.0,0.0,56,0.0,0.0,0.0,0,56,0,0,0.0,0.0,56,0.0,0.0,0.0,0.0,56,0.0,0.0,0.0,0.0,56,0.0,0.0,0.0,0.0,56,0.0,0,0.0,0.0,53,0.0,0.0,0.0,0.0,56,0,56,0.0,0.0,0.0,0.0,56,0.0,0.0,0.0,0.0,56,0.0,0.0,0,0.0,56,0.0,0,0.0,0.0,56,0.0,0,0,0.0,56,0.0,0.0,0,0.0,56,0.0,0.0,0,0.0,56,0,0,0.0,0.0,56,0.0,0.0,0.0,0.0,56
2006-07,0,0.0,0.0,0.0,42,0.0,0.0,0.0,0.0,42,0.0,0.0,0.0,0,42,0,0,0.0,0.0,42,0.0,0.0,0.0,0.0,42,0.0,0.0,0.0,0.0,42,0.0,0.0,0.0,0.0,42,0.0,0,0.0,0.0,40,0.0,0.0,0.0,0.0,42,0,42,0.0,0.0,0.0,0.0,42,0.0,0.0,0.0,0.0,42,0.0,0.0,0,0.0,42,0.0,0,0.0,0.0,42,0.0,0,0,0.0,42,0.0,0.0,0,0.0,42,0.0,0.0,0,0.0,42,0,0,0.0,0.0,42,0.0,0.0,0.0,0.0,42
2006-08,0,0.0,0.0,0.0,48,0.0,0.0,0.0,0.0,48,0.0,0.0,0.0,0,48,0,0,0.0,0.0,48,0.0,0.0,0.0,0.0,48,0.0,0.0,0.0,0.0,48,0.0,0.0,0.0,0.0,48,0.0,0,0.0,0.0,46,0.0,0.0,0.0,0.0,48,0,48,0.0,0.0,0.0,0.0,48,0.0,0.0,0.0,0.0,48,0.0,0.0,0,0.0,48,0.0,0,0.0,0.0,48,0.0,0,0,0.0,48,0.0,0.0,0,0.0,48,0.0,0.0,0,0.0,48,0,0,0.0,0.0,48,0.0,0.0,0.0,0.0,48
2006-09,0,0.0,0.0,0.0,21,0.0,0.0,0.0,0.0,21,0.0,0.0,0.0,0,21,0,0,0.0,0.0,21,0.0,0.0,0.0,0.0,21,0.0,0.0,0.0,0.0,21,0.0,0.0,0.0,0.0,21,0.0,0,0.0,0.0,19,0.0,0.0,0.0,0.0,21,0,21,0.0,0.0,0.0,0.0,21,0.0,0.0,0.0,0.0,21,0.0,0.0,0,0.0,21,0.0,0,0.0,0.0,21,0.0,0,0,0.0,21,0.0,0.0,0,0.0,21,0.0,0.0,0,0.0,21,0,0,0.0,0.0,21,0.0,0.0,0.0,0.0,21
2006-10,0,0.0,0.0,0.0,30,0.0,0.0,0.0,0.0,30,0.0,0.0,0.0,0,30,0,0,0.0,0.0,30,0.0,0.0,0.0,0.0,30,0.0,0.0,0.0,0.0,30,0.0,0.0,0.0,0.0,30,0.0,0,0.0,0.0,28,0.0,0.0,0.0,0.0,30,0,30,0.0,0.0,0.0,0.0,30,0.0,0.0,0.0,0.0,30,0.0,0.0,0,0.0,30,0.0,0,0.0,0.0,30,0.0,0,0,0.0,30,0.0,0.0,0,0.0,30,0.0,0.0,0,0.0,30,0,0,0.0,0.0,30,0.0,0.0,0.0,0.0,30
2006-11,0,0.0,0.0,0.0,55,0.0,0.0,0.0,0.0,55,0.0,0.0,0.0,0,55,0,0,0.0,0.0,55,0.0,0.0,0.0,0.0,55,0.0,0.0,0.0,0.0,55,0.0,0.0,0.0,0.0,55,0.0,0,0.0,0.0,52,0.0,0.0,0.0,0.0,55,0,55,0.0,0.0,0.0,0.0,55,0.0,0.0,0.0,0.0,55,0.0,0.0,0,0.0,55,0.0,0,0.0,0.0,55,0.0,0,0,0.0,55,0.0,0.0,0,0.0,55,0.0,0.0,0,0.0,55,0,0,0.0,0.0,55,0.0,0.0,0.0,0.0,55
2006-12,0,0.0,0.0,0.0,42,0.0,0.0,0.0,0.0,42,0.0,0.0,0.0,0,42,0,0,0.0,0.0,42,0.0,0.0,0.0,0.0,42,0.0,0.0,0.0,0.0,42,0.0,0.0,0.0,0.0,42,0.0,0,0.0,0.0,40,0.0,0.0,0.0,0.0,42,0,42,0.0,0.0,0.0,0.0,42,0.0,0.0,0.0,0.0,42,0.0,0.0,0,0.0,42,0.0,0,0.0,0.0,42,0.0,0,0,0.0,42,0.0,0.0,0,0.0,42,0.0,0.0,0,0.0,42,0,0,0.0,0.0,42,0.0,0.0,0.0,0.0,42
2007-01,0,0.0,0.0,0.0,41,0.0,0.0,0.0,0.0,41,0.0,0.0,0.0,0,41,0,0,0.0,0.0,41,0.0,0.0,0.0,0.0,41,0.0,0.0,0.0,0.0,41,0.0,0.0,0.0,0.0,41,0.0,0,0.0,0.0,39,0.0,0.0,0.0,0.0,41,0,41,0.0,0.0,0.0,0.0,41,0.0,0.0,0.0,0.0,41,0.0,0.0,0,0.0,41,0.0,0,0.0,0.0,41,0.0,0,0,0.0,41,0.0,0.0,0,0.0,41,0.0,0.0,0,0.0,41,0,0,0.0,0.0,41,0.0,0.0,0.0,0.0,41
2007-02,0,0.0,0.0,0.0,48,0.0,0.0,0.0,0.0,48,0.0,0.0,0.0,0,48,0,0,0.0,0.0,48,0.0,0.0,0.0,0.0,48,0.0,0.0,0.0,0.0,48,0.0,0.0,0.0,0.0,48,0.0,0,0.0,0.0,46,0.0,0.0,0.0,0.0,48,0,48,0.0,0.0,0.0,0.0,48,0.0,0.0,0.0,0.0,48,0.0,0.0,0,0.0,48,0.0,0,0.0,0.0,48,0.0,0,0,0.0,48,0.0,0.0,0,0.0,48,0.0,0.0,0,0.0,48,0,0,0.0,0.0,48,0.0,0.0,0.0,0.0,48
2007-03,0,0.0,0.0,0.0,30,0.0,0.0,0.0,0.0,30,0.0,0.0,0.0,0,30,0,0,0.0,0.0,30,0.0,0.0,0.0,0.0,30,0.0,0.0,0.0,0.0,30,0.0,0.0,0.0,0.0,30,0.0,0,0.0,0.0,28,0.0,0.0,0.0,0.0,30,0,30,0.0,0.0,0.0,0.0,30,0.0,0.0,0.0,0.0,30,0.0,0.0,0,0.0,30,0.0,0,0.0,0.0,30,0.0,0,0,0.0,30,0.0,0.0,0,0.0,30,0.0,0.0,0,0.0,30,0,0,0.0,0.0,30,0.0,0.0,0.0,0.0,30
2007-04,0,0.0,0.0,0.0,30,0.0,0.0,0.0,0.0,30,0.0,0.0,0.0,0,30,0,0,0.0,0.0,30,0.0,0.0,0.0,0.0,30,0.0,0.0,0.0,0.0,30,0.0,0.0,0.0,0.0,30,0.0,0,0.0,0.0,29,0.0,0.0,0.0,0.0,30,0,30,0.0,0.0,0.0,0.0,30,0.0,0.0,0.0,0.0,30,0.0,0.0,0,0.0,30,0.0,0,0.0,0.0,30,0.0,0,0,0.0,30,0.0,0.0,0,0.0,30,0.0,0.0,0,0.0,30,0,0,0.0,0.0,30,0.0,0.0,0.0,0.0,30
2007-05,0,0.0,0.0,0.0,30,0.0,0.0,0.0,0.0,30,0.0,0.0,0.0,0,30,0,0,0.0,0.0,30,0.0,0.0,0.0,0.0,30,0.0,0.0,0.0,0.0,30,0.0,0.0,0.0,0.0,30,0.0,0,0.0,0.0,29,0.0,0.0,0.0,0.0,30,0,30,0.0,0.0,0.0,0.0,30,0.0,0.0,0.0,0.0,30,0.0,0.0,0,0.0,30,0.0,0,0.0,0.0,30,0.0,0,0,0.0,30,0.0,0.0,0,0.0,30,0.0,0.0,0,0.0,30,0,0,11.0,0.0,30,0.0,0.0,0.0,0.0,30
2007-06,0,0.0,0.0,0.0,43,0.0,0.0,0.0,0.0,43,0.0,0.0,0.0,0,43,0,0,0.0,0.0,43,0.0,0.0,0.0,0.0,43,0.0,0.0,0.0,0.0,43,0.0,0.0,0.0,0.0,43,0.0,0,0.0,0.0,41,0.0,0.0,0.0,0.0,43,0,43,0.0,0.0,0.0,0.0,43,0.0,0.0,0.0,0.0,43,0.0,0.0,0,0.0,43,0.0,0,0.0,0.0,43,0.0,0,0,0.0,43,0.0,0.0,0,0.0,43,0.0,0.0,0,0.0,43,0,0,0.0,0.0,43,0.0,0.0,0.0,0.0,43
2007-07,0,0.0,0.0,0.0,29,0.0,0.0,0.0,0.0,29,0.0,0.0,0.0,0,29,0,0,0.0,0.0,29,0.0,0.0,0.0,0.0,29,0.0,0.0,0.0,0.0,29,0.0,0.0,0.0,0.0,29,0.0,11,0.0,0.0,28,0.0,0.0,0.0,0.0,29,0,29,0.0,0.0,0.0,0.0,29,0.0,0.0,0.0,0.0,29,0.0,0.0,0,0.0,29,0.0,9,0.0,0.0,29,0.0,0,0,0.0,29,0.0,0.0,0,0.0,29,9.0,0.0,0,0.0,29,0,0,0.0,0.0,29,0.0,0.0,0.0,0.0,29
2007-08,0,0.0,0.0,0.0,32,0.0,0.0,0.0,0.0,32,0.0,0.0,0.0,0,32,0,0,0.0,0.0,32,0.0,0.0,0.0,0.0,32,0.0,0.0,0.0,0.0,32,0.0,0.0,0.0,0.0,32,0.0,0,0.0,0.0,30,0.0,0.0,0.0,0.0,32,0,32,0.0,0.0,0.0,0.0,32,0.0,0.0,0.0,0.0,32,0.0,0.0,0,0.0,32,0.0,0,0.0,0.0,32,0.0,0,0,0.0,32,0.0,0.0,0,0.0,32,0.0,0.0,0,0.0,32,0,0,0.0,0.0,32,0.0,0.0,0.0,0.0,32
2007-09,0,0.0,0.0,0.0,31,0.0,0.0,0.0,0.0,31,0.0,0.0,0.0,0,31,0,0,0.0,0.0,31,0.0,0.0,0.0,0.0,31,0.0,0.0,0.0,0.0,31,0.0,0.0,0.0,0.0,31,0.0,0,0.0,0.0,29,0.0,0.0,0.0,0.0,31,0,31,0.0,0.0,0.0,0.0,31,0.0,0.0,0.0,0.0,31,0.0,0.0,0,0.0,31,0.0,0,0.0,0.0,31,0.0,0,0,0.0,31,0.0,0.0,0,0.0,31,0.0,0.0,0,0.0,31,0,0,0.0,0.0,31,0.0,0.0,0.0,0.0,31
2007-10,0,0.0,0.0,0.0,29,0.0,0.0,0.0,0.0,29,0.0,0.0,0.0,0,29,0,0,0.0,0.0,29,0.0,0.0,0.0,0.0,29,0.0,0.0,0.0,0.0,29,0.0,0.0,0.0,0.0,29,0.0,0,0.0,0.0,28,0.0,0.0,0.0,0.0,29,0,29,0.0,0.0,0.0,0.0,29,0.0,0.0,0.0,0.0,29,0.0,0.0,0,0.0,29,0.0,0,0.0,0.0,29,0.0,0,0,0.0,29,0.0,0.0,0,0.0,29,0.0,0.0,0,0.0,29,0,0,0.0,0.0,29,0.0,0.0,0.0,0.0,29
2007-11,0,0.0,0.0,0.0,36,0.0,0.0,0.0,0.0,36,0.0,0.0,0.0,0,36,0,0,0.0,0.0,36,0.0,0.0,0.0,0.0,36,0.0,0.0,0.0,0.0,36,0.0,0.0,0.0,0.0,36,0.0,0,0.0,0.0,34,0.0,0.0,0.0,0.0,36,0,36,0.0,0.0,0.0,0.0,36,0.0,0.0,0.0,0.0,36,0.0,0.0,0,0.0,36,0.0,0,0.0,0.0,36,0.0,0,0,0.0,36,0.0,0.0,0,0.0,36,0.0,0.0,0,0.0,36,0,0,0.0,0.0,36,0.0,0.0,0.0,0.0,36
2007-12,0,0.0,0.0,0.0,37,0.0,0.0,0.0,0.0,37,0.0,0.0,0.0,0,37,0,0,0.0,0.0,37,0.0,0.0,0.0,0.0,37,0.0,0.0,0.0,0.0,37,0.0,0.0,0.0,0.0,37,0.0,0,0.0,0.0,35,0.0,0.0,0.0,0.0,37,0,37,0.0,0.0,0.0,0.0,37,0.0,0.0,0.0,0.0,37,0.0,0.0,0,0.0,37,0.0,0,0.0,0.0,37,0.0,0,0,0.0,37,0.0,0.0,0,0.0,37,0.0,0.0,0,0.0,37,0,0,0.0,0.0,37,0.0,0.0,0.0,0.0,37
2008-01,0,0.0,0.0,0.0,30,0.0,0.0,0.0,0.0,30,0.0,0.0,0.0,0,30,0,0,0.0,0.0,30,0.0,0.0,0.0,0.0,30,0.0,0.0,0.0,0.0,30,0.0,0.0,0.0,0.0,30,0.0,0,0.0,0.0,29,0.0,0.0,0.0,0.0,30,0,30,0.0,0.0,0.0,0.0,30,0.0,0.0,0.0,0.0,30,0.0,0.0,0,0.0,30,0.0,0,0.0,0.0,30,0.0,0,0,0.0,30,0.0,0.0,0,0.0,30,0.0,0.0,0,0.0,30,0,0,0.0,0.0,30,0.0,0.0,0.0,0.0,30
2008-02,0,0.0,0.0,0.0,39,0.0,0.0,0.0,0.0,39,0.0,0.0,0.0,0,39,0,0,0.0,0.0,39,0.0,0.0,0.0,0.0,39,0.0,0.0,0.0,0.0,39,0.0,0.0,0.0,0.0,39,0.0,0,0.0,0.0,37,0.0,0.0,0.0,0.0,39,0,39,0.0,0.0,0.0,0.0,39,0.0,0.0,0.0,0.0,39,0.0,0.0,0,0.0,39,0.0,0,0.0,0.0,39,0.0,0,0,0.0,39,0.0,0.0,0,0.0,39,0.0,0.0,0,0.0,39,0,0,0.0,0.0,39,0.0,0.0,0.0,0.0,39
2008-03,0,0.0,0.0,0.0,39,0.0,0.0,8.0,0.0,39,0.0,0.0,0.0,0,39,0,0,0.0,0.0,39,0.0,0.0,0.0,0.0,39,0.0,0.0,0.0,0.0,39,0.0,0.0,0.0,0.0,39,0.0,0,0.0,0.0,37,0.0,0.0,0.0,0.0,39,0,39,0.0,0.0,0.0,0.0,39,0.0,0.0,0.0,0.0,39,0.0,0.0,0,0.0,39,0.0,0,0.0,0.0,39,0.0,0,0,0.0,39,0.0,0.0,0,0.0,39,0.0,0.0,0,0.0,39,0,0,0.0,0.0,39,0.0,0.0,0.0,0.0,39
2008-04,0,0.0,0.0,0.0,40,0.0,0.0,0.0,0.0,40,0.0,0.0,0.0,0,40,0,0,0.0,0.0,40,0.0,0.0,0.0,0.0,40,0.0,0.0,0.0,0.0,40,0.0,0.0,0.0,0.0,40,0.0,0,0.0,0.0,38,0.0,0.0,0.0,0.0,40,0,40,0.0,0.0,0.0,0.0,40,0.0,0.0,0.0,0.0,40,0.0,0.0,0,0.0,40,0.0,0,0.0,0.0,40,0.0,0,0,0.0,40,0.0,0.0,0,0.0,40,0.0,0.0,0,0.0,40,0,0,0.0,0.0,40,0.0,0.0,0.0,0.0,40
2008-05,0,0.0,0.0,0.0,34,0.0,0.0,0.0,0.0,34,0.0,0.0,0.0,0,34,0,0,0.0,0.0,34,0.0,0.0,0.0,0.0,34,0.0,0.0,0.0,0.0,34,0.0,0.0,0.0,0.0,34,0.0,0,0.0,0.0,32,0.0,0.0,0.0,0.0,34,0,34,0.0,0.0,0.0,0.0,34,0.0,0.0,0.0,0.0,34,0.0,0.0,0,0.0,34,0.0,0,0.0,0.0,34,0.0,0,0,0.0,34,0.0,0.0,0,0.0,34,0.0,0.0,0,0.0,34,0,0,0.0,0.0,34,0.0,0.0,0.0,0.0,34
2008-06,0,0.0,0.0,0.0,35,0.0,0.0,0.0,0.0,35,0.0,0.0,0.0,0,35,0,0,0.0,0.0,35,0.0,0.0,0.0,0.0,35,0.0,0.0,0.0,0.0,35,0.0,0.0,0.0,0.0,35,0.0,0,0.0,0.0,33,0.0,0.0,0.0,0.0,35,0,35,0.0,0.0,0.0,0.0,35,0.0,0.0,0.0,0.0,35,0.0,0.0,0,0.0,35,0.0,0,0.0,0.0,35,0.0,0,0,0.0,35,0.0,0.0,0,0.0,35,0.0,0.0,0,0.0,35,0,0,0.0,0.0,35,0.0,0.0,0.0,0.0,35
2008-07,0,0.0,0.0,0.0,32,0.0,0.0,0.0,0.0,32,0.0,0.0,0.0,0,32,0,0,0.0,0.0,32,0.0,0.0,0.0,0.0,32,0.0,0.0,0.0,0.0,32,0.0,0.0,0.0,0.0,32,0.0,0,0.0,0.0,31,0.0,0.0,0.0,0.0,32,0,32,0.0,0.0,0.0,0.0,32,0.0,0.0,0.0,0.0,32,0.0,0.0,0,0.0,32,0.0,0,0.0,0.0,32,0.0,0,0,0.0,32,0.0,0.0,0,0.0,32,0.0,0.0,0,0.0,32,0,0,0.0,0.0,32,0.0,0.0,0.0,0.0,32
2008-08,0,0.0,0.0,0.0,34,0.0,0.0,0.0,0.0,34,0.0,0.0,0.0,0,34,0,0,0.0,0.0,34,0.0,0.0,0.0,0.0,34,0.0,0.0,0.0,0.0,34,0.0,0.0,0.0,0.0,34,0.0,0,0.0,0.0,32,0.0,0.0,0.0,0.0,34,0,34,0.0,0.0,0.0,0.0,34,0.0,0.0,0.0,0.0,34,0.0,0.0,0,0.0,34,0.0,0,0.0,0.0,34,0.0,0,0,0.0,34,0.0,0.0,0,0.0,34,0.0,0.0,0,0.0,34,0,0,0.0,0.0,34,0.0,0.0,0.0,0.0,34
2008-09,0,0.0,0.0,0.0,34,0.0,0.0,0.0,0.0,34,0.0,0.0,0.0,0,34,0,0,0.0,0.0,34,0.0,0.0,0.0,0.0,34,0.0,0.0,0.0,0.0,34,0.0,0.0,0.0,0.0,34,0.0,0,0.0,0.0,32,0.0,0.0,0.0,0.0,34,0,34,0.0,0.0,0.0,0.0,34,0.0,0.0,0.0,0.0,34,0.0,0.0,0,0.0,34,0.0,0,0.0,0.0,34,0.0,0,0,0.0,34,0.0,0.0,0,0.0,34,0.0,0.0,0,0.0,34,0,0,0.0,0.0,34,0.0,0.0,0.0,0.0,34
2008-10,0,0.0,0.0,0.0,32,0.0,0.0,0.0,0.0,32,0.0,0.0,0.0,0,32,0,0,0.0,0.0,32,0.0,0.0,0.0,0.0,32,0.0,0.0,0.0,0.0,32,0.0,0.0,0.0,0.0,32,0.0,0,0.0,0.0,30,0.0,0.0,0.0,0.0,32,0,32,0.0,0.0,0.0,0.0,32,0.0,0.0,0.0,0.0,32,0.0,0.0,0,0.0,32,0.0,0,0.0,0.0,32,0.0,0,0,0.0,32,0.0,0.0,0,0.0,32,0.0,0.0,0,0.0,32,0,0,0.0,0.0,32,0.0,0.0,0.0,0.0,32
2008-11,0,0.0,0.0,0.0,27,0.0,0.0,0.0,0.0,27,0.0,0.0,0.0,0,27,0,0,0.0,0.0,27,0.0,0.0,0.0,0.0,27,0.0,0.0,0.0,0.0,27,0.0,0.0,0.0,0.0,27,0.0,0,0.0,0.0,25,0.0,0.0,0.0,0.0,27,0,27,0.0,0.0,0.0,0.0,27,0.0,0.0,0.0,0.0,27,0.0,0.0,0,0.0,27,0.0,0,0.0,0.0,27,0.0,0,0,0.0,27,0.0,0.0,0,0.0,27,0.0,0.0,0,0.0,27,0,0,0.0,0.0,27,0.0,0.0,0.0,0.0,27
2008-12,0,0.0,0.0,0.0,28,0.0,0.0,0.0,0.0,28,0.0,0.0,0.0,0,28,0,0,0.0,0.0,28,0.0,0.0,0.0,0.0,28,0.0,0.0,0.0,0.0,28,0.0,0.0,0.0,0.0,28,0.0,0,0.0,0.0,27,0.0,0.0,0.0,0.0,28,0,28,0.0,0.0,0.0,0.0,28,0.0,0.0,0.0,0.0,28,0.0,0.0,7,0.0,28,0.0,0,0.0,0.0,28,0.0,0,0,0.0,28,0.0,0.0,0,0.0,28,0.0,0.0,0,0.0,28,0,0,0.0,0.0,28,0.0,0.0,0.0,0.0,28
2009-01,0,0.0,0.0,0.0,24,0.0,0.0,0.0,0.0,24,0.0,0.0,0.0,0,24,0,0,0.0,0.0,24,0.0,0.0,0.0,0.0,24,0.0,0.0,0.0,0.0,24,0.0,0.0,0.0,0.0,24,0.0,0,0.0,0.0,23,0.0,0.0,0.0,0.0,24,0,24,0.0,0.0,0.0,0.0,24,0.0,0.0,0.0,0.0,24,0.0,0.0,0,0.0,24,0.0,0,0.0,0.0,24,0.0,0,0,0.0,24,0.0,0.0,0,0.0,24,0.0,0.0,0,0.0,24,0,0,0.0,0.0,24,0.0,0.0,0.0,0.0,24
2009-02,0,0.0,0.0,0.0,36,0.0,0.0,0.0,0.0,36,0.0,0.0,0.0,0,36,0,0,0.0,0.0,36,0.0,0.0,0.0,0.0,36,0.0,0.0,0.0,0.0,36,0.0,0.0,0.0,0.0,36,0.0,0,0.0,0.0,34,0.0,0.0,0.0,0.0,36,0,36,0.0,0.0,0.0,0.0,36,0.0,0.0,0.0,0.0,36,0.0,0.0,0,0.0,36,0.0,0,0.0,0.0,36,0.0,0,0,0.0,36,0.0,0.0,0,0.0,36,0.0,0.0,0,0.0,36,0,0,0.0,0.0,36,0.0,0.0,0.0,0.0,36
2009-03,0,0.0,0.0,0.0,33,0.0,0.0,0.0,0.0,33,0.0,0.0,0.0,0,33,0,0,0.0,0.0,33,0.0,0.0,0.0,0.0,33,0.0,0.0,0.0,0.0,33,0.0,0.0,0.0,0.0,33,0.0,0,0.0,0.0,31,0.0,0.0,0.0,0.0,33,0,33,0.0,0.0,0.0,0.0,33,0.0,0.0,0.0,0.0,33,0.0,0.0,0,0.0,33,0.0,0,0.0,0.0,33,0.0,0,0,0.0,33,0.0,0.0,0,0.0,33,0.0,0.0,0,0.0,33,0,0,0.0,0.0,33,0.0,0.0,0.0,0.0,33
2009-04,0,0.0,0.0,0.0,31,0.0,0.0,0.0,0.0,31,0.0,0.0,0.0,0,31,0,0,0.0,0.0,31,0.0,0.0,0.0,0.0,31,0.0,0.0,0.0,0.0,31,0.0,0.0,0.0,0.0,31,0.0,0,0.0,0.0,29,0.0,0.0,0.0,0.0,31,0,31,0.0,0.0,0.0,0.0,31,0.0,0.0,0.0,0.0,31,0.0,0.0,0,0.0,31,0.0,0,0.0,0.0,31,0.0,0,0,0.0,31,0.0,0.0,0,0.0,31,0.0,0.0,0,0.0,31,0,0,0.0,0.0,31,0.0,0.0,0.0,0.0,31
2009-05,0,0.0,0.0,0.0,34,0.0,0.0,0.0,0.0,34,0.0,0.0,0.0,0,34,0,0,0.0,0.0,34,0.0,0.0,0.0,0.0,34,0.0,0.0,0.0,0.0,34,0.0,0.0,0.0,0.0,34,0.0,0,0.0,0.0,32,0.0,0.0,0.0,0.0,34,0,34,0.0,0.0,0.0,0.0,34,0.0,0.0,0.0,0.0,34,0.0,0.0,0,0.0,34,0.0,0,0.0,0.0,34,0.0,0,0,0.0,34,0.0,0.0,0,0.0,34,0.0,0.0,0,0.0,34,0,0,0.0,0.0,34,0.0,0.0,0.0,0.0,34
2009-06,0,0.0,0.0,0.0,35,0.0,0.0,0.0,0.0,35,0.0,0.0,0.0,0,35,0,0,0.0,0.0,35,0.0,0.0,0.0,0.0,35,0.0,0.0,0.0,0.0,35,0.0,0.0,0.0,0.0,35,0.0,0,0.0,0.0,33,0.0,0.0,0.0,0.0,35,0,35,0.0,0.0,0.0,0.0,35,0.0,0.0,0.0,0.0,35,0.0,0.0,0,0.0,35,0.0,0,0.0,0.0,35,0.0,0,0,0.0,35,0.0,0.0,0,0.0,35,0.0,0.0,0,0.0,35,0,0,0.0,0.0,35,0.0,0.0,0.0,0.0,35
2009-07,0,0.0,0.0,0.0,42,0.0,0.0,0.0,0.0,42,0.0,0.0,0.0,0,42,0,0,0.0,0.0,42,0.0,0.0,0.0,0.0,42,0.0,0.0,0.0,0.0,42,0.0,0.0,0.0,0.0,42,0.0,0,0.0,0.0,40,0.0,0.0,0.0,0.0,42,0,42,0.0,0.0,0.0,0.0,42,0.0,0.0,0.0,0.0,42,0.0,0.0,0,0.0,42,0.0,0,0.0,0.0,42,0.0,0,0,0.0,42,0.0,0.0,0,0.0,42,0.0,0.0,0,0.0,42,0,0,0.0,0.0,42,0.0,0.0,0.0,0.0,42
2009-08,0,0.0,0.0,0.0,32,0.0,0.0,0.0,0.0,32,0.0,0.0,0.0,0,32,0,0,0.0,0.0,32,0.0,0.0,0.0,0.0,32,0.0,0.0,0.0,0.0,32,0.0,0.0,0.0,0.0,32,0.0,0,0.0,0.0,30,5.0,0.0,0.0,0.0,32,0,32,0.0,0.0,0.0,0.0,32,0.0,0.0,0.0,0.0,32,0.0,0.0,0,0.0,32,0.0,0,0.0,0.0,32,0.0,0,0,0.0,32,0.0,0.0,0,0.0,32,0.0,0.0,0,0.0,32,0,0,0.0,0.0,32,0.0,0.0,0.0,0.0,32
2009-09,0,0.0,0.0,0.0,35,0.0,0.0,0.0,0.0,35,0.0,0.0,0.0,0,35,0,0,0.0,0.0,35,0.0,0.0,0.0,0.0,35,0.0,0.0,0.0,0.0,35,0.0,0.0,0.0,0.0,35,0.0,0,0.0,0.0,33,0.0,0.0,0.0,0.0,35,0,35,0.0,0.0,0.0,0.0,35,0.0,0.0,0.0,0.0,35,0.0,0.0,0,0.0,35,0.0,0,0.0,0.0,35,0.0,0,0,0.0,35,0.0,0.0,0,0.0,35,0.0,0.0,0,0.0,35,0,0,0.0,0.0,35,0.0,0.0,0.0,0.0,35
2009-10,0,0.0,0.0,0.0,32,0.0,0.0,0.0,0.0,32,0.0,0.0,0.0,0,32,0,0,0.0,0.0,32,0.0,0.0,0.0,0.0,32,0.0,0.0,0.0,0.0,32,0.0,0.0,0.0,0.0,32,0.0,0,0.0,0.0,30,0.0,0.0,0.0,0.0,32,0,32,0.0,0.0,0.0,0.0,32,0.0,0.0,0.0,0.0,32,0.0,0.0,0,0.0,32,0.0,0,0.0,0.0,32,0.0,0,0,0.0,32,0.0,0.0,0,0.0,32,0.0,0.0,0,0.0,32,0,0,0.0,0.0,32,0.0,0.0,0.0,0.0,32
2009-11,0,0.0,0.0,0.0,33,0.0,0.0,0.0,0.0,33,0.0,0.0,0.0,0,33,0,0,0.0,0.0,33,0.0,0.0,0.0,0.0,33,0.0,0.0,0.0,0.0,33,0.0,0.0,0.0,0.0,33,5.0,0,0.0,0.0,31,0.0,0.0,0.0,0.0,33,0,33,0.0,0.0,0.0,0.0,33,0.0,0.0,0.0,0.0,33,0.0,0.0,0,0.0,33,0.0,0,0.0,0.0,33,0.0,0,0,0.0,33,0.0,0.0,0,0.0,33,0.0,0.0,0,0.0,33,0,0,0.0,0.0,33,0.0,0.0,0.0,0.0,33
2009-12,0,0.0,0.0,0.0,25,0.0,0.0,0.0,0.0,25,0.0,0.0,0.0,0,25,0,0,0.0,0.0,25,0.0,0.0,0.0,0.0,25,0.0,0.0,0.0,0.0,25,0.0,0.0,0.0,0.0,25,0.0,0,0.0,0.0,24,0.0,0.0,0.0,0.0,25,0,25,0.0,0.0,0.0,0.0,25,0.0,0.0,0.0,0.0,25,0.0,0.0,0,0.0,25,0.0,0,0.0,0.0,25,0.0,0,0,0.0,25,0.0,0.0,0,0.0,25,0.0,0.0,0,0.0,25,0,0,0.0,0.0,25,0.0,0.0,0.0,0.0,25
2010-01,0,0.0,0.0,0.0,31,0.0,0.0,0.0,0.0,31,0.0,0.0,0.0,0,31,0,0,0.0,0.0,31,0.0,0.0,0.0,0.0,31,0.0,0.0,0.0,0.0,31,0.0,0.0,0.0,0.0,31,0.0,0,0.0,0.0,29,0.0,0.0,0.0,0.0,31,0,31,0.0,0.0,0.0,0.0,31,0.0,0.0,0.0,0.0,31,0.0,0.0,0,0.0,31,0.0,0,0.0,0.0,31,0.0,0,0,0.0,31,0.0,0.0,0,0.0,31,0.0,0.0,0,0.0,31,0,0,0.0,0.0,31,0.0,0.0,0.0,0.0,31
2010-02,0,0.0,0.0,0.0,36,0.0,0.0,0.0,0.0,36,0.0,5.0,0.0,0,36,0,0,0.0,0.0,36,0.0,0.0,0.0,0.0,36,0.0,0.0,0.0,0.0,36,0.0,0.0,0.0,0.0,36,0.0,0,0.0,0.0,34,0.0,0.0,0.0,0.0,36,8,36,0.0,0.0,0.0,0.0,36,0.0,0.0,0.0,0.0,36,0.0,0.0,0,0.0,36,0.0,0,0.0,0.0,36,0.0,0,0,0.0,36,0.0,0.0,0,0.0,36,0.0,0.0,0,0.0,36,0,0,0.0,0.0,36,0.0,0.0,0.0,0.0,36
2010-03,0,0.0,0.0,0.0,28,0.0,0.0,0.0,0.0,28,0.0,0.0,0.0,0,28,0,0,0.0,0.0,28,0.0,0.0,0.0,0.0,28,0.0,0.0,0.0,0.0,28,0.0,0.0,0.0,0.0,28,0.0,0,0.0,0.0,26,0.0,0.0,0.0,0.0,28,5,28,0.0,0.0,0.0,0.0,28,0.0,0.0,0.0,0.0,28,0.0,0.0,0,0.0,28,0.0,0,0.0,0.0,28,0.0,0,0,0.0,28,0.0,0.0,0,0.0,28,0.0,0.0,0,0.0,28,0,0,0.0,0.0,28,0.0,0.0,0.0,0.0,28
2010-04,0,0.0,0.0,0.0,28,0.0,0.0,0.0,0.0,28,0.0,0.0,0.0,0,28,0,0,0.0,0.0,28,0.0,0.0,0.0,0.0,28,0.0,0.0,0.0,0.0,28,0.0,0.0,0.0,0.0,28,0.0,0,0.0,0.0,27,0.0,0.0,0.0,0.0,28,5,28,0.0,0.0,0.0,0.0,28,0.0,0.0,0.0,0.0,28,5.0,0.0,0,0.0,28,0.0,0,0.0,0.0,28,0.0,0,0,0.0,28,0.0,0.0,0,0.0,28,0.0,0.0,0,0.0,28,0,0,0.0,0.0,28,0.0,0.0,0.0,0.0,28
2010-05,0,0.0,0.0,0.0,25,0.0,0.0,0.0,0.0,25,0.0,0.0,0.0,0,25,0,0,0.0,5.0,25,0.0,0.0,0.0,0.0,25,0.0,0.0,0.0,0.0,25,0.0,0.0,0.0,0.0,25,0.0,0,0.0,0.0,23,0.0,0.0,0.0,0.0,25,5,25,0.0,0.0,0.0,0.0,25,0.0,0.0,0.0,0.0,25,0.0,0.0,0,0.0,25,0.0,0,0.0,0.0,25,0.0,0,0,0.0,25,0.0,0.0,0,0.0,25,0.0,0.0,0,0.0,25,0,0,0.0,0.0,25,0.0,0.0,0.0,0.0,25
2010-06,0,0.0,0.0,0.0,27,0.0,0.0,0.0,0.0,27,0.0,0.0,0.0,0,27,0,0,0.0,0.0,27,0.0,0.0,0.0,0.0,27,0.0,0.0,0.0,0.0,27,0.0,0.0,0.0,0.0,27,0.0,0,0.0,0.0,26,0.0,0.0,0.0,0.0,27,0,27,0.0,0.0,0.0,0.0,27,0.0,0.0,0.0,0.0,27,0.0,0.0,0,0.0,27,0.0,0,0.0,0.0,27,0.0,0,0,0.0,27,0.0,0.0,0,0.0,27,0.0,0.0,0,0.0,27,0,0,0.0,0.0,27,0.0,0.0,0.0,0.0,27
2010-07,0,0.0,0.0,0.0,30,0.0,0.0,0.0,0.0,30,0.0,0.0,0.0,0,30,0,0,0.0,0.0,30,0.0,0.0,0.0,0.0,30,0.0,0.0,0.0,0.0,30,0.0,0.0,0.0,0.0,30,0.0,0,0.0,0.0,28,0.0,0.0,0.0,0.0,30,0,30,0.0,0.0,0.0,0.0,30,0.0,0.0,0.0,0.0,30,0.0,0.0,0,0.0,30,0.0,0,0.0,0.0,30,0.0,0,0,0.0,30,0.0,0.0,0,0.0,30,0.0,0.0,0,0.0,30,0,0,0.0,0.0,30,0.0,0.0,0.0,0.0,30
2010-08,0,0.0,0.0,0.0,34,0.0,0.0,0.0,0.0,34,0.0,0.0,0.0,0,34,0,0,0.0,0.0,34,0.0,0.0,0.0,0.0,34,0.0,0.0,0.0,0.0,34,0.0,0.0,0.0,0.0,34,0.0,0,0.0,0.0,32,0.0,0.0,0.0,0.0,34,0,34,0.0,0.0,0.0,0.0,34,0.0,0.0,0.0,0.0,34,0.0,0.0,0,0.0,34,0.0,0,0.0,0.0,34,0.0,0,0,0.0,34,0.0,0.0,0,0.0,34,0.0,0.0,0,0.0,34,0,0,0.0,0.0,34,0.0,0.0,0.0,0.0,34
2010-09,0,0.0,0.0,0.0,25,0.0,0.0,0.0,0.0,25,0.0,0.0,0.0,0,25,0,0,0.0,0.0,25,0.0,0.0,0.0,0.0,25,0.0,0.0,0.0,0.0,25,0.0,0.0,0.0,0.0,25,0.0,0,0.0,0.0,23,0.0,0.0,0.0,0.0,25,0,25,0.0,0.0,0.0,0.0,25,0.0,0.0,0.0,0.0,25,0.0,0.0,0,0.0,25,0.0,0,0.0,0.0,25,0.0,0,0,0.0,25,0.0,0.0,0,0.0,25,0.0,0.0,0,0.0,25,0,0,0.0,0.0,25,0.0,0.0,0.0,0.0,25
2010-10,0,0.0,0.0,0.0,29,0.0,0.0,0.0,0.0,29,0.0,0.0,0.0,0,29,0,0,0.0,0.0,29,0.0,0.0,0.0,0.0,29,0.0,0.0,0.0,0.0,29,0.0,0.0,0.0,0.0,29,0.0,0,0.0,0.0,28,0.0,0.0,0.0,0.0,29,0,29,0.0,0.0,0.0,0.0,29,0.0,0.0,0.0,0.0,29,0.0,0.0,3,0.0,29,0.0,0,0.0,0.0,29,0.0,0,0,0.0,29,0.0,0.0,0,0.0,29,0.0,0.0,0,0.0,29,0,0,0.0,0.0,29,0.0,0.0,0.0,0.0,29
2010-11,0,0.0,0.0,0.0,32,0.0,0.0,0.0,0.0,32,0.0,0.0,0.0,0,32,0,0,0.0,0.0,32,0.0,0.0,0.0,0.0,32,0.0,0.0,0.0,0.0,32,0.0,0.0,0.0,0.0,32,0.0,0,0.0,0.0,30,0.0,0.0,0.0,0.0,32,0,32,0.0,0.0,0.0,0.0,32,0.0,0.0,0.0,0.0,32,0.0,0.0,4,0.0,32,0.0,0,0.0,0.0,32,0.0,0,0,0.0,32,0.0,0.0,0,0.0,32,0.0,0.0,0,0.0,32,0,0,0.0,0.0,32,0.0,0.0,0.0,0.0,32
2010-12,0,0.0,0.0,0.0,32,0.0,0.0,0.0,0.0,32,0.0,0.0,0.0,0,32,0,0,0.0,0.0,32,0.0,0.0,0.0,0.0,32,0.0,0.0,0.0,0.0,32,0.0,0.0,0.0,0.0,32,0.0,0,0.0,0.0,31,0.0,0.0,0.0,0.0,32,0,32,0.0,0.0,0.0,0.0,32,0.0,0.0,0.0,0.0,32,0.0,0.0,5,0.0,32,0.0,0,0.0,0.0,32,0.0,0,0,0.0,32,0.0,0.0,0,0.0,32,0.0,0.0,0,0.0,32,0,0,0.0,0.0,32,0.0,0.0,0.0,0.0,32
2011-01,0,0.0,0.0,0.0,32,0.0,0.0,0.0,0.0,32,0.0,0.0,0.0,0,32,0,0,0.0,0.0,32,0.0,0.0,0.0,2.0,32,0.0,0.0,0.0,0.0,32,0.0,0.0,0.0,0.0,32,0.0,0,0.0,0.0,30,0.0,0.0,0.0,0.0,32,2,32,0.0,0.0,0.0,0.0,32,0.0,0.0,0.0,0.0,32,0.0,0.0,2,0.0,32,0.0,0,0.0,0.0,32,0.0,0,0,0.0,32,0.0,0.0,0,0.0,32,0.0,0.0,0,0.0,32,0,0,0.0,0.0,32,0.0,0.0,0.0,0.0,32
2011-02,0,0.0,0.0,0.0,31,0.0,0.0,0.0,0.0,31,0.0,0.0,0.0,0,31,0,0,0.0,0.0,31,0.0,0.0,0.0,0.0,31,0.0,0.0,0.0,0.0,31,0.0,0.0,0.0,0.0,31,0.0,0,0.0,0.0,29,0.0,0.0,0.0,0.0,31,1,31,0.0,1.0,0.0,0.0,31,0.0,0.0,0.0,0.0,31,0.0,0.0,2,0.0,31,0.0,0,0.0,0.0,31,0.0,0,0,0.0,31,0.0,0.0,0,0.0,31,0.0,0.0,0,0.0,31,0,0,0.0,0.0,31,0.0,0.0,0.0,0.0,31
2011-03,0,0.0,0.0,0.0,28,0.0,0.0,0.0,0.0,28,0.0,0.0,0.0,0,28,0,0,0.0,0.0,28,0.0,0.0,0.0,0.0,28,0.0,0.0,0.0,0.0,28,0.0,0.0,0.0,0.0,28,0.0,0,0.0,0.0,26,0.0,0.0,0.0,0.0,28,1,28,0.0,0.0,0.0,0.0,28,0.0,0.0,0.0,0.0,28,0.0,0.0,2,0.0,28,0.0,0,0.0,0.0,28,0.0,0,0,0.0,28,0.0,0.0,0,0.0,28,0.0,0.0,0,0.0,28,0,0,0.0,0.0,28,0.0,0.0,0.0,0.0,28
2011-04,0,0.0,0.0,0.0,31,0.0,0.0,0.0,0.0,31,0.0,0.0,0.0,0,31,0,0,0.0,0.0,31,0.0,0.0,0.0,0.0,31,0.0,0.0,0.0,0.0,31,0.0,0.0,0.0,0.0,31,0.0,0,0.0,0.0,29,0.0,0.0,0.0,0.0,31,1,31,0.0,0.0,0.0,0.0,31,0.0,0.0,0.0,0.0,31,0.0,0.0,2,0.0,31,0.0,0,0.0,0.0,31,0.0,0,0,0.0,31,0.0,0.0,0,0.0,31,0.0,0.0,0,0.0,31,0,0,0.0,0.0,31,0.0,0.0,0.0,0.0,31
2011-05,0,0.0,0.0,0.0,28,0.0,0.0,0.0,0.0,28,0.0,0.0,0.0,0,28,0,0,0.0,0.0,28,0.0,0.0,0.0,0.0,28,0.0,0.0,0.0,0.0,28,0.0,0.0,0.0,0.0,28,0.0,0,0.0,0.0,27,0.0,0.0,0.0,0.0,28,2,28,0.0,0.0,0.0,0.0,28,0.0,0.0,0.0,0.0,28,0.0,0.0,2,0.0,28,0.0,0,0.0,0.0,28,0.0,0,0,0.0,28,0.0,0.0,0,0.0,28,0.0,0.0,0,0.0,28,0,0,0.0,0.0,28,0.0,0.0,0.0,0.0,28
2011-06,0,0.0,0.0,0.0,30,0.0,0.0,0.0,0.0,30,0.0,0.0,0.0,0,30,0,0,0.0,0.0,30,0.0,0.0,0.0,0.0,30,0.0,0.0,0.0,0.0,30,0.0,0.0,0.0,0.0,30,0.0,0,0.0,0.0,29,0.0,0.0,0.0,0.0,30,3,30,0.0,0.0,0.0,0.0,30,0.0,0.0,0.0,0.0,30,0.0,0.0,1,0.0,30,0.0,0,0.0,0.0,30,0.0,0,0,0.0,30,0.0,0.0,0,0.0,30,0.0,0.0,0,0.0,30,0,0,0.0,0.0,30,0.0,0.0,0.0,0.0,30
2011-07,0,0.0,0.0,0.0,31,0.0,0.0,0.0,0.0,31,0.0,0.0,0.0,0,31,0,0,0.0,0.0,31,0.0,0.0,0.0,0.0,31,0.0,0.0,0.0,0.0,31,0.0,0.0,0.0,0.0,31,0.0,0,0.0,0.0,29,0.0,0.0,0.0,0.0,31,3,31,0.0,0.0,0.0,0.0,31,0.0,0.0,0.0,0.0,31,0.0,0.0,1,0.0,31,0.0,0,0.0,0.0,31,0.0,0,0,0.0,31,0.0,0.0,0,0.0,31,0.0,0.0,0,0.0,31,0,0,0.0,0.0,31,0.0,0.0,0.0,0.0,31
2011-08,0,0.0,0.0,0.0,32,0.0,0.0,0.0,0.0,32,0.0,0.0,0.0,0,32,0,0,0.0,0.0,32,0.0,0.0,0.0,0.0,32,0.0,0.0,0.0,0.0,32,0.0,0.0,0.0,0.0,32,0.0,0,0.0,0.0,31,0.0,0.0,0.0,0.0,32,2,32,0.0,0.0,0.0,0.0,32,0.0,0.0,0.0,0.0,32,0.0,0.0,2,0.0,32,0.0,0,0.0,0.0,32,0.0,0,0,0.0,32,0.0,0.0,0,0.0,32,0.0,0.0,0,0.0,32,0,0,0.0,0.0,32,0.0,0.0,0.0,0.0,32
2011-09,0,0.0,0.0,0.0,29,0.0,0.0,0.0,0.0,29,0.0,0.0,0.0,0,29,0,0,0.0,0.0,29,0.0,0.0,0.0,0.0,29,0.0,0.0,0.0,0.0,29,0.0,0.0,0.0,0.0,29,0.0,0,0.0,0.0,27,0.0,0.0,0.0,0.0,29,2,29,0.0,0.0,0.0,0.0,29,0.0,0.0,0.0,0.0,29,0.0,0.0,1,0.0,29,0.0,0,0.0,0.0,29,0.0,0,0,0.0,29,0.0,0.0,0,0.0,29,0.0,0.0,0,0.0,29,0,0,0.0,0.0,29,0.0,0.0,0.0,0.0,29
2011-10,0,0.0,0.0,0.0,27,0.0,0.0,0.0,0.0,27,0.0,0.0,0.0,0,27,0,0,0.0,0.0,27,0.0,0.0,0.0,0.0,27,0.0,0.0,0.0,0.0,27,0.0,0.0,0.0,0.0,27,0.0,0,0.0,0.0,26,0.0,0.0,0.0,0.0,27,2,27,0.0,1.0,0.0,0.0,27,0.0,0.0,0.0,0.0,27,1.0,0.0,1,0.0,27,0.0,0,0.0,0.0,27,0.0,0,0,0.0,27,0.0,0.0,0,0.0,27,0.0,0.0,0,0.0,27,0,0,0.0,0.0,27,0.0,0.0,0.0,0.0,27
2011-11,0,0.0,0.0,0.0,27,0.0,0.0,0.0,0.0,27,0.0,0.0,0.0,0,27,0,0,0.0,0.0,27,0.0,0.0,0.0,0.0,27,0.0,0.0,0.0,0.0,27,0.0,0.0,0.0,0.0,27,0.0,0,0.0,0.0,26,0.0,0.0,0.0,0.0,27,3,27,0.0,2.0,0.0,0.0,27,0.0,0.0,0.0,0.0,27,0.0,0.0,1,0.0,27,0.0,0,0.0,0.0,27,0.0,0,0,0.0,27,0.0,0.0,0,0.0,27,0.0,0.0,0,0.0,27,0,0,0.0,0.0,27,0.0,0.0,0.0,0.0,27
2011-12,0,0.0,0.0,0.0,28,0.0,0.0,0.0,0.0,28,0.0,0.0,0.0,0,28,0,0,0.0,0.0,28,0.0,0.0,0.0,0.0,28,0.0,0.0,0.0,0.0,28,0.0,0.0,0.0,0.0,28,0.0,0,0.0,0.0,26,0.0,0.0,0.0,0.0,28,2,28,0.0,0.0,0.0,0.0,28,0.0,0.0,0.0,0.0,28,0.0,0.0,1,0.0,28,0.0,0,0.0,0.0,28,0.0,0,0,0.0,28,0.0,0.0,0,0.0,28,0.0,0.0,0,0.0,28,0,0,0.0,0.0,28,0.0,0.0,0.0,0.0,28
2012-01,0,0.0,0.0,0.0,29,0.0,0.0,0.0,0.0,29,0.0,0.0,0.0,0,29,0,0,0.0,0.0,29,0.0,0.0,0.0,0.0,29,0.0,0.0,0.0,0.0,29,0.0,0.0,0.0,0.0,29,0.0,0,0.0,0.0,27,0.0,0.0,0.0,0.0,29,2,29,0.0,0.0,0.0,0.0,29,0.0,0.0,0.0,0.0,29,0.0,0.0,1,0.0,29,0.0,0,0.0,0.0,29,0.0,0,0,0.0,29,0.0,0.0,0,0.0,29,0.0,0.0,0,0.0,29,0,0,0.0,0.0,29,0.0,0.0,0.0,0.0,29
2012-02,0,0.0,0.0,0.0,27,0.0,0.0,0.0,0.0,27,0.0,0.0,0.0,0,27,0,0,0.0,0.0,27,0.0,0.0,0.0,0.0,27,0.0,0.0,0.0,0.0,27,0.0,0.0,0.0,0.0,27,0.0,0,0.0,0.5,26,0.0,0.0,0.0,0.0,27,2,27,0.0,0.5,0.0,0.0,27,0.0,0.0,0.0,0.0,27,0.0,0.0,1,0.0,27,0.0,0,0.0,0.0,27,0.0,0,0,0.0,27,0.0,0.0,0,0.0,27,0.0,0.0,0,0.0,27,0,0,0.0,0.0,27,0.0,0.0,0.0,0.0,27
2012-03,0,0.0,0.5,0.0,27,0.0,0.0,0.0,0.0,27,0.0,0.0,0.0,0,27,0,0,0.0,0.0,27,0.0,0.0,0.0,1.0,27,0.0,0.0,0.0,0.0,27,0.0,0.0,0.0,0.0,27,0.0,0,0.0,0.0,26,0.0,0.0,0.0,0.0,27,2,27,0.0,0.0,0.0,0.0,27,0.0,0.0,0.0,0.0,27,0.0,0.0,1,0.0,27,0.0,0,0.0,0.0,27,0.0,0,0,0.0,27,0.0,0.0,0,0.0,27,0.0,0.0,0,0.0,27,0,0,0.0,0.0,27,0.0,0.0,0.0,0.0,27
2012-04,0,0.0,0.0,0.0,25,0.0,0.0,0.0,0.0,25,0.0,0.0,0.0,0,25,0,0,0.0,0.0,25,0.0,0.0,0.0,0.0,25,0.0,0.0,0.0,0.0,25,0.0,0.0,0.0,0.0,25,0.0,0,0.0,0.0,24,0.0,0.0,0.0,0.0,25,2,25,0.0,0.5,0.0,0.0,25,0.0,0.0,0.0,0.0,25,0.0,0.0,1,0.0,25,0.0,0,0.0,0.0,25,0.0,0,0,0.0,25,0.0,0.0,0,0.0,25,0.0,0.0,0,0.0,25,0,0,0.0,0.0,25,0.0,0.0,0.0,0.0,25
2012-05,0,0.0,0.0,0.0,27,0.0,0.0,0.0,0.0,27,0.0,0.0,0.0,0,27,0,0,0.0,0.0,27,0.0,0.0,0.0,0.0,27,0.0,0.0,0.0,0.0,27,0.0,0.0,0.0,0.0,27,0.0,0,0.0,0.0,26,0.0,0.0,0.0,0.0,27,1,27,0.0,1.0,0.0,0.0,27,0.0,0.0,0.0,0.0,27,0.0,0.0,1,0.0,27,0.0,0,0.0,0.0,27,0.0,0,0,0.0,27,0.0,0.0,0,0.0,27,0.0,0.0,0,0.0,27,0,0,0.0,0.0,27,0.0,0.0,0.0,0.0,27
2012-06,0,0.0,0.0,0.0,33,0.0,0.0,0.0,0.0,33,0.0,0.0,0.0,0,33,0,0,0.0,0.0,33,0.0,0.0,0.0,0.0,33,0.0,0.0,0.0,0.0,33,0.0,0.0,0.0,0.0,33,0.0,0,0.0,0.0,31,0.0,0.0,0.0,0.0,33,0,33,0.0,0.0,0.0,0.0,33,0.0,0.0,0.0,0.0,33,0.0,0.0,0,0.0,33,0.0,0,0.0,0.0,33,0.0,0,0,0.0,33,0.0,0.0,0,0.0,33,0.0,0.0,0,0.0,33,0,0,0.0,0.0,33,0.0,0.0,0.0,0.0,33
2012-07,0,0.0,0.0,0.0,28,0.0,0.0,0.0,0.0,28,0.0,0.0,0.0,0,28,0,0,0.0,0.0,28,0.0,0.0,0.0,0.0,28,0.0,0.0,0.0,0.0,28,0.0,0.0,0.0,0.0,28,0.0,0,0.0,0.0,26,0.0,0.0,0.0,0.0,28,1,28,0.0,0.0,0.0,0.0,28,0.0,0.0,0.0,0.0,28,0.0,0.0,0,0.0,28,0.0,0,0.0,0.0,28,0.0,0,0,0.0,28,0.0,0.0,0,0.0,28,0.0,0.0,0,0.0,28,0,0,0.0,0.0,28,0.0,0.0,0.0,0.0,28
2012-08,0,0.0,0.0,0.0,27,0.0,0.0,0.0,0.0,27,0.0,0.0,0.0,0,27,0,0,0.0,0.0,27,0.0,0.0,0.0,0.0,27,0.0,0.0,0.0,0.0,27,0.0,0.0,0.0,0.0,27,0.0,0,0.0,0.0,25,0.0,0.0,0.0,0.0,27,2,27,0.0,0.0,0.0,0.0,27,0.0,0.0,0.0,0.0,27,0.0,0.0,0,0.0,27,0.0,0,0.0,0.0,27,0.0,0,0,0.0,27,0.0,0.0,0,0.0,27,0.0,0.0,0,0.0,27,0,0,0.0,0.0,27,0.0,0.0,0.0,0.0,27
2012-09,0,0.0,0.0,0.0,29,0.0,0.0,0.0,0.0,29,0.0,0.0,0.0,0,29,0,0,0.0,0.0,29,0.0,0.0,0.0,1.0,29,0.0,0.0,0.0,0.0,29,0.0,0.0,0.0,0.0,29,0.0,0,0.0,0.0,28,0.0,0.0,0.0,0.0,29,1,29,0.0,0.0,0.0,0.0,29,0.0,0.0,0.0,0.0,29,0.0,0.0,0,0.0,29,0.0,0,0.0,0.0,29,0.0,0,0,0.0,29,0.0,0.0,0,0.0,29,0.0,0.0,0,0.0,29,0,0,0.0,0.0,29,0.0,0.0,0.0,0.0,29
2012-10,0,0.0,0.0,0.0,26,0.0,0.0,0.0,0.0,26,0.0,0.0,0.0,0,26,0,0,0.0,0.0,26,0.0,0.0,0.0,0.0,26,0.0,0.0,0.0,0.0,26,0.0,0.0,0.0,0.0,26,0.0,0,0.0,0.0,25,0.0,0.0,0.0,0.0,26,1,26,0.0,0.0,0.0,0.0,26,0.0,0.0,0.0,0.0,26,0.0,0.0,1,0.0,26,1.0,0,0.0,0.0,26,0.0,0,0,0.0,26,0.0,0.0,0,0.0,26,0.0,0.0,0,0.0,26,0,0,0.0,0.0,26,0.0,0.0,0.0,0.0,26
2012-11,0,0.0,0.0,0.0,28,0.0,0.0,0.0,0.0,28,0.0,0.0,0.0,0,28,0,0,0.0,0.0,28,0.0,0.0,0.0,0.0,28,0.0,0.0,0.0,0.0,28,0.0,0.0,0.0,0.0,28,0.0,0,0.0,1.0,27,0.0,0.0,0.0,0.0,28,1,28,0.0,0.0,0.0,0.0,28,0.0,0.0,0.0,0.0,28,0.0,0.0,1,0.0,28,0.0,0,0.0,0.0,28,0.0,0,0,0.0,28,0.0,0.0,0,0.0,28,0.0,0.0,0,0.0,28,0,0,0.0,0.0,28,0.0,0.0,0.0,0.0,28
2012-12,0,0.0,0.0,0.0,26,0.0,0.0,0.0,0.0,26,0.0,0.0,0.0,0,26,0,0,0.0,0.0,26,0.0,0.0,0.0,0.0,26,0.0,0.0,0.0,0.0,26,0.0,0.0,0.0,0.0,26,0.0,0,0.0,0.0,25,0.0,0.0,0.0,0.0,26,1,26,0.0,1.0,0.0,0.0,26,0.0,0.0,0.0,0.0,26,0.0,0.0,1,0.0,26,1.0,0,0.0,0.0,26,0.0,0,0,0.0,26,0.0,0.0,0,0.0,26,0.0,0.0,0,0.0,26,0,0,0.0,0.0,26,1.0,0.0,0.0,0.0,26
2013-01,0,0.0,0.0,0.0,29,0.0,0.0,0.0,0.0,29,0.0,0.0,0.0,0,29,0,0,0.0,0.0,29,0.0,0.0,0.0,1.0,29,0.0,0.0,0.0,0.0,29,0.0,0.0,0.0,0.0,29,0.0,0,0.0,0.0,28,0.0,0.0,0.0,0.0,29,1,29,0.0,0.0,0.0,1.0,29,0.0,0.0,0.0,0.0,29,0.0,0.0,0,0.0,29,0.5,0,0.0,0.0,29,0.0,0,0,0.0,29,0.0,0.0,0,0.0,29,0.0,1.0,0,0.0,29,0,0,0.0,0.0,29,1.0,0.0,0.0,0.0,29
2013-02,0,0.0,0.0,0.0,28,0.0,0.0,0.0,0.0,28,0.0,0.0,0.0,0,28,0,0,0.0,0.0,28,0.0,0.0,0.0,2.0,28,0.0,0.0,0.0,0.0,28,0.0,0.0,0.0,0.0,28,0.0,0,0.0,0.0,26,0.0,0.0,0.0,0.0,28,1,28,0.0,0.0,0.0,0.0,28,0.0,0.0,0.0,0.0,28,0.0,0.0,1,0.0,28,0.0,0,0.0,0.0,28,0.0,0,0,0.0,28,0.0,0.0,0,0.0,28,0.0,0.0,0,0.0,28,0,0,0.0,0.0,28,1.0,0.0,0.0,0.0,28
2013-03,0,0.0,0.0,0.0,26,0.0,0.0,0.0,0.0,26,0.0,0.0,0.0,0,26,0,0,0.0,0.0,26,0.0,0.0,0.0,0.0,26,0.0,0.0,0.0,0.0,26,0.0,0.0,0.0,0.0,26,0.0,0,0.0,0.0,25,0.0,0.0,0.0,0.0,26,1,26,0.0,0.0,0.0,0.0,26,0.5,0.0,0.0,0.0,26,0.5,0.0,1,0.0,26,1.0,0,0.0,0.0,26,0.0,0,0,0.0,26,0.0,0.0,0,0.0,26,0.0,0.0,0,0.0,26,0,0,0.0,0.0,26,1.0,0.0,0.0,0.0,26
2013-04,0,0.0,0.0,0.0,27,0.0,0.0,0.0,0.0,27,0.0,0.0,0.0,0,27,0,0,0.0,0.0,27,1.0,0.0,0.0,0.5,27,0.0,0.0,0.0,0.0,27,0.0,0.0,0.0,0.0,27,0.0,0,0.0,0.0,26,0.0,0.0,0.0,0.0,27,1,27,0.0,0.0,0.0,0.0,27,0.0,0.0,0.0,0.0,27,0.0,0.0,1,0.0,27,1.0,0,0.0,0.0,27,0.0,0,0,0.0,27,0.0,0.0,0,0.0,27,0.0,0.0,0,0.0,27,0,0,0.0,0.0,27,0.5,0.0,0.0,1.0,27
2013-05,0,0.0,0.0,0.0,25,0.0,0.0,1.0,0.0,25,0.0,0.0,0.0,0,25,0,0,0.0,0.0,25,0.5,0.0,0.0,0.5,25,0.0,0.0,0.0,0.0,25,0.0,0.0,0.0,0.0,25,0.0,0,0.0,0.0,24,0.0,0.0,0.5,0.0,25,1,25,0.0,0.5,0.0,0.0,25,0.0,0.0,0.0,0.0,25,0.0,0.0,1,0.0,25,0.5,0,0.0,0.0,25,0.0,0,0,0.0,25,0.0,0.0,0,0.0,25,0.0,0.0,0,0.0,25,0,0,0.0,0.0,25,0.5,0.0,0.0,0.0,25
2013-06,0,0.0,0.0,0.0,25,0.0,0.0,0.5,0.5,25,0.5,0.0,0.0,0,25,0,0,0.0,0.0,25,1.0,0.0,0.0,1.0,25,0.0,0.0,0.0,0.0,25,0.0,0.0,0.0,0.0,25,0.0,0,0.0,0.0,23,0.0,0.0,0.0,0.0,25,1,25,0.0,1.0,0.0,0.0,25,0.5,0.0,0.0,0.0,25,0.0,0.0,1,0.0,25,1.0,0,0.0,0.0,25,0.0,0,0,0.0,25,0.0,0.0,0,0.0,25,0.0,0.0,0,0.0,25,0,0,0.0,0.0,25,0.5,0.0,0.0,0.0,25
2013-07,0,0.0,0.0,0.0,27,0.0,0.0,0.5,0.0,27,0.0,0.0,0.0,0,27,0,0,0.0,0.0,27,0.5,0.0,0.0,1.0,27,0.0,0.0,0.0,0.0,27,0.0,0.0,0.0,0.0,27,0.0,0,0.0,0.0,26,0.0,0.0,0.5,0.0,27,2,27,0.0,0.5,0.0,0.5,27,0.0,0.0,0.0,0.0,27,0.0,0.0,2,0.0,27,1.0,0,0.0,0.0,27,0.0,0,0,0.0,27,0.0,0.0,0,0.0,27,0.0,0.0,0,0.0,27,0,0,0.0,0.0,27,0.5,0.0,0.0,0.0,27
2013-08,0,0.0,0.0,0.0,22,0.0,0.0,0.0,0.0,22,0.0,0.0,0.0,0,22,0,0,0.5,0.0,22,0.5,0.0,0.0,0.5,22,0.0,0.0,0.0,0.0,22,0.0,0.0,0.0,0.0,22,0.0,0,0.0,0.0,21,0.0,0.0,0.5,0.0,22,2,22,0.0,1.0,0.0,0.0,22,0.0,0.0,0.0,0.0,22,0.0,0.0,1,0.0,22,1.0,0,0.0,0.0,22,0.0,0,0,0.0,22,0.0,0.0,0,0.0,22,0.0,0.0,0,0.0,22,0,0,0.0,0.0,22,0.5,0.0,0.0,0.0,22
2013-09,0,0.0,0.0,0.0,23,0.0,0.0,0.5,0.0,23,0.0,0.0,0.0,0,23,0,0,0.5,0.0,23,0.5,0.0,0.0,1.0,23,0.0,0.0,0.0,0.0,23,0.0,0.0,0.0,0.0,23,0.0,0,0.0,0.0,22,0.0,0.0,0.0,0.0,23,1,23,0.0,0.5,0.0,0.5,23,0.0,0.0,0.0,0.0,23,0.0,0.0,1,0.0,23,0.5,0,0.0,0.0,23,0.0,0,0,0.0,23,0.0,0.0,0,0.0,23,0.0,0.0,0,0.0,23,0,0,0.0,0.0,23,1.0,0.0,0.0,0.0,23
2013-10,0,0.0,0.0,0.0,23,0.0,0.0,0.5,0.0,23,0.0,0.0,0.0,0,23,0,0,0.0,0.0,23,0.0,0.0,0.0,0.5,23,0.0,0.0,0.0,0.0,23,0.0,0.0,0.0,0.0,23,0.0,0,0.0,0.0,22,0.0,0.0,0.5,0.0,23,1,23,0.0,0.5,0.0,0.0,23,0.0,0.0,0.0,0.0,23,0.0,0.0,1,0.0,23,1.0,0,0.0,0.0,23,0.0,0,0,0.0,23,0.0,0.0,0,0.0,23,0.0,0.0,0,0.0,23,0,0,0.0,0.0,23,0.5,0.0,0.0,0.0,23
2013-11,0,0.0,0.0,0.0,23,0.0,0.0,0.5,0.0,23,0.0,0.0,0.0,0,23,0,0,0.5,0.0,23,1.0,0.0,0.0,1.0,23,0.0,0.0,0.0,0.5,23,0.0,0.0,0.0,0.0,23,0.0,0,0.0,0.5,22,0.0,0.0,0.5,0.0,23,2,23,0.0,1.0,0.0,0.0,23,0.0,0.0,0.0,0.0,23,0.0,0.0,1,0.0,23,1.0,0,0.0,0.0,23,0.0,0,0,0.0,23,0.0,0.0,0,0.0,23,0.0,0.0,0,0.0,23,0,0,0.0,0.0,23,1.0,0.0,0.0,0.0,23
2013-12,0,0.0,0.0,0.0,22,0.0,0.0,1.0,0.5,22,0.5,0.0,0.0,0,22,0,0,0.0,0.0,22,0.5,0.0,0.0,1.0,22,0.0,0.0,0.0,0.5,22,0.0,0.0,0.0,0.0,22,0.0,0,0.0,0.0,21,0.0,0.0,0.5,0.0,22,1,22,0.0,1.0,0.0,0.0,22,0.0,0.0,0.0,0.0,22,0.0,0.0,2,0.0,22,1.0,0,0.5,0.0,22,0.0,0,0,0.0,22,0.0,0.0,0,0.0,22,0.0,0.5,0,0.0,22,0,0,0.0,0.0,22,0.5,0.0,0.0,0.0,22
2014-01,0,0.5,0.0,0.0,22,0.0,0.0,0.5,0.0,22,0.0,0.0,0.0,0,22,0,0,0.0,0.0,22,1.0,0.0,0.0,0.5,22,0.0,0.0,0.0,0.5,22,0.0,0.0,0.0,0.0,22,0.0,0,0.0,0.0,21,0.0,0.0,1.0,0.0,22,2,22,0.0,0.5,0.0,0.0,22,0.0,0.0,0.0,0.0,22,0.0,0.0,1,0.0,22,0.5,0,0.0,0.0,22,0.0,0,0,0.0,22,0.0,0.0,0,0.0,22,0.0,0.5,0,0.0,22,0,0,0.0,0.0,22,0.5,0.0,0.0,0.0,22
2014-02,0,0.0,0.0,0.0,24,0.0,0.0,0.5,0.0,24,0.0,0.0,0.0,0,24,0,0,0.0,0.0,24,0.5,0.0,0.0,1.0,24,0.0,0.0,0.0,0.5,24,0.0,0.0,0.0,0.0,24,0.0,0,0.0,0.0,22,0.0,0.0,0.5,0.0,24,1,24,0.0,1.0,0.0,0.0,24,0.0,0.0,0.0,0.0,24,0.5,0.0,2,0.0,24,1.0,0,0.0,0.0,24,0.0,0,0,0.0,24,0.0,0.0,0,0.0,24,0.0,0.0,0,0.0,24,0,0,0.0,0.0,24,0.5,0.0,0.0,0.0,24
2014-03,0,0.5,0.0,0.0,22,0.0,0.0,0.5,0.0,22,0.0,0.0,0.0,0,22,0,0,0.0,0.0,22,0.5,0.0,0.0,1.0,22,0.0,0.0,0.0,0.5,22,0.0,0.0,0.0,0.0,22,0.0,0,0.0,0.0,20,0.0,0.0,0.5,0.0,22,2,22,0.0,1.0,0.0,0.0,22,0.0,0.0,0.0,0.0,22,0.0,0.0,2,0.0,22,1.0,0,0.0,0.0,22,0.0,0,0,0.0,22,0.0,0.0,0,0.0,22,0.0,0.0,0,0.0,22,0,0,0.0,0.0,22,0.5,0.0,0.0,0.0,22
2014-04,0,0.0,0.0,0.0,23,0.0,0.0,0.5,0.0,23,0.0,0.0,0.0,0,23,0,0,0.5,0.0,23,0.5,0.0,0.0,1.0,23,0.0,0.0,0.0,0.0,23,0.0,0.0,0.0,0.0,23,0.0,0,0.0,0.5,21,0.0,0.0,0.0,0.0,23,2,23,0.0,1.0,0.0,0.0,23,0.5,0.0,0.0,0.0,23,0.0,0.0,2,0.0,23,1.0,0,0.0,0.0,23,0.0,0,0,0.0,23,0.0,0.0,0,0.0,23,0.0,0.5,0,0.0,23,0,0,0.0,0.0,23,0.5,0.0,0.0,0.0,23
2014-05,0,0.5,0.0,0.0,22,0.0,0.0,0.5,0.5,22,0.5,0.0,0.0,0,22,0,0,0.0,0.0,22,0.5,0.0,0.0,1.0,22,0.0,0.0,0.0,0.5,22,0.0,0.0,0.0,0.0,22,0.0,0,0.0,0.5,21,0.0,0.0,0.0,0.0,22,2,22,0.0,1.0,0.0,0.0,22,0.5,0.0,0.0,0.0,22,0.0,0.0,2,0.0,22,1.0,0,0.0,0.0,22,0.0,0,0,0.0,22,0.0,0.0,0,0.5,22,0.0,0.0,0,0.0,22,0,0,0.0,0.0,22,0.5,0.0,0.0,0.0,22
2014-06,0,0.5,0.0,0.0,22,0.0,0.0,1.0,0.0,22,0.0,0.0,0.0,0,22,0,0,0.5,0.0,22,0.5,0.0,0.0,1.0,22,0.0,0.0,0.0,0.5,22,0.0,0.0,0.0,0.0,22,0.0,0,0.0,0.5,21,0.0,0.0,0.0,0.0,22,2,22,0.0,1.0,0.0,0.5,22,0.5,0.0,0.0,0.0,22,0.5,0.0,2,0.0,22,1.0,0,0.0,0.0,22,0.0,0,0,0.0,22,0.0,0.0,0,0.0,22,0.0,0.0,0,0.0,22,0,0,0.0,0.0,22,0.5,0.0,0.0,0.0,22
2014-07,0,0.0,0.0,0.0,21,0.0,0.0,1.0,0.0,21,0.0,0.0,0.0,0,21,0,0,0.0,0.0,21,0.5,0.0,0.0,1.0,21,0.0,0.0,0.0,0.5,21,0.0,0.0,0.0,0.0,21,0.0,0,0.0,0.5,20,0.0,0.0,0.0,0.0,21,3,21,0.0,1.0,0.0,0.0,21,0.5,0.0,0.0,0.0,21,0.0,0.0,2,0.0,21,1.0,0,0.5,0.0,21,0.0,0,0,0.0,21,0.0,0.0,0,0.0,21,0.5,0.0,0,0.0,21,0,0,0.0,0.0,21,0.5,0.0,0.0,0.0,21
2014-08,0,0.5,0.0,0.0,23,0.0,0.0,0.5,0.5,23,0.5,0.0,0.0,0,23,0,0,0.5,0.0,23,0.5,0.0,0.0,1.0,23,0.0,0.0,0.0,0.5,23,0.5,0.0,0.0,0.0,23,0.0,0,0.0,0.0,22,0.0,0.0,0.5,0.0,23,3,23,0.0,1.0,0.0,0.0,23,0.5,0.0,0.0,0.0,23,0.0,0.0,2,0.0,23,1.0,0,0.5,0.0,23,0.0,0,0,0.0,23,0.0,0.0,0,0.0,23,0.0,0.0,0,0.0,23,0,0,0.0,0.0,23,0.5,0.0,0.0,0.0,23
2014-09,0,0.5,0.0,0.0,23,0.0,0.0,0.5,0.5,23,0.5,0.0,0.0,0,23,0,0,0.5,0.0,23,0.5,0.0,0.0,1.0,23,0.0,0.0,0.5,0.5,23,0.0,0.0,0.0,0.0,23,0.0,0,0.0,0.5,22,0.0,0.0,0.5,0.0,23,3,23,0.0,1.0,0.0,0.0,23,0.5,0.0,0.0,0.0,23,0.0,0.0,2,0.0,23,1.0,0,0.5,0.0,23,0.0,0,0,0.0,23,0.0,0.0,0,0.5,23,0.0,0.0,0,0.0,23,0,0,0.0,0.5,23,0.5,0.0,0.0,0.0,23
2014-10,0,0.0,0.0,0.0,22,0.0,0.0,1.0,0.5,22,0.5,0.0,0.0,0,22,0,0,0.5,0.0,22,0.0,0.0,0.0,1.0,22,0.0,0.0,0.0,0.5,22,0.0,0.0,0.0,0.0,22,0.0,0,0.0,0.5,21,0.0,0.0,0.5,0.0,22,3,22,0.0,2.0,0.0,0.0,22,0.0,0.0,0.0,0.0,22,0.0,0.0,2,0.0,22,1.0,0,0.0,0.0,22,0.0,0,0,0.0,22,0.0,0.0,0,0.0,22,0.0,0.0,0,0.0,22,0,0,0.0,0.0,22,0.5,0.0,0.0,0.0,22
2014-11,0,0.5,0.0,0.0,24,0.0,0.0,1.0,0.5,24,0.5,0.0,0.0,0,24,0,0,0.5,0.0,24,0.5,0.0,0.0,1.0,24,0.0,0.0,0.5,0.5,24,0.0,0.0,0.0,0.0,24,0.0,0,0.0,0.0,23,0.0,0.0,0.5,0.0,24,2,24,0.0,1.0,0.0,0.0,24,0.5,0.0,0.0,0.0,24,0.5,0.0,2,0.0,24,1.0,0,0.0,0.5,24,0.0,0,0,0.0,24,0.0,0.0,0,0.0,24,0.0,0.0,0,0.0,24,0,0,0.0,0.0,24,0.5,0.0,0.0,0.0,24
2014-12,0,0.5,0.0,0.0,24,0.0,0.0,1.0,0.5,24,0.5,0.0,0.0,0,24,0,0,0.0,0.0,24,0.5,0.0,0.0,1.0,24,0.0,0.0,0.0,0.5,24,0.0,0.0,0.0,0.0,24,0.0,0,0.0,0.0,22,0.0,0.0,0.5,0.0,24,3,24,0.0,1.0,0.0,0.0,24,0.5,0.0,0.0,0.0,24,0.5,0.0,2,0.0,24,1.0,0,0.5,0.0,24,0.0,0,0,0.0,24,0.0,0.0,0,0.0,24,0.5,0.5,0,0.0,24,0,0,0.0,0.0,24,0.5,0.0,0.0,0.0,24
2015-01,0,0.5,0.0,0.0,28,0.0,0.0,1.0,0.5,28,0.5,0.0,0.0,0,28,0,0,0.5,0.0,28,0.0,0.0,0.0,1.0,28,0.0,0.0,0.0,0.5,28,0.0,0.0,0.0,0.0,28,0.0,0,0.0,0.0,26,0.0,0.0,0.5,0.0,28,3,28,0.0,1.0,0.0,0.0,28,0.5,0.0,0.0,0.0,28,0.5,0.0,2,0.0,28,1.0,0,0.0,0.0,28,0.0,0,0,0.0,28,0.0,0.0,0,0.0,28,0.0,0.5,0,0.0,28,0,0,0.0,0.0,28,0.5,0.0,0.0,0.0,28
2015-02,0,0.5,0.0,0.0,27,0.0,0.0,1.0,0.0,27,0.0,0.0,0.0,0,27,0,0,0.5,0.0,27,0.5,0.0,0.0,1.0,27,0.0,0.0,0.0,0.5,27,0.5,0.0,0.0,0.0,27,0.0,0,0.0,0.5,25,0.0,0.0,0.5,0.0,27,3,27,0.0,2.0,0.0,1.0,27,0.5,0.0,0.0,0.0,27,0.0,0.0,2,0.0,27,1.0,0,0.0,0.0,27,0.0,0,0,0.0,27,0.0,0.0,0,0.0,27,0.5,0.0,0,0.0,27,0,0,0.0,0.0,27,0.5,0.0,0.0,0.0,27
2015-03,0,0.5,0.0,0.0,24,0.0,0.0,1.0,0.5,24,0.5,0.0,0.0,0,24,0,0,0.5,0.0,24,0.5,0.0,0.0,1.0,24,0.0,0.0,0.0,1.0,24,0.5,0.0,0.0,0.0,24,0.0,0,0.0,0.5,23,0.0,0.0,0.0,0.0,24,3,24,0.0,1.0,0.0,1.0,24,0.5,0.0,0.0,0.0,24,0.5,0.0,2,0.0,24,1.0,0,0.0,0.0,24,0.0,0,0,0.0,24,0.0,0.0,0,0.0,24,0.5,0.5,0,0.0,24,0,0,0.0,0.0,24,0.5,0.0,0.0,0.0,24
2015-04,0,0.5,0.0,0.0,24,0.0,0.0,1.0,0.0,24,0.0,0.0,0.0,0,24,0,0,0.5,0.0,24,0.5,0.0,0.0,1.0,24,0.0,0.0,0.0,0.5,24,0.5,0.0,0.0,0.0,24,0.0,0,0.0,0.5,23,0.0,0.0,0.5,0.0,24,3,24,0.0,1.0,0.0,0.5,24,0.5,0.0,0.0,0.0,24,0.0,0.0,2,0.0,24,1.0,0,0.0,0.0,24,0.0,0,0,0.0,24,0.0,0.0,0,0.0,24,0.0,0.0,0,0.0,24,0,0,0.0,0.0,24,1.0,0.0,0.0,0.0,24
2015-05,0,0.5,0.0,0.0,24,0.0,0.0,1.0,0.5,24,0.5,0.0,0.0,0,24,0,0,0.5,0.0,24,1.0,1.0,0.0,1.0,24,0.0,0.0,0.0,1.0,24,0.5,0.0,0.0,0.0,24,0.0,0,0.0,0.5,22,0.0,0.0,0.5,0.0,24,3,24,0.0,2.0,0.0,0.5,24,0.5,0.0,0.0,0.0,24,0.5,0.0,2,0.0,24,1.0,0,0.5,0.0,24,0.5,0,0,0.0,24,0.0,0.0,0,0.0,24,0.5,0.5,0,0.0,24,0,0,0.0,0.0,24,0.5,0.0,0.0,0.0,24
2015-06,0,0.5,0.0,0.0,24,0.0,0.0,1.0,0.5,24,0.5,0.0,0.0,0,24,0,0,0.0,0.0,24,1.0,0.5,0.0,1.0,24,0.0,0.0,0.0,0.5,24,0.0,0.0,0.5,0.0,24,0.0,0,0.0,0.5,23,0.0,0.0,0.5,0.0,24,4,24,0.0,2.0,0.0,0.5,24,0.5,0.0,0.0,0.0,24,0.0,0.0,3,0.0,24,1.0,0,0.0,0.0,24,0.0,0,0,0.0,24,0.0,0.0,0,0.0,24,0.0,0.5,0,0.0,24,0,0,0.0,0.0,24,0.5,0.0,0.0,0.0,24
2015-07,0,0.5,0.0,0.0,21,0.0,0.0,1.0,0.5,21,0.5,0.0,0.0,0,21,0,0,0.0,0.0,21,0.5,0.5,0.0,1.0,21,0.0,0.0,0.0,1.0,21,0.0,0.0,0.0,0.0,21,0.0,0,0.0,0.5,20,0.0,0.0,0.0,0.0,21,4,21,0.0,2.0,0.0,0.0,21,0.5,0.0,0.0,0.0,21,0.5,0.0,3,0.0,21,1.0,0,0.0,0.0,21,0.0,0,0,0.0,21,0.0,0.5,0,0.5,21,0.0,0.0,0,0.0,21,0,0,0.0,0.0,21,0.5,0.0,0.0,0.0,21
2015-08,0,0.5,0.0,0.0,24,0.0,0.0,1.0,0.5,24,0.5,0.0,0.0,0,24,0,0,0.5,0.0,24,0.5,0.5,0.0,1.0,24,0.0,0.0,0.0,1.0,24,0.5,0.0,0.0,0.0,24,0.0,0,0.0,0.5,22,0.0,0.5,0.5,0.0,24,4,24,0.0,2.0,0.0,0.5,24,0.5,0.0,0.0,0.0,24,0.5,0.0,3,0.0,24,1.0,0,0.5,0.0,24,0.0,0,0,0.0,24,0.0,0.0,0,0.5,24,0.5,0.5,0,0.0,24,0,0,0.0,0.0,24,1.0,0.0,0.0,0.0,24
2015-09,0,0.5,0.0,0.0,22,0.0,0.0,1.0,0.0,22,0.0,0.0,0.0,0,22,0,0,0.5,0.0,22,0.5,0.5,0.0,1.0,22,0.0,0.0,0.0,1.0,22,0.0,0.0,0.0,0.0,22,0.0,0,0.0,0.5,21,0.0,0.5,0.5,0.0,22,4,22,0.0,2.0,0.0,0.5,22,0.5,0.0,0.0,0.0,22,0.5,0.0,3,0.0,22,2.0,0,0.5,0.0,22,0.0,0,0,0.0,22,0.0,0.0,0,0.0,22,0.0,0.0,0,0.0,22,0,0,0.0,0.0,22,0.5,0.0,0.0,0.0,22
2015-10,0,0.5,0.0,0.0,23,0.0,0.0,1.0,0.5,23,0.5,0.0,0.0,0,23,0,0,0.5,0.5,23,0.5,0.5,0.0,1.0,23,0.0,0.0,0.5,1.0,23,0.0,0.0,0.0,0.0,23,0.0,0,0.0,0.5,21,0.0,0.5,0.5,0.0,23,4,23,0.0,3.0,0.0,0.5,23,0.5,0.0,0.0,0.0,23,0.5,0.0,3,0.0,23,1.0,0,0.5,0.0,23,0.0,0,0,0.0,23,0.0,0.0,0,0.5,23,0.5,0.0,0,0.0,23,0,0,0.0,0.0,23,0.5,0.0,0.0,0.0,23
2015-11,0,0.0,0.0,0.0,23,0.0,0.0,1.0,0.5,23,0.5,0.0,0.0,0,23,0,0,0.5,0.0,23,0.5,0.5,0.0,1.0,23,0.0,0.0,0.5,1.0,23,0.0,0.0,0.0,0.0,23,0.0,0,0.0,0.5,22,0.0,0.0,0.5,0.0,23,4,23,0.0,2.0,0.0,0.5,23,0.5,0.0,0.0,0.0,23,0.5,0.0,2,0.0,23,1.0,0,0.5,0.0,23,0.0,0,0,0.0,23,0.0,0.0,0,0.0,23,0.5,0.0,0,0.0,23,0,0,0.0,0.0,23,1.0,0.0,0.0,0.0,23
2015-12,0,0.5,0.0,0.0,32,0.0,0.0,1.0,0.5,32,0.5,0.0,0.0,0,32,0,0,0.5,0.0,32,0.5,0.5,0.0,1.0,32,0.0,0.0,0.0,1.0,32,0.0,0.0,0.0,0.0,32,0.0,0,0.0,0.5,31,0.0,0.0,0.5,0.0,32,4,32,0.0,3.0,0.0,0.0,32,0.5,0.0,0.0,0.0,32,0.5,0.0,2,0.0,32,2.0,0,0.5,0.0,32,0.0,0,0,0.0,32,0.0,0.0,0,0.5,32,0.5,0.5,0,0.0,32,0,0,0.0,0.0,32,1.0,0.0,0.0,0.0,32
2016-01,0,0.5,0.0,0.5,24,0.0,0.0,1.0,0.5,24,0.5,0.0,0.0,0,24,0,0,0.5,0.5,24,0.5,0.5,0.0,1.0,24,0.0,0.0,0.0,1.0,24,0.0,0.0,0.0,0.5,24,0.0,0,0.0,0.5,23,0.0,0.5,0.5,0.0,24,5,24,0.0,3.0,0.0,0.5,24,1.0,0.0,0.0,0.0,24,0.5,0.0,3,0.0,24,2.0,0,0.5,0.0,24,0.0,0,0,0.0,24,0.0,0.0,0,0.5,24,0.5,1.0,0,0.5,24,0,0,0.0,0.0,24,1.0,0.0,0.0,0.0,24
2016-02,0,0.5,0.5,0.5,18,0.0,0.0,1.0,0.5,18,0.5,0.5,0.0,0,18,0,0,0.5,0.0,18,0.5,0.5,0.0,1.0,18,0.0,0.0,0.0,1.0,18,0.5,0.0,0.0,0.0,18,0.0,0,0.0,0.5,17,0.0,0.5,0.5,0.0,18,5,18,0.0,3.0,0.0,0.5,18,0.5,0.0,0.0,0.0,18,0.5,0.0,3,0.0,18,2.0,0,0.5,0.0,18,0.0,0,0,0.0,18,0.0,0.0,0,0.5,18,0.5,0.5,0,0.0,18,0,0,0.0,0.0,18,1.0,0.0,0.0,0.0,18
2016-03,0,0.5,0.0,0.0,19,0.0,0.0,1.0,0.5,19,0.5,0.5,0.0,0,19,0,0,0.5,0.0,19,0.5,0.5,0.0,2.0,19,0.0,0.0,0.0,1.0,19,0.0,0.0,0.0,0.0,19,0.0,0,0.0,0.5,18,0.0,0.5,0.5,0.0,19,5,19,0.5,3.0,0.0,0.0,19,1.0,0.0,0.5,0.0,19,0.5,0.0,3,0.0,19,2.0,0,0.5,0.0,19,0.0,0,0,0.0,19,0.5,0.0,0,0.5,19,0.5,0.5,0,0.0,19,0,0,0.0,0.0,19,1.0,0.0,0.5,0.0,19
2016-04,0,0.5,0.0,0.5,20,0.0,0.0,1.0,0.5,20,0.5,0.5,0.0,0,20,0,0,0.5,0.0,20,1.0,0.5,0.0,1.0,20,0.0,0.0,0.0,1.0,20,0.0,0.0,0.5,0.0,20,0.0,0,0.0,0.5,19,0.0,0.5,0.5,0.0,20,5,20,0.0,3.0,0.0,0.0,20,0.5,0.0,0.0,0.0,20,0.5,0.0,3,0.0,20,2.0,0,0.0,0.0,20,0.0,0,0,0.0,20,0.0,0.0,0,0.5,20,0.5,0.5,0,0.5,20,0,0,0.0,0.0,20,1.0,0.0,0.0,0.0,20
2016-05,0,0.5,0.5,0.5,17,0.0,0.0,1.0,0.5,17,0.5,0.5,0.0,0,17,0,0,0.5,0.0,17,0.5,0.5,0.0,2.0,17,0.0,0.0,0.5,1.0,17,0.0,0.0,0.5,0.0,17,0.0,0,0.0,0.5,16,0.0,0.5,0.5,0.0,17,5,17,0.0,3.0,0.0,0.5,17,1.0,0.0,0.0,0.0,17,0.5,0.0,3,0.0,17,2.0,0,0.5,0.5,17,0.0,0,0,0.0,17,0.0,0.0,0,0.5,17,0.5,0.5,0,0.5,17,0,0,0.0,0.0,17,0.5,0.5,0.0,0.0,17
2016-06,0,0.5,0.0,0.5,18,0.0,0.0,1.0,0.5,18,0.5,0.5,0.0,0,18,0,0,0.5,0.0,18,0.5,0.5,0.0,2.0,18,0.0,0.0,0.5,1.0,18,0.0,0.0,0.5,0.0,18,0.0,0,0.0,0.5,17,0.0,0.5,0.5,0.0,18,6,18,0.0,4.0,0.0,0.5,18,1.0,0.0,0.0,0.0,18,0.5,0.0,3,0.0,18,2.0,0,0.5,0.5,18,0.0,0,0,0.0,18,0.0,0.0,0,0.5,18,0.5,0.5,0,0.5,18,0,0,0.0,0.0,18,0.5,0.0,0.0,0.0,18
2016-07,0,0.5,0.0,0.5,17,0.0,0.0,1.0,0.5,17,0.5,0.5,0.0,0,17,0,0,0.5,0.0,17,0.5,0.5,0.0,2.0,17,0.0,0.0,0.0,1.0,17,0.5,0.0,0.0,0.0,17,0.0,0,0.0,0.5,16,0.0,0.5,0.5,0.0,17,6,17,0.5,5.0,0.0,0.5,17,1.0,0.0,0.5,0.0,17,0.5,0.0,3,0.0,17,2.0,0,0.5,0.5,17,0.0,0,0,0.0,17,0.5,0.0,0,0.5,17,0.5,0.5,0,0.5,17,0,0,0.0,0.0,17,0.5,0.0,0.5,0.0,17
2016-08,0,1.0,0.5,0.5,17,0.0,0.0,2.0,0.5,17,0.5,0.5,0.0,0,17,0,0,0.5,0.5,17,1.0,0.5,0.0,2.0,17,0.0,0.0,0.0,1.0,17,0.5,0.0,0.0,0.0,17,0.0,0,0.0,0.5,16,0.0,0.5,0.5,0.0,17,6,17,0.5,5.0,0.0,0.5,17,1.0,0.0,0.5,0.5,17,0.5,0.0,3,0.0,17,2.0,0,0.5,0.5,17,0.0,0,0,0.0,17,0.5,0.0,0,0.5,17,0.5,0.5,0,0.5,17,0,0,0.0,0.0,17,1.0,0.0,0.5,0.0,17
2016-09,0,1.0,0.0,0.0,16,0.0,0.0,2.0,0.5,16,0.5,0.5,0.0,0,16,0,0,0.5,0.0,16,1.0,0.5,0.0,2.0,16,0.0,0.0,0.5,1.0,16,0.5,0.0,0.0,0.0,16,0.0,0,0.0,0.5,16,0.0,0.0,0.5,0.0,16,6,16,0.0,4.0,0.0,0.0,16,1.0,0.0,0.0,0.0,16,0.5,0.0,4,0.0,16,2.0,0,0.5,0.5,16,0.0,0,0,0.0,16,0.0,0.0,0,0.5,16,0.5,0.5,0,0.5,16,0,0,0.0,0.0,16,0.5,0.0,0.0,0.0,16
2016-10,0,1.0,0.0,0.5,17,0.0,0.0,2.0,0.5,17,0.5,0.5,0.5,0,17,0,0,0.5,0.5,17,1.0,0.5,0.0,2.0,17,0.0,0.0,0.5,1.0,17,0.5,0.0,0.5,0.0,17,0.0,0,0.0,0.5,16,0.0,0.5,0.5,0.0,17,5,17,0.0,5.0,0.0,0.5,17,1.0,0.0,0.0,0.0,17,0.5,0.0,3,0.0,17,2.0,0,0.5,0.5,17,0.0,0,0,0.0,17,0.0,0.0,0,0.5,17,0.5,0.5,0,0.5,17,0,0,0.0,0.0,17,1.0,0.0,0.0,0.0,17
2016-11,0,0.5,0.0,0.5,17,0.0,0.0,2.0,0.5,17,0.5,0.5,0.0,0,17,0,0,0.5,0.0,17,0.5,0.5,0.0,2.0,17,0.0,0.0,0.0,1.0,17,0.5,0.0,0.0,0.0,17,0.0,0,0.0,0.5,17,0.0,0.0,0.5,0.0,17,6,17,0.0,5.0,0.0,0.5,17,1.0,0.0,0.0,0.0,17,0.5,0.0,3,0.0,17,2.0,0,0.5,0.5,17,0.0,0,0,0.0,17,0.0,0.0,0,0.5,17,0.5,0.5,0,0.5,17,0,0,0.0,0.0,17,1.0,0.0,0.0,0.0,17
2016-12,0,1.0,0.0,0.5,17,0.0,0.0,2.0,0.5,17,0.5,0.5,0.0,0,17,0,0,0.5,0.0,17,1.0,0.5,0.0,2.0,17,0.0,0.0,0.0,1.0,17,0.5,0.0,0.0,0.0,17,0.0,0,0.5,0.5,16,0.0,0.5,0.5,0.0,17,6,17,0.0,4.0,0.0,0.5,17,1.0,0.0,0.0,0.0,17,0.5,0.0,3,0.0,17,2.0,0,0.5,0.5,17,0.0,0,0,0.0,17,0.0,0.0,0,0.5,17,0.5,0.5,0,0.0,17,0,0,0.0,0.0,17,1.0,0.0,0.0,0.0,17
2017-01,0,1.0,0.0,0.5,17,0.0,0.0,2.0,0.5,17,0.5,0.5,0.0,0,17,0,0,0.5,0.0,17,1.0,0.5,0.0,2.0,17,0.0,0.0,0.0,1.0,17,0.5,0.0,0.5,0.0,17,0.0,0,0.0,0.5,16,0.0,0.5,0.5,0.0,17,6,17,0.0,5.0,0.0,0.5,17,1.0,0.0,0.0,0.0,17,0.5,0.0,3,0.0,17,2.0,0,0.5,0.0,17,0.0,0,0,0.0,17,0.0,0.0,0,0.5,17,0.5,1.0,0,0.5,17,0,0,0.0,0.0,17,1.0,0.0,0.0,0.0,17
2017-02,0,1.0,0.0,0.5,18,0.0,0.0,2.0,0.5,18,0.5,0.5,0.0,0,18,0,0,0.5,0.5,18,0.5,0.5,0.0,2.0,18,0.0,0.0,0.0,1.0,18,0.5,0.0,0.5,0.0,18,0.0,0,0.0,0.5,17,0.0,0.5,0.5,0.0,18,6,18,0.0,4.0,0.0,0.5,18,1.0,0.0,0.0,0.0,18,0.5,0.0,4,0.0,18,2.0,0,0.5,0.5,18,0.0,0,0,0.0,18,0.0,0.0,0,0.5,18,0.5,0.5,0,0.5,18,0,0,0.0,0.0,18,1.0,0.0,0.0,0.0,18
2017-03,0,0.5,0.0,0.5,17,0.0,0.0,2.0,0.5,17,0.5,0.5,0.0,0,17,0,0,0.5,0.5,17,1.0,0.5,0.0,2.0,17,0.0,0.0,0.0,1.0,17,0.5,0.0,0.0,0.0,17,0.0,0,0.0,1.0,16,0.0,0.5,0.5,0.0,17,6,17,0.0,5.0,0.0,0.5,17,1.0,0.0,0.0,0.0,17,0.5,0.0,3,0.0,17,2.0,0,0.5,0.0,17,0.0,0,0,0.0,17,0.0,0.0,0,0.5,17,0.5,0.5,0,0.5,17,0,0,0.0,0.0,17,1.0,0.0,0.0,0.0,17
2017-04,0,0.5,0.0,0.5,17,0.0,0.0,2.0,0.5,17,0.5,0.5,0.0,0,17,0,0,0.5,0.5,17,1.0,0.5,0.0,2.0,17,0.0,0.0,0.0,1.0,17,0.5,0.0,0.5,0.0,17,0.0,0,0.0,0.5,16,0.0,0.5,0.5,0.0,17,6,17,0.0,4.0,0.0,0.5,17,1.0,0.0,0.0,0.5,17,0.5,0.0,3,0.0,17,3.0,0,0.5,0.0,17,0.0,0,0,0.0,17,0.0,0.0,0,0.5,17,0.5,0.5,0,0.5,17,0,0,0.0,0.0,17,1.0,0.0,0.0,0.0,17
2017-05,0,0.5,0.0,0.0,16,0.0,0.0,2.0,0.5,16,0.5,0.5,0.5,0,16,0,0,0.5,0.0,16,0.5,0.5,0.0,2.0,16,0.0,0.0,0.0,1.0,16,0.5,0.0,0.5,0.0,16,0.0,0,0.0,0.5,15,0.0,0.5,0.5,0.0,16,7,16,0.0,5.0,0.0,1.0,16,1.0,0.0,0.0,0.0,16,0.5,0.0,3,0.5,16,3.0,0,0.5,0.5,16,0.0,0,0,0.0,16,0.0,0.0,0,0.5,16,0.0,0.5,0,0.5,16,0,0,0.0,0.0,16,1.0,0.0,0.0,0.0,16
2017-06,0,0.5,0.0,0.5,16,0.0,0.0,2.0,0.5,16,0.5,0.5,0.0,0,16,0,0,0.5,0.0,16,0.5,0.5,0.0,2.0,16,0.0,0.0,0.0,1.0,16,0.0,0.0,1.0,0.0,16,0.0,0,0.0,0.5,16,0.0,0.5,0.5,0.0,16,8,16,0.5,4.0,0.0,0.5,16,1.0,0.0,0.5,0.0,16,0.5,0.0,4,0.0,16,3.0,0,0.5,0.5,16,0.0,0,0,0.0,16,0.5,0.0,0,0.5,16,0.0,0.5,0,0.5,16,0,0,0.0,0.0,16,0.5,0.0,0.5,0.0,16
2017-07,0,0.5,0.0,0.5,17,0.0,0.0,2.0,0.5,17,0.5,0.5,0.0,0,17,0,0,0.5,0.5,17,1.0,0.5,0.0,2.0,17,0.0,0.0,0.0,1.0,17,0.5,0.0,0.5,0.5,17,0.0,0,0.0,0.5,16,0.0,0.5,0.5,0.0,17,8,17,0.0,5.0,0.0,0.5,17,1.0,0.0,0.0,0.5,17,0.5,0.0,3,0.0,17,3.0,0,0.5,0.0,17,0.0,0,0,0.0,17,0.0,0.0,0,0.5,17,0.5,0.5,0,0.5,17,0,0,0.0,0.0,17,1.0,0.0,0.0,0.0,17
2017-08,0,0.5,0.5,0.0,16,0.0,0.0,2.0,1.0,16,1.0,0.5,0.0,0,16,0,0,0.5,0.0,16,1.0,0.5,0.0,2.0,16,0.0,0.0,0.0,1.0,16,0.5,0.0,0.5,0.0,16,0.0,0,0.0,1.0,15,0.0,0.5,0.5,0.0,16,8,16,0.0,5.0,0.0,0.5,16,1.0,0.0,0.0,0.0,16,0.5,0.0,4,0.0,16,3.0,0,0.5,0.5,16,0.0,0,0,0.0,16,0.0,0.0,0,0.5,16,0.5,0.5,0,0.5,16,0,0,0.0,0.0,16,1.0,0.0,0.0,0.0,16
2017-09,0,1.0,0.5,0.5,17,0.0,0.0,2.0,0.5,17,0.5,0.5,0.0,0,17,0,0,0.5,0.0,17,1.0,0.5,0.0,3.0,17,0.0,0.0,0.0,1.0,17,0.5,0.0,0.5,0.0,17,0.0,0,0.0,1.0,16,0.0,0.5,0.5,0.0,17,8,17,0.0,6.0,0.0,0.5,17,0.5,0.0,0.0,0.0,17,0.5,0.0,4,0.0,17,3.0,0,0.5,0.0,17,0.0,0,0,0.0,17,0.0,0.0,0,0.5,17,0.5,0.5,0,0.5,17,0,0,0.0,0.0,17,1.0,0.0,0.0,0.0,17
2017-10,0,0.5,0.0,0.5,18,0.0,0.0,2.0,0.5,18,0.5,0.5,0.0,0,18,0,0,1.0,0.5,18,1.0,0.5,0.0,3.0,18,0.0,0.0,0.0,1.0,18,0.5,0.0,0.5,0.0,18,0.5,0,0.0,1.0,17,0.0,0.5,0.5,0.0,18,8,18,0.0,7.0,0.0,1.0,18,1.0,0.0,0.0,0.5,18,0.5,0.0,4,0.5,18,3.0,0,0.5,0.0,18,0.0,0,0,0.0,18,0.0,0.0,0,0.5,18,0.5,0.5,0,0.5,18,0,0,0.0,0.0,18,1.0,0.0,0.0,0.5,18
2017-11,0,0.5,0.5,0.5,19,0.0,0.0,2.0,1.0,19,1.0,0.5,0.0,0,19,0,0,1.0,0.0,19,1.0,0.5,0.0,3.0,19,0.0,0.0,0.0,1.0,19,0.5,0.0,0.0,0.0,19,0.0,0,0.0,1.0,18,0.0,0.5,0.5,0.0,19,7,19,0.0,6.0,0.0,0.5,19,1.0,0.0,0.0,0.0,19,1.0,0.0,4,0.0,19,3.0,0,0.5,0.5,19,0.0,0,0,0.0,19,0.0,0.5,0,0.5,19,0.5,1.0,0,0.5,19,0,0,0.0,0.0,19,1.0,0.0,0.0,0.0,19
2017-12,0,0.5,0.5,0.5,18,0.0,0.0,2.0,1.0,18,1.0,0.5,0.0,0,18,0,0,1.0,0.5,18,1.0,0.5,0.0,2.0,18,0.0,0.0,0.0,1.0,18,0.5,0.0,0.5,0.0,18,0.0,0,0.0,1.0,17,0.0,0.5,0.5,0.0,18,8,18,0.0,6.0,0.0,0.5,18,1.0,0.0,0.0,0.5,18,0.5,0.0,3,0.0,18,3.0,0,0.5,0.5,18,0.0,0,0,0.0,18,0.0,0.0,0,0.5,18,0.5,0.5,0,0.5,18,0,0,0.0,0.0,18,1.0,0.0,0.0,0.0,18
2018-01,0,0.5,0.5,0.5,19,0.0,0.0,2.0,1.0,19,1.0,0.5,0.0,0,19,0,0,1.0,0.5,19,1.0,0.5,0.0,2.0,19,0.0,0.0,0.0,1.0,19,0.5,0.0,0.5,0.0,19,0.0,0,0.0,1.0,18,0.0,0.5,0.5,0.0,19,8,19,0.0,6.0,0.0,0.5,19,1.0,0.0,0.0,0.0,19,0.5,0.0,4,0.0,19,2.0,0,0.5,0.5,19,0.0,0,0,0.0,19,0.0,0.0,0,0.5,19,0.5,1.0,0,0.5,19,0,0,0.0,0.0,19,1.0,0.0,0.0,0.0,19
2018-02,0,0.5,0.5,0.5,19,0.0,0.0,2.0,1.0,19,1.0,0.5,0.0,0,19,0,0,1.0,0.0,19,0.5,0.5,0.0,2.0,19,0.0,0.0,0.0,1.0,19,0.5,0.0,0.5,0.0,19,0.0,0,0.0,1.0,18,0.0,0.5,0.5,0.0,19,7,19,0.0,6.0,0.0,0.5,19,1.0,0.0,0.0,0.5,19,0.5,0.0,4,0.0,19,2.0,0,1.0,0.0,19,0.0,0,0,0.0,19,0.0,0.0,0,0.5,19,0.5,0.5,0,0.5,19,0,0,0.0,0.0,19,1.0,0.0,0.0,0.0,19
2018-03,0,0.5,0.5,0.5,22,0.0,0.0,2.0,1.0,22,1.0,0.5,0.0,0,22,0,0,1.0,0.5,22,1.0,0.5,0.0,2.0,22,0.0,0.0,0.0,1.0,22,0.5,0.0,0.0,0.0,22,0.0,0,0.0,1.0,20,0.0,0.5,0.5,0.0,22,8,22,0.0,6.0,0.0,1.0,22,1.0,0.0,0.0,0.0,22,0.5,0.0,4,0.0,22,3.0,0,1.0,0.5,22,0.0,0,0,0.0,22,0.0,0.0,0,0.5,22,0.5,0.5,0,0.5,22,0,0,0.0,0.0,22,1.0,0.0,0.0,0.0,22
2018-04,0,0.5,0.5,0.5,20,0.0,0.0,2.0,1.0,20,1.0,0.5,0.0,0,20,0,0,0.5,0.0,20,1.0,0.5,0.0,2.0,20,0.0,0.0,0.0,1.0,20,0.5,0.0,0.5,0.0,20,0.0,0,0.0,1.0,19,0.0,0.5,0.5,0.0,20,8,20,0.5,5.0,0.0,1.0,20,1.0,0.0,0.5,0.0,20,0.5,0.0,4,0.0,20,3.0,0,1.0,0.5,20,0.0,0,0,0.0,20,0.5,0.0,0,0.5,20,0.5,0.5,0,0.5,20,0,0,0.0,0.0,20,1.0,0.0,0.5,0.0,20
2018-05,0,1.0,0.5,0.5,19,0.0,0.0,2.0,1.0,19,1.0,0.5,0.0,0,19,0,0,0.5,0.5,19,1.0,0.5,0.0,3.0,19,0.0,0.0,0.5,1.0,19,0.5,0.0,0.5,0.0,19,0.0,0,0.0,1.0,18,0.0,0.5,0.5,0.0,19,8,19,0.0,6.0,0.0,0.5,19,1.0,0.0,0.0,0.0,19,1.0,0.0,4,0.0,19,3.0,0,1.0,0.5,19,0.0,0,0,0.0,19,0.0,0.0,0,0.5,19,0.5,0.5,0,1.0,19,0,0,0.0,0.0,19,1.0,0.0,0.0,0.0,19
2018-06,0,0.5,0.0,0.5,19,0.0,0.0,2.0,0.5,19,0.5,0.0,0.5,0,19,0,0,0.5,0.0,19,0.5,0.5,0.0,2.0,19,0.0,0.0,0.5,1.0,19,0.5,0.0,0.5,0.0,19,0.0,0,0.0,1.0,18,0.0,0.5,0.5,0.0,19,8,19,0.0,5.0,0.0,0.5,19,1.0,0.0,0.0,0.0,19,0.5,0.0,4,0.0,19,2.0,0,0.5,0.5,19,0.0,0,0,0.0,19,0.0,0.0,0,0.5,19,0.5,0.5,0,0.5,19,0,0,0.0,0.0,19,0.5,0.0,0.0,0.0,19
2018-07,0,0.5,0.5,0.5,20,0.0,0.0,2.0,1.0,20,1.0,0.5,0.0,0,20,0,0,1.0,0.5,20,1.0,0.5,0.0,3.0,20,0.0,0.0,0.5,1.0,20,0.5,0.0,0.5,0.0,20,0.0,0,0.0,1.0,19,0.0,0.5,0.5,0.0,20,9,20,0.0,7.0,0.0,0.5,20,1.0,0.0,0.0,0.0,20,0.5,0.0,4,0.0,20,3.0,0,1.0,0.5,20,0.0,0,0,0.0,20,0.0,0.0,0,0.5,20,0.5,0.5,0,0.5,20,0,0,0.0,0.0,20,1.0,0.5,0.0,0.0,20
2018-08,0,0.5,0.5,0.5,19,0.0,0.0,2.0,1.0,19,1.0,0.5,0.0,0,19,0,0,1.0,0.0,19,1.0,0.5,0.0,3.0,19,0.0,0.0,0.0,1.0,19,0.5,0.0,0.5,0.0,19,0.0,0,0.0,2.0,18,0.0,0.5,0.5,0.0,19,8,19,0.5,6.0,0.0,0.5,19,1.0,0.0,0.5,0.0,19,0.5,0.0,4,0.0,19,2.0,0,0.5,0.5,19,0.0,0,0,0.0,19,0.5,0.0,0,0.5,19,0.5,0.5,0,0.5,19,0,0,0.0,0.0,19,1.0,0.0,0.5,0.0,19
2018-09,0,0.5,0.5,0.5,20,0.0,0.0,2.0,1.0,20,1.0,0.5,0.0,0,20,0,0,1.0,0.5,20,1.0,0.5,0.0,3.0,20,0.0,0.0,0.0,1.0,20,0.5,0.0,0.5,0.0,20,0.0,0,0.0,1.0,19,0.0,0.5,0.5,0.0,20,9,20,0.0,7.0,0.0,0.5,20,1.0,0.0,0.0,0.0,20,1.0,0.0,4,0.0,20,3.0,0,0.5,0.5,20,0.0,0,0,0.0,20,0.0,0.0,0,0.5,20,0.5,0.5,0,0.5,20,0,0,0.0,0.0,20,1.0,0.0,0.0,0.0,20
2018-10,0,0.5,0.5,0.5,20,0.0,0.0,2.0,1.0,20,1.0,0.5,0.0,0,20,0,0,1.0,0.5,20,1.0,0.5,0.0,3.0,20,0.0,0.0,0.0,1.0,20,0.5,0.0,0.5,0.0,20,0.0,0,0.0,1.0,19,0.0,0.5,0.5,0.0,20,9,20,0.5,7.0,0.0,0.5,20,1.0,0.0,0.5,0.0,20,0.5,0.0,4,0.0,20,3.0,0,1.0,0.5,20,0.0,0,0,0.0,20,0.5,0.0,0,0.5,20,0.5,0.5,0,0.5,20,0,0,0.0,0.0,20,1.0,0.0,0.5,0.0,20
2018-11,0,0.5,0.5,0.5,21,0.0,0.0,2.0,1.0,21,1.0,0.5,0.0,0,21,0,0,1.0,0.5,21,1.0,0.5,0.0,3.0,21,0.0,0.0,0.0,1.0,21,0.5,0.0,0.5,0.0,21,0.0,0,0.0,1.0,20,0.0,0.5,0.5,0.0,21,9,21,0.0,6.0,0.0,0.5,21,1.0,0.0,0.0,0.0,21,0.5,0.0,4,0.0,21,4.0,0,1.0,0.5,21,0.0,0,0,0.0,21,0.0,0.0,0,1.0,21,1.0,1.0,0,0.5,21,0,0,0.0,0.0,21,1.0,0.0,0.0,0.0,21
2018-12,0,0.5,0.5,0.5,16,0.0,0.0,2.0,1.0,16,1.0,0.5,0.0,0,16,0,0,1.0,0.0,16,1.0,0.5,0.0,2.0,16,0.0,0.0,0.0,1.0,16,0.5,0.0,0.5,0.0,16,0.0,0,0.0,1.0,15,0.0,0.5,0.5,0.0,16,8,16,0.5,5.0,0.0,0.5,16,0.5,0.0,0.5,0.5,16,0.5,0.0,4,0.0,16,3.0,0,0.5,0.5,16,0.0,0,0,0.0,16,0.5,0.0,0,0.5,16,1.0,1.0,0,0.5,16,0,0,0.0,0.0,16,1.0,0.0,0.5,0.0,16
2019-01,0,0.5,0.5,0.5,19,0.0,0.0,2.0,1.0,19,1.0,0.5,0.5,0,19,0,0,1.0,0.0,19,1.0,0.5,0.0,3.0,19,0.0,0.0,0.0,1.0,19,0.5,0.0,0.5,0.0,19,0.0,0,0.0,1.0,18,0.0,0.5,0.5,0.0,19,9,19,0.0,6.0,0.0,1.0,19,1.0,0.0,0.0,0.0,19,0.5,0.0,4,0.0,19,3.0,0,1.0,0.5,19,0.0,0,0,0.0,19,0.0,0.0,0,0.5,19,0.5,3.0,0,0.5,19,0,0,0.0,0.0,19,1.0,0.0,0.0,0.5,19
2019-02,0,0.5,0.5,0.5,20,0.0,0.0,2.0,1.0,20,1.0,0.5,0.0,0,20,0,0,1.0,0.5,20,1.0,0.5,0.0,2.0,20,0.0,0.0,0.0,1.0,20,0.5,0.0,0.5,0.0,20,0.0,0,0.0,1.0,19,0.0,0.5,0.5,0.0,20,8,20,0.5,6.0,0.0,0.5,20,1.0,0.0,0.5,0.5,20,0.5,0.0,5,0.0,20,3.0,0,1.0,0.5,20,0.0,0,0,0.0,20,0.5,0.0,0,0.5,20,0.5,2.0,0,0.5,20,0,0,0.0,0.0,20,1.0,0.0,0.5,0.5,20
2019-03,0,0.5,0.5,0.5,23,0.0,0.0,2.0,1.0,23,1.0,0.5,0.0,0,23,0,0,1.0,0.5,23,1.0,0.0,0.0,3.0,23,0.0,0.0,0.0,1.0,23,0.5,0.0,0.5,0.0,23,0.0,0,0.0,1.0,22,0.0,0.5,0.5,0.0,23,9,23,0.0,6.0,0.0,0.5,23,1.0,0.0,0.0,0.5,23,0.5,0.0,4,0.0,23,3.0,0,1.0,0.5,23,0.0,0,0,0.0,23,0.0,0.0,0,0.5,23,0.5,0.5,0,0.5,23,0,0,0.0,0.0,23,1.0,0.0,0.0,0.0,23
2019-04,0,1.0,0.5,0.5,24,0.0,0.0,3.0,1.0,24,1.0,0.5,0.0,0,24,0,0,1.0,0.0,24,1.0,0.5,0.0,3.0,24,0.0,0.0,0.0,1.0,24,0.5,0.0,0.5,0.0,24,0.0,0,0.0,1.0,23,0.0,0.5,0.5,0.0,24,9,24,0.0,7.0,0.0,0.5,24,1.0,0.0,0.0,0.0,24,1.0,0.0,5,0.0,24,3.0,0,1.0,0.5,24,0.0,0,0,0.0,24,0.0,0.0,0,0.5,24,1.0,0.5,0,0.5,24,0,0,0.0,0.0,24,1.0,0.0,0.0,0.0,24
2019-05,0,1.0,0.5,0.5,22,0.0,0.0,2.0,1.0,22,1.0,0.5,0.0,0,22,0,0,1.0,0.5,22,1.0,0.5,0.0,3.0,22,0.0,0.0,0.0,1.0,22,0.5,0.0,0.5,0.0,22,0.0,0,0.0,1.0,21,0.0,0.5,0.5,0.0,22,10,22,0.5,7.0,0.0,0.5,22,1.0,0.0,0.5,0.0,22,0.5,0.5,5,0.0,22,3.0,0,1.0,0.5,22,0.0,0,0,0.0,22,0.5,0.0,0,0.5,22,1.0,0.5,0,0.5,22,0,0,0.0,0.0,22,1.0,0.0,0.5,0.5,22
2019-06,0,0.5,0.5,0.5,18,0.0,0.0,2.0,1.0,18,1.0,0.5,0.0,0,18,0,0,1.0,0.5,18,1.0,0.5,0.0,3.0,18,0.0,0.0,0.0,1.0,18,0.5,0.0,0.5,0.0,18,0.0,0,0.0,1.0,17,0.0,0.5,0.5,0.0,18,9,18,0.5,6.0,0.0,0.5,18,1.0,0.0,0.5,0.5,18,0.5,0.0,4,0.0,18,3.0,0,1.0,0.5,18,0.0,0,0,0.0,18,0.5,0.0,0,0.5,18,0.5,0.5,0,0.5,18,0,0,0.0,0.0,18,1.0,0.5,0.5,0.0,18
2019-07,0,1.0,0.5,0.5,21,0.0,0.0,2.0,1.0,21,1.0,0.5,0.0,0,21,0,0,2.0,0.5,21,1.0,0.5,0.0,3.0,21,0.0,0.0,0.5,1.0,21,0.5,0.0,0.5,0.0,21,0.0,0,0.0,1.0,19,0.0,0.5,0.5,0.0,21,10,21,0.5,7.0,0.0,0.5,21,1.0,0.0,0.5,0.5,21,1.0,0.0,5,0.0,21,3.0,0,1.0,0.5,21,0.0,0,0,0.0,21,0.5,0.0,0,0.5,21,0.5,0.5,0,0.5,21,0,0,0.0,0.0,21,1.0,0.5,0.5,0.5,21
2019-08,0,1.0,0.5,0.5,22,0.0,0.0,2.0,1.0,22,1.0,0.5,0.5,0,22,0,0,1.0,0.5,22,1.0,0.5,0.0,3.0,22,0.0,0.0,0.0,1.0,22,0.5,0.0,0.5,0.0,22,0.0,0,0.0,1.0,20,0.0,0.5,0.5,0.0,22,11,22,0.0,8.0,0.0,0.5,22,1.0,0.0,0.0,0.0,22,1.0,0.0,6,0.0,22,3.0,0,1.0,0.5,22,0.0,0,0,0.0,22,0.0,0.0,0,0.5,22,1.0,0.5,0,0.5,22,0,0,0.0,0.0,22,1.0,0.0,0.0,0.0,22
2019-09,0,1.0,0.5,0.5,22,0.0,0.0,2.0,1.0,22,1.0,0.5,0.0,0,22,0,0,2.0,0.5,22,1.0,0.5,0.0,3.0,22,0.0,0.0,0.0,1.0,22,0.5,0.0,0.5,0.0,22,0.0,0,0.0,2.0,21,0.0,0.5,0.5,0.0,22,12,22,0.5,8.0,0.0,1.0,22,1.0,0.0,0.5,0.5,22,1.0,0.0,5,0.0,22,3.0,0,1.0,0.5,22,0.0,0,0,0.0,22,0.5,0.0,0,1.0,22,1.0,0.5,0,0.5,22,0,0,0.0,0.0,22,1.0,0.0,0.5,0.5,22
2019-10,0,1.0,0.5,0.5,23,0.0,0.0,2.0,1.0,23,1.0,0.5,0.0,0,23,0,0,1.0,0.5,23,2.0,0.5,0.0,3.0,23,0.0,0.0,0.5,1.0,23,0.5,0.0,0.5,0.0,23,0.0,0,0.0,2.0,21,0.0,0.5,0.5,0.0,23,11,23,0.5,7.0,0.0,2.0,23,1.0,0.0,0.5,0.5,23,1.0,0.0,6,0.0,23,3.0,0,1.0,0.5,23,0.0,0,0,0.0,23,0.5,0.0,0,0.5,23,1.0,0.5,0,0.5,23,0,0,0.0,0.0,23,1.0,0.5,0.5,0.0,23
2019-11,0,1.0,0.5,0.5,22,0.0,0.0,2.0,1.0,22,1.0,0.5,0.0,0,22,0,0,2.0,0.5,22,1.0,0.5,0.0,3.0,22,0.0,0.0,0.0,1.0,22,0.5,0.0,0.5,0.0,22,0.0,0,0.0,2.0,21,0.0,0.5,0.5,0.0,22,10,22,0.0,6.0,0.0,1.0,22,1.0,0.0,0.0,0.0,22,1.0,0.0,7,0.0,22,4.0,0,1.0,0.5,22,0.0,0,0,0.0,22,0.0,0.0,0,0.5,22,1.0,1.0,0,0.5,22,0,0,0.0,0.0,22,2.0,0.5,0.0,0.5,22
2019-12,0,1.0,0.5,0.5,19,0.0,0.0,2.0,1.0,19,1.0,0.5,0.0,0,19,0,0,2.0,0.5,19,1.0,0.5,0.0,2.0,19,0.0,0.0,0.0,1.0,19,0.5,0.0,0.5,0.0,19,0.0,0,0.0,2.0,18,0.0,0.5,0.5,0.0,19,11,19,0.5,6.0,0.0,1.0,19,0.5,0.0,0.5,0.0,19,1.0,0.0,5,0.0,19,3.0,0,1.0,0.5,19,0.0,0,0,0.0,19,0.5,0.0,0,0.5,19,0.5,1.0,0,0.5,19,0,0,0.0,0.0,19,1.0,0.5,0.5,0.0,19
2020-01,0,1.0,0.5,0.5,21,0.0,0.0,2.0,1.0,21,1.0,0.5,0.0,0,21,0,0,3.0,0.5,21,1.0,0.5,0.0,3.0,21,0.0,0.0,0.0,1.0,21,0.5,0.0,0.5,0.0,21,0.0,0,0.0,1.0,20,0.0,0.5,0.5,0.0,21,10,21,0.5,6.0,0.0,1.0,21,0.5,0.0,0.5,0.0,21,1.0,0.0,5,0.0,21,3.0,0,1.0,0.5,21,0.0,0,0,0.0,21,0.5,0.0,0,0.5,21,1.0,3.0,0,0.5,21,0,0,0.0,0.0,21,1.0,0.5,0.5,0.5,21
2020-02,0,1.0,0.5,0.5,23,0.0,0.0,2.0,1.0,23,1.0,0.5,0.0,0,23,0,0,3.0,0.5,23,1.0,0.5,0.0,3.0,23,0.0,0.0,0.0,1.0,23,0.5,0.0,0.5,0.0,23,0.0,0,0.0,1.0,22,0.0,0.5,0.5,0.0,23,11,23,0.5,6.0,0.0,1.0,23,1.0,0.0,0.5,0.0,23,1.0,0.0,5,0.0,23,3.0,0,1.0,0.5,23,0.0,0,0,0.0,23,0.5,0.0,0,0.5,23,1.0,1.0,0,0.5,23,0,0,0.0,0.0,23,1.0,0.5,0.5,0.5,23
2020-03,0,0.5,0.5,0.5,24,0.0,0.0,2.0,1.0,24,1.0,0.5,0.0,0,24,0,0,2.0,0.0,24,1.0,0.5,0.0,3.0,24,0.0,0.0,0.0,1.0,24,0.5,0.0,0.5,0.0,24,0.0,0,0.0,1.0,22,0.0,0.5,0.5,0.0,24,11,24,0.5,5.0,0.0,0.5,24,1.0,0.0,0.5,0.0,24,0.5,0.0,5,0.0,24,3.0,0,1.0,0.5,24,0.0,0,0,0.0,24,0.5,0.0,0,1.0,24,1.0,0.5,0,0.5,24,0,0,0.0,0.0,24,1.0,0.5,0.5,0.5,24
2020-04,0,1.0,0.5,0.5,24,0.0,0.0,3.0,1.0,24,1.0,0.5,0.0,0,24,0,0,1.0,0.5,24,1.0,0.5,0.0,3.0,24,0.0,0.0,0.0,1.0,24,0.5,0.0,0.5,0.0,24,0.0,0,0.0,1.0,23,0.0,0.5,0.5,0.0,24,15,24,0.5,3.0,0.0,0.5,24,1.0,0.0,0.5,0.0,24,0.5,0.0,6,0.0,24,3.0,0,1.0,0.5,24,0.0,0,0,0.0,24,0.5,0.0,0,0.5,24,0.5,0.5,0,0.5,24,0,0,0.0,0.0,24,1.0,0.0,0.5,0.5,24
2020-05,0,0.5,0.5,0.5,23,0.0,0.0,3.0,1.0,23,1.0,0.5,0.0,0,23,0,0,0.5,0.5,23,1.0,0.5,0.0,3.0,23,0.0,0.0,0.0,2.0,23,0.5,0.0,0.5,0.0,23,0.0,0,0.0,1.0,22,0.0,0.5,0.5,0.0,23,17,23,0.5,3.0,0.0,0.5,23,1.0,0.0,0.5,0.0,23,0.5,0.0,6,0.5,23,3.0,0,1.0,0.5,23,0.0,0,0,0.0,23,0.5,0.0,0,0.5,23,0.5,0.5,0,0.5,23,0,0,0.0,0.0,23,1.0,0.5,0.5,0.5,23
2020-06,0,0.5,0.5,0.5,29,0.0,0.0,3.0,1.0,29,1.0,0.5,0.0,0,29,0,0,1.0,0.5,29,1.0,0.5,0.0,3.0,29,0.0,0.0,0.0,1.0,29,0.5,0.0,0.5,0.0,29,0.0,0,0.0,1.0,27,0.0,0.5,0.5,0.0,29,13,29,0.5,5.0,0.0,1.0,29,1.0,0.0,0.5,0.5,29,0.5,0.0,6,0.0,29,3.0,0,1.0,0.5,29,0.0,0,0,0.0,29,0.5,0.0,0,0.5,29,1.0,0.5,0,0.5,29,0,0,0.0,0.0,29,1.0,0.5,0.5,0.5,29
2020-07,0,0.5,0.5,0.5,31,0.0,0.0,3.0,1.0,31,1.0,0.5,0.0,0,31,0,0,1.0,0.5,31,1.0,0.5,0.0,4.0,31,0.0,0.0,0.0,1.0,31,0.5,0.0,0.5,0.0,31,0.0,0,0.0,2.0,29,0.0,0.5,0.5,0.0,31,15,31,0.5,5.0,0.5,1.0,31,0.5,0.0,0.5,0.5,31,0.5,0.0,7,0.0,31,3.0,0,1.0,0.5,31,0.0,0,0,0.0,31,0.5,0.0,0,1.0,31,1.0,0.5,0,0.5,31,0,0,0.0,0.0,31,1.0,0.5,0.5,0.5,31
2020-08,0,1.0,0.5,0.5,27,0.0,0.0,3.0,1.0,27,1.0,0.5,0.5,0,27,0,0,1.0,0.5,27,1.0,0.5,0.0,4.0,27,0.0,0.0,0.0,2.0,27,0.5,0.0,0.5,0.0,27,0.0,0,0.0,1.0,25,0.0,0.5,0.5,0.0,27,13,27,0.5,6.0,0.0,1.0,27,1.0,0.0,0.5,0.5,27,0.5,0.0,7,0.0,27,3.0,0,1.0,0.5,27,0.0,0,0,0.0,27,0.5,0.0,0,0.5,27,0.5,0.5,0,0.5,27,0,0,0.0,0.0,27,1.0,0.0,0.5,0.5,27
2020-09,0,1.0,0.5,0.5,28,0.0,0.0,3.0,1.0,28,1.0,0.5,0.0,0,28,0,0,1.0,0.5,28,1.0,0.5,0.0,4.0,28,0.0,0.0,0.0,2.0,28,0.5,0.0,0.5,0.0,28,0.0,0,0.0,2.0,27,0.0,0.5,0.5,0.0,28,13,28,0.5,6.0,0.0,1.0,28,1.0,0.0,0.5,0.5,28,1.0,0.0,7,0.0,28,3.0,0,1.0,0.5,28,0.0,0,0,0.0,28,0.5,0.0,0,1.0,28,1.0,0.5,0,0.5,28,0,0,0.0,0.0,28,1.0,0.5,0.5,0.5,28
2020-10,0,1.0,0.5,0.5,25,0.0,0.0,3.0,1.0,25,1.0,0.5,0.0,0,25,0,0,1.0,0.5,25,1.0,0.5,0.0,3.0,25,0.0,0.0,0.5,1.0,25,0.5,0.0,0.5,0.0,25,0.0,0,0.0,2.0,24,0.0,0.5,0.5,0.0,25,12,25,0.5,6.0,0.0,1.0,25,1.0,0.0,0.5,0.0,25,1.0,0.0,7,0.0,25,5.0,0,1.0,0.5,25,0.0,0,0,0.0,25,0.5,0.0,0,0.5,25,1.0,0.5,0,0.5,25,0,0,0.0,0.0,25,1.0,0.5,0.5,0.5,25
2020-11,0,1.0,0.5,0.5,22,0.0,0.0,2.0,1.0,22,1.0,0.0,0.0,0,22,0,0,1.0,0.5,22,1.0,0.5,0.0,3.0,22,0.0,0.0,0.0,1.0,22,0.5,0.0,0.5,0.0,22,0.0,0,0.0,2.0,21,0.0,0.5,0.5,0.0,22,12,22,0.5,5.0,0.0,1.0,22,1.0,0.0,0.5,0.5,22,1.0,0.0,7,0.0,22,43.0,0,1.0,0.5,22,0.0,0,0,0.0,22,0.5,0.0,0,1.0,22,1.0,0.5,0,0.5,22,0,0,0.0,0.0,22,1.0,0.5,0.5,0.5,22
2020-12,0,1.0,0.5,1.0,23,0.5,0.0,3.0,1.0,23,1.0,0.5,0.5,0,23,0,0,1.0,0.5,23,2.0,0.5,0.0,3.0,23,0.0,0.0,0.0,1.0,23,0.5,0.0,0.5,0.0,23,0.5,0,0.0,2.0,22,0.0,0.5,0.5,0.0,23,13,23,0.5,5.0,0.0,1.0,23,1.0,0.0,0.5,0.5,23,1.0,0.0,7,0.0,23,15.0,0,1.0,0.5,23,0.0,0,0,0.0,23,0.5,0.0,0,1.0,23,1.0,1.0,0,1.0,23,0,0,0.0,0.0,23,1.0,0.5,0.5,0.5,23
2021-01,0,1.0,0.5,1.0,22,0.5,0.0,3.0,1.0,22,1.0,0.5,0.0,0,22,0,0,1.0,0.5,22,2.0,0.5,0.0,3.0,22,0.0,0.0,0.0,1.0,22,1.0,0.0,0.5,0.0,22,0.0,0,0.0,2.0,21,0.0,0.5,0.5,0.0,22,13,22,0.5,6.0,0.0,1.0,22,1.0,0.0,0.5,0.5,22,1.0,0.0,7,0.0,22,8.0,0,1.0,0.5,22,0.0,0,0,0.0,22,0.5,0.0,0,1.0,22,1.0,1.0,0,0.5,22,0,0,0.0,0.0,22,1.0,0.5,0.5,0.5,22
2021-02,0,1.0,0.5,0.5,21,0.0,0.0,2.0,1.0,21,1.0,0.5,0.5,0,21,0,0,1.0,0.5,21,2.0,0.5,0.0,3.0,21,0.0,0.0,0.0,2.0,21,1.0,0.0,0.5,0.0,21,0.0,0,0.0,2.0,20,0.0,0.5,0.5,0.0,21,13,21,0.5,5.0,0.0,1.0,21,1.0,0.0,0.5,0.5,21,1.0,0.0,7,0.0,21,7.0,0,1.0,0.5,21,0.0,0,0,0.0,21,0.5,0.0,0,0.5,21,1.0,1.0,0,0.5,21,0,0,0.0,0.0,21,2.0,0.5,0.5,0.5,21
2021-03,0,1.0,0.5,1.0,22,0.5,0.0,2.0,1.0,22,1.0,0.5,0.0,0,22,0,0,1.0,0.5,22,2.0,0.5,0.0,3.0,22,0.0,0.0,0.0,1.0,22,0.5,0.0,0.5,0.0,22,0.0,0,0.0,2.0,21,0.0,0.5,0.5,0.0,22,15,22,0.5,5.0,0.0,1.0,22,1.0,0.0,0.5,0.5,22,1.0,0.0,7,0.0,22,8.0,0,1.0,0.5,22,0.0,0,0,0.0,22,0.5,0.0,0,0.5,22,1.0,1.0,0,0.5,22,0,0,0.0,0.0,22,1.0,0.5,0.5,0.5,22
2021-04,0,1.0,0.5,0.5,21,0.0,0.0,2.0,1.0,21,1.0,0.5,0.0,0,21,0,0,0.5,0.5,21,1.0,0.5,0.0,2.0,21,0.0,0.0,0.0,1.0,21,0.5,0.0,0.5,0.0,21,0.0,0,0.0,1.0,20,0.0,0.5,0.5,0.0,21,13,21,0.5,3.0,0.0,0.5,21,1.0,0.5,0.5,0.5,21,1.0,0.0,7,0.0,21,6.0,0,1.0,0.5,21,0.0,0,0,0.0,21,0.5,0.0,0,0.5,21,0.5,0.5,0,0.5,21,0,0,0.0,0.0,21,1.0,0.0,0.5,0.5,21
2021-05,0,1.0,0.5,0.5,19,0.0,0.0,2.0,1.0,19,1.0,0.5,0.5,0,19,0,0,0.5,0.5,19,1.0,0.5,0.0,3.0,19,0.0,0.0,0.0,1.0,19,0.5,0.0,0.0,0.0,19,0.0,0,0.0,1.0,18,0.0,0.5,0.5,0.0,19,16,19,0.5,4.0,0.0,0.5,19,1.0,0.0,0.5,0.0,19,0.5,0.0,8,0.0,19,5.0,0,2.0,0.5,19,0.0,0,0,0.0,19,0.5,0.0,0,0.5,19,0.5,0.5,0,0.5,19,0,0,0.0,0.0,19,1.0,0.0,0.5,0.5,19
2021-06,0,2.0,0.5,0.5,21,0.5,0.0,2.0,1.0,21,1.0,0.5,0.0,0,21,0,0,1.0,0.5,21,1.0,0.5,0.0,3.0,21,0.0,0.0,0.0,1.0,21,0.5,0.0,0.5,0.0,21,0.0,0,0.0,2.0,20,0.0,0.5,0.5,0.0,21,13,21,0.5,5.0,0.0,1.0,21,1.0,0.5,0.5,0.5,21,1.0,0.0,8,0.0,21,10.0,0,2.0,0.5,21,0.0,0,0,0.0,21,0.5,0.0,0,0.5,21,1.0,1.0,0,0.5,21,0,0,0.0,0.0,21,2.0,0.5,0.5,0.5,21
2021-07,0,1.0,0.5,0.5,19,0.0,0.0,2.0,1.0,19,1.0,0.5,0.0,0,19,0,0,0.5,0.5,19,1.0,0.5,0.0,3.0,19,0.0,0.0,0.0,1.0,19,0.5,0.0,0.5,0.0,19,0.0,0,0.0,1.0,18,0.0,0.5,0.5,0.0,19,13,19,0.5,3.0,0.5,1.0,19,1.0,0.5,0.5,0.5,19,1.0,0.0,6,0.0,19,6.0,0,1.0,0.5,19,0.0,0,0,0.0,19,0.5,0.0,0,0.5,19,1.0,0.5,0,0.5,19,0,0,0.0,0.0,19,2.0,0.5,0.5,0.5,19
2021-08,0,1.0,0.5,1.0,20,0.0,0.0,3.0,1.0,20,1.0,0.5,0.0,0,20,0,0,0.5,0.5,20,1.0,0.5,0.0,3.0,20,0.0,0.0,0.0,2.0,20,0.5,0.0,0.5,0.0,20,0.0,0,0.0,1.0,19,0.0,0.5,0.5,0.0,20,16,20,0.5,5.0,0.0,1.0,20,1.0,0.5,0.5,0.5,20,1.0,0.0,7,0.0,20,8.0,0,1.0,0.5,20,0.0,0,0,0.0,20,0.5,0.0,0,0.5,20,1.0,1.0,0,0.5,20,0,0,0.0,0.0,20,4.0,0.5,0.5,0.5,20
2021-09,0,1.0,0.5,1.0,20,0.5,0.0,3.0,1.0,20,1.0,0.5,0.0,0,20,0,0,1.0,0.5,20,2.0,0.5,0.0,3.0,20,0.0,0.0,0.0,2.0,20,1.0,0.0,0.5,0.0,20,0.5,0,0.0,2.0,19,0.0,0.5,1.0,0.0,20,16,20,0.5,6.0,0.0,1.0,20,1.0,0.0,0.5,0.5,20,1.0,0.0,8,0.5,20,8.0,0,2.0,0.5,20,0.0,0,0,0.0,20,0.5,0.0,0,0.5,20,1.0,1.0,0,0.5,20,0,0,0.0,0.0,20,3.0,0.5,0.5,0.5,20
2021-10,0,1.0,0.5,0.5,19,0.5,0.0,3.0,1.0,19,1.0,0.5,0.0,0,19,0,0,1.0,0.5,19,2.0,0.5,0.0,2.0,19,0.0,0.0,0.0,2.0,19,0.5,0.0,0.5,0.0,19,0.0,0,0.0,2.0,18,0.0,0.5,1.0,0.0,19,14,19,0.5,5.0,0.0,1.0,19,1.0,0.0,0.5,0.5,19,1.0,0.0,7,0.0,19,7.0,0,1.0,0.5,19,0.0,0,0,0.0,19,0.5,0.0,0,0.5,19,1.0,1.0,0,0.5,19,0,0,0.0,0.0,19,2.0,0.5,0.5,0.5,19
2021-11,0,1.0,0.5,0.5,25,0.5,0.0,3.0,1.0,25,1.0,0.5,0.0,0,25,0,0,1.0,0.0,25,1.0,0.5,0.0,2.0,25,0.0,0.0,0.5,2.0,25,0.5,0.0,0.5,0.0,25,0.0,0,0.0,2.0,24,0.0,0.5,0.5,0.0,25,14,25,0.5,4.0,0.0,1.0,25,1.0,0.0,0.5,0.5,25,1.0,0.0,7,0.0,25,8.0,0,2.0,0.5,25,0.0,0,0,0.0,25,0.5,0.0,0,0.5,25,1.0,1.0,0,0.5,25,0,0,0.0,0.0,25,2.0,0.5,0.5,0.5,25
2021-12,0,1.0,0.5,1.0,18,0.0,0.0,3.0,1.0,18,1.0,0.5,0.0,0,18,0,0,1.0,0.5,18,1.0,0.5,0.0,2.0,18,0.0,0.0,0.5,2.0,18,1.0,0.0,0.5,0.0,18,0.0,0,0.0,2.0,17,0.0,0.5,0.5,0.0,18,15,18,0.5,5.0,0.0,1.0,18,1.0,0.0,0.5,0.5,18,1.0,0.0,7,0.0,18,6.0,0,1.0,0.5,18,0.0,0,0,0.0,18,0.5,0.0,0,0.5,18,0.5,1.0,0,0.5,18,0,0,0.0,0.0,18,2.0,0.5,0.5,0.5,18
2022-01,0,1.0,0.5,1.0,20,0.0,0.0,3.0,1.0,20,1.0,0.5,0.0,0,20,0,0,1.0,0.5,20,1.0,0.5,0.0,2.0,20,0.0,0.0,0.5,2.0,20,1.0,0.0,0.5,0.0,20,0.0,0,0.0,2.0,19,0.0,0.5,1.0,0.0,20,15,20,0.5,5.0,0.0,2.0,20,0.5,0.5,0.5,0.5,20,1.0,0.5,7,0.0,20,6.0,0,1.0,0.5,20,0.0,0,0,0.0,20,0.5,0.0,0,0.5,20,1.0,2.0,0,0.5,20,0,0,0.0,0.0,20,2.0,0.5,0.5,0.5,20
2022-02,0,2.0,0.5,1.0,24,0.5,0.0,3.0,1.0,24,1.0,0.5,0.5,0,24,0,0,1.0,0.5,24,2.0,0.5,0.0,2.0,24,0.0,0.0,0.5,2.0,24,1.0,0.0,0.5,0.5,24,0.0,0,0.5,2.0,23,0.0,0.5,1.0,0.0,24,18,24,0.5,5.0,0.0,1.0,24,1.0,0.5,0.5,0.5,24,1.0,0.0,8,0.0,24,8.0,0,1.0,0.5,24,0.0,0,0,0.0,24,0.5,0.0,0,0.5,24,1.0,1.0,0,0.5,24,0,0,0.0,0.0,24,2.0,0.5,0.5,0.5,24
2022-03,0,1.0,1.0,1.0,29,0.5,0.0,5.0,2.0,29,2.0,0.5,0.5,0,29,0,0,1.0,0.5,29,2.0,0.5,0.0,2.0,29,0.0,0.0,0.5,2.0,29,1.0,0.0,0.5,0.5,29,0.0,0,0.0,2.0,27,0.0,0.5,0.5,0.0,29,19,29,0.5,5.0,0.5,1.0,29,1.0,0.0,0.5,0.5,29,1.0,0.0,9,0.5,29,10.0,0,2.0,1.0,29,0.0,0,0,0.0,29,0.5,0.0,0,1.0,29,1.0,1.0,0,0.5,29,0,0,0.0,0.0,29,2.0,0.5,0.5,0.5,29
2022-04,0,1.0,1.0,0.5,25,0.5,0.0,3.0,1.0,25,1.0,0.5,0.5,0,25,0,0,1.0,0.5,25,2.0,0.5,0.0,2.0,25,0.0,0.0,0.0,2.0,25,1.0,0.0,0.5,0.5,25,0.5,0,0.0,2.0,24,0.0,0.5,0.5,0.0,25,23,25,0.5,5.0,0.0,1.0,25,1.0,0.0,0.5,0.5,25,1.0,0.0,7,0.0,25,8.0,0,2.0,0.5,25,0.0,0,0,0.0,25,0.5,0.0,0,0.5,25,1.0,1.0,0,0.5,25,0,0,0.0,0.0,25,2.0,0.5,0.5,0.5,25
2022-05,0,1.0,1.0,0.5,26,0.5,0.0,4.0,1.0,26,1.0,0.5,0.0,0,26,0,0,2.0,0.5,26,2.0,0.5,0.0,2.0,26,0.0,0.0,0.5,2.0,26,1.0,0.0,0.5,0.0,26,0.0,0,0.0,2.0,25,0.0,0.5,0.5,0.0,26,21,26,0.5,5.0,0.0,1.0,26,1.0,0.5,0.5,0.5,26,2.0,0.0,8,0.0,26,9.0,0,2.0,0.5,26,0.0,0,0,0.0,26,0.5,0.0,0,1.0,26,1.0,1.0,0,0.5,26,0,0,0.0,0.0,26,2.0,0.5,0.5,0.5,26
2022-06,0,1.0,0.5,0.5,27,0.5,0.0,3.0,2.0,27,2.0,0.5,0.5,0,27,0,0,2.0,0.5,27,1.0,0.5,0.0,2.0,27,0.0,0.0,0.5,2.0,27,1.0,0.0,0.5,0.0,27,0.0,0,0.0,2.0,26,0.0,0.5,1.0,0.0,27,24,27,0.5,6.0,0.5,1.0,27,1.0,0.0,0.5,0.5,27,1.0,0.0,7,0.0,27,11.0,0,2.0,0.5,27,0.0,0,0,0.0,27,0.5,0.0,0,1.0,27,1.0,1.0,0,0.5,27,0,0,0.0,0.0,27,2.0,0.5,0.5,0.5,27
2022-07,0,1.0,0.5,0.5,24,0.5,0.5,3.0,2.0,24,2.0,0.5,0.0,0,24,0,0,1.0,0.5,24,1.0,0.5,0.0,2.0,24,0.0,0.0,0.5,2.0,24,1.0,0.0,0.5,0.0,24,0.0,0,0.0,2.0,23,0.0,0.5,0.5,0.0,24,24,24,0.5,5.0,0.0,1.0,24,1.0,0.0,0.5,0.5,24,1.0,0.0,7,0.0,24,6.0,0,1.0,0.5,24,0.0,0,0,0.0,24,0.5,0.0,0,1.0,24,1.0,1.0,0,0.5,24,0,0,0.0,0.0,24,2.0,0.5,0.5,0.5,24
2022-08,0,1.0,0.5,0.5,27,0.5,0.0,4.0,2.0,27,2.0,0.5,0.0,0,27,0,0,1.0,0.5,27,1.0,0.5,0.0,2.0,27,0.0,0.0,0.5,2.0,27,1.0,0.0,0.5,0.0,27,0.0,0,0.0,2.0,25,0.0,0.5,0.5,0.0,27,28,27,0.5,6.0,0.0,1.0,27,1.0,0.0,0.5,0.5,27,1.0,0.0,9,0.0,27,10.0,0,2.0,0.5,27,0.0,0,0,0.0,27,0.5,0.0,0,1.0,27,1.0,1.0,0,0.5,27,0,0,0.0,0.0,27,2.0,0.5,0.5,0.5,27
2022-09,0,1.0,0.5,1.0,29,0.5,0.0,3.0,1.0,29,1.0,0.5,0.5,0,29,0,0,2.0,0.5,29,1.0,0.5,0.0,2.0,29,0.0,0.0,0.5,2.0,29,0.5,0.0,0.5,0.0,29,0.0,0,0.0,2.0,27,0.0,0.5,1.0,0.0,29,26,29,0.5,6.0,0.0,1.0,29,1.0,0.0,0.5,0.5,29,1.0,0.0,8,0.0,29,10.0,0,1.0,0.5,29,0.0,0,0,0.0,29,0.5,0.0,0,1.0,29,1.0,1.0,0,0.5,29,0,0,0.0,0.0,29,2.0,0.5,0.5,0.5,29
2022-10,0,1.0,0.5,0.5,25,0.5,0.0,3.0,2.0,25,2.0,0.5,0.0,0,25,0,0,1.0,0.5,25,1.0,0.5,0.0,2.0,25,0.0,0.0,0.5,2.0,25,1.0,0.0,0.5,0.5,25,0.0,0,0.0,2.0,24,0.0,0.5,1.0,0.0,25,24,25,0.5,5.0,0.0,1.0,25,1.0,0.0,0.5,0.5,25,1.0,0.0,7,0.5,25,10.0,0,1.0,0.5,25,0.0,0,0,0.0,25,0.5,0.0,0,0.5,25,1.0,1.0,0,0.5,25,0,0,0.0,0.0,25,2.0,0.5,0.5,0.5,25
2022-11,0,1.0,0.5,0.5,27,0.5,0.0,3.0,2.0,27,2.0,0.5,0.0,0,27,0,0,1.0,0.5,27,1.0,0.5,0.0,2.0,27,0.0,0.0,0.0,2.0,27,1.0,0.0,0.5,0.0,27,0.0,0,0.0,2.0,26,0.0,0.5,1.0,0.0,27,22,27,0.5,5.0,0.5,1.0,27,1.0,0.0,0.5,0.5,27,1.0,0.0,7,0.5,27,11.0,0,2.0,0.5,27,0.0,0,0,0.0,27,0.5,0.0,0,1.0,27,1.0,1.0,0,0.5,27,0,0,0.0,0.0,27,2.0,0.5,0.5,0.5,27
2022-12,0,1.0,0.5,0.5,20,0.5,0.0,3.0,1.0,20,1.0,0.5,0.0,0,20,0,0,1.0,0.5,20,1.0,0.5,0.0,2.0,20,0.0,0.0,0.5,2.0,20,0.5,0.0,0.5,0.0,20,0.0,0,0.0,1.0,19,0.0,0.5,1.0,0.0,20,23,20,0.5,5.0,0.0,1.0,20,1.0,0.5,0.5,0.5,20,1.0,0.0,6,0.5,20,8.0,0,1.0,0.5,20,0.5,0,0,0.0,20,0.5,0.0,0,0.5,20,1.0,1.0,0,0.5,20,0,0,0.0,0.0,20,1.0,0.5,0.5,0.5,20
2023-01,0,1.0,0.5,1.0,22,0.0,0.0,3.0,1.0,22,1.0,0.5,0.0,0,22,0,0,1.0,0.5,22,2.0,0.5,0.0,2.0,22,0.0,0.0,0.5,2.0,22,1.0,0.0,0.5,0.0,22,0.0,0,0.0,2.0,21,0.0,0.5,1.0,0.0,22,27,22,0.5,6.0,0.0,1.0,22,1.0,0.0,0.5,0.5,22,1.0,0.0,7,0.5,22,10.0,0,2.0,0.5,22,0.0,0,0,0.0,22,0.5,0.0,0,0.5,22,1.0,3.0,0,0.5,22,0,0,0.0,0.0,22,2.0,0.5,0.5,0.5,22
2023-02,0,1.0,0.5,1.0,23,0.0,0.0,3.0,2.0,23,2.0,0.5,0.0,0,23,0,0,1.0,0.5,23,2.0,0.5,0.0,2.0,23,0.0,0.0,0.0,2.0,23,1.0,0.0,0.5,0.0,23,0.0,0,0.0,2.0,22,0.0,0.5,1.0,0.0,23,28,23,0.5,5.0,0.0,1.0,23,1.0,0.0,0.5,0.5,23,1.0,0.0,8,0.0,23,10.0,0,2.0,0.5,23,0.0,0,0,0.0,23,0.5,0.0,0,1.0,23,1.0,2.0,0,0.5,23,0,0,0.0,0.0,23,2.0,0.5,0.5,0.5,23
2023-03,0,1.0,0.5,0.5,22,0.5,0.0,3.0,2.0,22,2.0,0.5,0.0,0,22,0,0,1.0,0.5,22,2.0,0.5,0.0,2.0,22,0.0,0.0,0.5,2.0,22,1.0,0.0,0.5,0.5,22,0.0,0,0.0,2.0,21,0.0,0.5,1.0,0.0,22,29,22,0.5,5.0,0.0,1.0,22,1.0,0.0,0.5,0.5,22,1.0,0.0,8,0.5,22,11.0,0,2.0,0.5,22,0.0,0,0,0.0,22,0.5,0.0,0,1.0,22,1.0,1.0,0,0.5,22,0,0,0.0,0.0,22,2.0,0.5,0.5,0.5,22
2023-04,0,1.0,0.5,0.5,19,0.5,0.0,3.0,1.0,19,1.0,0.5,0.0,0,19,0,0,1.0,0.5,19,1.0,0.5,0.0,2.0,19,0.0,0.0,0.0,2.0,19,0.5,0.0,0.5,0.0,19,0.0,0,0.0,2.0,18,0.0,0.5,0.5,0.0,19,30,19,0.5,4.0,0.5,1.0,19,1.0,0.0,0.5,0.5,19,1.0,0.0,8,0.0,19,8.0,0,1.0,0.5,19,0.0,0,0,0.0,19,0.5,0.0,0,0.5,19,1.0,1.0,0,0.5,19,0,0,0.0,0.0,19,1.0,0.5,0.5,0.5,19
2023-05,0,1.0,0.5,1.0,24,0.5,0.0,3.0,2.0,24,2.0,0.5,0.0,0,24,0,0,1.0,0.5,24,2.0,0.5,0.0,2.0,24,0.0,0.0,0.5,2.0,24,1.0,0.0,0.5,0.0,24,0.0,0,0.0,2.0,22,0.0,0.5,1.0,0.0,24,28,24,0.5,5.0,0.0,2.0,24,1.0,0.5,0.5,0.5,24,1.0,0.0,8,0.5,24,13.0,0,2.0,0.5,24,0.0,0,0,0.0,24,0.5,0.0,0,1.0,24,1.0,1.0,0,0.5,24,0,0,0.0,0.0,24,2.0,0.5,0.5,0.5,24
2023-06,0,2.0,0.5,0.5,23,0.5,0.0,3.0,2.0,23,2.0,0.5,0.0,0,23,0,0,1.0,0.5,23,1.0,0.5,0.0,2.0,23,0.0,0.0,0.5,2.0,23,1.0,0.0,0.5,0.0,23,0.0,0,0.0,2.0,22,0.0,0.5,1.0,0.0,23,31,23,0.5,4.0,0.0,1.0,23,1.0,0.0,0.5,0.5,23,1.0,0.0,9,0.5,23,16.0,0,2.0,0.5,23,0.0,0,0,0.0,23,0.5,0.0,0,1.0,23,1.0,1.0,0,1.0,23,0,0,0.0,0.0,23,2.0,0.5,0.5,0.5,23
2023-07,0,1.0,0.5,1.0,20,0.0,0.0,3.0,1.0,20,1.0,0.5,0.5,0,20,0,0,1.0,0.5,20,1.0,0.5,0.0,2.0,20,0.0,0.0,0.0,2.0,20,1.0,0.0,0.5,0.0,20,0.0,0,0.0,2.0,19,0.0,0.5,1.0,0.0,20,30,20,0.5,5.0,0.0,3.0,20,1.0,0.0,0.5,0.5,20,1.0,0.0,8,0.5,20,9.0,0,2.0,0.5,20,0.0,0,0,0.0,20,0.5,0.0,0,1.0,20,1.0,1.0,0,0.5,20,0,0,0.0,0.5,20,2.0,0.5,0.5,0.5,20
2023-08,0,1.0,0.5,1.0,26,0.5,0.0,4.0,2.0,26,2.0,0.5,0.5,0,26,0,0,1.0,0.5,26,1.0,0.5,0.0,2.0,26,0.0,0.0,0.0,2.0,26,1.0,0.0,0.5,0.0,26,0.5,0,0.0,3.0,24,0.0,0.5,1.0,0.0,26,32,26,0.5,6.0,0.0,2.0,26,1.0,0.0,0.5,0.5,26,1.0,0.0,8,0.0,26,11.0,0,2.0,0.5,26,0.0,0,0,0.0,26,0.5,0.0,0,1.0,26,1.0,1.0,0,0.5,26,0,0,0.0,0.0,26,2.0,0.5,0.5,0.5,26
2023-09,0,1.0,0.5,0.5,21,0.5,0.0,3.0,1.0,21,1.0,0.5,0.0,0,21,0,0,1.0,0.5,21,1.0,0.5,0.0,2.0,21,0.0,0.0,0.5,2.0,21,1.0,0.0,0.5,0.5,21,0.5,0,0.0,3.0,20,0.0,0.5,1.0,0.0,21,27,21,1.0,4.0,0.5,1.0,21,1.0,0.0,1.0,0.5,21,1.0,0.0,7,0.0,21,11.0,0,2.0,0.5,21,0.0,0,0,0.0,21,1.0,0.0,0,1.0,21,1.0,1.0,0,0.5,21,0,0,0.0,0.0,21,3.0,0.5,1.0,0.5,21
2023-10,0,1.0,0.5,0.5,20,0.5,0.0,3.0,1.0,20,1.0,0.5,0.0,0,20,0,0,1.0,0.5,20,1.0,0.5,0.0,2.0,20,0.0,0.0,0.5,2.0,20,1.0,0.0,0.5,0.0,20,0.0,0,0.0,2.0,19,0.0,0.5,1.0,0.0,20,25,20,0.5,4.0,0.0,1.0,20,1.0,0.0,0.5,0.5,20,1.0,0.5,7,0.5,20,11.0,0,2.0,0.5,20,0.0,0,0,0.0,20,0.5,0.0,0,0.5,20,1.0,1.0,0,0.5,20,0,0,0.0,0.0,20,2.0,0.5,0.5,0.5,20
2023-11,0,1.0,0.5,0.5,22,0.5,0.0,3.0,1.0,22,1.0,0.5,0.0,0,22,0,0,1.0,0.5,22,1.0,0.5,0.0,2.0,22,0.0,0.0,0.5,2.0,22,1.0,0.0,0.5,0.0,22,0.0,0,0.0,2.0,21,0.0,0.5,1.0,0.0,22,25,22,0.5,4.0,0.0,1.0,22,1.0,0.0,0.5,0.5,22,1.0,0.0,7,0.5,22,14.0,0,3.0,1.0,22,0.0,0,0,0.0,22,0.5,0.0,0,1.0,22,1.0,1.0,0,0.5,22,0,0,0.0,0.0,22,2.0,0.5,0.5,0.5,22
2023-12,0,1.0,0.5,1.0,18,0.5,0.0,4.0,2.0,18,2.0,0.5,0.0,0,18,0,0,1.0,0.5,18,1.0,0.5,0.0,2.0,18,0.0,0.0,0.0,2.0,18,0.5,0.0,0.5,0.0,18,0.0,0,0.0,2.0,17,0.0,0.5,1.0,0.0,18,27,18,0.5,4.0,0.0,1.0,18,1.0,0.0,0.5,0.5,18,1.0,0.0,7,0.5,18,9.0,0,2.0,0.5,18,0.0,0,0,0.0,18,0.5,0.0,0,0.5,18,1.0,1.0,0,0.5,18,0,0,0.0,0.0,18,2.0,0.5,0.5,0.5,18
2024-01,0,1.0,0.5,1.0,20,0.5,0.0,3.0,1.0,20,1.0,0.5,0.0,0,20,0,0,1.0,0.5,20,2.0,0.5,0.0,2.0,20,0.0,0.0,0.0,2.0,20,0.5,0.0,0.5,0.5,20,0.0,0,0.0,2.0,19,0.0,0.5,1.0,0.0,20,28,20,0.5,5.0,0.0,1.0,20,1.0,0.5,0.5,0.5,20,1.0,0.0,7,0.0,20,10.0,0,3.0,0.5,20,0.0,0,0,0.0,20,0.5,0.0,0,1.0,20,1.0,3.0,0,0.5,20,0,0,0.0,0.0,20,2.0,0.5,0.5,0.5,20
2024-02,0,1.0,0.5,1.0,21,0.5,0.0,4.0,1.0,21,1.0,0.5,0.5,0,21,0,0,1.0,0.5,21,2.0,0.5,0.0,2.0,21,0.0,0.0,0.5,2.0,21,1.0,0.0,0.5,0.0,21,0.5,0,0.0,3.0,20,0.5,0.5,1.0,0.0,21,26,21,0.5,5.0,0.0,1.0,21,1.0,0.0,0.5,0.5,21,1.0,0.0,8,0.0,21,12.0,0,4.0,0.5,21,0.0,0,0,0.0,21,0.5,0.0,0,1.0,21,1.0,3.0,0,0.5,21,0,0,0.0,0.0,21,2.0,0.5,0.5,0.5,21
2024-03,0,1.0,0.5,1.0,20,0.5,0.0,5.0,2.0,20,2.0,0.5,0.0,0,20,0,0,1.0,0.5,20,2.0,0.5,0.0,2.0,20,0.0,0.0,0.5,2.0,20,0.5,0.0,0.5,0.0,20,0.5,0,0.0,2.0,19,0.0,0.5,1.0,0.0,20,32,20,0.5,4.0,0.0,1.0,20,1.0,0.0,0.5,0.5,20,1.0,0.0,9,0.5,20,12.0,0,3.0,0.5,20,0.0,0,0,0.0,20,0.5,0.0,0,1.0,20,1.0,1.0,0,0.5,20,0,0,0.0,0.0,20,2.0,0.5,0.5,0.5,20
2024-04,0,1.0,0.5,1.0,18,0.0,0.0,3.0,1.0,18,1.0,0.5,0.0,0,18,0,0,1.0,0.5,18,2.0,0.5,0.0,2.0,18,0.0,0.0,0.0,2.0,18,0.5,0.0,0.5,0.0,18,0.0,0,0.0,2.0,17,0.0,0.5,1.0,0.0,18,29,18,0.5,4.0,0.0,1.0,18,1.0,0.0,0.5,0.5,18,1.0,0.0,8,0.5,18,9.0,0,2.0,0.5,18,0.0,0,0,0.0,18,0.5,0.0,0,1.0,18,1.0,1.0,0,0.5,18,0,0,0.0,0.0,18,1.0,0.5,0.5,0.5,18
2024-05,0,1.0,0.5,1.0,20,0.5,0.0,3.0,1.0,20,1.0,0.5,0.5,0,20,0,0,1.0,0.5,20,1.0,0.5,0.0,2.0,20,0.0,0.0,0.0,2.0,20,0.5,0.0,0.5,0.0,20,0.0,0,0.0,2.0,19,0.0,0.5,2.0,0.0,20,26,20,0.5,5.0,0.0,0.5,20,1.0,0.0,0.5,0.5,20,1.0,0.0,8,0.5,20,13.0,0,2.0,0.5,20,0.0,0,0,0.0,20,0.5,0.0,0,1.0,20,1.0,1.0,0,0.5,20,0,0,0.0,0.0,20,2.0,0.5,0.5,0.5,20
2024-06,0,1.0,0.5,1.0,15,0.5,0.0,3.0,1.0,15,1.0,0.5,0.5,0,15,0,0,1.0,0.5,15,1.0,0.5,0.0,2.0,15,0.0,0.0,0.5,2.0,15,0.5,0.0,0.5,0.5,15,0.5,0,0.0,2.0,14,0.0,0.5,1.0,0.0,15,26,15,0.5,4.0,0.5,0.5,15,1.0,0.0,0.5,0.5,15,1.0,0.0,8,0.5,15,11.0,0,2.0,0.5,15,0.0,0,0,0.0,15,0.5,0.0,0,1.0,15,1.0,1.0,0,0.5,15,0,0,0.0,0.0,15,1.0,0.5,0.5,0.5,15
2024-07,0,1.0,0.5,1.0,19,0.5,0.0,3.0,1.0,19,1.0,0.5,0.0,0,19,0,0,1.0,0.5,19,1.0,0.5,0.0,2.0,19,0.0,0.0,0.0,2.0,19,0.5,0.0,0.5,0.0,19,0.0,0,0.0,2.0,18,0.0,0.5,1.0,0.0,19,26,19,0.5,4.0,0.0,0.5,19,1.0,0.0,0.5,0.5,19,1.0,0.0,6,0.5,19,11.0,0,2.0,0.5,19,0.0,0,0,0.0,19,0.5,0.0,0,0.5,19,1.0,1.0,0,0.5,19,0,0,0.0,0.0,19,1.0,1.0,0.5,0.5,19
2024-08,0,1.0,0.5,0.5,20,0.5,0.0,3.0,2.0,20,2.0,0.5,0.0,0,20,0,0,1.0,0.5,20,1.0,1.0,0.0,2.0,20,0.0,0.0,0.5,2.0,20,0.5,0.0,0.5,0.0,20,0.0,0,0.0,2.0,19,0.0,0.5,1.0,0.0,20,32,20,0.5,5.0,0.0,1.0,20,1.0,0.0,0.5,0.5,20,1.0,0.0,8,0.5,20,7.0,0,1.0,0.5,20,0.0,0,0,0.0,20,0.5,0.0,0,1.0,20,1.0,0.5,0,0.5,20,0,0,0.0,0.0,20,1.0,1.0,0.5,0.5,20
2024-09,0,1.0,0.5,1.0,22,0.5,0.0,4.0,2.0,22,2.0,0.5,0.0,0,22,0,0,1.0,0.5,22,1.0,0.5,0.0,2.0,22,0.0,0.0,0.5,2.0,22,1.0,0.0,0.5,0.0,22,0.0,0,0.0,3.0,21,0.5,0.5,1.0,0.0,22,34,22,0.5,4.0,0.0,1.0,22,1.0,0.0,0.5,0.5,22,1.0,0.0,8,0.5,22,12.0,0,2.0,0.5,22,0.0,0,0,0.0,22,0.5,0.0,0,1.0,22,1.0,1.0,0,0.5,22,0,0,0.0,0.0,22,1.0,0.5,0.5,0.5,22
2024-10,0,1.0,0.5,1.0,20,0.0,0.0,4.0,1.0,20,1.0,0.5,0.0,0,20,0,0,1.0,0.5,20,1.0,0.5,0.0,2.0,20,0.0,0.0,0.0,2.0,20,0.5,0.0,0.5,0.5,20,0.0,0,0.0,3.0,19,0.0,0.5,1.0,0.0,20,31,20,0.5,5.0,0.0,1.0,20,1.0,0.0,0.5,0.5,20,1.0,0.0,9,0.5,20,13.0,0,2.0,0.5,20,0.0,0,0,0.0,20,0.5,0.0,0,1.0,20,1.0,1.0,0,0.5,20,0,0,0.0,0.0,20,2.0,0.5,0.5,0.5,20
2024-11,0,2.0,0.5,1.0,23,0.0,0.5,5.0,2.0,23,2.0,0.5,0.5,0,23,0,0,1.0,0.5,23,1.0,0.5,0.0,2.0,23,0.0,0.0,0.0,2.0,23,1.0,0.0,0.5,0.0,23,0.0,0,0.0,3.0,22,0.0,0.5,1.0,0.0,23,31,23,0.5,5.0,0.0,1.0,23,1.0,0.0,0.5,0.5,23,1.0,0.0,9,0.5,23,17.0,0,2.0,1.0,23,0.0,0,0,0.0,23,0.5,0.0,0,1.0,23,1.0,1.0,0,1.0,23,0,0,0.0,0.0,23,2.0,0.5,0.5,0.5,23
2024-12,0,1.0,0.5,1.0,19,0.5,0.0,4.0,1.0,19,1.0,0.5,0.0,0,19,0,0,1.0,0.5,19,2.0,0.5,0.0,2.0,19,0.0,0.0,0.5,2.0,19,0.5,0.0,0.5,0.5,19,0.0,0,0.0,3.0,18,0.0,0.5,1.0,0.0,19,29,19,0.5,4.0,0.0,1.0,19,1.0,0.0,0.5,0.5,19,1.0,0.0,8,0.5,19,11.0,0,2.0,0.5,19,0.0,0,0,0.0,19,0.5,0.0,0,1.0,19,1.0,1.0,0,0.5,19,0,0,0.0,0.0,19,1.0,0.5,0.5,0.5,19
2025-01,0,1.0,0.5,1.0,21,0.5,0.0,4.0,1.0,21,1.0,0.5,0.0,0,21,0,0,1.0,0.5,21,2.0,0.5,0.0,2.0,21,0.0,0.0,0.0,2.0,21,0.5,0.0,1.0,0.5,21,0.0,0,0.0,3.0,20,0.0,0.5,2.0,0.0,21,30,21,0.5,4.0,0.0,1.0,21,1.0,0.0,0.5,0.5,21,1.0,0.0,8,0.5,21,11.0,0,2.0,0.5,21,0.0,0,0,0.0,21,0.5,0.0,0,0.5,21,1.0,3.0,0,0.5,21,0,0,0.0,0.0,21,1.0,0.5,0.5,0.5,21
2025-02,0,2.0,0.5,0.5,21,0.0,0.0,4.0,1.0,21,1.0,0.5,0.0,0,21,0,0,1.0,0.5,21,1.0,0.5,0.0,2.0,21,0.0,0.0,0.5,2.0,21,0.5,0.0,0.5,0.5,21,0.0,0,0.0,2.0,20,0.0,0.5,2.0,0.0,21,29,21,0.5,4.0,0.0,1.0,21,1.0,0.0,0.5,0.5,21,1.0,0.0,9,0.5,21,13.0,0,2.0,0.5,21,0.0,0,0,0.0,21,0.5,0.0,0,1.0,21,1.0,1.0,0,0.5,21,0,0,0.0,0.0,21,2.0,0.5,0.5,0.5,21
2025-03,0,1.0,0.5,1.0,20,0.0,0.0,4.0,1.0,20,1.0,0.5,0.0,0,20,0,0,1.0,0.5,20,1.0,0.5,0.0,2.0,20,0.0,0.0,0.0,2.0,20,0.5,0.0,0.5,0.0,20,0.0,0,0.0,2.0,19,0.0,0.5,1.0,0.0,20,36,20,0.5,4.0,0.0,0.5,20,1.0,0.0,0.5,0.0,20,1.0,0.0,9,0.5,20,9.0,0,2.0,0.5,20,0.0,0,0,0.0,20,0.5,0.0,0,1.0,20,0.5,1.0,0,1.0,20,0,0,0.0,0.0,20,1.0,0.5,0.5,0.5,20
2025-04,0,1.0,0.5,1.0,18,0.5,0.0,5.0,1.0,18,1.0,0.5,0.0,0,18,0,0,1.0,0.5,18,1.0,0.5,0.0,2.0,18,0.0,0.0,0.0,2.0,18,0.5,0.5,1.0,0.5,18,0.0,0,0.0,2.0,17,0.0,0.5,1.0,0.0,18,30,18,1.0,4.0,0.0,1.0,18,1.0,0.0,1.0,0.5,18,1.0,0.0,9,0.5,18,9.0,0,4.0,0.5,18,0.0,0,0,0.0,18,1.0,0.0,0,1.0,18,1.0,1.0,0,0.5,18,0,0,0.0,0.0,18,1.0,0.5,1.0,0.5,18
2025-05,0,1.0,0.5,1.0,21,0.5,0.0,4.0,1.0,21,1.0,0.5,0.0,0,21,0,0,1.0,0.5,21,1.0,0.5,0.0,2.0,21,0.0,0.0,0.5,2.0,21,0.5,0.0,0.5,0.5,21,0.0,0,0.0,2.0,20,0.0,0.5,1.0,0.0,21,30,21,0.5,4.0,0.0,1.0,21,1.0,0.0,0.5,0.5,21,1.0,0.0,9,0.5,21,10.0,0,2.0,0.5,21,0.0,0,0,0.0,21,0.5,0.0,0,1.0,21,1.0,1.0,0,0.5,21,0,0,0.0,0.0,21,2.0,0.5,0.5,0.5,21
2025-06,0,1.0,0.5,0.5,18,0.5,0.0,4.0,1.0,18,1.0,0.5,0.5,0,18,0,0,1.0,0.5,18,1.0,0.5,0.0,2.0,18,0.0,0.0,0.0,2.0,18,0.5,0.0,0.5,0.0,18,0.0,0,0.0,2.0,17,0.0,0.5,1.0,0.0,18,34,18,0.5,4.0,0.0,1.0,18,1.0,0.0,0.5,0.5,18,1.0,0.0,8,0.0,18,9.0,0,1.0,0.5,18,0.0,0,0,0.0,18,0.5,0.0,0,0.5,18,1.0,1.0,0,0.5,18,0,0,0.0,0.0,18,1.0,0.5,0.5,0.5,18
2025-07,0,1.0,0.5,1.0,19,0.5,0.0,4.0,2.0,19,2.0,0.5,0.0,0,19,0,0,1.0,0.5,19,2.0,0.5,0.0,2.0,19,0.0,0.0,0.0,2.0,19,1.0,0.0,1.0,0.0,19,0.0,0,0.0,3.0,18,0.0,1.0,2.0,0.0,19,34,19,0.5,5.0,0.5,1.0,19,1.0,0.0,0.5,0.5,19,1.0,0.0,10,0.5,19,15.0,0,2.0,0.5,19,0.0,0,0,0.0,19,0.5,0.0,0,1.0,19,1.0,1.0,0,1.0,19,0,0,0.0,0.0,19,2.0,0.5,0.5,0.5,19
2025-08,0,2.0,0.5,1.0,20,0.5,0.0,5.0,2.0,20,2.0,0.5,0.5,0,20,0,0,2.0,0.5,20,2.0,0.5,0.0,2.0,20,0.0,0.0,0.5,3.0,20,1.0,0.5,1.0,0.0,20,0.5,0,0.0,3.0,19,0.0,1.0,1.0,0.0,20,39,20,0.5,5.0,0.0,1.0,20,1.0,0.0,0.5,0.5,20,1.0,0.0,10,0.5,20,12.0,0,2.0,0.5,20,0.5,0,0,0.0,20,0.5,0.0,0,1.0,20,1.0,1.0,0,0.5,20,0,0,0.0,0.0,20,2.0,0.5,0.5,0.5,20
2025-09,0,2.0,0.5,1.0,19,0.5,0.5,5.0,2.0,19,2.0,0.5,0.5,0,19,0,0,2.0,0.5,19,2.0,0.5,0.5,2.0,19,0.5,0.5,0.5,2.0,19,1.0,0.5,0.5,0.5,19,0.5,0,0.0,3.0,18,0.5,1.0,1.0,0.5,19,40,19,0.5,5.0,0.5,1.0,19,1.0,0.5,0.5,0.5,19,1.0,0.5,10,0.5,19,14.0,0,2.0,0.5,19,0.0,0,0,0.5,19,0.5,0.0,0,1.0,19,1.0,1.0,0,0.5,19,0,0,0.5,0.0,19,1.0,0.5,0.5,0.5,19
